Unnamed: 0,CITY,COUNTY,LAT,LONG,NAME_OTHER,FACILITY_TYPE,DESCRIPTION,FAC_STATUS,drcm_Longitude,drcm_Latitude,drc_Longitude,drc_Latitude,prisch_Longitude,prisch_Latitude,LONGLAT,pubsch_Longitude,pubsch_Latitude,emf_Longitude,emf_Latitude,eoc_Longitude,eoc_Latitude,ra_Longitude,ra_Latitude
0, ,ALACHUA,29.46812305,-82.15818111,RIMES-LAKECREST AIRPORT,AIRPORT,"RIMES, JOHN P.O. BOX 188  WORTHINGTON SPRINGS FL 32697",Active,,,,,,,,,,,,,,,
1, ,ALACHUA,29.73416666,-82.56527777,SULLIVAN FIELD,AIRPORT,20638 NW 78TH AVENUE  ALACHUA FL 32615,Active,,,,,,,,,,,,,,,
2,GAINESVILLE,ALACHUA,29.69869444,-82.49148611,LINK FIELD,AIRPORT,"ESKRIDGE, MARTY 14705 MAIN STREET  ALACHUA FL 32615",Active,,,,,,,,,,,,,,,
3,GAINESVILLE,ALACHUA,29.70248611,-82.42570833,GLEIM FIELD,AIRPORT,"GLEIM, IRVIN P.O. BOX 12848, UNIVERSITY STN  GAINESVILLE FL 32604",Active,,,,,,,,,,,,,,,
4,GAINESVILLE,ALACHUA,29.69005555,-82.27177777,GAINESVILLE REGIONAL AIRPORT,AIRPORT,3880 NORTHEAST 39TH AVENUE  GAINESVILLE FL 32609,Active,,,,,,,,,,,,,,,
5,ARCHER,ALACHUA,29.55715277,-82.49674999,PEACH ORCHARD AIRPORT,AIRPORT,"HELPLING, RAY 14208 SW ARCHER ROAD  ARCHER FL 32618",Active,,,,,,,,,,,,,,,
6,ARCHER,ALACHUA,29.61802222,-82.50871944,FLYING TEN AIRPORT,AIRPORT,3906 SOUTHWEST 154 STREET  ARCHER FL 32618,Active,,,,,,,,,,,,,,,
7,MELROSE,ALACHUA,29.71524444,-82.09672222,FLYING HORSEMAN RANCH AIRPORT,AIRPORT,"KTL HOLDINGS, LLC 810 NW 6TH STREET GAINESVILLE FL 32601",Active,,,,,,,,,,,,,,,
8,ALACHUA,ALACHUA,29.91008333,-82.47787499,SANTA FE RIVER RANCH AIRPORT,AIRPORT,"DAVIS, SNEAD 29210 NW 122ND STREET  ALACHUA FL 32615-3240",Active,,,,,,,,,,,,,,,
9,MACCLENNY,BAKER,30.34172222,-82.13002777,THRIFT AIRPORT,AIRPORT,"THRIFT, DALE 5671 HARLEY THRIFT RD.  MACCLENNY FL 32063-9552",Active,,,,,,,,,,,,,,,
10,SANDERSON,BAKER,30.36238888,-82.22469444,CUYLER FIELD AIRPORT,AIRPORT,"MILLER, CURTIS 10750 SOUTH RUNWAY CIRCLE  GLEN-ST. MARY FL 32040",Active,,,,,,,,,,,,,,,
11,PANAMA CITY,BAY,30.06996388,-85.57649444,TYNDALL AFB,AIRPORT,COMMAND POST 850-283-2155 U.S. AIR FORCE PANAMA CITY FL ,Active,,,,,,,,,,,,,,,
12,PANAMA CITY,BAY,30.10222222,-85.46242222,SANDY CREEK AIRPARK,AIRPORT,SANDY CREEK AIR PARK OWNERS ASSOC. 12901 PARK WAY PANAMA CITY FL 32404,Active,,,,,,,,,,,,,,,
13,PANAMA CITY,BAY,30.35824166,-85.79560277,NORTHWEST FLORIDA-BEACHES INTERNATIONAL AIRPORT,AIRPORT,6300 WEST BAY PARKWAY  PANAMA CITY BEACH FL 32409,Active,,,,,,,,,,,,,,,
14, ,BAY,30.41408611,-85.74576388,COURT MARTIAL RANCH AIRPORT,AIRPORT,"GARRETT, TOMMY 5801 HIGHWAY 79  VERNON FL 32462",Active,,,,,,,,,,,,,,,
15, ,BAY,30.39166666,-85.80833333,TURKEYSCRATCH PLANTATION AIRPORT,AIRPORT,N/A  LAMONT FL N/A,Active,,,,,,,,,,,,,,,
16,STARKE,BRADFORD,30.05487499,-82.17633055,STATE PRISON FIELD,AIRPORT,"SUTTON, BRIAN FLORIDA DEPT OF CORRECTIONS 7819 NW 228TH STREET RAIFORD FL 32026-1000",Active,,,,,,,,,,,,,,,
17,STARKE,BRADFORD,29.84440833,-82.03343611,Keystone Heights Airpark,AIRPORT,7100 AIRPORT ROAD  STARKE FL 32091-9347,Active,,,,,,,,,,,,,,,
18,PATRICK AFB,BREVARD,28.46750027,-80.56643888,CAPE CANAVERAL AFS SKID STRIP,AIRPORT,COMMAND POST 854-494-7001 U.S. AIR FORCE COCOA BEACH FL ,Active,,,,,,,,,,,,,,,
19,PATRICK AFB,BREVARD,28.23945555,-80.60755277,PATRICK AFB,AIRPORT,COMMAND POST 854-494-7001 U.S. AIR FORCE COCOA BEACH FL ,Active,,,,,,,,,,,,,,,
20, ,BREVARD,27.87529999,-80.51644166,WHEELER FARMS PRIVATE AIRPORT,AIRPORT,4533 MICCO ROAD  MICCO FL 32976,Active,,,,,,,,,,,,,,,
21,ORLANDO,BREVARD,28.61499444,-80.69449444,NASA SHUTTLE LANDING FACILITY,AIRPORT,FL ,Active,,,,,,,,,,,,,,,
22,ROCKLEDGE,BREVARD,28.29833333,-80.71861111,ROCKLEDGE AIRPORT,AIRPORT,"MARDOSA,RONALD A. 500 BARNES BLVD.  ROCKLEDGE FL 32955",Active,,,,,,,,,,,,,,,
23,ALTHA,CALHOUN,30.46408333,-85.17714166,CLARKSVILLE EXECUTIVE AIRPORT,AIRPORT,12759 NORTHWEST AIRPORT TRAIL  CLARKSVILLE FL 32430,Active,,,,,,,,,,,,,,,
24,ALTHA,CALHOUN,30.51824999,-85.19881111,CATTLE CREEK RANCH AIRPORT,AIRPORT,"BYRD, ANDREW 23620 NW STATE ROAD 73  ALTHA FL 32421",Active,,,,,,,,,,,,,,,
25,ALTHA,CALHOUN,30.43194444,-85.28888888,RON WOOD AIRPORT,AIRPORT,"WOOD, RONAL P.O. BOX 150 6036 STATE ROAD 20 WEST CLARKSVILLE FL 32430",Active,,,,,,,,,,,,,,,
26, ,CALHOUN,30.52027777,-85.38472222,MARAN AIRPORT,AIRPORT,22303 NW LONGLEAF  FOUNTAIN FL 32438,Active,,,,,,,,,,,,,,,
27,CLARKSVILLE,CALHOUN,30.42019444,-85.30047777,STEEP HEAD FARM AIRPORT,AIRPORT,"MAYO, ROBERT P.O. BOX 49 CLARKSVILLE FL 32430",Active,,,,,,,,,,,,,,,
28, ,CHARLOTTE,26.95258055,-81.87094166,ADANA AIRFIELD,AIRPORT,5640 ACORN RANCH RD  PUNTA GORDA FL 33982,Active,,,,,,,,,,,,,,,
29,PLACIDA,CHARLOTTE,26.85450833,-82.25120555,CORAL CREEK AIRPORT,AIRPORT,11901 GASSPARILLA ROAD  PLACIDA FL 33946,Active,,,,,,,,,,,,,,,
30,PUNTA GORDA,CHARLOTTE,26.93728055,-81.56702222,PAYSON RANCH AIRPORT,AIRPORT,"EDWARDS, RONALD 660 BEACHLAND BLVD  VERO BEACH FL 32963",Active,,,,,,,,,,,,,,,
31,PUNTA GORDA,CHARLOTTE,26.96894722,-81.91564166,SHELL CREEK AIRPARK,AIRPORT,36880 WASHINGTON LOOP ROAD  PUNTA GORDA FL 33982,Active,,,,,,,,,,,,,,,
32,PUNTA GORDA,CHARLOTTE,26.92019444,-81.99051388,PUNTA GORDA AIRPORT,AIRPORT,28000 A-1 AIRPORT ROAD  PUNTA GORDA FL 33982-2453,Active,,,,,,,,,,,,,,,
33,DUNNELLON,CITRUS,29.00361111,-82.55527777,J. R.S STOLPORT,AIRPORT,"RIZZO, JOHN P.O. BOX 2171 DUNNELLON FL 34433",Active,,,,,,,,,,,,,,,
34,HERNANDO,CITRUS,28.98827777,-82.37294444,TWELVE OAKS AIRPORT,AIRPORT,"GILBERT, BEN P.O. BOX 34  HOLDER FL 34445",Active,,,,,,,,,,,,,,,
35,HOMOSASSA,CITRUS,28.85611111,-82.55511111,POST OAK RANCH AIRPORT,AIRPORT,"GROSS, GEORGE 101 VALARE LANE  CRYSTAL RIVER FL 34429-4730",Active,,,,,,,,,,,,,,,
36, ,CITRUS,29.00664111,-82.40456999,SEVEN FEATHERS AIRPORT,AIRPORT,"FAUNCE, JOHN 1786 EAST WITHLACOOCHEE TRAIL  DUNNELLON FL 34434",Active,,,,,,,,,,,,,,,
37,GREEN COVE SPRINGS,CLAY,29.90431944,-81.68512499,HALLERS AIRPARK,AIRPORT,BERNARD (BUZZ) GLADE 1692 VILLAGE WAY ORANGE PARK FL 32073,Active,,,,,,,,,,,,,,,
38,GREEN COVE SPRINGS,CLAY,29.97141666,-81.65727777,CLAY COUNTY / REYNOLDS AIRPARK,AIRPORT,"BROWN, JOHN P.O. BOX 477 1065 BULKHEAD ROAD GREEN COVE SPRINGS FL 32043",Active,,,,,,,,,,,,,,,
39,MIDDLEBURG,CLAY,30.04370833,-81.88516666,Williams Field Airport,AIRPORT,"WILLIAMS, KENT 4273 BLUEBERRY STREET  MIDDLEBURG FL 32068",Active,,,,,,,,,,,,,,,
40,MIDDLEBURG,CLAY,30.06404166,-81.96759722,SPENCERS AIRPARK,AIRPORT,"SPENCER, PHILLIP 5543-1 CARTER SPENCER ROAD  MIDDLEBURG FL 32068",Active,,,,,,,,,,,,,,,
41,STARKE,CLAY,29.96690833,-81.98315833,CAMP BLANDING AAF/NG,AIRPORT,OPERATIONS CENTER 904-823-0461 ARMY NATIONAL GUARD STARKE FL ,Active,,,,,,,,,,,,,,,
42,OCHOPEE,COLLIER,26.05453611,-81.06784722,CALUSA RANCH AIRPORT,AIRPORT,"DRAKE, WAYNE 662 NOTTINGHAM FOREST CIRCLE  JACKSONVILLE FL 32259",Active,,,,,,,,,,,,,,,
43,OCHOPEE,COLLIER,26.030925,-81.03868055,LITTLE DEER AIRPORT,AIRPORT,"MUNZ, PINKY 23600 SW 162ND AVENUE  HOMESTEAD FL 33031",Active,,,,,,,,,,,,,,,
44,OCHOPEE,COLLIER,25.98092777,-81.05673611,ROMOR RANCH AIRPORT,AIRPORT,98610 OVERSEAS HWY.  KEY LARGO FL 33037,Active,,,,,,,,,,,,,,,
45,OCHOPEE,COLLIER,25.86180555,-80.897,DADE-COLLIER TRAINING AND TRANSITION AIRPORT,AIRPORT,54757 EAST TAMIAMI TRAIL  OCHOPPI FL 34141,Active,,,,,,,,,,,,,,,
46,OCHOPEE,COLLIER,25.84871111,-81.39008055,EVERGLADES AIRPARK,AIRPORT,650 EVERGLADES CITY  AIRPARK ROAD  EVERGLADES CITY FL 34139,Active,,,,,,,,,,,,,,,
47,NAPLES,COLLIER,26.11675833,-81.70314166,WING SOUTH AIRPORT,AIRPORT,"WING SOUTH, INC. 4130 SKYWAY DRIVE  NAPLES FL 34112",Active,,,,,,,,,,,,,,,
48,NAPLES,COLLIER,26.15262027,-81.77529444,NAPLES MUNICIPAL AIRPORT,AIRPORT,160 AVIATION DRIVE NORTH  NAPLES FL 34104-3568,Active,,,,,,,,,,,,,,,
49,NAPLES,COLLIER,25.99504166,-81.67253055,MARCO ISLAND AIRPORT,AIRPORT,2005 MAINSAIL DRIVE  NAPLES FL 34114,Active,,,,,,,,,,,,,,,
50,LAKE CITY,COLUMBIA,30.24566666,-82.77861111,WELLBORN STOLPORT,AIRPORT,"SMITH, KENNETH 10512 NW LAKE JEFFERY ROAD  WELLBORN FL 32094",Active,,,,,,,,,,,,,,,
51,LAKE CITY,COLUMBIA,30.14719444,-82.56888888,ROSSI FIELD,AIRPORT,"ROSSI DRIVE, LLC 3025 MIDDLESEX ROAD ORLANDO FL 32803",Active,,,,,,,,,,,,,,,
52,LAKE CITY,COLUMBIA,30.04384722,-82.60391666,LAKE CITY AIRPARK,AIRPORT,P.O. BOX 1902  LAKE CITY FL 32056,Active,,,,,,,,,,,,,,,
53,LAKE CITY,COLUMBIA,30.15573611,-82.66734722,CANNON CREEK AIRPORT,AIRPORT,"SESSIONS, RAYMOND 2409 SW SISTER'S WELCOME RD STE101  LAKE CITY FL 32025",Active,,,,,,,,,,,,,,,
54,LAKE CITY,COLUMBIA,30.18203888,-82.57692777,LAKE CITY GATEWAY AIRPORT,AIRPORT,3524 EAST U.S. HIGHWAY 90  LAKE CITY FL 32055,Active,,,,,,,,,,,,,,,
55,FORT WHITE,COLUMBIA,29.92591666,-82.69309722,BRADLEY AIRSTRIP,AIRPORT,"BRADLEY, JUANITA P.O. BOX 337  FORT WHITE FL 32038",Active,,,,,,,,,,,,,,,
56,FORT WHITE,COLUMBIA,29.87598611,-82.63888888,LAZY S FARMS AIRPORT,AIRPORT,"POPIEL, ROBERT 698 SW RASBERRY COURT  FT. WHITE FL 32038",Active,,,,,,,,,,,,,,,
57, ,DESOTO,27.05555555,-81.97055555,SUNNY BREEZE AIRPORT,AIRPORT,SUNNYBREEZE AIRPORT LLC 8355 SW LIVERPOOL DRIVE  ARCADIA FL 34269,Active,,,,,,,,,,,,,,,
58, ,DESOTO,27.20027777,-81.74972222,BRIGHT HOUR RANCH AIRPORT,AIRPORT,"BATEMAN, ROWDY 2100 SE BRIGHT HOUR GRADE  ARCADIA FL 34266",Active,,,,,,,,,,,,,,,
59,ARCADIA,DESOTO,27.04255555,-82.04369999,LAKE SUZY ESTATES AIRPORT,AIRPORT,GERALD DOWNS 11970 SW KINGSWAY CIR LAKE SUZY FL 34269,Active,,,,,,,,,,,,,,,
60,ARCADIA,DESOTO,27.12060833,-81.84980555,CARLSTROM FIELD,AIRPORT,"THOMPSON, HALDEN 7115 SE AIRFIELD AVENUE  ARCADIA FL 34266",Active,,,,,,,,,,,,,,,
61,ARCADIA,DESOTO,27.30393333,-81.88036111,FRIERSON GROVE AIRPORT,AIRPORT,"SLATER, FRENNACE 2144 N. W. BROWNSVILLE ST & N.WJERRY TER.. ARCADIA FL 34265",Active,,,,,,,,,,,,,,,
62,ARCADIA,DESOTO,27.19699444,-81.91563888,MCDONALDS FIELD,AIRPORT,"MCDONALD, RONALD 1529 SW CR 661 ARCADIA FL 34266",Active,,,,,,,,,,,,,,,
63,ARCADIA,DESOTO,27.05116666,-81.84813888,HENNESSY AIRPORT,AIRPORT,11751 SE HEAD AVE  ARCADIA FL 34266,Active,,,,,,,,,,,,,,,
64,ARCADIA,DESOTO,27.19199444,-81.83730277,ARCADIA MUNICIPAL AIRPORT,AIRPORT,"2269 SOUTHEAST A.C. POLK, JR. DRIVE  ARCADIA FL 34266",Active,,,,,,,,,,,,,,,
65,JACKSONVILLE,DUVAL,30.24098611,-81.44990277,DEEP FOREST AIRPORT,AIRPORT,"CATHEY, JOHN P.O. BOX 16771  JACKSONVILLE FL 32245",Active,,,,,,,,,,,,,,,
66,JACKSONVILLE,DUVAL,30.39190555,-81.42369722,MAYPORT NS (ADM DAVID L. MCDONALD FIELD),AIRPORT,BASE OPERATIONS 904-270-6130 U.S. NAVY MAYPORT FL ,Active,,,,,,,,,,,,,,,
67,JACKSONVILLE,DUVAL,30.23468333,-81.67648333,JACKSONVILLE NAS /TOWERS FIELD/,AIRPORT,BASE OPERATIONS 904-542-2511 U.S. NAVY JACKSONVILLE FL ,Active,,,,,,,,,,,,,,,
68,JACKSONVILLE,DUVAL,30.35023888,-81.88316111,WHITEHOUSE NOLF,AIRPORT,QUARTERDECK 904-270-5401 U.S. NAVY JACKSONVILLE FL ,Active,,,,,,,,,,,,,,,
69,JACKSONVILLE,DUVAL,30.27523888,-81.80537777,HERLONG RECREATIONAL AIRPORT,AIRPORT,9300 NORMANDY BOULEVARD  JACKSONVILLE FL 32221-5522,Active,,,,,,,,,,,,,,,
70,JACKSONVILLE,DUVAL,30.33632222,-81.51445,JACKSONVILLE EXECUTIVE AT CRAIG AIRPORT,AIRPORT,855-11 SAINT JOHNS BLUFF ROAD NORTH  JACKSONVILLE FL 32225,Active,,,,,,,,,,,,,,,
71,JACKSONVILLE,DUVAL,30.49405555,-81.68786111,JACKSONVILLE INTERNATIONAL AIRPORT,AIRPORT,14110 PECAN PARK ROAD  JACKSONVILLE FL 32218,Active,,,,,,,,,,,,,,,
72,JACKSONVILLE,DUVAL,30.21867305,-81.87666444,CECIL AIRPORT,AIRPORT,13365 SIMPSON WAY  JACKSONVILLE FL 32221-5522,Active,,,,,,,,,,,,,,,
73, ,DUVAL,30.15869444,-81.67294444,RIVERGATE LANDING,AIRPORT,"GREEN, ALAN 12918 RIVERPLACE COURT  JACKSONVILLE FL 32223",Active,,,,,,,,,,,,,,,
74,PENSACOLA,ESCAMBIA,30.46972222,-87.33805555,SAUFLEY FIELD NOLF,AIRPORT,OPERATIONS CENTER 850-623-7333 U.S. NAVY PENSACOLA FL ,Active,,,,,,,,,,,,,,,
75,PENSACOLA,ESCAMBIA,30.35297777,-87.32024999,PENSACOLA NAS / FORREST SHERMAN FIELD,AIRPORT,OPERATIONS CENTER 850-452-3100 U.S. NAVY PENSACOLA FL ,Active,,,,,,,,,,,,,,,
76,PENSACOLA,ESCAMBIA,30.47330555,-87.18744444,PENSACOLA INTERNATIONAL AIRPORT,AIRPORT,2430 AIRPORT BLVD SUITE 225 PENSACOLA FL 32504,Active,,,,,,,,,,,,,,,
77,PENSACOLA,ESCAMBIA,30.53188888,-87.38530555,COASTAL AIRPORT,AIRPORT,6001 WEST NINE MILE ROAD  PENSACOLA FL 32526,Active,,,,,,,,,,,,,,,
78,PENSACOLA,ESCAMBIA,30.39825,-87.34888888,FERGUSON AIRPORT,AIRPORT,9750 AILERON AVENUE  PENSACOLA FL 32506,Active,,,,,,,,,,,,,,,
79,WALNUT HILL,ESCAMBIA,30.81407499,-87.47498055,MCKINNON AIRPARK,AIRPORT,"SIMARD, THOMAS 6001 SOUTH HIGHWAY 99  WALNUT HILL FL 32568",Active,,,,,,,,,,,,,,,
80,MC DAVID,ESCAMBIA,30.82713055,-87.35831111,COLLIER PINE BARREN AIRPORT,AIRPORT,"COLLIER, NEAL 3251 SOUTH PINE BARREN ROAD  MCDAVID FL 32568",Active,,,,,,,,,,,,,,,
81,CARRABELLE,FRANKLIN,29.80978055,-84.58809444,DOG ISLAND AIRPORT,AIRPORT,"CANNON, RANDY HC 63, BOX 5037  CARRABELLE FL 32322",Active,,,,,,,,,,,,,,,
82,CARRABELLE,FRANKLIN,29.842,-84.70111111,CARRABELLE - THOMPSON AIRPORT,AIRPORT,296 AIRPORT ROAD  CARRABELLE FL 32322,Active,,,,,,,,,,,,,,,
83, ,GADSDEN,30.61194444,-84.64166666,WATSON FARM AIRPORT,AIRPORT,"WATSON, DAVID 3403 SOLOMON DAIRY ROAD  QUINCY FL 32352",Active,,,,,,,,,,,,,,,
84, ,GADSDEN,30.6525,-84.47472222,SARANAC FARM AIRPORT,AIRPORT,"POINT MILLIGAN ROAD, COUNTY ROAD 161  HAVANA FL N/A",Active,,,,,,,,,,,,,,,
85, ,GADSDEN,30.59527777,-84.42194444,DOGWOOD  FARMS AIRPORT,AIRPORT,"VALDENE, GUY 606 ROBIN LANE  HAVANA FL 32333",Active,,,,,,,,,,,,,,,
86,HAVANA,GADSDEN,30.67936111,-84.36907222,RUTTEN DUSTING STRIP,AIRPORT,"RUTTEN, LOUIS ""DANNY"" 1836 CONCORD BAINBRIDGE ROAD  HAVANA FL 32333",Active,,,,,,,,,,,,,,,
87,BELL,GILCHRIST,29.68988888,-82.87277777,SAW WHET FARMS AIRPORT,AIRPORT,"WORTHMANN, THOMAS 4009 COUNTY ROAD 232 WEST  BELL FL 32619",Active,,,,,,,,,,,,,,,
88,BELL,GILCHRIST,29.81362499,-82.92583333,SHADY BEND AIRPORT,AIRPORT,"CROOK, TRACY 5500 NW 72ND WAY  BELL FL 32619",Active,,,,,,,,,,,,,,,
89,BELL,GILCHRIST,29.71944444,-82.84406944,FLYING HARNESS FARM AIRPORT,AIRPORT,1710 SW 15TH STREET  BELL FL 32619,Active,,,,,,,,,,,,,,,
90,BRANFORD,GILCHRIST,29.88851388,-82.79781944,FOX FIELD,AIRPORT,"MANNA, RONALD 10350 NE 5TH AVENUE  BRANFORD FL 32008",Active,,,,,,,,,,,,,,,
91, ,GILCHRIST,29.69233333,-82.72916666,RUSH AIRFIELD,AIRPORT,"RUSH, VIRGIL 3319 SE 40TH WAY  TRENTON FL 32693",Active,,,,,,,,,,,,,,,
92, ,GLADES,26.87816083,-81.14007638,LYKES MOORE HAVEN AIRPORT,AIRPORT,"ZAHN, WAYNE 106 SW CR 721  OKEECHOBEE FL 34974",Active,,,,,,,,,,,,,,,
93, ,GLADES,26.79777777,-81.525,FLYING L AIRPORT,AIRPORT,"LUMLEY, WILLIAM 7320 SKYLINE DRIVE  DELRAY BEACH FL 33446",Active,,,,,,,,,,,,,,,
94, ,GLADES,26.91916666,-81.56244444,LYKES SILVER LAKE PRIVATE AIRPORT,AIRPORT,"ZAHN, WAYNE 106 SW CR 721  OKEECHOBEE FL 34974",Active,,,,,,,,,,,,,,,
95,OKEECHOBEE,GLADES,27.18893611,-81.08701111,LYKES BRIGHTON AIRPORT,AIRPORT,106 SW CR 721  OKEECHOBEE FL 34974,Active,,,,,,,,,,,,,,,
96,LABELLE,GLADES,26.80034166,-81.48507777,SUNDANCE FARMS AIRPORT,AIRPORT,"MUNZ, CHARLES 23600 SW 162 AVE  HOMESTEAD FL 33031",Active,,,,,,,,,,,,,,,
97, ,HAMILTON,30.50021055,-83.18358166,SQUIRES AVIATION RANCH AIRPORT,AIRPORT,"SQUIRES, ROBIN 3414 NW 44TH STREET  JASPER FL 32052",Active,,,,,,,,,,,,,,,
98, ,HAMILTON,30.46027777,-83.14777777,DJ FARM AIRPORT,AIRPORT,6299 SW 52 LANE  JASPER FL 32052,Active,,,,,,,,,,,,,,,
99,JENNINGS,HAMILTON,30.62186111,-83.25947222,BIRD FIELD,AIRPORT,"BIRD, FRANK 435 NW 18TH PLACE  JENNINGS FL 32053",Active,,,,,,,,,,,,,,,
100,WAUCHULA,HARDEE,27.62083333,-81.61083333,CREWS HOMESTEAD RANCH AIRPORT,AIRPORT,"CREWS, CHRISTY P.O. BOX 1669  AVON PARK FL 33826-1669",Active,,,,,,,,,,,,,,,
101,WAUCHULA,HARDEE,27.51364999,-81.88063888,WAUCHULA MUNICIPAL AIRPORT,AIRPORT,1202 MAURICE SONNY CLAVEL ROAD  WAUCHULA FL 33873,Active,,,,,,,,,,,,,,,
102,ZOLFO SPRINGS,HARDEE,27.41893055,-81.83258333,GRIFFINS PEACE RIVER RANCH AIRPORT,AIRPORT,"HURST, STEWART P.O. BOX 127  FROSTPROOF FL 33843",Active,,,,,,,,,,,,,,,
103,CLEWISTON,HENDRY,26.39388888,-81.02305555,MCDANIEL RANCH AIRPORT,AIRPORT,"MCDANIEL, DAVID (PARTNER/PILOT) 32595 COUNTY ROAD 833  CLEWISTON FL 33440",Active,,,,,,,,,,,,,,,
104,CLEWISTON,HENDRY,26.32027777,-80.98777777,BIG CYPRESS AIRFIELD,AIRPORT,35201 EAGLES LANDING  CLEWISTON FL 33440,Active,,,,,,,,,,,,,,,
105,CLEWISTON,HENDRY,26.73055555,-81.16388888,HARPERS FLY-IN RANCH AIRPORT,AIRPORT,"HARPER, ROBERT 14825 CENTER AVENUE  CLEWISTON FL 33440",Active,,,,,,,,,,,,,,,
106,CLEWISTON,HENDRY,26.74200833,-81.04978888,AIRGLADES AIRPORT,AIRPORT,3200 AIRGLADES BOULEVARD  CLEWISTON FL 33440,Active,,,,,,,,,,,,,,,
107, ,HENDRY,26.45083333,-81.00055555,DEVILS GARDEN STRIP,AIRPORT,"ZIPPERER, R DOUGLAS P.O. BOX 640  FORT MYERS FL 33902",Active,,,,,,,,,,,,,,,
108,ALVA,HENDRY,26.73895555,-81.50618888,WILLIAMS SKY MANOR AIRPORT,AIRPORT,"WILLIAMS, WILLIAM 4205 FORT DENAUD ROAD  LA BELLE FL 33935",Active,,,,,,,,,,,,,,,
109,ALVA,HENDRY,26.76833333,-81.53888888,SOUTHPOINT AIRPORT,AIRPORT,"MORRISION, ROBERT 110 KIRBY THOMPSON ROAD  FORT DENAUD FL 33935",Active,,,,,,,,,,,,,,,
110,LABELLE,HENDRY,26.7134,-81.53535555,COTTON STRIP,AIRPORT,"SHULTS, MICHAEL 6190A WEST STATE ROAD 80  LABELLE FL 33935",Active,,,,,,,,,,,,,,,
111,LABELLE,HENDRY,26.52305555,-81.40833333,CHARLTON STRIP,AIRPORT,"CHARLTON, JOHN P.O. BOX 56  FELDA FL 33930",Active,,,,,,,,,,,,,,,
112,LABELLE,HENDRY,26.57944444,-81.48388888,DUDA AIRSTRIP,AIRPORT,TRACY DUDA CHAPMAN 12250 SOUTH HWY. 29  FELDA FL 33930,Active,,,,,,,,,,,,,,,
113,LABELLE,HENDRY,26.74423277,-81.43257555,LA BELLE MUNICIPAL AIRPORT,AIRPORT,99 EAST COWBOY WAY  LABELLE FL 33975-1607,Active,,,,,,,,,,,,,,,
114,BROOKSVILLE,HERNANDO,28.61930555,-82.36888888,CHINESEGUT AIRPORT,AIRPORT,"SELPH, DEBRA D. SELPH 22270 PILOTS PATH BROOKSVILLE FL 34601",Active,,,,,,,,,,,,,,,
115,BROOKSVILLE,HERNANDO,28.47359722,-82.45542222,HERNANDO COUNTY AIRPORT,AIRPORT,15800 FLIGHT PATH DRIVE  BROOKSVILLE FL 34604,Active,,,,,,,,,,,,,,,
116, ,HERNANDO,28.53972222,-82.30472222,GRAND VISTA RANCH,AIRPORT,26756 MONDON HILL ROAD  BROOKSVILLE FL 34601,Active,,,,,,,,,,,,,,,
117, ,HIGHLANDS,27.37888888,-81.15,LYKES FT. BASINGER AIRSTRIP,AIRPORT,"TODD, THOMAS 490 BUCKHORN ROAD  LORIDA FL 33857",Active,,,,,,,,,,,,,,,
118,LAKE PLACID,HIGHLANDS,27.24560277,-81.41312777,PLACID LAKES AIRPORT,AIRPORT,215 SENECA DR NW  LAKE PLACID FL 33852,Active,,,,,,,,,,,,,,,
119,LAKE PLACID,HIGHLANDS,27.35309722,-81.40812777,LAKE PERSIMMON AIRSTRIP,AIRPORT,"SNAVELY, BILL 115 HEINLEY ROAD  LAKE PLACID FL 33852-8137",Active,,,,,,,,,,,,,,,
120,LAKE PLACID,HIGHLANDS,27.23805555,-81.39055555,VINCES AIRPORT,AIRPORT,"PETERS, TRACY 3950 PLACID VIEW DRIVE  LAKE PLACID FL 33852",Active,,,,,,,,,,,,,,,
121,VENUS,HIGHLANDS,27.16255,-81.54285555,BLUE HEAD RANCH,AIRPORT,"BUNCE, YVONNE PO BOX 1318  LAKE WALES FL 33859",Active,,,,,,,,,,,,,,,
122,TAMPA,HILLSBOROUGH,27.84919166,-82.52148333,MACDILL AFB,AIRPORT,COMMAND POST 813-828-4361 U.S. AIR FORCE TAMPA FL ,Active,,,,,,,,,,,,,,,
123,TAMPA,HILLSBOROUGH,28.00863055,-82.34981388,TAMPA EXECUTIVE AIRPORT,AIRPORT,6582 EUREKA SPRINGS ROAD  TAMPA FL 33610,Active,,,,,,,,,,,,,,,
124,TAMPA,HILLSBOROUGH,27.91557777,-82.44926111,PETER O KNIGHT AIRPORT,AIRPORT,825 SEVERN AVENUE  TAMPA FL 33606,Active,,,,,,,,,,,,,,,
125,TAMPA,HILLSBOROUGH,27.97547222,-82.54991666,TAMPA INTERNATIONAL AIRPORT,AIRPORT,4100 GEORGE J. BEAN PARKWAY  TAMPA FL 33607,Active,,,,,,,,,,,,,,,
126, ,HILLSBOROUGH,27.68444444,-82.24416666,GYRO TOWN USA STOLPORT,AIRPORT,19242 GRANGE HALL LP  WIMAUMA FL 33598,Active,,,,,,,,,,,,,,,
127, ,HILLSBOROUGH,27.80583333,-82.14,STANCHESTER AIRPORT,AIRPORT,"DEWHURST, SEBASTIAN 12722 MANNHURST OAK LANE  LITHIA FL 33547",active,,,,,,,,,,,,,,,
128, ,HILLSBOROUGH,28.14444444,-82.16111111,BLACKWATER CREEK ULTRALIGHT PARK,AIRPORT,"CANNON, ROY BLACKWATER ULTRALIGHT FLIGHTPARK, INC. 9002 STATE  PLANT CITY FL 33566",Active,,,,,,,,,,,,,,,
129, ,HILLSBOROUGH,28.04166666,-82.0925,MIDWAY LAKE AIRPORT,AIRPORT,"VERNER, EDWARD P.O. BOX 1118  PLANT CITY FL 33564",Active,,,,,,,,,,,,,,,
130,LITHIA,HILLSBOROUGH,27.71166666,-82.28305555,WIMAUMA AIRPARK,AIRPORT,"MCCRAW, PEARL 6505 HWY 674 WIMAUMA FL 33598",Active,,,,,,,,,,,,,,,
131,FELLSMERE,INDIAN RIVER,27.74169444,-80.66616666,FELLSMERE AIRPORT,AIRPORT,"CHANDLER, DAVID 7735 COUNTY ROAD 512  FELLSMERE FL 32948",Active,,,,,,,,,,,,,,,
132,VERO BEACH,INDIAN RIVER,27.56253611,-80.49977499,FLY IN RANCHES AIRPORT,AIRPORT,"YOUNGBLOOD, BOB 2450 84TH AVENUE SW  VERO BEACH FL 32968",Active,,,,,,,,,,,,,,,
133,VERO BEACH,INDIAN RIVER,27.59864444,-80.50199722,INDIAN RIVER AERODROME,AIRPORT,"IRAPOA, INC. 460 SOPWITH DR. VERO BEACH FL 32968",Active,,,,,,,,,,,,,,,
134,VERO BEACH,INDIAN RIVER,27.70864166,-80.45283055,BROOCKE AIRPATCH,AIRPORT,"BROOCKE, W 6185 65TH STREET  VERO BEACH FL 32967",Active,,,,,,,,,,,,,,,
135,VERO BEACH,INDIAN RIVER,27.65555833,-80.41794444,VERO BEACH MUNICIPAL AIRPORT,AIRPORT,3400 CHEROKEE DRIVE P.O. BOX 1389 VERO BEACH FL 32961-1389,Active,,,,,,,,,,,,,,,
136,VERO BEACH,INDIAN RIVER,27.632255,-80.52755444,NEW HIBISCUS AIRPARK,AIRPORT,1890 98TH AVENUE  VERO BEACH FL 32966,Active,,,,,,,,,,,,,,,
137,GRAND RIDGE,JACKSON,30.71527777,-85.02444444,LAWRENCE AIRPORT,AIRPORT,"LAWRENCE, GODFREY 6835 HIWAY  90  GRAND RIDGE FL 32442",Active,,,,,,,,,,,,,,,
138,GREENWOOD,JACKSON,30.88824388,-85.16770722,CHIPOLA AIRPARK,AIRPORT,"BAKER, BOBBY P.O. BOX 5729  MARIANNA FL 32447-5729",Active,,,,,,,,,,,,,,,
139, ,JACKSON,30.6075,-85.02583333,YODER AIRPORT,AIRPORT,620 HIGHWAY 69  GRAND RIDGE FL 32442,Active,,,,,,,,,,,,,,,
140, ,JACKSON,30.6725,-85.08333333,FOLSOM AIRPORT,AIRPORT,"FOLSOM, GARY & SHIRLEY 6155 ROCKY CREEK ROAD  MARIANNA FL 32448",Active,,,,,,,,,,,,,,,
141,SNEADS,JACKSON,30.72527777,-84.9177,KILPATRICK FARM AIRPORT,AIRPORT,"KILPATRICK, KEN 158 RICE ROAD  CHATTAHOOCHEE FL 32324",Active,,,,,,,,,,,,,,,
142,GRACEVILLE,JACKSON,30.95268333,-85.41743333,WATSON AIRPORT,AIRPORT,"WATSON, DAVID 2178 HIGHWAY 2  GRACEVILLE FL 32440",Active,,,,,,,,,,,,,,,
143,GRACEVILLE,JACKSON,30.98184999,-85.49243333,KIRKLAND AIRPORT,AIRPORT,"5673 HWY  GRACEVILLE, FL 32440",Active,,,,,,,,,,,,,,,
144,MARIANNA,JACKSON,30.69463888,-85.31076111,LANDS FIELD,AIRPORT,"LAND, LINDA 3457 MYSTERY SPRINGS ROAD  MARIANNA FL 32448",Active,,,,,,,,,,,,,,,
145,MARIANNA,JACKSON,30.83779388,-85.18188111,MARIANNA MUNICIPAL AIRPORT,AIRPORT,3689 INDUSTRIAL PARK DRIVE  MARIANNA FL 32446,Active,,,,,,,,,,,,,,,
146,BASCOM,JACKSON,30.98111111,-85.06833333,NORTH AMERICAN FARMS AIRPORT,AIRPORT,"HALL, JOSEPH 5559 CONCORD ROAD  BASCOM FL 32423",Active,,,,,,,,,,,,,,,
147,GREENVILLE,JEFFERSON,30.61659166,-83.65238055,FINLAYSON FARMS AIRPORT,AIRPORT,"FINLAYSON, JOHN 25 FINCREST CIRCLE  GREENVILLE FL 32331",Active,,,,,,,,,,,,,,,
148,GREENVILLE,JEFFERSON,30.58684722,-83.70601944,JEFFERSON LANDINGS AIRPORT,AIRPORT,13 EAST 10TH WAY  GREENVILLE FL 32331,Active,,,,,,,,,,,,,,,
149,TALLAHASSEE,JEFFERSON,30.4775,-84.03472222,CHARLOTTES FIELD,AIRPORT,"BRAGDON, JIM 424 GREATER ELIZABETH  MONTICELLO FL 32344",Active,,,,,,,,,,,,,,,
150, ,LAFAYETTE,30.19638888,-83.30638888,FORT ATKINSON PLANTATION AIRPARK,AIRPORT,ROB HARPER IV 4485 NORTH CR 53 MAYO FL 32066,Active,,,,,,,,,,,,,,,
151,MAYO,LAFAYETTE,29.91461111,-83.26759722,R. O. RANCH AIRPORT,AIRPORT,SUWANNEE RIVER WATER MANAGEMENT DISTRICT 9225 COUNTY ROAD 49  LIVE OAK FL 32060,ACTIVE,,,,,,,,,,,,,,,
152, ,LAKE,28.50861111,-81.80027777,KINGS FIELD,AIRPORT,"KING, JACK 11320 MONTE VISTA ROAD  CLERMONT FL 34711",Active,,,,,,,,,,,,,,,
153, ,LAKE,28.627775,-81.80285555,FLORIDA FLYING GATORS ULTRALIGHT PARK,AIRPORT,"GRUENER, JOHN PO BOX 38  CASSELBERRY FL 32718",Active,,,,,,,,,,,,,,,
154, ,LAKE,28.64166666,-81.885,GRASS ROOTS AIRPARK,AIRPORT,"GAY, DAVID 20201 WHISTLING WIRE LANE GROVELAND FL 34736",Active,,,,,,,,,,,,,,,
155, ,LAKE,28.79536111,-81.72119444,TAVARES SEAPLANE BASE,AIRPORT,150 EAST RUBY STREET  TAVARES FL 32778,Active,,,,,,,,,,,,,,,
156,FRUITLAND PARK,LAKE,28.87609722,-81.88896944,FLYING H AIRPORT,AIRPORT,"HUMPHREY, DEAN 35800 GRAYS AIRPORT ROAD  FRUITLAND PARK FL 34731",Active,,,,,,,,,,,,,,,
157,FRUITLAND PARK,LAKE,28.87804166,-81.94091666,FLYING PALOMINO RANCH AIRPORT,AIRPORT,"ISAACS, STEVE 36422 MICRO RACETRACK ROAD  FRUITLAND PARK FL 34731",Active,,,,,,,,,,,,,,,
158,GROVELAND,LAKE,28.53361111,-81.84702222,SHEETS AIRPORT,AIRPORT,"MENEFEE, FRANK 2444 BAR HARBOR BAY  MOUNT DORA FL 32757",Active,,,,,,,,,,,,,,,
159,GROVELAND,LAKE,28.66777222,-81.91813611,TEX MERRITT PRIVATE AIRSTRIP,AIRPORT,"MERRITT, TEX P.O. BOX 86  OKAHUMPA FL 34762",Active,,,,,,,,,,,,,,,
160,GROVELAND,LAKE,28.52666666,-81.8748,OSBORN AIRFIELD,AIRPORT,"OSBORN, DARLENE 12155 MATTIODA ROAD  GROVELAND FL 34736",Active,,,,,,,,,,,,,,,
161,PAISLEY,LAKE,29.03026111,-81.44701111,DEEP WOODS RANCH AIRPORT,AIRPORT,"SCHMALE, JOHN K 46800 DEEP WOODS ROAD  PAISLEY FL 32767",Active,,,,,,,,,,,,,,,
162,LEESBURG,LAKE,28.79748888,-81.93591388,FLYING BARON ESTATES AIRPORT,AIRPORT,"STRIMENOS, PETER 1048 STRIMENOS LANE  LEESBURG FL 34748",Active,,,,,,,,,,,,,,,
163,LEESBURG,LAKE,28.82279444,-81.80918888,LEESBURG INTERNATIONAL AIRPORT,AIRPORT,8807 AIRPORT BOULEVARD  LEESBURG FL 34788,Active,,,,,,,,,,,,,,,
164,EUSTIS,LAKE,28.94859722,-81.41312222,BRADSHAW FARMS AIRPORT,AIRPORT,"BRADSHAW, J 32502 PINE ROAD  EUSTIS FL 32736",Active,,,,,,,,,,,,,,,
165,EUSTIS,LAKE,28.90498888,-81.43312222,BRITT BROWN & PORTER RANCH AIRPORT,AIRPORT,"ROSE, MELANIE 31614 BOTTANY WOOD DRIVE  EUSTIS FL 32736",Active,,,,,,,,,,,,,,,
166,BOKEELIA,LEE,26.67729444,-82.13648055,EAGLES LANDING AIRPORT,AIRPORT,"DEAN WISH, LLC PO BOX 1839 PLANT CITY FL 33564",Active,,,,,,,,,,,,,,,
167,BOKEELIA,LEE,26.65618333,-82.12120277,PINE ISLAND AIRPORT,AIRPORT,"REED, E 13350 MORNINGSTAR LANE  BOKEELIA FL 33922",Active,,,,,,,,,,,,,,,
168,SAINT JAMES CITY,LEE,26.582575,-82.098425,WOODSTOCK AIRPORT,AIRPORT,"VALCARCEL, FRANK 4370 WOODSTOCK ROAD  ST. JAMES CITY FL 33956",Active,,,,,,,,,,,,,,,
169,ESTERO,LEE,26.44535555,-81.60730277,CORKSCREW TRACE AIRPARK,AIRPORT,BARBARA WHIDDEN 21230 CORKSCREW ROAD ESTERO FL 33928,Active,,,,,,,,,,,,,,,
170,NORTH FORT MYERS,LEE,26.73284722,-81.89730833,PINE SHADOWS AIRPARK,AIRPORT,"ELLIS, JERRY 18500 BASELEG AVENUE  FORT MYERS FL 33917",Active,,,,,,,,,,,,,,,
171,FORT MYERS,LEE,26.66284999,-81.77063888,STRAYHORN RANCH AIRPORT,AIRPORT,ALIWANNA LANE  FT. MYERS FL 33905,Active,,,,,,,,,,,,,,,
172,FORT MYERS,LEE,26.64340499,-81.71035972,BUCKINGHAM FIELD,AIRPORT,15191 HOMESTEAD ROAD  LEHIGH ACRES FL 33971,Active,,,,,,,,,,,,,,,
173,FORT MYERS,LEE,26.53616666,-81.75516666,SOUTHWEST FLORIDA INTERNATIONAL AIRPORT,AIRPORT,11000 TERMINAL ACCESS ROAD  FORT MYERS FL 33913,Active,,,,,,,,,,,,,,,
174,FORT MYERS,LEE,26.58665833,-81.86328055,PAGE FIELD,AIRPORT,5200 CAPT. CHANNING PAGE DRIVE  FORT MYERS FL 33907-1526,Active,,,,,,,,,,,,,,,
175,CAPTIVA,LEE,26.60340833,-82.22009444,SALTY APPROACH AIRSTRIP,AIRPORT,P. O. BOX 3031   NORTH CAPTIVA FL 33945,Active,,,,,,,,,,,,,,,
176,TALLAHASSEE,LEON,30.47916666,-84.075,ANGELS FIELD STOLPORT,AIRPORT,"MAJORS, LEE 11215 TURKEY ROOST ROAD  TALLAHASSEE FL 32317",Active,,,,,,,,,,,,,,,
177,TALLAHASSEE,LEON,30.59047777,-84.03044722,INGALLS FIELD AIRPORT,AIRPORT,"YOWN, KENT 11418 CHEROKEE PLANTATION COURT  TALLAHASSEE FL 32312",Active,,,,,,,,,,,,,,,
178,TALLAHASSEE,LEON,30.54730833,-84.37384722,TALLAHASSEE COMMERCIAL AIRPORT,AIRPORT,6601 NORTH MONROE STREET  TALLAHASSEE FL 32303,Active,,,,,,,,,,,,,,,
179,TALLAHASSEE,LEON,30.39652777,-84.35033333,TALLAHASSEE REGIONAL AIRPORT,AIRPORT,3300 CAPITAL CIRCLE SOUTHWEST SUITE 1 TALLAHASSEE FL 32310,Active,,,,,,,,,,,,,,,
180, ,LEON,30.51583333,-84.08330555,BLACK CREEK PASS AIRPORT,AIRPORT,11903 WADESBORO ROAD  TALLAHASSEE FL 32317,Active,,,,,,,,,,,,,,,
181,CEDAR KEY,LEVY,29.22848611,-82.94306944,THE CEDARS AIRFIELD,AIRPORT,MARVIN FRANKS 6831 SW 105TH AV  CEDAR KEY FL 32625,Active,,,,,,,,,,,,,,,
182,CEDAR KEY,LEVY,29.13424444,-83.05047222,GEORGE T LEWIS AIRPORT,AIRPORT,14703 SOUTHWEST AIRPORT ROAD  CEDAR KEY FL 32625,Active,,,,,,,,,,,,,,,
183,MORRISTON,LEVY,29.27722222,-82.50056944,REDTAIL AIRFIELD,AIRPORT,"MUNOZ, JESSE 3951 SE 160TH AVENUE  MORRISTON FL 32268",Active,,,,,,,,,,,,,,,
184,MORRISTON,LEVY,29.23779166,-82.54561111,WINGS FIELD,AIRPORT,"OBERT, ROBERT 8053 SE 140TH LANE  INGLIS FL 34449",Active,,,,,,,,,,,,,,,
185,CHIEFLAND,LEVY,29.55583333,-82.86916666,NEAL FIELD,AIRPORT,"NEAL, PAULETTE P.O. BOX 716  TRENTON FL 32693",Active,,,,,,,,,,,,,,,
186,CHIEFLAND,LEVY,29.39548055,-82.86977777,CHIEFLAND SKY RANCH AIRPORT,AIRPORT,"PITTS, FRANK 4771 NW 60TH AVENUE  CHIEFLAND FL 32626",Active,,,,,,,,,,,,,,,
187,TRENTON,LEVY,29.56588888,-82.86905555,WINDY ACRES AIRPORT,AIRPORT,"FULMER, RUSSELL 5650 NW165TH ST.  TRENTON FL 32693",Active,,,,,,,,,,,,,,,
188,TRENTON,LEVY,29.58745833,-82.87123333,AMES FIELD,AIRPORT,"HAYNES, BILL 9520 SOUTHWEST 126TH STREET  ARCHER FL 32618",Active,,,,,,,,,,,,,,,
189, ,LIBERTY,30.35058888,-84.74158611,BLUE CREEK AIRPORT,AIRPORT,"LORD, JEAN 9169 NEW BERLIN ROAD  JACKSONVILLE FL 32226",Active,,,,,,,,,,,,,,,
190, ,MADISON,30.48333333,-83.25833333,BLUE SPRINGS AIRPORT,AIRPORT,ROUTE 1  LEE FL 32059,Active,,,,,,,,,,,,,,,
191, ,MADISON,30.33638888,-83.78361111,MOUNT OLIVE FARM AIRPORT,AIRPORT,16131 HWY 19  LAMONT FL 32336,Active,,,,,,,,,,,,,,,
192,PINETTA,MADISON,30.62284722,-83.28565277,ESTHERBROOK AERODROME,AIRPORT,"DECKER, SHELLY 357 NE WILLOWRUN WAY  PINETTA FL 32350",Active,,,,,,,,,,,,,,,
193,LEE,MADISON,30.44281944,-83.31162499,MADISON COUNTY AIRPORT,AIRPORT,"THIGPEN, LONNIE P.O. BOX 237  MADISON FL 32341",Active,,,,,,,,,,,,,,,
194,PALMETTO,MANATEE,27.54420277,-82.53009722,THOMSON AIRFIELD,AIRPORT,"CIPRIANI, FRANK 3135 37TH STREET EAST  PALMETTO FL 34221",Active,,,,,,,,,,,,,,,
195,PALMETTO,MANATEE,27.64253277,-82.52092861,AIRPORT MANATEE,AIRPORT,14108 US HIGHWAY 41 NORTH  PALMETTO FL 34221,Active,,,,,,,,,,,,,,,
196,MYAKKA CITY,MANATEE,27.45527777,-82.10722222,MYAKKA HEAD AIRPORT,AIRPORT,"TAYLOR, J / PATTY TOFT 1350 DUETTE ROAD  MYAKKA FL 34251",Active,,,,,,,,,,,,,,,
197,DUNNELLON,MARION,28.99025555,-82.33037222,DRAKE RANCH STOLPORT,AIRPORT,"DRAKE, GEORGE AND ANN LOUISE 1120 AZALEA LANE  WINTER PARK FL 32789",Active,,,,,,,,,,,,,,,
198,DUNNELLON,MARION,29.06178055,-82.37658333,MARION COUNTY AIRPORT,AIRPORT,15070 SW 107TH ST DUNNELLON FL 34432,Active,,,,,,,,,,,,,,,
199,CITRA,MARION,29.38555555,-82.1425,THOMPSONS GOINBROKE AERO RANCH AIRPORT,AIRPORT,"THOMPSON, LANNY 94  NW 165TH STREET  CITRA FL 32113",Active,,,,,,,,,,,,,,,
200,CITRA,MARION,29.36136111,-82.14981666,WINGS-N-WHEELS AIRFIELD,AIRPORT,"NELSON, EDWARD 2102 NE 145TH AVENUE ROAD  SILVER SPRINGS FL 34488",Active,,,,,,,,,,,,,,,
201,CITRA,MARION,29.37524999,-82.05814722,PANIOLA SKY RANCH AIRPORT,AIRPORT,"DIERSCHKE, WOLF 6301 E. HIGHWAY 316 CITRA FL 32113",Active,,,,,,,,,,,,,,,
202,MORRISTON,MARION,29.24083333,-82.35416666,CROSSWIND FARM AIRPORT,AIRPORT,"REISS, JOHN 14024 NW HIGHWAY 464B  MORRISTON FL 32668",Active,,,,,,,,,,,,,,,
203,REDDICK,MARION,29.34080555,-82.26370833,RELUCTANT GREMLIN AIRPORT,AIRPORT,RICHARD HELMS 8549 NW 130TH ST.  REDDICK FL 32686,Active,,,,,,,,,,,,,,,
204,REDDICK,MARION,29.33469444,-82.16676111,LEE FARMS AIRPORT,AIRPORT,"LEE, C. K. 2323 W. HIGHWAY 329 CITRA FL 32113",Active,,,,,,,,,,,,,,,
205,OCALA,MARION,29.28025277,-82.12481388,JUMBOLAIR-GREYSTONE AIRPORT,AIRPORT,1201 NE 77TH STREET    OCALA FL 34479,Active,,,,,,,,,,,,,,,
206,OCALA,MARION,29.08414722,-82.03230833,LEEWARD AIR RANCH AIRPORT,AIRPORT,P O BOX 1476  OCALA FL 34478,Active,,,,,,,,,,,,,,,
207,OCALA,MARION,29.07303611,-81.99953055,BACK ACHERS AIRPORT,AIRPORT,"FAMBROUGH, THOMAS 9215 SE 110TH ST RD BELLEVIEW FL 34420",Active,,,,,,,,,,,,,,,
208,OCALA,MARION,29.13055555,-82.11916666,FLYING DUTCHMAN RANCH AIRPORT,AIRPORT,P.O. BOX 3068  OCALA FL 34478,Active,,,,,,,,,,,,,,,
209,OCALA,MARION,29.02608888,-82.21231388,MCGINLEY AIRPORT,AIRPORT,"MCGINLEY, RICHARD 5700 SW HIGHWAY 484  OCALA FL 34473",Active,,,,,,,,,,,,,,,
210,OCALA,MARION,29.28913888,-82.32232222,IDLE WILD AIRPORT,AIRPORT,"HAMBLETON, SARAH J 9420 NW 125TH AVENUE  OCALA FL 34482",Active,,,,,,,,,,,,,,,
211,OCALA,MARION,29.09608888,-82.17898055,SHADY INTERNATIONAL AIRPORT,AIRPORT,"ZURAWSKI, JOE 3504 SW 85TH ST  OCALA FL 34476",Active,,,,,,,,,,,,,,,
212,OCALA,MARION,29.17261111,-82.22416666,OCALA INTERNATIONAL-JIM TAYLOR FIELD,AIRPORT,750 SOUTHWEST 60TH AVENUE  OCALA FL 34474-1270,Active,,,,,,,,,,,,,,,
213,OCKLAWAHA,MARION,29.12358888,-81.88702777,WOODS AND LAKE AIRPARK,AIRPORT,DWAINE BERRY 6504 SE 159TH COURT  OCKLAWAHA FL 32179,Active,,,,,,,,,,,,,,,
214, ,MARION,28.98333333,-81.95,SKIPPERS AIRPORT,AIRPORT,"SKIPPER, SCOTT 17025 SE 19TH COURT  SUMMERFIELD FL 34491",active,,,,,,,,,,,,,,,
215, ,MARION,29.01886944,-82.11369999,MONROE AIRPARK,AIRPORT,"MONROE, DENNIS 1770 SE 140TH STREET  SUMMERFIELD FL 34491",Active,,,,,,,,,,,,,,,
216, ,MARION,28.97914999,-82.03314166,DALLAS AIRPORT,AIRPORT,"CANGELOSI ,JOHN M. 7280 SE HWY 42 SUMMERFIELD FL 34491",Active,,,,,,,,,,,,,,,
217,BELLEVIEW,MARION,29.02636944,-81.98786388,JOHARY AIRPORT,AIRPORT,"JOHARY, C 13250 SE 100TH AVE BELLEVIEW FL 34420",Active,,,,,,,,,,,,,,,
218,WEIRSDALE,MARION,28.96192777,-81.89146944,LOVE FIELD,AIRPORT,"LOVE, JOHN 10835 SE SUNSET HARBOR ROAD  SUMMERFIELD FL 34491",Active,,,,,,,,,,,,,,,
219,WEIRSDALE,MARION,28.97553888,-81.91869444,HOBBY HILL AIRPORT,AIRPORT,"WIMBERLY, GARY P.O. BOX 33  EAST LAKE WEIR FL 32133",Active,,,,,,,,,,,,,,,
220,SUMMERFIELD,MARION,29.00109166,-82.10064444,NORTON AIRPORT,AIRPORT,"NORTON, HUGH 15010 SE 28TH COURT  SUMMERFIELD FL 34491",Active,,,,,,,,,,,,,,,
221,PALM CITY,MARTIN,27.10282777,-80.29338055,TROPICAL PLANTATION AIRPORT,AIRPORT,"MADONIA, STEVE 3655 SW 96 STREET STUART FL 34990",Active,,,,,,,,,,,,,,,
222,PALM CITY,MARTIN,27.14282777,-80.33782777,NAKED LADY RANCH AIRPORT,AIRPORT,"6100 SW. MOORE ST.,  PALM CITY FL 34990",Active,,,,,,,,,,,,,,,
223,JUPITER,MARTIN,26.9795,-80.21865555,TAILWINDS AIRPARK,AIRPORT,TAILWINDS HOMEOWNERS ASSOCIATION 2400 SE DOWNWINDS RD JUPITER FL 33478,Active,,,,,,,,,,,,,,,
224,INDIANTOWN,MARTIN,27.09333333,-80.61222222,HORSESHOE ACRES AIRPARK,AIRPORT,26110 SW 86TH STREET  INDIANTOWN FL 34956,Active,,,,,,,,,,,,,,,
225,INDIANTOWN,MARTIN,27.11338333,-80.63338888,BRADY RANCH AIRPORT,AIRPORT,"BRADY, FRANK P.O. BOX 536  OKEECHOBEE FL 34973",Active,,,,,,,,,,,,,,,
226,INDIANTOWN,MARTIN,27.03644166,-80.44005,INDIANTOWN AIRPORT,AIRPORT,20654 SOUTHWEST CITRUS BOULEVARD  INDIANTOWN FL 34956,Active,,,,,,,,,,,,,,,
227,MIAMI,MIAMI-DADE,25.56961111,-80.39877777,BURRS STRIP,AIRPORT,"BURR, CHARLES 21100 SW 127TH AVENUE  MIAMI FL 33177",Active,,,,,,,,,,,,,,,
228,MIAMI,MIAMI-DADE,25.61965833,-80.49231666,LINDBERGHS LANDING AIRSTRIP,AIRPORT,"TORRES, RAMON 17705 SW 158TH STREET  MIAMI FL 33187-1208",Active,,,,,,,,,,,,,,,
229,MIAMI,MIAMI-DADE,25.55966666,-80.51473611,RICHARDS FIELD ,AIRPORT,22001 SW 202 AVE  MIAMI FL 33170,Active,,,,,,,,,,,,,,,
230,MIAMI,MIAMI-DADE,25.55217499,-80.55581944,MJD STOLPORT,AIRPORT,"DUREIKO, MARTIN 22361 SW 232ND STREET  MIAMI FL 33170",Active,,,,,,,,,,,,,,,
231,MIAMI,MIAMI-DADE,25.79536111,-80.29011111,MIAMI INTERNATIONAL AIRPORT,AIRPORT,4200 NORTHWEST 21ST STREET  MIAMI FL 33159,Active,,,,,,,,,,,,,,,
232,MIAMI,MIAMI-DADE,25.64788888,-80.43277777,KENDALL-TAMIAMI EXECUTIVE AIRPORT,AIRPORT,12800 SOUTH WEST 145 AVENUE  MIAMI FL 33186,Active,,,,,,,,,,,,,,,
233,HOMESTEAD,MIAMI-DADE,25.48844166,-80.38366666,HOMESTEAD ARB,AIRPORT,COMMAND POST 305-224-7023 USAF RESERVE HOMESTEAD FL 33030,Active,,,,,,,,,,,,,,,
234,HOMESTEAD,MIAMI-DADE,25.54678333,-80.46538055,MACS FIELD,AIRPORT,"MUNZ, CHARLES 23600 SW 162 AVENUE  HOMESTEAD FL 33031",Active,,,,,,,,,,,,,,,
235,HOMESTEAD,MIAMI-DADE,25.49871944,-80.554225,HOMESTEAD GENERAL AVIATION AIRPORT,AIRPORT,28700 SOUTH WEST 217 AVENUE  HOMESTEAD FL 33030,Active,,,,,,,,,,,,,,,
236, ,MIAMI-DADE,25.52777777,-80.5,THE WRIGHT PLACE STOLPORT,AIRPORT,"WRIGHT, GEORGE P.O. BOX 1751  HOMESTEAD FL 33090",Active,,,,,,,,,,,,,,,
237, ,MIAMI-DADE,25.77833333,-80.17027777,MIAMI SEAPLANE BASE,AIRPORT,1000 MACAURTHUR CAUSEWAY  MIAMI FL 33132,Active,,,,,,,,,,,,,,,
238,TAVERNIER,MONROE,25.00493333,-80.53290555,TAVERNAERO AIRPARK,AIRPORT,P.O. BOX 171  TAVERNIER FL 33070,Active,,,,,,,,,,,,,,,
239,SUMMERLAND KEY,MONROE,24.65916111,-81.44566666,SUMMERLAND KEY COVE AIRPORT,AIRPORT,AIRPORT DRIVE SOUTH & NORTH P.O. BOX  420290  SUMMERLAND KEY FL 33042,Active,,,,,,,,,,,,,,,
240,SUMMERLAND KEY,MONROE,24.64883611,-81.57759444,SUGAR LOAF AIRPORT,AIRPORT,"GOOD,  JOHN 17001 OVERSEAS HIGHWAY SUGARLOAF KEY FL 33042",Active,,,,,,,,,,,,,,,
241,KEY WEST,MONROE,24.5757,-81.68897777,KEY WEST NAS / BOCA CHICA FIELD,AIRPORT,BASE OPERATIONS 305-293-2770 U.S. NAVY KEY WEST FL ,Active,,,,,,,,,,,,,,,
242,KEY WEST,MONROE,24.55612222,-81.75954444,KEY WEST INTERNATIONAL AIRPORT,AIRPORT,3491 SOUTH ROOSEVELT BOULEVARD  KEY WEST FL 33040,Active,,,,,,,,,,,,,,,
243,KEY LARGO,MONROE,25.32539166,-80.274775,OCEAN REEF CLUB AIRPORT,AIRPORT,JANIS SMYLY 35 OCEAN REEF DRIVE  KEY LARGO FL 33037,Active,,,,,,,,,,,,,,,
244,YULEE,NASSAU,30.60058333,-81.57083333,FLYING A RANCH AIRPORT,AIRPORT,"ARNETT, FREDDY 85454 FLYING A RANCH DRIVE  YULEE FL 32097",Active,,,,,,,,,,,,,,,
245,YULEE,NASSAU,30.62686111,-81.53476388,NASSAU PRIVATE FIELD,AIRPORT,"HANCOCK, STEPHEN 96541 CESSNA DRIVE  YULEE FL 32097",Active,,,,,,,,,,,,,,,
246,BAKER,OKALOOSA,30.81851944,-86.68801111,DOTSON FARMS AIRPORT,AIRPORT,"DOTSON, GLENN 1250 HIGHWAY C4A  BAKER FL 32531",Active,,,,,,,,,,,,,,,
247,BAKER,OKALOOSA,30.85388888,-86.66722222,SKY PARK ESTATES AIRPORT,AIRPORT,"WILLIAMS, REDDOCH 1493 SKY RANCH LANE BAKER FL 32531",Active,,,,,,,,,,,,,,,
248,CRESTVIEW,OKALOOSA,30.80018611,-86.43550555,FIVE OAKS ESTATE,AIRPORT,"SCOTT, RONALD 4274 POVERTY CREEK ROAD  CRESTVIEW FL 32539",Active,,,,,,,,,,,,,,,
249,CRESTVIEW,OKALOOSA,30.78185277,-86.46717222,TRIPLE B AIRPARK STOLPORT,AIRPORT,5706 MOUNT OLIVE RD  CRESTVIEW FL 32539,Active,,,,,,,,,,,,,,,
250,CRESTVIEW,OKALOOSA,30.77883611,-86.52211388,BOB SIKES AIRPORT,AIRPORT,5545 JOHN GIVENS ROAD  CRESTVIEW FL 32536,Active,,,,,,,,,,,,,,,
251,EGLIN AFB,OKALOOSA,30.63185833,-86.74717777,EGLIN TEST SITE B6,AIRPORT,COMMAND POST 850-883-4020 U.S. AIR FORCE VALPARAISO FL ,Active,,,,,,,,,,,,,,,
252,EGLIN AFB,OKALOOSA,30.65185833,-86.52300555,EGLIN AF AUX NR 3 DUKE,AIRPORT,COMMAND POST 850-884-8100 U.S. AIR FORCE VALPARAISO FL ,Active,,,,,,,,,,,,,,,
253,EGLIN AFB,OKALOOSA,30.48333333,-86.52533333,NORTHWEST FLORIDA REGIONAL AIRPORT / EGLIN AFB,AIRPORT,1701 HWY 85 NORTH  EGLIN AIR FORCE BASE FL 32542-1413,Active,,,,,,,,,,,,,,,
254,HURLBURT FIELD,OKALOOSA,30.42881111,-86.68884444,HURLBURT FIELD,AIRPORT,COMMAND POST 850-884-8100 U.S. AIR FORCE MARY ESTHER FL ,Active,,,,,,,,,,,,,,,
255,HOLT,OKALOOSA,30.68546944,-86.74717777,YELLOW RIVER VALLEY AIRSTRIP,AIRPORT,THOMAS H JULIAN P.O. BOX 85  HOLT FL 32564,Active,,,,,,,,,,,,,,,
256,NICEVILLE,OKALOOSA,30.51964166,-86.43828055,RUCKEL AIRPORT,AIRPORT,"RUCKEL PROPERTIES, INC. 1003C JOHN SIMS PARKWAY EAST NICEVILLE FL 32578",Active,,,,,,,,,,,,,,,
257,OKEECHOBEE,OKEECHOBEE,27.54198055,-80.83311666,INDIAN HAMMOCK AIRPORT,AIRPORT,"MARILYN KLUEGEL 32801 US HIGHWAY 441 NORTH,  #268  OKEECHOBEE FL 34972",Active,,,,,,,,,,,,,,,
258,OKEECHOBEE,OKEECHOBEE,27.59777777,-80.84611111,RUSSAKIS RANCH 441 AIRPORT,AIRPORT,8801 INDRIO ROAD  FT. PIERCE FL 34951,ACTIVE,,,,,,,,,,,,,,,
259,OKEECHOBEE,OKEECHOBEE,27.15555555,-80.69166666,FLYING COW AIR RANCH,AIRPORT,"WESTGATE & BEYOND, INC. 10151 SE 126TH BLVD  OKEECHOBEE FL 34974",Active,,,,,,,,,,,,,,,
260,OKEECHOBEE,OKEECHOBEE,27.36115277,-80.76089166,PAXTON AIRPORT,AIRPORT,"PAXTON, JOHN 6333 NE 120TH STREET  OKEECHOBEE FL 34972",Active,,,,,,,,,,,,,,,
261,OKEECHOBEE,OKEECHOBEE,27.333375,-80.73616944,CITRUS HEDGING RANCH AIRPORT,AIRPORT,9000 NE 120TH STREET  OKEECHOBEE FL 34972,Active,,,,,,,,,,,,,,,
262,OKEECHOBEE,OKEECHOBEE,27.32531944,-81.02867499,RIVER ACRES AIRPORT,AIRPORT,"BUSSELL, JAN 19840 NW 94TH DRIVE  OKEECHOBEE FL 34972",Active,,,,,,,,,,,,,,,
263,OKEECHOBEE,OKEECHOBEE,27.23088055,-80.96923055,RIVER OAK ACRES AIRPORT,AIRPORT,13525 SW 144TH PKWY   OKEECHOBEE FL 34974,Active,,,,,,,,,,,,,,,
264,OKEECHOBEE,OKEECHOBEE,27.36309722,-80.77283611,SUNNILAND RANCH AIRPORT,AIRPORT,"MALONE, WILLIAM 12245 NE 56TH STREET  OKEECHOBEE FL 34972",Active,,,,,,,,,,,,,,,
265,OKEECHOBEE,OKEECHOBEE,27.26611111,-80.85015555,OKEECHOBEE COUNTY AIRPORT,AIRPORT,2800 NORTH WEST 20TH TRAIL  OKEECHOBEE FL 34972,Active,,,,,,,,,,,,,,,
266, ,OKEECHOBEE,27.45692222,-80.99718611,BASS FAMILY INC. AIRPORT,AIRPORT,COUNTY ROAD 724 & 700A  OKEECHOBEE FL 34972,Active,,,,,,,,,,,,,,,
267, ,OKEECHOBEE,27.24111111,-80.74111111,RANCH-AERO AIRPORT,AIRPORT,"CUNNINGHAM, FRANK 810 SE 80TH AVENUE  OKEECHOBEE FL 34974",Active,,,,,,,,,,,,,,,
268, ,OKEECHOBEE,27.29583333,-80.70416666,GOODBREAD RANCH AIRPORT,AIRPORT,"GOODBREAD, BRADLEY 12575 HWY 70 E  OKEECHOBEE FL 34972",Active,,,,,,,,,,,,,,,
269, ,OKEECHOBEE,27.58027777,-80.81527777,LAKE MONTAZA AIRPORT,AIRPORT,1494 NE 342ND TRAIL  OKEECHOBEE FL 34972,Active,,,,,,,,,,,,,,,
270, ,OKEECHOBEE,27.23421388,-80.90367222,SUNSET STRIP AIRPARK,AIRPORT,DEWEY DANIEL 7589 SW 13TH ST OKEECHOBEE FL 34973,Active,,,,,,,,,,,,,,,
271,ORLANDO,ORANGE,28.58944444,-81.14423055,RYBOLT RANCH AIRPORT,AIRPORT,"LAMAR, MARY P.O. BOX 3350  WINTER PARK FL 32790",Active,,,,,,,,,,,,,,,
272,ORLANDO,ORANGE,28.61888888,-81.50868333,CARTER AIRPORT,AIRPORT,"CARTER, BYRON P.O. BOX 2635  WINTER PARK FL 32790",Active,,,,,,,,,,,,,,,
273,ORLANDO,ORANGE,28.42888888,-81.31602777,ORLANDO INTERNATIONAL AIRPORT,AIRPORT,ONE JEFF FUQUA BLVD  ORLANDO FL 32827,Active,,,,,,,,,,,,,,,
274,ORLANDO,ORANGE,28.54547222,-81.33294444,EXECUTIVE AIRPORT,AIRPORT,365 RICKENBACKER DRIVE  ORLANDO FL 32803,Active,,,,,,,,,,,,,,,
275,MOUNT DORA,ORANGE,28.76027222,-81.60590555,TANGERINE AIRPORT,AIRPORT,"KIMBALL, JIM P.O. BOX 849  ZELLWOOD FL 32798",Active,,,,,,,,,,,,,,,
276,MOUNT DORA,ORANGE,28.72527777,-81.65083333,ORLANDO NORTH AIRPARK,AIRPORT,"LOOMIS, BOB 2849 LUST ROAD  APOPKA FL 32703",Active,,,,,,,,,,,,,,,
277,MOUNT DORA,ORANGE,28.73360555,-81.63313055,BOB WHITE FIELD,AIRPORT,7011 WEST JONES AVENUE  ZELLWOOD FL 32798,Active,,,,,,,,,,,,,,,
278, ,ORANGE,28.39611944,-81.56590555,LAKE BUENA VISTA STOLPORT,AIRPORT,"MOUSSEAU, JEFFEREY P.O. BOX 10,000; ATTN: LEGAL DEPARTMENT  LAKE BUENA VISTA FL 32830",Active,,,,,,,,,,,,,,,
279,KENANSVILLE,OSCEOLA,27.77863888,-81.09978888,BLANKET BAY AIRPORT,AIRPORT,"ADAMS, MIKE P.O. BOX 12909  FT. PIERCE FL 34979-2909",Active,,,,,,,,,,,,,,,
280,KENANSVILLE,OSCEOLA,27.86277777,-80.95805555,ESCAPE RANCH AIRPORT,AIRPORT,RANDY HOOPER P.O. BOX 58  KENANSVILLE FL 34739,Active,,,,,,,,,,,,,,,
281,SAINT CLOUD,OSCEOLA,28.04335277,-81.01923055,FOREVER FLORIDA AIRPORT,AIRPORT,"BROUSSARD, WILLIAM 4755 KENANSVILLE ROAD  ST. CLOUD FL 34773",Active,,,,,,,,,,,,,,,
282,SAINT CLOUD,OSCEOLA,28.13723888,-81.26340277,GENTRY AIRPORT,AIRPORT,"SESSIONS, RAYMOND 2409 SW SISTER'S WELCOME RD SUITE 101 LAKE CITY FL 32025",Active,,,,,,,,,,,,,,,
283,SAINT CLOUD,OSCEOLA,28.20862499,-81.11923055,LAKE X AIRPORT,AIRPORT,DAVE UNDERWOOD 7555 OLD MELBOURNE HWY  ST. CLOUD FL 34771,Active,,,,,,,,,,,,,,,
284,KISSIMMEE,OSCEOLA,28.25862222,-81.38395833,STOUT INTERNATIONAL AIRPORT & SPB,AIRPORT,1575 PINE ISLAND RD  KISSIMMEE FL 34744,Active,,,,,,,,,,,,,,,
285,KISSIMMEE,OSCEOLA,28.28980555,-81.43708333,KISSIMMEE GATEWAY AIRPORT,AIRPORT,301 NORTH  DYER BOULEVARD SUITE 101 KISSIMMEE FL 34744-4613,Active,,,,,,,,,,,,,,,
286, ,OSCEOLA,27.69416666,-81.11333333,EL MAXIMO RANCH AIRPORT,AIRPORT,"WILSON, LATIMER T. P.O. BOX 3737  LAKE WALES FL 33859",Active,,,,,,,,,,,,,,,
287,SOUTHWEST PALM BEACH CO,PALM BEACH,26.58784722,-80.63727777,DUDA AIRSTRIP ,AIRPORT,"CHAPMAN, TRACY P.O. BOX 620257  OVIEDO FL 32762-0257",Active,,,,,,,,,,,,,,,
288,SOUTHWEST PALM BEACH CO,PALM BEACH,26.58083333,-80.75611111,OKEELANTA AIRPORT,AIRPORT,JOSE GONZALEZ 21250 US HIGHWAY 27 S SOUTH BAY FL 33493,Active,,,,,,,,,,,,,,,
289, ,PALM BEACH,26.548125,-80.21476944,WILLIS GLIDERPORT AIRPARK,AIRPORT,"ROBERTSON, TERRY 10640 DENOEU ROAD  BOYNTON BEACH FL 33472",Active,,,,,,,,,,,,,,,
290,LOXAHATCHEE,PALM BEACH,26.90839166,-80.32893611,WILLIAM P GWINN AIRPORT,AIRPORT,"HARRIS, TREVOR P.O. BOX 109610  WEST PALM BEACH FL 33410-9610",Active,,,,,,,,,,,,,,,
291,LOXAHATCHEE,PALM BEACH,26.62256666,-80.305325,LOXAHATCHEE AIRPORT,AIRPORT,4153 160TH AVENUE SOUTH  WELLINGTON FL 33414,Active,,,,,,,,,,,,,,,
292,DELRAY BEACH,PALM BEACH,26.46534999,-80.14976666,ANTIQUERS AERODROME,AIRPORT,"LUMLEY, WILLIAM 7320 SKYLINE DRIVE  DELRAY BEACH FL 33446",Active,,,,,,,,,,,,,,,
293,WEST PALM BEACH,PALM BEACH,26.64645555,-80.29421388,WELLINGTON AERO CLUB AIRPORT,AIRPORT,3461B FAIRLANE FARMS RD.   WELLINGTON FL 33414,Active,,,,,,,,,,,,,,,
294,WEST PALM BEACH,PALM BEACH,26.84537305,-80.22148111,NORTH PALM BEACH COUNTY GENERAL AVIATION AIRPORT,AIRPORT,11600 AVIATION BOULEVARD  WEST PALM BEACH FL 33412,Active,,,,,,,,,,,,,,,
295,WEST PALM BEACH,PALM BEACH,26.68315833,-80.09558888,PALM BEACH INTERNATIONAL AIRPORT,AIRPORT,BUILDING 846 PBIA  WEST PALM BEACH FL 33406-1491,Active,,,,,,,,,,,,,,,
296,DADE CITY,PASCO,28.45416666,-82.21555555,CUB HAVEN STOLPORT,AIRPORT,"SPRIGG, JAMES 38102 MERIDIAN AVENUE  DADE CITY FL 33525",Active,,,,,,,,,,,,,,,
297,DADE CITY,PASCO,28.41305555,-82.22341666,DUSTY AIRPATCH,AIRPORT,"RHODE, H W 35731 BLANTON ROAD  DADE CITY FL 33523",Active,,,,,,,,,,,,,,,
298, ,PASCO,28.45147222,-82.217,TWO JS FLYING RANCH AIRPORT,AIRPORT,"WERME, JAMES P.O. BOX 508  TRILBY FL 33593",Active,,,,,,,,,,,,,,,
299, ,PASCO,28.175,-82.48777777,GERACI FIELD,AIRPORT,20005 COUNTY LINE ROAD  LUTZ FL 33558,Active,,,,,,,,,,,,,,,
300, ,PASCO,28.4725,-82.25194444,FIELD OF DREAMS AIRPORT,AIRPORT,"MILLER, LARRY 21412 FIELD OF DREAMS LANE  DADE CITY FL 33523",Active,,,,,,,,,,,,,,,
301,NEW PORT RICHEY,PASCO,28.28222222,-82.64583333,HIDDEN LAKE AIRPORT,AIRPORT,"UNGAR, ED 8901 AIRWAY BLVD  NEW PORT RICHEY FL 34654",Active,,,,,,,,,,,,,,,
302, ,POLK,27.84444444,-81.43916666,DAVID WINES AIRSTRIP,AIRPORT,"HETTINGER, WILLIAM 2600 CEDARWOOD DRIVE  LAKE WALES FL 33898",Active,,,,,,,,,,,,,,,
303, ,POLK,28.04388888,-81.85138888,EAGLES NEST LANDING,AIRPORT,"GROOVER, LARRY 1633 TAYLOR STREET  AUBURNDALE FL 33823",Active,,,,,,,,,,,,,,,
304, ,POLK,28.14335,-81.64701944,GORE AIRPORT,AIRPORT,"GORE, DAVID P.O. BOX 519  DAVENPORT FL 33836",Active,,,,,,,,,,,,,,,
305, ,POLK,27.78972222,-81.64972222,VILLA CHAR MAR AIRPORT,AIRPORT,1901 BUFFUM LAKE TRAIL  FT MEADE FL 33841,Active,,,,,,,,,,,,,,,
306, ,POLK,27.75722222,-81.60055555,RIDGE LANDING AIRPORT,AIRPORT,"FAZZINI, JOHN 101 EAST STUART AVENUE  LAKE WALES FL 33853",Active,,,,,,,,,,,,,,,
307, ,POLK,27.93961111,-81.43202777,BENT WILLIES AIRPORT,AIRPORT,9605 CAMP MACK ROAD  LAKE WALES FL 33898,Active,,,,,,,,,,,,,,,
308, ,POLK,28.05861111,-81.81638888,MARKET WORLD AIRPORT,AIRPORT,"TO, VINCENT 1053 HIGHWAY 92 WEST  AUBURNDALE FL 33823",Active,,,,,,,,,,,,,,,
309, ,POLK,28.15751666,-81.56813055,GATOR AIRPARK STOLPORT,AIRPORT,"ALBRITTON, ROBERT 4525 ALBRITTON ROAD  ST CLOUD FL 34772",Active,,,,,,,,,,,,,,,
310, ,POLK,27.95379444,-81.60142222,CHALET SUZANNE AIR STRIP,AIRPORT,3800 CHALET SUZANNE DRIVE  LAKE WALES FL 33859-7763,Active,,,,,,,,,,,,,,,
311, ,POLK,28.0575,-81.76280555,JACK BROWNS SEAPLANE BASE,AIRPORT,2704 U.S. HIGHWAY 92  WINTER HAVEN FL 33880,Active,,,,,,,,,,,,,,,
312,LAKELAND,POLK,28.21167777,-81.99869166,GREEN SWAMP AERODROME,AIRPORT,"ARALDI, SUZANNE 11465 IRONHEAD TRAIL  LAKELAND FL 33809",Active,,,,,,,,,,,,,,,
313,LAKELAND,POLK,28.28166666,-81.94111111,BURNTWOOD RANCH AIRPORT,AIRPORT,ALEJANDRO VILLANUEVA 6225 DEEN STILL ROAD  LAKELAND FL 33809,Active,,,,,,,,,,,,,,,
314,LAKELAND,POLK,27.98891666,-82.01855555,LAKELAND LINDER REGIONAL AIRPORT,AIRPORT,3900 DON EMERSON DRRIVE SUITE 210 LAKELAND FL 33811,Active,,,,,,,,,,,,,,,
315,FROSTPROOF,POLK,27.75030555,-81.55951944,LAKE CLINCH AIRPARK,AIRPORT,"AMATO, LOUIS 446 AIRPORT ROAD  FROSTPROOF FL 33843",Active,,,,,,,,,,,,,,,
316,FROSTPROOF,POLK,27.65058611,-81.34951666,MACDILL AFB AUX FLD,AIRPORT,COMMAND POST 813-828-4361 U.S. AIR FORCE AVON PARK FL ,Active,,,,,,,,,,,,,,,
317,POLK CITY,POLK,28.20640277,-81.82785555,FLANDERS FIELD,AIRPORT,"NEWBERRY, ROBERT P.O. BOX 2003  LAKELAND FL 33806",Active,,,,,,,,,,,,,,,
318,POLK CITY,POLK,28.16695833,-81.80813333,"ORLAMPA, INC. AIRPORT",AIRPORT,1400 BROADWAY BLVD. SE  POLK CITY FL 33868,Active,,,,,,,,,,,,,,,
319,HAINES CITY,POLK,28.01416666,-81.54055555,SOUTHERLY AIRPORT,AIRPORT,"DREWNIANY, FRANK 971 SAN PEDRO AVENUE  CORAL GABLES FL 33156",Active,,,,,,,,,,,,,,,
320,CRESCENT CITY,PUTNAM,29.42707027,-81.60423833,EAGLES NEST AIRPORT & SPB,AIRPORT,521 GEORGETOWN SHORTCUT RD  CRESCENT CITY FL 32112,Active,,,,,,,,,,,,,,,
321,CRESCENT CITY,PUTNAM,29.43491666,-81.65676388,MOUNT ROYAL AIRPORT,AIRPORT,JASON I. SHEFFIELD 111 INDIAN MOUND DRIVE CRESCENT CITY FL 32112,Active,,,,,,,,,,,,,,,
322,CRESCENT CITY,PUTNAM,29.44123611,-81.58443055,JIM FINLAY FARM AIRPORT,AIRPORT,"ABBING, FRITS P.O. BOX 774  CRESCENT CITY FL 32112",Active,,,,,,,,,,,,,,,
323,CRESCENT CITY,PUTNAM,29.47348611,-81.57095833,THUNDERBIRD AIRPARK,AIRPORT,"SAULS, IVESON P.O. BOX 27 118 CESSNA STREET LAKE COMO FL 32157",Active,,,,,,,,,,,,,,,
324,CRESCENT CITY,PUTNAM,29.40483333,-81.49655555,CRESCENT LAKE FARMS AIRPORT,AIRPORT,"C/O MIDNIGHT FLORIDA LAND, LLC 350 CLIFTON ROAD  CRESCENT CITY  FL 32112",Active,,,,,,,,,,,,,,,
325,CRESCENT CITY,PUTNAM,29.50230555,-81.57743055,POMONA LANDING AIRPORT,AIRPORT,"WARREN, ROBERT 113 POMONA LANDING RD.  POMONA PARK FL 32181",Active,,,,,,,,,,,,,,,
326, ,PUTNAM,29.52060555,-81.66647222,LIB FIELD,AIRPORT,"BRENNER, DONALD 119 ASHLEY LANE  SATSUMA FL 32189-3101",Active,,,,,,,,,,,,,,,
327, ,PUTNAM,29.56680555,-81.85013888,OAK RIDGE AIR PARK,AIRPORT,160 OAK RIDGE DRIVE  INTERLACHEN FL 32148,Active,,,,,,,,,,,,,,,
328, ,PUTNAM,29.47926388,-82.05334722,MARJORIE KENNAN RAWLINGS AIRPORT,AIRPORT,"STRANG, CARL P.O. BOX 194  WINTER HAVEN FL 33882-5558",Active,,,,,,,,,,,,,,,
329,HAWTHORNE,PUTNAM,29.66246666,-82.00926111,SANDERS RANCH AIRPORT,AIRPORT,SANDERS DRIVE S 1611 BADEN POWELL ROAD  HAWTHORNE FL 32640,Active,,,,,,,,,,,,,,,
330,HAWTHORNE,PUTNAM,29.66770833,-81.95204166,MELROSE LANDING AIRSTRIP ,AIRPORT,267 MELROSE LANDING DRIVE  HAWTHORNE FL 32640,Active,,,,,,,,,,,,,,,
331,HASTINGS,ST. JOHNS,29.68969444,-81.50680555,EARLE AIRPARK,AIRPORT,"EARLE, NORMAN 8701 HASTINGS BLVD  HASTINGS FL 32145",Active,,,,,,,,,,,,,,,
332,HASTINGS,ST. JOHNS,29.67643055,-81.499,TATER FARMS STRIP,AIRPORT,5625 KELLY RD.  HASTINGS FL 32145,Active,,,,,,,,,,,,,,,
333,ELKTON,ST. JOHNS,29.72833055,-81.43879444,HUTSON AIRFIELD,AIRPORT,SR 206 WEST  ST. AUGUSTINE FL 32033,Active,,,,,,,,,,,,,,,
334,PORT SAINT LUCIE,ST. LUCIE,27.27782222,-80.58588888,EVANS PROPERTIES AIRPORT,AIRPORT,"EDWARDS, RONALD 660 BEACHLAND BLVD, #301  VERO BEACH FL 32963",Active,,,,,,,,,,,,,,,
335,PORT SAINT LUCIE,ST. LUCIE,27.34198611,-80.522,AERO ACRES AIRPORT,AIRPORT,"OWEN, BEBE 18506 MACH ONE DRIVE  PORT ST. LUCIE FL 34987-3211",Active,,,,,,,,,,,,,,,
336,PORT SAINT LUCIE,ST. LUCIE,27.24875,-80.494,TREASURE COAST AIRPARK,AIRPORT,12301 RANGE LINE ROAD  PORT SAINT LUCIE FL 34987,Active,,,,,,,,,,,,,,,
337,PORT SAINT LUCIE,ST. LUCIE,27.36115277,-80.57088888,HALE 700 AIRPORT,AIRPORT,"EDWARDS, RONALD 660 BEACHLAND BLVD, SUITE 301  VERO BEACH FL 32963",Active,,,,,,,,,,,,,,,
338,FORT PIERCE,ST. LUCIE,27.40892777,-80.42783055,WILLIAMS HAWGWILD AIRPORT,AIRPORT,"GORDY, JAMES 500 PULITZER ROAD  FT. PIERCE FL 34945",Active,,,,,,,,,,,,,,,
339,FORT PIERCE,ST. LUCIE,27.44392777,-80.56505555,DRAGONFLY AIRPORT,AIRPORT,"ADAMS, MIKE P.O. BOX 12909  FT. PIERCE FL 34979-2909",Active,,,,,,,,,,,,,,,
340,FORT PIERCE,ST. LUCIE,27.54725833,-80.66200277,SCOTT 2000 AIRPORT,AIRPORT,"EDWARDS, RONALD 660 BEACHLAND BLVD, SUITE 301  VERO BEACH FL 32963",Active,,,,,,,,,,,,,,,
341,FORT PIERCE,ST. LUCIE,27.44198333,-80.58422222,ADAMS RANCH AIRPORT,AIRPORT,"ADAMS, MIKE P.O. BOX 12909  FT. PIERCE FL 34979-2909",Active,,,,,,,,,,,,,,,
342,FORT PIERCE,ST. LUCIE,27.41142777,-80.52616666,SOUTHEASTERN AIRPORT,AIRPORT,"STONE, CHARLES 2720 SNEED ROAD  FORT PIERCE FL 34945-4711",Active,,,,,,,,,,,,,,,
343,FORT PIERCE,ST. LUCIE,27.49506388,-80.36827222,ST LUCIE COUNTY INTERNATIONAL AIRPORT,AIRPORT,3000 CURTIS KING BOULEVARD  FORT PIERCE FL 34946,Active,,,,,,,,,,,,,,,
344,JAY,SANTA ROSA,30.96934999,-87.05722222,THOMAS FARMS AIRPORT,AIRPORT,6220 TALL PNE ROAD  JAY FL 32565,Active,,,,,,,,,,,,,,,
345,EGLIN AFB,SANTA ROSA,30.50694444,-86.95972222,CHOCTAW NOLF,AIRPORT,OPERATIONS CENTER 850-623-7333 U.S. NAVY MILTON FL ,Active,,,,,,,,,,,,,,,
346,MILTON,SANTA ROSA,30.61666666,-87.13333333,SPENCER NOLF,AIRPORT,OPERATIONS CENTER 850-623-7333 U.S. NAVY PACE FL ,Active,,,,,,,,,,,,,,,
347,MILTON,SANTA ROSA,30.49519722,-87.0858,GARCON FIELD AIRPORT,AIRPORT,"HENRY, EDWIN 1637 PEARSON ROAD  MILTON FL 32583",Active,,,,,,,,,,,,,,,
348,MILTON,SANTA ROSA,30.72416666,-87.02194444,WHITING FIELD NAS - NORTH,AIRPORT,OPERATIONS CENTER 850-623-7333 U.S. NAVY MILTON FL ,Active,,,,,,,,,,,,,,,
349,MILTON,SANTA ROSA,30.69713611,-87.01635277,WHITING FIELD NAS - SOUTH,AIRPORT,OPERATIONS CENTER 850-623-7333 U.S. NAVY MILTON FL ,Active,,,,,,,,,,,,,,,
350,MILTON,SANTA ROSA,30.87768611,-86.85440555,BLACKWATER AIRFIELD,AIRPORT,FLORIDA FOREST SERVICE 11650 MUNSON HWY MILTON FL 32570,Active,,,,,,,,,,,,,,,
351,MILTON,SANTA ROSA,30.61083333,-86.94,SANTA ROSA NOLF,AIRPORT,OPERATIONS CENTER 850-623-7333 U.S. NAVY MILTON FL ,Active,,,,,,,,,,,,,,,
352,MILTON,SANTA ROSA,30.673525,-86.85190277,MCCUTCHAN AIRSTRIP,AIRPORT,11175 HIGHWAY 90  MILTON FL 32583,Active,,,,,,,,,,,,,,,
353,MILTON,SANTA ROSA,30.63762222,-86.99365277,PETER PRINCE FIELD,AIRPORT,5550 NORTH AIRPORT ROAD  MILTON FL 32583,Active,,,,,,,,,,,,,,,
354, ,SANTA ROSA,30.69965277,-87.19564722,PACE NOLF,AIRPORT,OPERATIONS CENTER 850-623-7333 U.S. NAVY WALLACE FL ,Active,,,,,,,,,,,,,,,
355, ,SANTA ROSA,30.87601666,-87.20746944,BUCHANAN AIRPORT,AIRPORT,"BUCHANAN, GARY 2951 BUD DIAMOND ROAD  JAY FL 32565",Active,,,,,,,,,,,,,,,
356, ,SANTA ROSA,30.72518888,-87.20136111,J-22 RANCH AIRPORT,AIRPORT,"COOK, CHARLES 7869 SKYHAWK ROAD  PACE FL 32571",Active,,,,,,,,,,,,,,,
357, ,SANTA ROSA,30.85268611,-87.23552777,ODOMS FLYING SERVICE AIRPORT,AIRPORT,"ODOM, DOUGLAS 1870 MINERAL SPRINGS ROAD  JAY FL 32565",Active,,,,,,,,,,,,,,,
358, ,SANTA ROSA,30.90212777,-87.17441388,JAY FLYING SERVICE AIRPORT,AIRPORT,"NELSON, JIMMY 3110 PINE LEVEL CHURCH ROAD  JAY FL 32565",Active,,,,,,,,,,,,,,,
359, ,SANTA ROSA,30.68074722,-86.88718333,HAROLD NOLF,AIRPORT,OPERATIONS CENTER 850-623-7333 U.S. NAVY HAROLD FL ,Active,,,,,,,,,,,,,,,
360,NAVARRE,SANTA ROSA,30.42519722,-86.89385,HOLLEY NOLF,AIRPORT,OPERATIONS CENTER 850-623-7333 U.S. NAVY FORT WALTON BEACH FL ,Active,,,,,,,,,,,,,,,
361,NAVARRE,SANTA ROSA,30.40656944,-86.82912499,FT WALTON BEACH AIRPORT,AIRPORT,9401 NAVARRE PARKWAY  NAVARRE FL 32566,Active,,,,,,,,,,,,,,,
362,SARASOTA,SARASOTA,27.34365555,-82.31731388,SCHWARTZ FARMS AIRPORT,AIRPORT,"SCHWARTZ, MICHAEL 13011 FRUITVILLE ROAD  SARASOTA FL 34240",Active,,,,,,,,,,,,,,,
363,SARASOTA,SARASOTA,27.30310277,-82.27259166,HIDDEN RIVER AIRPORT,AIRPORT,"MARTENEY, DON 3776 HIDDEN RIVER RD.  SARASOTA FL 34240",Active,,,,,,,,,,,,,,,
364,GENEVA,SEMINOLE,28.7325,-81.07888888,SOUTHERLAND STRIP,AIRPORT,"SHAW, DAN 244 NORTH JUNGLE ROAD  GENEVA FL 32732",Active,,,,,,,,,,,,,,,
365,GENEVA,SEMINOLE,28.78194444,-81.15916666,CEDAR KNOLL FLYING RANCH AIRPORT,AIRPORT,"LOWERY, WILLIAM 3000 WEST OSCEOLA ROAD  GENEVA FL 32732",Active,,,,,,,,,,,,,,,
366,OVIEDO,SEMINOLE,28.66694166,-81.08450555,BIG OAKS RANCH AIRPORT,AIRPORT,"GREEN, QUENTIN 623 GRAND CHENIER COVE CHULUOTA FL 32766",Active,,,,,,,,,,,,,,,
367,WILDWOOD,SUMTER,28.81109999,-82.06536388,FREE FLIGHT INTERNATIONAL AIRPORT,AIRPORT,"ARENAS, FRANK P.O. BOX 600 1511 TAYLOR AVE. COLEMAN FL 33521",Active,,,,,,,,,,,,,,,
368,BUSHNELL,SUMTER,28.64527777,-82.21888888,GRASS PATCH AIRPORT,AIRPORT,"WADE, JAMES 7787 SW 70TH DRIVE  BUSHNELL FL 33513",Active,,,,,,,,,,,,,,,
369,BUSHNELL,SUMTER,28.67110277,-82.08730555,CHERYL-LANE LANDINGS,AIRPORT,"PURCELL, CHERYL P O BOX 1233  BUSHNELL FL 33513",Active,,,,,,,,,,,,,,,
370,WEBSTER,SUMTER,28.59499444,-82.14980833,KO-KEE AIRPORT,AIRPORT,"JEFFERSON, KENNETH 37305 VERO LANE  DADE CITY FL 33525",Active,,,,,,,,,,,,,,,
371, ,SUMTER,28.68333333,-82.16361111,FLYING W AIRRANCH AIRPORT,AIRPORT,"WILLIAMS, ROBBY 5020 COUNTY ROAD 316A  BUSHNELL FL 33513",Active,,,,,,,,,,,,,,,
372, ,SUMTER,28.95916666,-82.13416666,S & S AVION RANCH AIRPORT,AIRPORT,"DOLLEN, STANLEY 1120 COUNTY ROAD 245 NORTH  OXFORD FL 34484",Active,,,,,,,,,,,,,,,
373, ,SUMTER,28.91916666,-81.98166666,TCB AIRPORT,AIRPORT,"BOWLING, CARL 8480 NW 130TH ST  REDDICK FL 32686",Active,,,,,,,,,,,,,,,
374, ,SUMTER,28.63194444,-82.15777777,CONNELLS WAHOO AIRPORT,AIRPORT,"CONNELL, PATRICIA 8400 COUNTY ROAD 614A  BUSHNELL FL 33513",Active,,,,,,,,,,,,,,,
375,LIVE OAK,SUWANNEE,30.10911111,-83.18874722,THE TRAILS AIRPORT,AIRPORT,THE TRAILS P.O.A. 18400 211  ROAD  LIVE OAK FL 32060,Active,,,,,,,,,,,,,,,
376,LIVE OAK,SUWANNEE,30.17751388,-82.99755555,RED BARN ACRES AIRPORT,AIRPORT,12153 CR 252  LIVE OAK FL 32060,Active,,,,,,,,,,,,,,,
377,LIVE OAK,SUWANNEE,30.21129166,-83.05379166,AARON COLLINS AIRPORT,AIRPORT,"COLLINS, AARON 12544 BASS ROAD  LIVE OAK FL 32060",Active,,,,,,,,,,,,,,,
378,LIVE OAK,SUWANNEE,30.33898611,-83.14370833,KITTY HAWK ESTATES AIRPORT,AIRPORT,"CAUDILL, KELLY 18786 60TH PLACE A  LIVE OAK FL 32060",Active,,,,,,,,,,,,,,,
379,LIVE OAK,SUWANNEE,30.414625,-83.01776388,FLORIDA SHERIFFS BOYS RANCH AIRPORT,AIRPORT,"GOFF, BRUCE P.O. BOX 2000  BOYS RANCH FL 32064",Active,,,,,,,,,,,,,,,
380,LIVE OAK,SUWANNEE,30.25023611,-82.92408333,WINGS N SUNSETS AIRPORT,AIRPORT,"WILLSON, CATHERINE 10852 89TH ROAD  LIVE OAK FL 32060",Active,,,,,,,,,,,,,,,
381,LIVE OAK,SUWANNEE,30.30169999,-83.02359999,SUWANNEE COUNTY AIRPORT,AIRPORT,13308 80TH TERRACE  LIVE OAK FL 32060,Active,,,,,,,,,,,,,,,
382, ,SUWANNEE,30.03568055,-82.967975,OBRIEN AIRPARK,AIRPORT,"VANSPRONSEN, PIETER P.O. BOX 257  O'BRIEN FL 32071",Active,,,,,,,,,,,,,,,
383, ,SUWANNEE,30.23699999,-82.90619444,MOSS MEADOWS AIRPORT,AIRPORT,"MOSS, RONALD 11620 75TH DRIVE  LIVE OAK FL 32060",Active,,,,,,,,,,,,,,,
384, ,SUWANNEE,30.4016,-82.95617222,SPIRIT OF SUWANNEE AIRPORT,AIRPORT,3076 95TH DRIVE  LIVE OAK FL 32060,Active,,,,,,,,,,,,,,,
385, ,SUWANNEE,29.96416666,-82.87361111,FLYING C FARM AIRPORT,AIRPORT,"CASSUBE, ROBERT P O BOX 266 26859 63RD. PL BRANFORD FL 32008",Active,,,,,,,,,,,,,,,
386, ,SUWANNEE,30.42504166,-83.04846944,PITTMAN OAKS AIRPORT,AIRPORT,1253 145TH ROAD  LIVE OAK FL 32060,Active,,,,,,,,,,,,,,,
387,MC ALPIN,SUWANNEE,30.12244722,-82.96790833,BUDDY'S AG SERVICE AIRPORT,AIRPORT,10791 184TH STREET  MCALPIN FL 32062,Active,,,,,,,,,,,,,,,
388,MC ALPIN,SUWANNEE,30.11494999,-82.90901666,LITTLE RIVER AIRPORT,AIRPORT,P.O.BOX 81  MCALPIN FL 32062,Active,,,,,,,,,,,,,,,
389,MC ALPIN,SUWANNEE,30.09024999,-83.05472222,SUWANNEE FARMS AIRPORT,AIRPORT,"HALL, JOSEPH 19620 COUNTY ROAD 349 NORTH  O'BRIEN FL 32071",Active,,,,,,,,,,,,,,,
390,MC ALPIN,SUWANNEE,30.09883888,-82.92762777,BUCKNER AIRSTRIP,AIRPORT,"HOLTZCLAW, J 21809 93RD DRIVE  O'BRIEN FL 32071",Active,,,,,,,,,,,,,,,
391,O BRIEN,SUWANNEE,29.98188888,-82.83555555,THOMPSON AIRFIELD,AIRPORT,"BOSSERMAN, TERRY 4541 256TH ST. O'BRIEN FL 32071",Active,,,,,,,,,,,,,,,
392,O BRIEN,SUWANNEE,30.09379166,-83.08488888,SUWANNEE BELLE AIRPORT,AIRPORT,"RIKANSRUD, ERIC 10121 SNUG HARBOR ROAD  ST. PETERSBURG FL 33702",Active,,,,,,,,,,,,,,,
393,BRANFORD,SUWANNEE,29.97518055,-82.90723611,FLINTS FLYING RANCH AIRPORT,AIRPORT, 7779 264TH STREET  BRANFORD FL 32008,Active,,,,,,,,,,,,,,,
394,PERRY,TAYLOR,29.82073611,-83.57315277,SYLVANMIR FARMS AIRPORT,AIRPORT,"KOHLER, WILLIAM 24087 TWISTER LANE  BROOKSVILLE FL 34602",Active,,,,,,,,,,,,,,,
395,PERRY,TAYLOR,30.13045833,-83.55148611,LUMARS STOLPORT,AIRPORT,"TURNER, LUTHER 2150 ELLISON ROAD  PERRY FL 32347",Active,,,,,,,,,,,,,,,
396,PERRY,TAYLOR,30.06935277,-83.58061944,PERRY-FOLEY AIRPORT,AIRPORT,511 INDUSTRIAL DRIVE  PERRY FL 32348,Active,,,,,,,,,,,,,,,
397,SALEM,TAYLOR,29.72647222,-83.35127777,STEINHATCHEE ANCIENT OAKS AIRPORT,AIRPORT,"RICE, ALLEN P.O. BOX 279  STEINHATCHEE FL 32359",Active,,,,,,,,,,,,,,,
398,KEATON BEACH,TAYLOR,29.90461111,-83.60722222,EZELL AIRPORT,AIRPORT,"EZELL, DANNY 15030 BEACH ROAD  PERRY FL 32348",Active,,,,,,,,,,,,,,,
399,LAKE BUTLER,UNION,29.93515277,-82.41077777,FLYING TIGER AIRPORT,AIRPORT,J.D RIMES JR P.O. BOX 22 WORTHINGTON SPRINGS FL 32697,Active,,,,,,,,,,,,,,,
400,DELAND,VOLUSIA,29.16859166,-81.26478333,LAFAYETTE LANDINGS AIRPORT,AIRPORT,"LONG, DENNIS 3151 LAFAYETTE LANDINGS DR.  DELEON SPRINGS FL 32130",Active,,,,,,,,,,,,,,,
401,DELAND,VOLUSIA,29.06698055,-81.28394166,DELAND MUNICIPAL - SIDNEY H TAYLOR FIELD,AIRPORT,1777 LANGLEY AVE  DELAND FL 32724,Active,,,,,,,,,,,,,,,
402,DELAND,VOLUSIA,29.10442777,-81.31367499,BOB LEE FLIGHT STRIP,AIRPORT,5000 BOB LEE AIRPORT ROAD  DELAND FL 32724,Active,,,,,,,,,,,,,,,
403, ,VOLUSIA,29.25109166,-81.20144999,SQUILLACOTE STOLPORT,AIRPORT,"SQUILLACOTE, STEVE 3120 WEST GRANADA BLVD  ORMOND BEACH FL 32174",Active,,,,,,,,,,,,,,,
404, ,VOLUSIA,29.01070527,-81.1322525,COE FIELD,AIRPORT,1300 E. INTL SPEEDWAY BLVD  DELAND FL 32724,Active,,,,,,,,,,,,,,,
405,ORMOND BEACH,VOLUSIA,29.239425,-81.22200555,CROSS CREEK FARMS STOLPORT,AIRPORT,DAVID HIGGS 274 WOODHAVEN CIR W ORMOND BEACH FL 32174,Active,,,,,,,,,,,,,,,
406,ORMOND BEACH,VOLUSIA,29.30114444,-81.11380833,ORMOND BEACH MUNICIPAL AIRPORT,AIRPORT,AIRPORT ROAD  ORMOND BEACH FL 32174,Active,,,,,,,,,,,,,,,
407,EDGEWATER,VOLUSIA,28.88804444,-80.86644166,HIGHLANDER AIRPORT,AIRPORT,MARK HAYNES 520 HIGHLANDER DRIVE  OAK HILL FL 32759,Active,,,,,,,,,,,,,,,
408,EDGEWATER,VOLUSIA,28.978875,-80.92505277,MASSEY RANCH AIRPARK,AIRPORT,635 AIRPARK ROAD  EDGEWATER FL 32132,Active,,,,,,,,,,,,,,,
409,OAK HILL,VOLUSIA,28.85721111,-80.907,BLUE RIDGE FLIGHTPARK,AIRPORT,"AURIGEMA, ANDREW 1685 MAYTOWN ROAD  OAK HILL FL 32759",Active,,,,,,,,,,,,,,,
410,PORT ORANGE,VOLUSIA,29.07803888,-81.0445,SPRUCE CREEK FLY-IN AIRPORT,AIRPORT,"CUNNEEN, DICK 212-1 CESSNA BLVD  PORT ORANGE FL 32128",Active,,,,,,,,,,,,,,,
411,DEFUNIAK SPRINGS,WALTON,30.84472222,-86.28138888,THE UNICORN PLACE AIRPORT,AIRPORT,"SOHN, RICHARD 8029 HIGHWAY 1087  NEW HARMONY FL 32433",Active,,,,,,,,,,,,,,,
412,DEFUNIAK SPRINGS,WALTON,30.7363,-86.21299999,CEDAR LANE AIRPORT,AIRPORT,"ESTATE OF ROBERTS, MAURICE W. 460 BOY SCOUT ROAD  DEFUNIAK SPRINGS FL 32435",Active,,,,,,,,,,,,,,,
413,DEFUNIAK SPRINGS,WALTON,30.65213611,-86.10938333,JOY FARMS AIRPORT,AIRPORT,"GOFF, BRIAN 4979 SOUTH HIGHWAY 331  DEFUNIAK SPRINGS FL 32435",Active,,,,,,,,,,,,,,,
414,DEFUNIAK SPRINGS,WALTON,30.7313,-86.15377777,DEFUNIAK SPRINGS AIRPORT,AIRPORT,1931 U.S. HIGHWAY 90 WEST  DEFUNIAK SPRINGS FL 32435-0685,Active,,,,,,,,,,,,,,,
415, ,WALTON,30.82,-86.34444444,BREEZY KNOLL AIRPORT,AIRPORT,"WATERMAN, VICTORIA 1359 LONG ROAD  DEFUNIAK SPRINGS FL 32433",Active,,,,,,,,,,,,,,,
416, ,WALTON,30.91888888,-86.21833333,SKYDIVE LIVE AIRPORT,AIRPORT,"NIPPER, MELANIE 5138 COUNTY HIGHWAY 0605  DE FUNIAK SPRINGS FL 32433",active,,,,,,,,,,,,,,,
417, ,WALTON,30.49641666,-86.09383333,DUGGER FIELD,AIRPORT,"BOGLE, MELODY 259 SAN JUAN AVENUE  SEAGROVE BEACH FL 32459",Active,,,,,,,,,,,,,,,
418, ,WALTON,30.64277777,-86.11833333,CUCHENS AIRPORT,AIRPORT,219 SUCHENS LANE  DEFUNIAK SPRINGS FL 32435,Active,,,,,,,,,,,,,,,
419,CHIPLEY,WASHINGTON,30.45111111,-85.67722222,CRYSTAL VILLAGE AIRPORT,AIRPORT,"THOMAS, TERRY 5131 PANTHER TRAIL  CHIPLEY FL 32428",Active,,,,,,,,,,,,,,,
420,BONIFAY,WASHINGTON,30.77916666,-85.76861111,GARNER FIELD,AIRPORT,3849 HIGHWAY 90  BONIFAY FL 32425,Active,,,,,,,,,,,,,,,
421,VERNON,WASHINGTON,30.49027777,-85.83944444,REDHEAD AIRPORT,AIRPORT,"GARRETT, TOMMY 5801 HIGHWAY 79  VERNON FL 32462",Active,,,,,,,,,,,,,,,
422, ,WASHINGTON,30.61722222,-85.70555555,AERO VILLA AIRPORT,AIRPORT,"LAND, LARRY P.O. BOX 365  VERNON FL 32462",Active,,,,,,,,,,,,,,,
423,AVON PARK,HIGHLANDS,27.59114444,-81.52785277,AVON PARK EXECUTIVE AIRPORT,AIRPORT,1545 STATE ROAD 64 WEST  AVON PARK FL 33825,Active,,,,,,,,,,,,,,,
424,HOLLYWOOD,BROWARD,26.00142416,-80.24052055,NORTH PERRY AIRPORT,AIRPORT,101 SOUTH WEST 77TH WAY  PEMBROKE PINES FL 33023,Active,,,,,,,,,,,,,,,
425,NEWBERRY,GILCHRIST,29.72013888,-82.66395833,OAK TREE LANDING AIRPORT,AIRPORT,1400 SOUTHEAST 80TH AVENUE  NEWBERRY FL 32669,Active,,,,,,,,,,,,,,,
426,MOUNT DORA,LAKE,28.84335111,-81.63002416,MID FLORIDA AIR SERVICE AIRPORT,AIRPORT,19708 EUSTIS AIRPORT ROAD  EUSTIS FL 32736,Active,,,,,,,,,,,,,,,
427,LUTZ,PASCO,28.22128055,-82.37454722,TAMPA NORTH AERO PARK,AIRPORT,4241 BIRDSONG BOULEVARD  LUTZ FL 33559,Active,,,,,,,,,,,,,,,
428,CRYSTAL RIVER,CITRUS,28.86727777,-82.57130555,CRYSTAL RIVER AIRPORT,AIRPORT,718 NORTH LINDBERGH DRIVE  CRYSTAL RIVER FL 34429,Active,,,,,,,,,,,,,,,
429,OPA LOCKA,MIAMI-DADE,25.907025,-80.27838888,OPA-LOCKA EXECUTIVE AIRPORT,AIRPORT,14201 NORTHWEST  LEJEUNE ROAD  OPA-LOCKA FL 33054,Active,,,,,,,,,,,,,,,
430,PLANT CITY,HILLSBOROUGH,28.00021666,-82.16424166,PLANT CITY AIRPORT,AIRPORT,4007 AIRPORT ROAD  PLANT CITY FL 33563,Active,,,,,,,,,,,,,,,
431,SANFORD,SEMINOLE,28.77764,-81.23748944,ORLANDO SANFORD INTERNATIONAL AIRPORT,AIRPORT,1200 RED CLEVELAND BOULEVARD  SANFORD FL 32773-6844,Active,,,,,,,,,,,,,,,
432,BONIFAY,HOLMES,30.84577777,-85.60138888,TRI-COUNTY AIRPORT,AIRPORT,1983 AIRPORT ROAD  BONIFAY FL 32425,Active,,,,,,,,,,,,,,,
433,HILLIARD,NASSAU,30.68801111,-81.90594444,HILLIARD AIRPARK,AIRPORT,37776 EAST WOOD ROAD  HILLIARD FL 32046,Active,,,,,,,,,,,,,,,
434,NEW SMYRNA BEACH,VOLUSIA,29.05569444,-80.94890833,NEW SMYRNA BEACH MUNICIPAL AIRPORT,AIRPORT,600 SKYLINE DRIVE  NEW SMYRNA FL 32168,Active,,,,,,,,,,,,,,,
435,EASTPOINT,FRANKLIN,29.64458402,-84.91559894,ST GEORGE ISLAND AIRPORT,AIRPORT,1501 LONG POINT ROAD  ST. GOERGE ISLAND FL 32328,Active,,,,,,,,,,,,,,,
436,PALATKA,PUTNAM,29.65858055,-81.68869444,PALATKA MUNICIPAL-LT. KAY LARKIN FIELD,AIRPORT,4015 REID STREET  PALATKA FL 32177,Active,,,,,,,,,,,,,,,
437,QUINCY,GADSDEN,30.59786111,-84.55743888,QUINCY MUNICIPAL AIRPORT,AIRPORT,1300 AIRPORT DRIVE  QUINCY FL 32351,Active,,,,,,,,,,,,,,,
438,BELLE GLADE,PALM BEACH,26.69830555,-80.66080555,BELLE GLADE STATE MUNICIPAL AIRPORT,AIRPORT,250 GATOR BOULEVARD  BELLE GLADE FL 33430,Active,,,,,,,,,,,,,,,
439,MERRITT ISLAND,BREVARD,28.34158888,-80.68549722,MERRITT ISLAND AIRPORT,AIRPORT,900 AIRPORT RD.  MERRITT ISLAND FL 32952,Active,,,,,,,,,,,,,,,
440,MARATHON,MONROE,24.72618277,-81.05136777,THE FLORIDA KEYS MARATHON AIRPORT,AIRPORT,"9400 OVERSEAS HIGHWAY, SUITE 200  MARATHON FL 33050",Active,,,,,,,,,,,,,,,
441,SARASOTA,MANATEE,27.39545277,-82.55438611,SARASOTA / BRADENTON INTERNATIONAL AIRPORT,AIRPORT,6000 AIRPORT CIRCLE  SARASOTA FL 34243-2105,Active,,,,,,,,,,,,,,,
442,WINTER HAVEN,POLK,28.06291944,-81.75331666,WINTER HAVEN'S GILBERT AIRPORT,AIRPORT,2073 HIGHWAY 92 WEST  WINTER HAVEN FL 33881,Active,,,,,,,,,,,,,,,
443,SEBASTIAN,INDIAN RIVER,27.81280277,-80.49560833,SEBASTIAN MUNICIPAL AIRPORT,AIRPORT,202 AIRPORT DRIVE EAST  SEBASTIAN FL 32958,Active,,,,,,,,,,,,,,,
444,BLOUNTSTOWN,CALHOUN,30.48822222,-85.11381944,CALHOUN COUNTY AIRPORT,AIRPORT,16701 NORTHWEST AGRIPARK ROAD  ALTHA FL 32421,Active,,,,,,,,,,,,,,,
445,LAKE WALES,POLK,27.89380277,-81.62041111,LAKE WALES MUNICIPAL AIRPORT,AIRPORT,450 AIRPORT ROAD SOUTH  LAKE WALES FL 33859-1320,Active,,,,,,,,,,,,,,,
446,LAKE WALES,POLK,27.78224999,-81.20534444,RIVER RANCH RESORT AIRPORT,AIRPORT,3600 RIVER RANCH BOULEVARD  RIVER RANCH FL 33867,Active,,,,,,,,,,,,,,,
447,CLEARWATER,PINELLAS,27.97668638,-82.75874027,CLEARWATER AIR PARK,AIRPORT,1000 NORTH HERCULES AVENUE  CLEARWATER FL 33765,Active,,,,,,,,,,,,,,,
448,CLEARWATER,PINELLAS,27.91076333,-82.68743944,ST PETE-CLEARWATER INTERNATIONAL AIRPORT,AIRPORT,14700 TERMINAL BOULEVARD AIRPORT DIRECTOR'S OFFICE - SUITE 221 CLEARWATER FL 33762,Active,,,,,,,,,,,,,,,
449,SEBRING,HIGHLANDS,27.45640277,-81.34239999,SEBRING REGIONAL AIRPORT,AIRPORT,128 AUTHORITY LANE  SEBRING FL 33870,Active,,,,,,,,,,,,,,,
450,DAYTONA BEACH,VOLUSIA,29.17991666,-81.05805555,DAYTONA BEACH INTERNATIONAL AIRPORT,AIRPORT,"700 CATALINA DRIVE, SUITE 300  DAYTONA BEACH FL 32114",Active,,,,,,,,,,,,,,,
451,DESTIN,OKALOOSA,30.40005638,-86.47147416,DESTIN - FT WALTON BEACH AIRPORT,AIRPORT,1001 AIRPORT ROAD  DESTIN FL 32541,Active,,,,,,,,,,,,,,,
452,MALABAR,BREVARD,27.96086111,-80.55833333,VALKARIA AIRPORT,AIRPORT,2865 GREENBROOKE STREET  VALKARIA FL 32950,Active,,,,,,,,,,,,,,,
453,TITUSVILLE,BREVARD,28.51479944,-80.7992275,SPACE COAST REGIONAL AIRPORT,AIRPORT,355 GOLDEN KNIGHTS BOULEVARD  TITUSVILLE FL 32780,Active,,,,,,,,,,,,,,,
454,TITUSVILLE,BREVARD,28.62255166,-80.83540972,ARTHUR DUNN AIR PARK,AIRPORT,476 NORTH WILLIAMS AVENUE  TITUSVILLE FL 32780,Active,,,,,,,,,,,,,,,
455,MELBOURNE,BREVARD,28.10274999,-80.64580555,MELBOURNE INTERNATIONAL AIRPORT,AIRPORT,ONE AIR TERMINAL PARKWAY SUITE 220 MELBOURNE FL 32901-1888,Active,,,,,,,,,,,,,,,
456,LAKE WORTH,PALM BEACH,26.59305555,-80.08506461,PALM BEACH COUNTY PARK AIRPORT,AIRPORT,2633 LANTANA RD  LANTANA FL 33462,Active,,,,,,,,,,,,,,,
457,FERNANDINA BEACH,NASSAU,30.60968333,-81.46064722,FERNANDINA BEACH MUNICIPAL AIRPORT,AIRPORT,700 AIRPORT ROAD  FERNANDINA BEACH FL 32034,Active,,,,,,,,,,,,,,,
458,APALACHICOLA,FRANKLIN,29.72758055,-85.02740555,APALACHIACOLA REGIONAL - CLEVE RANDOLPH FIELD,AIRPORT,8 AIRPORT ROAD  APALACHICOLA FL 32320,Active,,,,,,,,,,,,,,,
459,APOPKA,ORANGE,28.70747444,-81.58196444,ORLANDO APOPKA AIRPORT,AIRPORT,1321 APOPKA AIRPORT ROAD  APOPKA FL 32712,Active,,,,,,,,,,,,,,,
460,IMMOKALEE,COLLIER,26.43316666,-81.40102777,IMMOKALEE REGIONAL AIRPORT,AIRPORT,165 AIRPORT BOULEVARD  IMMOKALEE FL 34142,Active,,,,,,,,,,,,,,,
461,VENICE,SARASOTA,27.07161111,-82.44034722,VENICE MUNICIPAL AIRPORT,AIRPORT,150 EAST AIRPORT AVENUE  VENICE FL 34285,Active,,,,,,,,,,,,,,,
462,FORT LAUDERDALE,BROWARD,26.07258333,-80.15274999,FT LAUDERDALE/HOLLYWOOD INTERNATIONAL AIRPORT,AIRPORT,2200 SOUTHWEST 45TH STREET  DANIA BEACH FL 33312,Active,,,,,,,,,,,,,,,
463,FORT LAUDERDALE,BROWARD,26.19727777,-80.17071111,FT LAUDERDALE EXECUTIVE AIRPORT,AIRPORT,6000 NORTHWEST 21ST AVENUE  FORT LAUDERDALE FL 33309,Active,,,,,,,,,,,,,,,
464,STUART,MARTIN,27.18169999,-80.22129166,WITHAM FIELD,AIRPORT,2011 SOUTHEAST AIRPORT ROAD  STUART FL 34996,Active,,,,,,,,,,,,,,,
465,PALM COAST,FLAGLER,29.46738888,-81.20633333,FLAGLER COUNTY AIRPORT,AIRPORT,201 AIRPORT ROAD  PALM COAST FL 32164,Active,,,,,,,,,,,,,,,
466,MULBERRY,POLK,27.93335805,-82.04397388,SOUTH LAKELAND AIRPORT,AIRPORT,7500 CORONET ROAD  MULBERRY FL 33860-8307,Active,,,,,,,,,,,,,,,
467,SAINT PETERSBURG,PINELLAS,27.76511111,-82.62697222,ALBERT WHITTED AIRPORT,AIRPORT,107 8TH AVENUE SOUTHEAST  SAINT PETERSBURG FL 33701,Active,,,,,,,,,,,,,,,
468,PAHOKEE,PALM BEACH,26.78583888,-80.69344722,PALM BEACH COUNTY GLADES AIRPORT,AIRPORT,3800 STATE ROAD 715  PAHOKEE FL 33476-3029,Active,,,,,,,,,,,,,,,
469,ENGLEWOOD,SARASOTA,26.98978055,-82.37315,BUCHAN AIRPORT,AIRPORT,1390 OLD ENGLEWOOD ROAD  VENICE FL 34285,Active,,,,,,,,,,,,,,,
470,WILLISTON,LEVY,29.35416666,-82.47277777,WILLISTON MUNICIPAL AIRPORT,AIRPORT,1800 SOUTH WEST 19TH AVENUE  WILLISTON FL 32696,Active,,,,,,,,,,,,,,,
471,CROSS CITY,DIXIE,29.63444444,-83.10555555,CROSS CITY AIRPORT,AIRPORT,1516 AIRPORT ROAD  CROSS CITY FL 32628,Active,,,,,,,,,,,,,,,
472,UMATILLA,LAKE,28.922765,-81.65174111,UMATILLA MUNICIPAL AIRPORT,AIRPORT,480 EAST CASSADY DRIVE  UMATILLA FL 32784-2286,Active,,,,,,,,,,,,,,,
473,BOCA RATON,PALM BEACH,26.37848666,-80.10769666,BOCA RATON AIRPORT,AIRPORT,"3701 FAU BLVD., SUITE 205  BOCA RATON FL 33431",Active,,,,,,,,,,,,,,,
474,PORT SAINT JOE,GULF,29.75854444,-85.28908333,COSTIN AIRPORT,AIRPORT,167 CESSNA DRIVE  PORT SAINT JOE FL 32456,Active,,,,,,,,,,,,,,,
475,ZEPHYRHILLS,PASCO,28.22806388,-82.15591638,ZEPHYRHILLS MUNICIPAL AIRPORT,AIRPORT,39450 SOUTH AVENUE  ZEPHYRHILLS FL 33542,Active,,,,,,,,,,,,,,,
476,INVERNESS,CITRUS,28.80859722,-82.31648055,INVERNESS AIRPORT,AIRPORT,3528 SOUTH AIRPORT ROAD  INVERNESS FL 34450,Active,,,,,,,,,,,,,,,
477,SPRING HILL,PASCO,28.33028333,-82.49648333,PILOT COUNTRY AIRPORT,AIRPORT,11500 PILOT COUNTRY DRIVE  SPRING HILL FL 34610,Active,,,,,,,,,,,,,,,
478,BARTOW,POLK,27.94335833,-81.78344166,BARTOW MUNICIPAL AIRPORT,AIRPORT,5001 HIGHWAY 17 NORTH  BARTOW FL 33830,Active,,,,,,,,,,,,,,,
479,PIERSON,VOLUSIA,29.25,-81.45923611,PIERSON MUNICIPAL AIRPORT,AIRPORT,305 NORTH CENTER STREET  PIERSON FL 32180,Active,,,,,,,,,,,,,,,
480,SAINT AUGUSTINE,ST. JOHNS,29.95924999,-81.33975,NORTHEAST FLORIDA REGIONAL AIRPORT,AIRPORT,4796 US HIGHWAY 1 NORTH  ST. AUGUSTINE FL 32095,Active,,,,,,,,,,,,,,,
481,PANACEA,WAKULLA,29.98926944,-84.39584166,WAKULLA COUNTY AIRPORT,AIRPORT,30 BAY DRIVE  PANACEA FL 32346,Active,,,,,,,,,,,,,,,
482,POMPANO BEACH,BROWARD,26.24713888,-80.11105555,POMPANO BEACH AIRPARK,AIRPORT,1001 NORTHEAST 10TH STREET  POMPANO BEACH FL 33060,Active,,,,,,,,,,,,,,,
483, ,,,,,DISASTER RECOVERY CENTER-MOBILE,,,-82.506955,27.290521,,,,,,,,,,,,,
484, ,,,,,DISASTER RECOVERY CENTER-MOBILE,,,-82.448213,29.387951,,,,,,,,,,,,,
485, ,,,,,DISASTER RECOVERY CENTER-MOBILE,,,-81.4884601,27.5940118,,,,,,,,,,,,,
486, ,,,,,DISASTER RECOVERY CENTER-MOBILE,,,-82.5616817,27.5149862,,,,,,,,,,,,,
487, ,,,,,DISASTER RECOVERY CENTER-MOBILE,,,-82.5055609,27.298636,,,,,,,,,,,,,
488, ,,,,,DISASTER RECOVERY CENTER-MOBILE,,,-80.8679756,27.1515749,,,,,,,,,,,,,
489, ,,,,,DISASTER RECOVERY CENTER-MOBILE,,,-82.1347301,27.0089654,,,,,,,,,,,,,
490, ,,,,,DISASTER RECOVERY CENTER-MOBILE,,,-80.9314665,26.752946,,,,,,,,,,,,,
491, ,,,,,DISASTER RECOVERY CENTER-MOBILE,,,-81.8363338,27.22581,,,,,,,,,,,,,
492, ,,,,,DISASTER RECOVERY CENTER-MOBILE,,,-81.4314662,27.4871836,,,,,,,,,,,,,
493, ,,,,,DISASTER RECOVERY CENTER-MOBILE,,,-82.532223,27.3660697,,,,,,,,,,,,,
494, ,,,,,DISASTER RECOVERY CENTER-MOBILE,,,-81.3586097,24.6686897,,,,,,,,,,,,,
495, ,,,,,DISASTER RECOVERY CENTER-MOBILE,,,-81.036901,27.388487,,,,,,,,,,,,,
496, ,,,,,DISASTER RECOVERY CENTER-MOBILE,,,-82.4874169,27.194367,,,,,,,,,,,,,
497, ,,,,,DISASTER RECOVERY CENTER-MOBILE,,,-81.4356621,26.7596321,,,,,,,,,,,,,
498, ,,,,,DISASTER RECOVERY CENTER-MOBILE,,,-81.8441752,27.2085724,,,,,,,,,,,,,
499, ,,,,,DISASTER RECOVERY CENTER-MOBILE,,,-81.0822827,26.8222716,,,,,,,,,,,,,
500, ,,,,,DISASTER RECOVERY CENTER-MOBILE,,,-81.7127787,26.7177735,,,,,,,,,,,,,
501, ,,,,,DISASTER RECOVERY CENTER-MOBILE,,,-81.6337358,26.5951705,,,,,,,,,,,,,
502, ,,,,,DISASTER RECOVERY CENTER-MOBILE,,,-80.81263,27.250463,,,,,,,,,,,,,
503, ,,,,,DISASTER RECOVERY CENTER-MOBILE,,,-81.8348061,30.5617375,,,,,,,,,,,,,
504, ,,,,,DISASTER RECOVERY CENTER-MOBILE,,,-81.3725429,27.2937198,,,,,,,,,,,,,
505, ,,,,,DISASTER RECOVERY CENTER-MOBILE,,,-81.4379576,26.7634,,,,,,,,,,,,,
506,ALACHUA,ALACHUA,,,,DISASTER RECOVERY CENTER-MOBILE,,,-82.49322052,29.79267387,,,,,,,,,,,,,
507,HAWTHORNE,ALACHUA,,,,DISASTER RECOVERY CENTER-MOBILE,,,-82.08679035,29.58612338,,,,,,,,,,,,,
508,NEWBERRY,ALACHUA,,,,DISASTER RECOVERY CENTER-MOBILE,,,-82.49477119,29.6858974,,,,,,,,,,,,,
509,GAINESVILLE,ALACHUA,,,,DISASTER RECOVERY CENTER-MOBILE,,,-82.27287642,29.63878247,,,,,,,,,,,,,
510,GAINESVILLE,ALACHUA,,,,DISASTER RECOVERY CENTER-MOBILE,,,-82.38961597,29.6358258,,,,,,,,,,,,,
511,ARCHER,ALACHUA,,,,DISASTER RECOVERY CENTER-MOBILE,,,-82.52496731,29.533577,,,,,,,,,,,,,
512,FOUNTAIN,BAY,,,,DISASTER RECOVERY CENTER-MOBILE,,,-85.417295,30.439039,,,,,,,,,,,,,
513,PANAMA CITY,BAY,,,,DISASTER RECOVERY CENTER-MOBILE,,,-85.508611,30.245329,,,,,,,,,,,,,
516,PANAMA CITY,BAY,,,,DISASTER RECOVERY CENTER-MOBILE,,,-85.605041,30.129677,,,,,,,,,,,,,
517,PANAMA CITY,BAY,,,,DISASTER RECOVERY CENTER-MOBILE,,,-85.75032327,30.13992731,,,,,,,,,,,,,
518,PANAMA CITY BEACH,BAY,,,,DISASTER RECOVERY CENTER-MOBILE,,,-85.877302,30.230871,,,,,,,,,,,,,
521,STARKE,BRADFORD,,,,DISASTER RECOVERY CENTER-MOBILE,,,-82.11316747,29.93751775,,,,,,,,,,,,,
522,STARKE,BRADFORD,,,,DISASTER RECOVERY CENTER-MOBILE,,,-82.11382876,29.94399074,,,,,,,,,,,,,
523,STARKE,BRADFORD,,,,DISASTER RECOVERY CENTER-MOBILE,,,-82.10532524,29.96367305,,,,,,,,,,,,,
524,LAWTEY,BRADFORD,,,,DISASTER RECOVERY CENTER-MOBILE,,,-82.07185139,30.04716881,,,,,,,,,,,,,
525,FORT LAUDERDALE,BROWARD,,,,DISASTER RECOVERY CENTER-MOBILE,,,-80.177833,26.108834,,,,,,,,,,,,,
526,FORT LAUDERDALE,BROWARD,,,,DISASTER RECOVERY CENTER-MOBILE,,,-80.25646993,26.1213804,,,,,,,,,,,,,
527,POMPANO BEACH,BROWARD,,,,DISASTER RECOVERY CENTER-MOBILE,,,-80.16299303,26.27360455,,,,,,,,,,,,,
528,HOLLYWOOD,BROWARD,,,,DISASTER RECOVERY CENTER-MOBILE,,,-80.143069,26.018353,,,,,,,,,,,,,
529,SUNRISE,BROWARD,,,,DISASTER RECOVERY CENTER-MOBILE,,,-80.25267627,26.16881904,,,,,,,,,,,,,
530,DANIA,BROWARD,,,,DISASTER RECOVERY CENTER-MOBILE,,,-80.144738,26.05163143,,,,,,,,,,,,,
531,ALTHA,CALHOUN,,,,DISASTER RECOVERY CENTER-MOBILE,,,-85.18364276,30.44990513,,,,,,,,,,,,,
532,BLOUNTSTOWN,CALHOUN,,,,DISASTER RECOVERY CENTER-MOBILE,,,-85.13881307,30.29072212,,,,,,,,,,,,,
533,PORT CHARLOTTE,CHARLOTTE,,,,DISASTER RECOVERY CENTER-MOBILE,,,-82.22356141,26.93257996,,,,,,,,,,,,,
534,PORT CHARLOTTE,CHARLOTTE,,,,DISASTER RECOVERY CENTER-MOBILE,,,-82.14680939,27.01048518,,,,,,,,,,,,,
535,PUNTA GORDA,CHARLOTTE,,,,DISASTER RECOVERY CENTER-MOBILE,,,-81.99920159,26.94805933,,,,,,,,,,,,,
536,PUNTA GORDA,CHARLOTTE,,,,DISASTER RECOVERY CENTER-MOBILE,,,-82.02180115,26.92941291,,,,,,,,,,,,,
537,ENGLEWOOD,CHARLOTTE,,,,DISASTER RECOVERY CENTER-MOBILE,,,-82.31394359,26.91824532,,,,,,,,,,,,,
538,LECANTO,CITRUS,,,,DISASTER RECOVERY CENTER-MOBILE,,,-82.4807561,28.90607174,,,,,,,,,,,,,
539,MIDDLEBURG,CLAY,,,,DISASTER RECOVERY CENTER-MOBILE,,,-81.76541782,30.10008381,,,,,,,,,,,,,
540,GREEN COVE SPRINGS,CLAY,,,,DISASTER RECOVERY CENTER-MOBILE,,,-81.74060104,29.9803355,,,,,,,,,,,,,
541,GREEN COVE SPRINGS,CLAY,,,,DISASTER RECOVERY CENTER-MOBILE,,,-81.64897187,29.97995603,,,,,,,,,,,,,
542,ORANGE PARK,CLAY,,,,DISASTER RECOVERY CENTER-MOBILE,,,-81.77443086,30.11863581,,,,,,,,,,,,,
543,ORANGE PARK,CLAY,,,,DISASTER RECOVERY CENTER-MOBILE,,,-81.73493818,30.18624355,,,,,,,,,,,,,
544,NAPLES,COLLIER,,,,DISASTER RECOVERY CENTER-MOBILE,,,-81.67432253,26.22676979,,,,,,,,,,,,,
545,NAPLES,COLLIER,,,,DISASTER RECOVERY CENTER-MOBILE,,,-81.78364846,26.26795356,,,,,,,,,,,,,
546,NAPLES,COLLIER,,,,DISASTER RECOVERY CENTER-MOBILE,,,-81.70279189,26.18423969,,,,,,,,,,,,,
547,NAPLES,COLLIER,,,,DISASTER RECOVERY CENTER-MOBILE,,,-81.76268507,26.10743228,,,,,,,,,,,,,
548,NAPLES,COLLIER,,,,DISASTER RECOVERY CENTER-MOBILE,,,-81.7349387,26.23827336,,,,,,,,,,,,,
549,IMMOKALEE,COLLIER,,,,DISASTER RECOVERY CENTER-MOBILE,,,-81.4194287,26.4231385,,,,,,,,,,,,,
550,ARCADIA,DESOTO,,,,DISASTER RECOVERY CENTER-MOBILE,,,-81.8624295,27.22056264,,,,,,,,,,,,,
551,ARCADIA,DESOTO,,,,DISASTER RECOVERY CENTER-MOBILE,,,-81.85667482,27.2157422,,,,,,,,,,,,,
552,ARCADIA,DESOTO,,,,DISASTER RECOVERY CENTER-MOBILE,,,-81.8565746,27.216014,,,,,,,,,,,,,
553,ARCADIA,DESOTO,,,,DISASTER RECOVERY CENTER-MOBILE,,,-81.86102386,27.20692855,,,,,,,,,,,,,
554,CROSS CITY,DIXIE,,,,DISASTER RECOVERY CENTER-MOBILE,,,-83.12387812,29.6333707,,,,,,,,,,,,,
555,CROSS CITY,DIXIE,,,,DISASTER RECOVERY CENTER-MOBILE,,,-83.10676288,29.62766275,,,,,,,,,,,,,
556,CROSS CITY,DIXIE,,,,DISASTER RECOVERY CENTER-MOBILE,,,-83.09470658,29.61778774,,,,,,,,,,,,,
557,JACKSONVILLE,DUVAL,,,,DISASTER RECOVERY CENTER-MOBILE,,,-81.71213883,30.37166257,,,,,,,,,,,,,
558,JACKSONVILLE,DUVAL,,,,DISASTER RECOVERY CENTER-MOBILE,,,-81.65265155,30.30505373,,,,,,,,,,,,,
559,JACKSONVILLE,DUVAL,,,,DISASTER RECOVERY CENTER-MOBILE,,,-81.47453297,30.32270262,,,,,,,,,,,,,
560,JACKSONVILLE,DUVAL,,,,DISASTER RECOVERY CENTER-MOBILE,,,-81.72896711,30.39831453,,,,,,,,,,,,,
561,JACKSONVILLE,DUVAL,,,,DISASTER RECOVERY CENTER-MOBILE,,,-81.82539677,30.30258497,,,,,,,,,,,,,
562,JACKSONVILLE,DUVAL,,,,DISASTER RECOVERY CENTER-MOBILE,,,-81.71832864,30.30121997,,,,,,,,,,,,,
563,PENSACOLA,ESCAMBIA,,,,DISASTER RECOVERY CENTER-MOBILE,,,-87.27681181,30.44128066,,,,,,,,,,,,,
564,PENSACOLA,ESCAMBIA,,,,DISASTER RECOVERY CENTER-MOBILE,,,-87.2203531,30.44089188,,,,,,,,,,,,,
565,PENSACOLA,ESCAMBIA,,,,DISASTER RECOVERY CENTER-MOBILE,,,-87.31498444,30.43897423,,,,,,,,,,,,,
566,PENSACOLA,ESCAMBIA,,,,DISASTER RECOVERY CENTER-MOBILE,,,-87.29802471,30.40988469,,,,,,,,,,,,,
567,PENSACOLA,ESCAMBIA,,,,DISASTER RECOVERY CENTER-MOBILE,,,-87.27142322,30.55622822,,,,,,,,,,,,,
568,PENSACOLA,ESCAMBIA,,,,DISASTER RECOVERY CENTER-MOBILE,,,-87.17675753,30.51013568,,,,,,,,,,,,,
569,PENSACOLA,ESCAMBIA,,,,DISASTER RECOVERY CENTER-MOBILE,,,-87.24789039,30.42894889,,,,,,,,,,,,,
570,PENSACOLA,ESCAMBIA,,,,DISASTER RECOVERY CENTER-MOBILE,,,-87.2711102,30.39811287,,,,,,,,,,,,,
571,PENSACOLA,ESCAMBIA,,,,DISASTER RECOVERY CENTER-MOBILE,,,-87.30141838,30.48760002,,,,,,,,,,,,,
572,CENTURY,ESCAMBIA,,,,DISASTER RECOVERY CENTER-MOBILE,,,-87.25794333,30.97614733,,,,,,,,,,,,,
573,CENTURY,ESCAMBIA,,,,DISASTER RECOVERY CENTER-MOBILE,,,-87.32786535,30.96659567,,,,,,,,,,,,,
574,CANTONMENT,ESCAMBIA,,,,DISASTER RECOVERY CENTER-MOBILE,,,-87.32515293,30.65606155,,,,,,,,,,,,,
575,CANTONMENT,ESCAMBIA,,,,DISASTER RECOVERY CENTER-MOBILE,,,-87.32999024,30.60517392,,,,,,,,,,,,,
576,PALM COAST,FLAGLER,,,,DISASTER RECOVERY CENTER-MOBILE,,,-81.2381422,29.55414811,,,,,,,,,,,,,
577,CARRABELLE,FRANKLIN,,,,DISASTER RECOVERY CENTER-MOBILE,,,-84.66591621,29.85739518,,,,,,,,,,,,,
578,CARRABELLE,FRANKLIN,,,,DISASTER RECOVERY CENTER-MOBILE,,,-84.59480425,29.88467743,,,,,,,,,,,,,
581,APALACHICOLA,FRANKLIN,,,,DISASTER RECOVERY CENTER-MOBILE,,,-85.01594695,29.73001894,,,,,,,,,,,,,
582,TRENTON,GILCHRIST,,,,DISASTER RECOVERY CENTER-MOBILE,,,-82.81798798,29.61564675,,,,,,,,,,,,,
583,TRENTON,GILCHRIST,,,,DISASTER RECOVERY CENTER-MOBILE,,,-82.81810926,29.62114033,,,,,,,,,,,,,
584,TRENTON,GILCHRIST,,,,DISASTER RECOVERY CENTER-MOBILE,,,-82.80783691,29.62633468,,,,,,,,,,,,,
585,BELL,GILCHRIST,,,,DISASTER RECOVERY CENTER-MOBILE,,,-82.85536531,29.67797259,,,,,,,,,,,,,
586,MOORE HAVEN,GLADES,,,,DISASTER RECOVERY CENTER-MOBILE,,,-81.12429745,26.84021744,,,,,,,,,,,,,
587,PORT SAINT JOE,GULF,,,,DISASTER RECOVERY CENTER-MOBILE,,,-85.28904425,29.81542997,,,,,,,,,,,,,
590,PORT SAINT JOE,GULF,,,,DISASTER RECOVERY CENTER-MOBILE,,,-85.30203054,29.81257143,,,,,,,,,,,,,
591,WEWAHITCHKA,GULF,,,,DISASTER RECOVERY CENTER-MOBILE,,,-85.19848439,30.11515309,,,,,,,,,,,,,
592,WEWAHITCHKA,GULF,,,,DISASTER RECOVERY CENTER-MOBILE,,,-85.19912626,30.11289904,,,,,,,,,,,,,
593,WHITE SPRINGS,HAMILTON,,,,DISASTER RECOVERY CENTER-MOBILE,,,-82.74939818,30.32825368,,,,,,,,,,,,,
594,JENNINGS,HAMILTON,,,,DISASTER RECOVERY CENTER-MOBILE,,,-83.10515389,30.60056858,,,,,,,,,,,,,
595,ZOLFO SPRINGS,HARDEE,,,,DISASTER RECOVERY CENTER-MOBILE,,,-81.80090989,27.50142509,,,,,,,,,,,,,
596,ZOLFO SPRINGS,HARDEE,,,,DISASTER RECOVERY CENTER-MOBILE,,,-81.79990048,27.50093471,,,,,,,,,,,,,
597,CLEWISTON,HENDRY,,,,DISASTER RECOVERY CENTER-MOBILE,,,-80.93347338,26.741568,,,,,,,,,,,,,
598,LABELLE,HENDRY,,,,DISASTER RECOVERY CENTER-MOBILE,,,-81.50948824,26.70953052,,,,,,,,,,,,,
599,DADE CITY,HERNANDO,,,,DISASTER RECOVERY CENTER-MOBILE,,,-82.17918954,28.50735732,,,,,,,,,,,,,
600,BROOKSVILLE,HERNANDO,,,,DISASTER RECOVERY CENTER-MOBILE,,,-82.40737479,28.53703799,,,,,,,,,,,,,
601,BROOKSVILLE,HERNANDO,,,,DISASTER RECOVERY CENTER-MOBILE,,,-82.45760071,28.44235871,,,,,,,,,,,,,
602,BROOKSVILLE,HERNANDO,,,,DISASTER RECOVERY CENTER-MOBILE,,,-82.40037978,28.54982342,,,,,,,,,,,,,
603,SEBRING,HIGHLANDS,,,,DISASTER RECOVERY CENTER-MOBILE,,,-81.42117181,27.44147374,,,,,,,,,,,,,
604,TAMPA,HILLSBOROUGH,,,,DISASTER RECOVERY CENTER-MOBILE,,,-82.507261,28.093804,,,,,,,,,,,,,
605,PLANT CITY,HILLSBOROUGH,,,,DISASTER RECOVERY CENTER-MOBILE,,,-82.10203041,28.0306505,,,,,,,,,,,,,
606,RUSKIN,HILLSBOROUGH,,,,DISASTER RECOVERY CENTER-MOBILE,,,-82.39295535,27.71643238,,,,,,,,,,,,,
607,WESTVILLE,HOLMES,,,,DISASTER RECOVERY CENTER-MOBILE,,,-85.87681756,30.95261882,,,,,,,,,,,,,
608,VERO BEACH,INDIAN RIVER,,,,DISASTER RECOVERY CENTER-MOBILE,,,-80.45745654,27.6344943,,,,,,,,,,,,,
609,VERO BEACH,INDIAN RIVER,,,,DISASTER RECOVERY CENTER-MOBILE,,,-80.404578,27.59135799,,,,,,,,,,,,,
610,MONTICELLO,JEFFERSON,,,,DISASTER RECOVERY CENTER-MOBILE,,,-83.86169933,30.55765415,,,,,,,,,,,,,
611,MAYO,LAFAYETTE,,,,DISASTER RECOVERY CENTER-MOBILE,,,-83.16554716,30.05243458,,,,,,,,,,,,,
612,MAYO,LAFAYETTE,,,,DISASTER RECOVERY CENTER-MOBILE,,,-83.1639454,30.05466296,,,,,,,,,,,,,
613,MAYO,LAFAYETTE,,,,DISASTER RECOVERY CENTER-MOBILE,,,-83.16478698,30.06298972,,,,,,,,,,,,,
614,330 3RD ST.,LAKE,,,,DISASTER RECOVERY CENTER-MOBILE,,,-81.75999866,28.56021358,,,,,,,,,,,,,
615,LEESBURG,LAKE,,,,DISASTER RECOVERY CENTER-MOBILE,,,-81.86553836,28.72460786,,,,,,,,,,,,,
616,TAVARES,LAKE,,,,DISASTER RECOVERY CENTER-MOBILE,,,-81.73692915,28.80278843,,,,,,,,,,,,,
617,TAVARES,LAKE,,,,DISASTER RECOVERY CENTER-MOBILE,,,-81.74820822,28.78888206,,,,,,,,,,,,,
618,EUSTIS,LAKE,,,,DISASTER RECOVERY CENTER-MOBILE,,,-81.69894808,28.87733416,,,,,,,,,,,,,
619,CLERMONT,LAKE,,,,DISASTER RECOVERY CENTER-MOBILE,,,-81.72421807,28.45558118,,,,,,,,,,,,,
620,FORT MYERS,LEE,,,,DISASTER RECOVERY CENTER-MOBILE,,,-81.88779198,26.55598336,,,,,,,,,,,,,
621,LEHIGH ACRES,LEE,,,,DISASTER RECOVERY CENTER-MOBILE,,,-81.65217584,26.60799008,,,,,,,,,,,,,
622,CEDAR KEY,LEVY,,,,DISASTER RECOVERY CENTER-MOBILE,,,-83.03189709,29.13612043,,,,,,,,,,,,,
623,HOSFORD,LIBERTY,,,,DISASTER RECOVERY CENTER-MOBILE,,,-84.97868919,30.02057425,,,,,,,,,,,,,
626,HOSFORD,LIBERTY,,,,DISASTER RECOVERY CENTER-MOBILE,,,-84.777219,30.395528,,,,,,,,,,,,,
627,LEE,MADISON,,,,DISASTER RECOVERY CENTER-MOBILE,,,-83.29991707,30.42247169,,,,,,,,,,,,,
628,GREENVILLE,MADISON,,,,DISASTER RECOVERY CENTER-MOBILE,,,-83.63137664,30.46867625,,,,,,,,,,,,,
629,BRADENTON,MANATEE,,,,DISASTER RECOVERY CENTER-MOBILE,,,-82.56736968,27.46756366,,,,,,,,,,,,,
630,BRADENTON,MANATEE,,,,DISASTER RECOVERY CENTER-MOBILE,,,-82.61655054,27.47396123,,,,,,,,,,,,,
631,BRADENTON,MANATEE,,,,DISASTER RECOVERY CENTER-MOBILE,,,-82.46243191,27.44397915,,,,,,,,,,,,,
632,BRADENTON,MANATEE,,,,DISASTER RECOVERY CENTER-MOBILE,,,-82.5653541,27.46432532,,,,,,,,,,,,,
633,PALMETTO,MANATEE,,,,DISASTER RECOVERY CENTER-MOBILE,,,-82.5468636,27.52200274,,,,,,,,,,,,,
634,OCALA,MARION,,,,DISASTER RECOVERY CENTER-MOBILE,,,-82.06299064,29.14032988,,,,,,,,,,,,,
635,OCALA,MARION,,,,DISASTER RECOVERY CENTER-MOBILE,,,-82.10273043,29.18236839,,,,,,,,,,,,,
636,OCALA,MARION,,,,DISASTER RECOVERY CENTER-MOBILE,,,-82.13175752,29.20975822,,,,,,,,,,,,,
637,OCALA,MARION,,,,DISASTER RECOVERY CENTER-MOBILE,,,-82.0998025,29.18713142,,,,,,,,,,,,,
638,OCALA,MARION,,,,DISASTER RECOVERY CENTER-MOBILE,,,-82.23163573,29.15278606,,,,,,,,,,,,,
639,OCALA,MARION,,,,DISASTER RECOVERY CENTER-MOBILE,,,-82.22072919,29.17196503,,,,,,,,,,,,,
642,CITRA,MARION,,,,DISASTER RECOVERY CENTER-MOBILE,,,-82.13329873,29.36820977,,,,,,,,,,,,,
643,DUNNELLON,MARION,,,,DISASTER RECOVERY CENTER-MOBILE,,,-82.37020853,29.06160285,,,,,,,,,,,,,
644,HOBE SOUND,MARTIN,,,,DISASTER RECOVERY CENTER-MOBILE,,,-80.1449009,27.0811829,,,,,,,,,,,,,
645,JENSEN BEACH,MARTIN,,,,DISASTER RECOVERY CENTER-MOBILE,,,-80.221361,27.224235,,,,,,,,,,,,,
646,STUART,MARTIN,,,,DISASTER RECOVERY CENTER-MOBILE,,,-80.22704694,27.17253112,,,,,,,,,,,,,
647,STUART,MARTIN,,,,DISASTER RECOVERY CENTER-MOBILE,,,-80.24751716,27.19571129,,,,,,,,,,,,,
648,INDIANTOWN,MARTIN,,,,DISASTER RECOVERY CENTER-MOBILE,,,-80.46673731,27.02153083,,,,,,,,,,,,,
649,MIAMI,MIAMI-DADE,,,,DISASTER RECOVERY CENTER-MOBILE,,,-80.22056219,25.77664119,,,,,,,,,,,,,
650,MIAMI,MIAMI-DADE,,,,DISASTER RECOVERY CENTER-MOBILE,,,-80.36409484,25.57123097,,,,,,,,,,,,,
651,HOMESTEAD,MIAMI-DADE,,,,DISASTER RECOVERY CENTER-MOBILE,,,-80.44633928,25.47640521,,,,,,,,,,,,,
652,HIALEAH,MIAMI-DADE,,,,DISASTER RECOVERY CENTER-MOBILE,,,-80.28525082,25.86462361,,,,,,,,,,,,,
653,MARATHON,MONROE,,,,DISASTER RECOVERY CENTER-MOBILE,,,,,,,,,,,,,,,,,
654,KEY WEST,MONROE,,,,DISASTER RECOVERY CENTER-MOBILE,,,-81.80036001,24.55495749,,,,,,,,,,,,,
655,BIG PINE KEY,MONROE,,,,DISASTER RECOVERY CENTER-MOBILE,,,-81.3476527,24.67780212,,,,,,,,,,,,,
656,ISLAMORADA,MONROE,,,,DISASTER RECOVERY CENTER-MOBILE,,,-80.63626191,24.91770924,,,,,,,,,,,,,
657,YULEE,NASSAU,,,,DISASTER RECOVERY CENTER-MOBILE,,,-81.63510616,30.62241858,,,,,,,,,,,,,
658,YULEE,NASSAU,,,,DISASTER RECOVERY CENTER-MOBILE,,,-81.55362332,30.62919446,,,,,,,,,,,,,
659,FERNANDINA BEACH,NASSAU,,,,DISASTER RECOVERY CENTER-MOBILE,,,-81.51871762,30.6192787,,,,,,,,,,,,,
660,NICEVILLE,OKALOOSA,,,,DISASTER RECOVERY CENTER-MOBILE,,,-86.41853504,30.48980828,,,,,,,,,,,,,
661,OKEECHOBEE,OKEECHOBEE,,,,DISASTER RECOVERY CENTER-MOBILE,,,-80.78401256,27.24955979,,,,,,,,,,,,,
662,OKEECHOBEE,OKEECHOBEE,,,,DISASTER RECOVERY CENTER-MOBILE,,,-80.783782,27.238761,,,,,,,,,,,,,
663,ORLANDO,ORANGE,,,,DISASTER RECOVERY CENTER-MOBILE,,,-81.44325865,28.55848646,,,,,,,,,,,,,
664,ORLANDO,ORANGE,,,,DISASTER RECOVERY CENTER-MOBILE,,,-81.49722,28.539219,,,,,,,,,,,,,
665,ORLANDO,ORANGE,,,,DISASTER RECOVERY CENTER-MOBILE,,,-81.22191,28.56742,,,,,,,,,,,,,
666,ORLANDO,ORANGE,,,,DISASTER RECOVERY CENTER-MOBILE,,,-81.24438076,28.56611618,,,,,,,,,,,,,
670,ORLANDO,ORANGE,,,,DISASTER RECOVERY CENTER-MOBILE,,,-81.41582825,28.50188438,,,,,,,,,,,,,
672,ORLANDO,ORANGE,,,,DISASTER RECOVERY CENTER-MOBILE,,,-81.36982764,28.42960579,,,,,,,,,,,,,
673,ORLANDO,ORANGE,,,,DISASTER RECOVERY CENTER-MOBILE,,,-81.46501452,28.54220542,,,,,,,,,,,,,
674,CHRISTMAS,ORANGE,,,,DISASTER RECOVERY CENTER-MOBILE,,,-81.02180904,28.56177078,,,,,,,,,,,,,
677,MOUNT DORA,ORANGE,,,,DISASTER RECOVERY CENTER-MOBILE,,,-81.619499,28.737869,,,,,,,,,,,,,
678,OCOEE,ORANGE,,,,DISASTER RECOVERY CENTER-MOBILE,,,-81.517499,28.555099,,,,,,,,,,,,,
679,KISSIMMEE,OSCEOLA,,,,DISASTER RECOVERY CENTER-MOBILE,,,-81.36786691,28.29719298,,,,,,,,,,,,,
680,BELLE GLADE,PALM BEACH,,,,DISASTER RECOVERY CENTER-MOBILE,,,-80.66651624,26.72532122,,,,,,,,,,,,,
681,WEST PALM BEACH,PALM BEACH,,,,DISASTER RECOVERY CENTER-MOBILE,,,-80.07027267,26.72806123,,,,,,,,,,,,,
682,BOCA RATON,PALM BEACH,,,,DISASTER RECOVERY CENTER-MOBILE,,,-80.12766535,26.34620087,,,,,,,,,,,,,
683,BOYNTON BEACH,PALM BEACH,,,,DISASTER RECOVERY CENTER-MOBILE,,,-80.06288945,26.52574778,,,,,,,,,,,,,
684,HUDSON,PASCO,,,,DISASTER RECOVERY CENTER-MOBILE,,,-82.62430475,28.39057203,,,,,,,,,,,,,
685,LAND O LAKES,PASCO,,,,DISASTER RECOVERY CENTER-MOBILE,,,-82.460159,28.235739,,,,,,,,,,,,,
686,NEW PORT RICHEY,PASCO,,,,DISASTER RECOVERY CENTER-MOBILE,,,-82.6682,28.229649,,,,,,,,,,,,,
687,DADE CITY,PASCO,,,,DISASTER RECOVERY CENTER-MOBILE,,,-82.166559,28.39562,,,,,,,,,,,,,
688,ZEPHYRHILLS,PASCO,,,,DISASTER RECOVERY CENTER-MOBILE,,,-82.147029,28.224619,,,,,,,,,,,,,
689,TARPON SPRINGS,PINELLAS,,,,DISASTER RECOVERY CENTER-MOBILE,,,-82.73897628,28.13348722,,,,,,,,,,,,,
690,LARGO,PINELLAS,,,,DISASTER RECOVERY CENTER-MOBILE,,,-82.806902,27.89221,,,,,,,,,,,,,
691,SAINT PETERSBURG,PINELLAS,,,,DISASTER RECOVERY CENTER-MOBILE,,,-82.77180721,27.80344067,,,,,,,,,,,,,
692,WINTER HAVEN,POLK,,,,DISASTER RECOVERY CENTER-MOBILE,,,-81.72936441,28.00365751,,,,,,,,,,,,,
693,WINTER HAVEN,POLK,,,,DISASTER RECOVERY CENTER-MOBILE,,,-81.810388,28.0,,,,,,,,,,,,,
694,LAKELAND,POLK,,,,DISASTER RECOVERY CENTER-MOBILE,,,-81.97796,28.091229,,,,,,,,,,,,,
695,PALATKA,PUTNAM,,,,DISASTER RECOVERY CENTER-MOBILE,,,-81.7080919,29.64526778,,,,,,,,,,,,,
696,PALATKA,PUTNAM,,,,DISASTER RECOVERY CENTER-MOBILE,,,-81.68750528,29.66292585,,,,,,,,,,,,,
697,PALATKA,PUTNAM,,,,DISASTER RECOVERY CENTER-MOBILE,,,-81.65895695,29.66546539,,,,,,,,,,,,,
698,BOSTWICK,PUTNAM,,,,DISASTER RECOVERY CENTER-MOBILE,,,-81.63342193,29.77149195,,,,,,,,,,,,,
699,CRESCENT CITY,PUTNAM,,,,DISASTER RECOVERY CENTER-MOBILE,,,-81.53539398,29.46502328,,,,,,,,,,,,,
700,EAST PALATKA,PUTNAM,,,,DISASTER RECOVERY CENTER-MOBILE,,,-81.58887478,29.64186914,,,,,,,,,,,,,
701,SAINT AUGUSTINE,ST. JOHNS,,,,DISASTER RECOVERY CENTER-MOBILE,,,-81.33645944,29.93903141,,,,,,,,,,,,,
702,SAINT AUGUSTINE,ST. JOHNS,,,,DISASTER RECOVERY CENTER-MOBILE,,,-81.35342373,29.8885003,,,,,,,,,,,,,
703,FORT PIERCE,ST. LUCIE,,,,DISASTER RECOVERY CENTER-MOBILE,,,-80.34483972,27.42638545,,,,,,,,,,,,,
704,FORT PIERCE,ST. LUCIE,,,,DISASTER RECOVERY CENTER-MOBILE,,,-80.34862969,27.4270721,,,,,,,,,,,,,
705,PORT SAINT LUCIE,ST. LUCIE,,,,DISASTER RECOVERY CENTER-MOBILE,,,-80.366801,27.348042,,,,,,,,,,,,,
706,PORT SAINT LUCIE,ST. LUCIE,,,,DISASTER RECOVERY CENTER-MOBILE,,,-80.279826,27.302727,,,,,,,,,,,,,
707,SARASOTA,SARASOTA,,,,DISASTER RECOVERY CENTER-MOBILE,,,-82.54762724,27.34331891,,,,,,,,,,,,,
708,SARASOTA,SARASOTA,,,,DISASTER RECOVERY CENTER-MOBILE,,,-82.50092759,27.28540656,,,,,,,,,,,,,
709,SARASOTA,SARASOTA,,,,DISASTER RECOVERY CENTER-MOBILE,,,-82.53317216,27.36603863,,,,,,,,,,,,,
710,VENICE,SARASOTA,,,,DISASTER RECOVERY CENTER-MOBILE,,,-82.44696254,27.09515979,,,,,,,,,,,,,
711,ALTAMONTE SPRINGS,SEMINOLE,,,,DISASTER RECOVERY CENTER-MOBILE,,,-81.3758261,28.66566239,,,,,,,,,,,,,
712,OVIEDO,SEMINOLE,,,,DISASTER RECOVERY CENTER-MOBILE,,,-81.23617408,28.66084941,,,,,,,,,,,,,
713,CASSELBERRY,SEMINOLE,,,,DISASTER RECOVERY CENTER-MOBILE,,,-81.33488913,28.66141963,,,,,,,,,,,,,
714,SANFORD,SEMINOLE,,,,DISASTER RECOVERY CENTER-MOBILE,,,-81.33639225,28.80573656,,,,,,,,,,,,,
715,BUSHNELL,SUMTER,,,,DISASTER RECOVERY CENTER-MOBILE,,,-82.10494949,28.69130376,,,,,,,,,,,,,
716,BUSHNELL,SUMTER,,,,DISASTER RECOVERY CENTER-MOBILE,,,-82.1130428,28.6762515,,,,,,,,,,,,,
717,BUSHNELL,SUMTER,,,,DISASTER RECOVERY CENTER-MOBILE,,,-82.10535008,28.66826614,,,,,,,,,,,,,
718,WILDWOOD,SUMTER,,,,DISASTER RECOVERY CENTER-MOBILE,,,-82.00264686,28.83189585,,,,,,,,,,,,,
719,Wildwood,SUMTER,,,,DISASTER RECOVERY CENTER-MOBILE,,,-81.9830643,28.82479382,,,,,,,,,,,,,
720,LIVE OAK,SUWANNEE,,,,DISASTER RECOVERY CENTER-MOBILE,,,-83.00588449,30.29113492,,,,,,,,,,,,,
721,LAKE BUTLER,UNION,,,,DISASTER RECOVERY CENTER-MOBILE,,,-82.34779746,30.01735189,,,,,,,,,,,,,
722,LAKE BUTLER,UNION,,,,DISASTER RECOVERY CENTER-MOBILE,,,-82.33944958,30.02634653,,,,,,,,,,,,,
723,LAKE BUTLER,UNION,,,,DISASTER RECOVERY CENTER-MOBILE,,,-82.33853753,30.01570708,,,,,,,,,,,,,
724,DAYTONA BEACH,VOLUSIA,,,,DISASTER RECOVERY CENTER-MOBILE,,,-81.07862669,29.21296012,,,,,,,,,,,,,
725,CRAWFORDVILLE,WAKULLA,,,,DISASTER RECOVERY CENTER-MOBILE,,,-84.37751246,30.11655744,,,,,,,,,,,,,
726,DEFUNIAK SPRINGS,WALTON,,,,DISASTER RECOVERY CENTER-MOBILE,,,-86.1245835,30.74342077,,,,,,,,,,,,,
727,DEFUNIAK SPRINGS,WALTON,,,,DISASTER RECOVERY CENTER-MOBILE,,,-86.26675,30.98341,,,,,,,,,,,,,
728,DEFUNIAK SPRINGS,WALTON,,,,DISASTER RECOVERY CENTER-MOBILE,,,-86.11370857,30.73291094,,,,,,,,,,,,,
729,SANTA ROSA BEACH,WALTON,,,,DISASTER RECOVERY CENTER-MOBILE,,,-86.23759,30.369802,,,,,,,,,,,,,
730,GAINESVILLE,ALACHUA,,,,DISASTER RECOVERY CENTER,,,,,-82.28027223,29.68244134,,,,,,,,,,,
731,GAINESVILLE,ALACHUA,,,,DISASTER RECOVERY CENTER,,,,,-82.2882735,29.6515331,,,,,,,,,,,
732,GAINESVILLE,ALACHUA,,,,DISASTER RECOVERY CENTER,,,,,-82.3109693,29.667814,,,,,,,,,,,
733,GAINESVILLE,ALACHUA,,,,DISASTER RECOVERY CENTER,,,,,-82.3879085,29.6819537,,,,,,,,,,,
734,GAINESVILLE,ALACHUA,,,,DISASTER RECOVERY CENTER,,,,,-82.371347,29.661513,,,,,,,,,,,
735,GAINESVILLE,ALACHUA,,,,DISASTER RECOVERY CENTER,,,,,-82.35290756,29.70979567,,,,,,,,,,,
736,HIGH SPRINGS,ALACHUA,,,,DISASTER RECOVERY CENTER,,,,,-82.6078746,29.7781455,,,,,,,,,,,
737,NEWBERRY ,ALACHUA,,,,DISASTER RECOVERY CENTER,,,,,-82.6107851,29.6451326,,,,,,,,,,,
738,WALDO,ALACHUA,,,,DISASTER RECOVERY CENTER,,,,,-82.1712363,29.7904141,,,,,,,,,,,
739,HAWTHORNE,ALACHUA,,,,DISASTER RECOVERY CENTER,,,,,-82.0868261,29.5927522,,,,,,,,,,,
740,ARCHER,ALACHUA,,,,DISASTER RECOVERY CENTER,,,,,-82.5196966,29.5320644,,,,,,,,,,,
741,GLEN SAINT MARY,BAKER,,,,DISASTER RECOVERY CENTER,,,,,-82.15459886,30.28217508,,,,,,,,,,,
742,GLEN SAINT MARY,BAKER,,,,DISASTER RECOVERY CENTER,,,,,-82.27698551,30.24737573,,,,,,,,,,,
743,MACCLENNY,BAKER,,,,DISASTER RECOVERY CENTER,,,,,-82.12681993,30.28658992,,,,,,,,,,,
744,MACCLENNY,BAKER,,,,DISASTER RECOVERY CENTER,,,,,-82.13265735,30.30543471,,,,,,,,,,,
745,MACCLENNY,BAKER,,,,DISASTER RECOVERY CENTER,,,,,-82.137849,30.280303,,,,,,,,,,,
746,PANAMA CITY,BAY,,,,DISASTER RECOVERY CENTER,,,,,-85.74907986,30.15374025,,,,,,,,,,,
747,PANAMA CITY,BAY,,,,DISASTER RECOVERY CENTER,,,,,-85.68439657,30.38657328,,,,,,,,,,,
748,STARKE,BRADFORD,,,,DISASTER RECOVERY CENTER,,,,,-82.1061043,29.96400788,,,,,,,,,,,
749,BROOKER,BRADFORD,,,,DISASTER RECOVERY CENTER,,,,,-82.33547402,29.89024714,,,,,,,,,,,
750,LAWTEY,BRADFORD,,,,DISASTER RECOVERY CENTER,,,,,-82.07339634,30.04531418,,,,,,,,,,,
751,MELBOURNE,BREVARD,,,,DISASTER RECOVERY CENTER,,,,,-80.62783086,28.13234216,,,,,,,,,,,
752,MELBOURNE,BREVARD,,,,DISASTER RECOVERY CENTER,,,,,-80.608226,28.069686,,,,,,,,,,,
753,MELBOURNE,BREVARD,,,,DISASTER RECOVERY CENTER,,,,,-80.70294268,28.11035043,,,,,,,,,,,
754,ROCKLEDGE,BREVARD,,,,DISASTER RECOVERY CENTER,,,,,-80.7264743,28.34433006,,,,,,,,,,,
755,COCOA,BREVARD,,,,DISASTER RECOVERY CENTER,,,,,-80.7814234,28.3594919,,,,,,,,,,,
756,COCOA,BREVARD,,,,DISASTER RECOVERY CENTER,,,,,-80.781274,28.35949162,,,,,,,,,,,
757,TITUSVILLE,BREVARD,,,,DISASTER RECOVERY CENTER,,,,,-80.81398484,28.60697048,,,,,,,,,,,
758,TITUSVILLE,BREVARD,,,,DISASTER RECOVERY CENTER,,,,,-80.82222497,28.60570654,,,,,,,,,,,
759,TITUSVILLE,BREVARD,,,,DISASTER RECOVERY CENTER,,,,,-80.823411,28.612254,,,,,,,,,,,
760,SEBASTIAN,BREVARD,,,,DISASTER RECOVERY CENTER,,,,,-80.52354833,27.8861348,,,,,,,,,,,
761,SEBASTIAN,BREVARD,,,,DISASTER RECOVERY CENTER,,,,,-80.50109978,27.85933301,,,,,,,,,,,
762,INDIAN HARBOUR BEACH,BREVARD,,,,DISASTER RECOVERY CENTER,,,,,-80.5956705,28.1440433,,,,,,,,,,,
763,MIMS,BREVARD,,,,DISASTER RECOVERY CENTER,,,,,-80.8402593,28.6602644,,,,,,,,,,,
764,PALM BAY,BREVARD,,,,DISASTER RECOVERY CENTER,,,,,-80.65957139,28.03027365,,,,,,,,,,,
765,NE PALM BAY,BREVARD,,,,DISASTER RECOVERY CENTER,,,,,-80.6052782,28.017961,,,,,,,,,,,
766,FORT LAUDERDALE,BROWARD,,,,DISASTER RECOVERY CENTER,,,,,-80.25014033,26.07778094,,,,,,,,,,,
767,FORT LAUDERDALE,BROWARD,,,,DISASTER RECOVERY CENTER,,,,,-80.24408648,26.07795742,,,,,,,,,,,
768,FORT LAUDERDALE,BROWARD,,,,DISASTER RECOVERY CENTER,,,,,-80.145802,26.120135,,,,,,,,,,,
769,HOLLYWOOD,BROWARD,,,,DISASTER RECOVERY CENTER,,,,,-80.14794932,26.01306273,,,,,,,,,,,
770,HOLLYWOOD,BROWARD,,,,DISASTER RECOVERY CENTER,,,,,-80.19075,25.994891,,,,,,,,,,,
771,PEMBROKE PINES,BROWARD,,,,DISASTER RECOVERY CENTER,,,,,-80.2360114,26.0068452,,,,,,,,,,,
772,HILLSBOROUGH,BROWARD,,,,DISASTER RECOVERY CENTER,,,,,-80.0924653,26.3187521,,,,,,,,,,,
773,FT LAUDERDALE ,BROWARD,,,,DISASTER RECOVERY CENTER,,,,,-80.1859868,26.1347896,,,,,,,,,,,
774,CORAL SPRINGS,BROWARD,,,,DISASTER RECOVERY CENTER,,,,,-80.2608603,26.2676977,,,,,,,,,,,
775,ALTHA,CALHOUN,,,,DISASTER RECOVERY CENTER,,,,,-85.13079139,30.5721644,,,,,,,,,,,
776,BLOUNTSTOWN,CALHOUN,,,,DISASTER RECOVERY CENTER,,,,,-85.04311412,30.45749179,,,,,,,,,,,
777,ENGLEWOOD,CHARLOTTE,,,,DISASTER RECOVERY CENTER,,,,,-82.2931725,26.93521771,,,,,,,,,,,
778,PORT CHARLOTTE,CHARLOTTE,,,,DISASTER RECOVERY CENTER,,,,,-82.09906325,26.99292471,,,,,,,,,,,
779,PUNTA GORDA,CHARLOTTE,,,,DISASTER RECOVERY CENTER,,,,,-82.03687254,26.93307534,,,,,,,,,,,
780,INVERNESS,CITRUS,,,,DISASTER RECOVERY CENTER,,,,,-82.31400485,28.80790716,,,,,,,,,,,
781,DUNNELLON,CITRUS,,,,DISASTER RECOVERY CENTER,,,,,-82.46026604,28.97095655,,,,,,,,,,,
782,CRYSTAL RIVER,CITRUS,,,,DISASTER RECOVERY CENTER,,,,,-82.60472364,28.91094112,,,,,,,,,,,
783,CRYSTAL RIVER,CITRUS,,,,DISASTER RECOVERY CENTER,,,,,-82.53970669,28.88382807,,,,,,,,,,,
784,KEYSTONE HEIGHTS,CLAY,,,,DISASTER RECOVERY CENTER,,,,,-82.02996959,29.78150896,,,,,,,,,,,
787,KEYSTONE HEIGHTS,CLAY,,,,DISASTER RECOVERY CENTER,,,,,-82.0287441,29.78600093,,,,,,,,,,,
788,GREEN COVE SPRINGS,CLAY,,,,DISASTER RECOVERY CENTER,,,,,-81.67940567,29.99141142,,,,,,,,,,,
791,GREEN COVE SPRINGS,CLAY,,,,DISASTER RECOVERY CENTER,,,,,-81.68164921,29.99319461,,,,,,,,,,,
792,ORANGE PARK,CLAY,,,,DISASTER RECOVERY CENTER,,,,,-81.70690807,30.16443577,,,,,,,,,,,
795,ORANGE PARK,CLAY,,,,DISASTER RECOVERY CENTER,,,,,-81.70360983,30.16386139,,,,,,,,,,,
796,ORANGE PARK,CLAY,,,,DISASTER RECOVERY CENTER,,,,,-81.71056493,30.09272928,,,,,,,,,,,
797,MIDDLEBURG,CLAY,,,,DISASTER RECOVERY CENTER,,,,,-81.86242051,30.07100294,,,,,,,,,,,
798,MIDDLEBURG,CLAY,,,,DISASTER RECOVERY CENTER,,,,,-81.88125983,30.06250819,,,,,,,,,,,
800,MIDDLEBURG,CLAY,,,,DISASTER RECOVERY CENTER,,,,,-81.86302196,30.07091227,,,,,,,,,,,
802,IMMOKALEE,COLLIER,,,,DISASTER RECOVERY CENTER,,,,,-81.42065711,26.40688343,,,,,,,,,,,
803,NAPLES,COLLIER,,,,DISASTER RECOVERY CENTER,,,,,-81.799027,26.148233,,,,,,,,,,,
804,OCHOPEE,COLLIER,,,,DISASTER RECOVERY CENTER,,,,,-81.38420204,25.858982,,,,,,,,,,,
805, ,COLLIER,,,,DISASTER RECOVERY CENTER,,,,,-81.644907,25.925199,,,,,,,,,,,
806, ,COLLIER,,,,DISASTER RECOVERY CENTER,,,,,-81.420541,26.4189691,,,,,,,,,,,
807, ,COLLIER,,,,DISASTER RECOVERY CENTER,,,,,-81.3842199,25.8585752,,,,,,,,,,,
808,LAKE CITY,COLUMBIA,,,,DISASTER RECOVERY CENTER,,,,,-82.6720691,30.17624251,,,,,,,,,,,
809,LAKE CITY,COLUMBIA,,,,DISASTER RECOVERY CENTER,,,,,-82.66823193,30.18032592,,,,,,,,,,,
810,LAKE CITY,COLUMBIA,,,,DISASTER RECOVERY CENTER,,,,,-82.68464814,30.17490253,,,,,,,,,,,
811,LAKE CITY,COLUMBIA,,,,DISASTER RECOVERY CENTER,,,,,-82.71312797,29.93389047,,,,,,,,,,,
812,ARCADIA,DESOTO,,,,DISASTER RECOVERY CENTER,,,,,-81.86276819,27.22042984,,,,,,,,,,,
813,ARCADIA,DESOTO,,,,DISASTER RECOVERY CENTER,,,,,-81.86102386,27.20692855,,,,,,,,,,,
814,JACKSONVILLE,DUVAL,,,,DISASTER RECOVERY CENTER,,,,,-81.4732779,30.289039,,,,,,,,,,,
815,JACKSONVILLE,DUVAL,,,,DISASTER RECOVERY CENTER,,,,,-81.67255559,30.327692,,,,,,,,,,,
816,JACKSONVILLE,DUVAL,,,,DISASTER RECOVERY CENTER,,,,,-81.6541008,30.3091446,,,,,,,,,,,
817,JACKSONVILLE,DUVAL,,,,DISASTER RECOVERY CENTER,,,,,-81.6760202,30.4342683,,,,,,,,,,,
818,JACKSONVILLE,DUVAL,,,,DISASTER RECOVERY CENTER,,,,,-81.75942291,30.26924236,,,,,,,,,,,
819,JACKSONVILLE,DUVAL,,,,DISASTER RECOVERY CENTER,,,,,-81.64683644,30.33660345,,,,,,,,,,,
820,JACKSONVILLE,DUVAL,,,,DISASTER RECOVERY CENTER,,,,,-81.61633885,30.17677481,,,,,,,,,,,
821,JACKSONVILLE,DUVAL,,,,DISASTER RECOVERY CENTER,,,,,-81.67086845,30.34484998,,,,,,,,,,,
822,JACKSONVILLE,DUVAL,,,,DISASTER RECOVERY CENTER,,,,,-81.70214892,30.35564158,,,,,,,,,,,
823,JACKSONVILLE,DUVAL,,,,DISASTER RECOVERY CENTER,,,,,-81.6863067,30.3872379,,,,,,,,,,,
824,JACKSONVILLE,DUVAL,,,,DISASTER RECOVERY CENTER,,,,,-81.6321027,30.46106629,,,,,,,,,,,
825,JACKSONVILLE ,DUVAL,,,,DISASTER RECOVERY CENTER,,,,,-81.6584145,30.3289632,,,,,,,,,,,
826,NEPTUNE BEACH,DUVAL,,,,DISASTER RECOVERY CENTER,,,,,-81.39812849,30.31967432,,,,,,,,,,,
827,PENSACOLA,ESCAMBIA,,,,DISASTER RECOVERY CENTER,,,,,-87.27493151,30.41871437,,,,,,,,,,,
828,PENSACOLA,ESCAMBIA,,,,DISASTER RECOVERY CENTER,,,,,-87.23850321,30.44750815,,,,,,,,,,,
829,PENSACOLA,ESCAMBIA,,,,DISASTER RECOVERY CENTER,,,,,-87.3069589,30.46160248,,,,,,,,,,,
830,PENSACOLA,ESCAMBIA,,,,DISASTER RECOVERY CENTER,,,,,-87.2538099,30.4236107,,,,,,,,,,,
831,PENSACOLA,ESCAMBIA,,,,DISASTER RECOVERY CENTER,,,,,-87.23272393,30.44015751,,,,,,,,,,,
832,PENSACOLA,ESCAMBIA,,,,DISASTER RECOVERY CENTER,,,,,-87.31281633,30.45468108,,,,,,,,,,,
833,PENSACOLA,ESCAMBIA,,,,DISASTER RECOVERY CENTER,,,,,-87.19113393,30.51926938,,,,,,,,,,,
834,CENTURY,ESCAMBIA,,,,DISASTER RECOVERY CENTER,,,,,-87.26279015,30.97443973,,,,,,,,,,,
835,CENTURY,ESCAMBIA,,,,DISASTER RECOVERY CENTER,,,,,-87.26511375,30.96745248,,,,,,,,,,,
836,CENTURY,ESCAMBIA,,,,DISASTER RECOVERY CENTER,,,,,-87.26336038,30.96352948,,,,,,,,,,,
837,MOLINO,ESCAMBIA,,,,DISASTER RECOVERY CENTER,,,,,-87.33672709,30.71588687,,,,,,,,,,,
838,MOLINO,ESCAMBIA,,,,DISASTER RECOVERY CENTER,,,,,-87.40552704,30.71221482,,,,,,,,,,,
839,MC DAVID,ESCAMBIA,,,,DISASTER RECOVERY CENTER,,,,,-87.47960058,30.90166382,,,,,,,,,,,
840,CANTONMENT,ESCAMBIA,,,,DISASTER RECOVERY CENTER,,,,,-87.29945039,30.54243341,,,,,,,,,,,
841,PALM COAST,FLAGLER,,,,DISASTER RECOVERY CENTER,,,,,-81.27713059,29.48849197,,,,,,,,,,,
842,CARRABELLE,FRANKLIN,,,,DISASTER RECOVERY CENTER,,,,,-84.66591621,29.85739518,,,,,,,,,,,
843,CARRABELLE,FRANKLIN,,,,DISASTER RECOVERY CENTER,,,,,-84.65513525,29.85437546,,,,,,,,,,,
844,CARRABELLE,FRANKLIN,,,,DISASTER RECOVERY CENTER,,,,,-84.59480425,29.88467743,,,,,,,,,,,
845,APALACHICOLA,FRANKLIN,,,,DISASTER RECOVERY CENTER,,,,,-84.9985643,29.72443731,,,,,,,,,,,
846,APALACHICOLA,FRANKLIN,,,,DISASTER RECOVERY CENTER,,,,,-84.98479854,29.72637743,,,,,,,,,,,
847,EASTPOINT,FRANKLIN,,,,DISASTER RECOVERY CENTER,,,,,-84.86509355,29.74604888,,,,,,,,,,,
848,QUINCY,GADSDEN,,,,DISASTER RECOVERY CENTER,,,,,-84.59452978,30.58967117,,,,,,,,,,,
849,BELL,GILCHRIST,,,,DISASTER RECOVERY CENTER,,,,,-82.86253946,29.7557891,,,,,,,,,,,
850,BRANFORD,GILCHRIST,,,,DISASTER RECOVERY CENTER,,,,,-82.81682246,29.89148889,,,,,,,,,,,
851,TRENTON,GILCHRIST,,,,DISASTER RECOVERY CENTER,,,,,-82.81678546,29.61105819,,,,,,,,,,,
852,MOORE HAVEN,GLADES,,,,DISASTER RECOVERY CENTER,,,,,-81.12536492,26.84011872,,,,,,,,,,,
853,MOORE HAVEN,GLADES,,,,DISASTER RECOVERY CENTER,,,,,-81.10292684,26.8330326,,,,,,,,,,,
854,WEWAHITCHKA,GULF,,,,DISASTER RECOVERY CENTER,,,,,-85.19754935,30.11591279,,,,,,,,,,,
855,PORT SAINT JOE,GULF,,,,DISASTER RECOVERY CENTER,,,,,-85.29517005,29.79357501,,,,,,,,,,,
856,PORT SAINT JOE,GULF,,,,DISASTER RECOVERY CENTER,,,,,-85.29764483,29.82085208,,,,,,,,,,,
857,JASPER,HAMILTON,,,,DISASTER RECOVERY CENTER,,,,,-82.9579044,30.52380032,,,,,,,,,,,
858,JASPER,HAMILTON,,,,DISASTER RECOVERY CENTER,,,,,-82.95906404,30.52773059,,,,,,,,,,,
859,WAUCHULA,HARDEE,,,,DISASTER RECOVERY CENTER,,,,,-81.834699,27.532999,,,,,,,,,,,
860,WAUCHULA,HARDEE,,,,DISASTER RECOVERY CENTER,,,,,-81.805993,27.50236,,,,,,,,,,,
861,ZOLFO SPRINGS,HARDEE,,,,DISASTER RECOVERY CENTER,,,,,-81.8012121,27.5016838,,,,,,,,,,,
862,CLEWISTON,HENDRY,,,,DISASTER RECOVERY CENTER,,,,,-81.11090689,26.64186868,,,,,,,,,,,
863,CLEWISTON,HENDRY,,,,DISASTER RECOVERY CENTER,,,,,-81.2139644,26.706686,,,,,,,,,,,
864,CLEWISTON,HENDRY,,,,DISASTER RECOVERY CENTER,,,,,-80.9437105,26.73651049,,,,,,,,,,,
865,FELDA,HENDRY,,,,DISASTER RECOVERY CENTER,,,,,-81.417502,26.544069,,,,,,,,,,,
866,LABELLE,HENDRY,,,,DISASTER RECOVERY CENTER,,,,,-81.4286295,26.7447925,,,,,,,,,,,
867,LABELLE,HENDRY,,,,DISASTER RECOVERY CENTER,,,,,-81.43658074,26.74255906,,,,,,,,,,,
868,SPRING HILL,HERNANDO,,,,DISASTER RECOVERY CENTER,,,,,-82.60872428,28.48008264,,,,,,,,,,,
869,SPRING HILL,HERNANDO,,,,DISASTER RECOVERY CENTER,,,,,-82.59432034,28.49102405,,,,,,,,,,,
870,BROOKSVILLE,HERNANDO,,,,DISASTER RECOVERY CENTER,,,,,-82.46100019,28.44571312,,,,,,,,,,,
871,BROOKSVILLE,HERNANDO,,,,DISASTER RECOVERY CENTER,,,,,-82.3886621,28.5377514,,,,,,,,,,,
872,SEBRING,HIGHLANDS,,,,DISASTER RECOVERY CENTER,,,,,-81.4205558,27.44139337,,,,,,,,,,,
873,SEBRING,HIGHLANDS,,,,DISASTER RECOVERY CENTER,,,,,-81.42170071,27.44245596,,,,,,,,,,,
874,LITHIA,HILLSBOROUGH,,,,DISASTER RECOVERY CENTER,,,,,-82.06953408,27.87026904,,,,,,,,,,,
875,TAMPA,HILLSBOROUGH,,,,DISASTER RECOVERY CENTER,,,,,-82.516839,28.066479,,,,,,,,,,,
876,TAMPA,HILLSBOROUGH,,,,DISASTER RECOVERY CENTER,,,,,-82.43334865,28.07548049,,,,,,,,,,,
877,TAMPA,HILLSBOROUGH,,,,DISASTER RECOVERY CENTER,,,,,-82.333667,27.9625802,,,,,,,,,,,
878,RIVERVIEW,HILLSBOROUGH,,,,DISASTER RECOVERY CENTER,,,,,-82.3112275,27.88702184,,,,,,,,,,,
879,BONIFAY,HOLMES,,,,DISASTER RECOVERY CENTER,,,,,-85.61971975,30.98063211,,,,,,,,,,,
880,PONCE DE LEON,HOLMES,,,,DISASTER RECOVERY CENTER,,,,,-85.933715,30.726076,,,,,,,,,,,
881,VERO BEACH,INDIAN RIVER,,,,DISASTER RECOVERY CENTER,,,,,-80.4559332,27.6338092,,,,,,,,,,,
882,VERO BEACH,INDIAN RIVER,,,,DISASTER RECOVERY CENTER,,,,,-80.42784805,27.73431378,,,,,,,,,,,
883,VERO BEACH,INDIAN RIVER,,,,DISASTER RECOVERY CENTER,,,,,-80.44280723,27.73475893,,,,,,,,,,,
884,VERO BEACH,INDIAN RIVER,,,,DISASTER RECOVERY CENTER,,,,,-80.45662626,27.69895131,,,,,,,,,,,
885,VERO BEACH,INDIAN RIVER,,,,DISASTER RECOVERY CENTER,,,,,-80.4301846,27.6819906,,,,,,,,,,,
886,VERO BEACH,INDIAN RIVER,,,,DISASTER RECOVERY CENTER,,,,,-80.40187795,27.64055995,,,,,,,,,,,
887,VERO BEACH,INDIAN RIVER,,,,DISASTER RECOVERY CENTER,,,,,-80.40344376,27.64638513,,,,,,,,,,,
888,VERO BEACH,INDIAN RIVER,,,,DISASTER RECOVERY CENTER,,,,,-80.46167786,27.64131862,,,,,,,,,,,
889,VERO BEACH,INDIAN RIVER,,,,DISASTER RECOVERY CENTER,,,,,-80.44776727,27.73825013,,,,,,,,,,,
890,VERO BEACH,INDIAN RIVER,,,,DISASTER RECOVERY CENTER,,,,,-80.45247096,27.63375111,,,,,,,,,,,
891,VERO BEACH,INDIAN RIVER,,,,DISASTER RECOVERY CENTER,,,,,-80.3945585,27.63843846,,,,,,,,,,,
892,VERO BEACH,INDIAN RIVER,,,,DISASTER RECOVERY CENTER,,,,,-80.37209754,27.69226956,,,,,,,,,,,
893,SEBASTIAN,INDIAN RIVER,,,,DISASTER RECOVERY CENTER,,,,,-80.52059125,27.76888412,,,,,,,,,,,
894,SEBASTIAN,INDIAN RIVER,,,,DISASTER RECOVERY CENTER,,,,,-80.4768618,27.80415584,,,,,,,,,,,
895,SEBASTIAN,INDIAN RIVER,,,,DISASTER RECOVERY CENTER,,,,,-80.49730059,27.77795554,,,,,,,,,,,
896,SEBASTIAN,INDIAN RIVER,,,,DISASTER RECOVERY CENTER,,,,,-80.52097929,27.76846288,,,,,,,,,,,
897,SEBASTIAN,INDIAN RIVER,,,,DISASTER RECOVERY CENTER,,,,,-80.48753693,27.77892187,,,,,,,,,,,
898,SEBASTIAN,INDIAN RIVER,,,,DISASTER RECOVERY CENTER,,,,,-80.47474208,27.81743752,,,,,,,,,,,
899,FELLSMERE,INDIAN RIVER,,,,DISASTER RECOVERY CENTER,,,,,-80.60289661,27.76685289,,,,,,,,,,,
900,FELLSMERE,INDIAN RIVER,,,,DISASTER RECOVERY CENTER,,,,,-80.59117334,27.76841611,,,,,,,,,,,
901,MARIANNA,JACKSON,,,,DISASTER RECOVERY CENTER,,,,,-85.29417336,30.7825781,,,,,,,,,,,
902,MARIANNA,JACKSON,,,,DISASTER RECOVERY CENTER,,,,,-85.22541532,30.77345764,,,,,,,,,,,
903,MAYO,LAFAYETTE,,,,DISASTER RECOVERY CENTER,,,,,-83.18427025,30.05563098,,,,,,,,,,,
904,MAYO,LAFAYETTE,,,,DISASTER RECOVERY CENTER,,,,,-83.17499631,30.05414177,,,,,,,,,,,
905,DAY,LAFAYETTE,,,,DISASTER RECOVERY CENTER,,,,,-83.29207189,30.19571427,,,,,,,,,,,
906,LEESBURG,LAKE,,,,DISASTER RECOVERY CENTER,,,,,-81.8745367,28.80642253,,,,,,,,,,,
907,LEESBURG,LAKE,,,,DISASTER RECOVERY CENTER,,,,,-81.7863053,28.8253885,,,,,,,,,,,
908,GROVELAND,LAKE,,,,DISASTER RECOVERY CENTER,,,,,-81.85667472,28.55945216,,,,,,,,,,,
909,MOUNT DORA,LAKE,,,,DISASTER RECOVERY CENTER,,,,,-81.653079,28.815049,,,,,,,,,,,
910,BONITA SPRINGS,LEE,,,,DISASTER RECOVERY CENTER,,,,,-81.78653668,26.34857328,,,,,,,,,,,
911,FORT MYERS,LEE,,,,DISASTER RECOVERY CENTER,,,,,-81.81419912,26.47196165,,,,,,,,,,,
912,FORT MYERS,LEE,,,,DISASTER RECOVERY CENTER,,,,,,,,,,,,,,,,,
914,FORT MYERS,LEE,,,,DISASTER RECOVERY CENTER,,,,,-81.85238064,26.63314568,,,,,,,,,,,
915,CAPE CORAL,LEE,,,,DISASTER RECOVERY CENTER,,,,,-81.97584957,26.64205647,,,,,,,,,,,
916,FORT MYERS BEACH,LEE,,,,DISASTER RECOVERY CENTER,,,,,,,,,,,,,,,,,
917,SANIBEL-CAPTIVA,LEE,,,,DISASTER RECOVERY CENTER,,,,,,,,,,,,,,,,,
918,TALLAHASSEE,LEON,,,,DISASTER RECOVERY CENTER,,,,,-84.29262105,30.41769624,,,,,,,,,,,
919,TALLAHASSEE,LEON,,,,DISASTER RECOVERY CENTER,,,,,-84.28373187,30.44263997,,,,,,,,,,,
920,TALLAHASSEE,LEON,,,,DISASTER RECOVERY CENTER,,,,,-84.27434275,30.45338624,,,,,,,,,,,
921,TALLAHASSEE,LEON,,,,DISASTER RECOVERY CENTER,,,,,-84.28499329,30.47555545,,,,,,,,,,,
922,CHIEFLAND,LEVY,,,,DISASTER RECOVERY CENTER,,,,,-82.87928743,29.50626796,,,,,,,,,,,
923,CHIEFLAND,LEVY,,,,DISASTER RECOVERY CENTER,,,,,-82.8646847,29.4750076,,,,,,,,,,,
924,BRONSON,LEVY,,,,DISASTER RECOVERY CENTER,,,,,-82.64967199,29.45185642,,,,,,,,,,,
925,ALVA,LEVY,,,,DISASTER RECOVERY CENTER,,,,,,,,,,,,,,,,,
926,INGLIS,LEVY,,,,DISASTER RECOVERY CENTER,,,,,-82.67273684,29.03287196,,,,,,,,,,,
927,HOSFORD,LIBERTY,,,,DISASTER RECOVERY CENTER,,,,,-84.77721546,30.39561635,,,,,,,,,,,
928,HOSFORD,LIBERTY,,,,DISASTER RECOVERY CENTER,,,,,-84.81853271,30.3642363,,,,,,,,,,,
929,BRISTOL,LIBERTY,,,,DISASTER RECOVERY CENTER,,,,,-84.98118871,30.42230426,,,,,,,,,,,
930,MADISON,MADISON,,,,DISASTER RECOVERY CENTER,,,,,-83.41922235,30.47336429,,,,,,,,,,,
931,MADISON,MADISON,,,,DISASTER RECOVERY CENTER,,,,,-83.41242917,30.46834871,,,,,,,,,,,
934,PALMETTO,MANATEE,,,,DISASTER RECOVERY CENTER,,,,,-82.56165036,27.5149873,,,,,,,,,,,
935,BRADENTON,MANATEE,,,,DISASTER RECOVERY CENTER,,,,,-82.61935451,27.4675472,,,,,,,,,,,
936,STUART,MARTIN,,,,DISASTER RECOVERY CENTER,,,,,-80.22355465,27.19450341,,,,,,,,,,,
937,STUART,MARTIN,,,,DISASTER RECOVERY CENTER,,,,,-80.22062692,27.13418717,,,,,,,,,,,
938,STUART,MARTIN,,,,DISASTER RECOVERY CENTER,,,,,-80.20711687,27.14625385,,,,,,,,,,,
939,JENSEN BEACH,MARTIN,,,,DISASTER RECOVERY CENTER,,,,,-80.22184696,27.22446315,,,,,,,,,,,
940,MIAMI,MIAMI-DADE,,,,DISASTER RECOVERY CENTER,,,,,-80.2332158,25.82526356,,,,,,,,,,,
941,MIAMI,MIAMI-DADE,,,,DISASTER RECOVERY CENTER,,,,,-80.3770925,25.5655427,,,,,,,,,,,
942,MIAMI,MIAMI-DADE,,,,DISASTER RECOVERY CENTER,,,,,-80.4419358,25.6716959,,,,,,,,,,,
943,MIAMI,MIAMI-DADE,,,,DISASTER RECOVERY CENTER,,,,,-80.235407,25.837905,,,,,,,,,,,
944,MIAMI,MIAMI-DADE,,,,DISASTER RECOVERY CENTER,,,,,-80.3740533,25.673736,,,,,,,,,,,
945,MIAMI,MIAMI-DADE,,,,DISASTER RECOVERY CENTER,,,,,-80.37076382,25.7482696,,,,,,,,,,,
946,MIAMI ,MIAMI-DADE,,,,DISASTER RECOVERY CENTER,,,,,-80.1966621,25.7752529,,,,,,,,,,,
947,MARATHON,MONROE,,,,DISASTER RECOVERY CENTER,,,,,-81.02700239,24.72926148,,,,,,,,,,,
948,MARATHON,MONROE,,,,DISASTER RECOVERY CENTER,,,,,-81.04964044,24.72554452,,,,,,,,,,,
949,MARATHON,MONROE,,,,DISASTER RECOVERY CENTER,,,,,,,,,,,,,,,,,
950,BIG PINE KEY,MONROE,,,,DISASTER RECOVERY CENTER,,,,,-81.34287723,24.6680364,,,,,,,,,,,
951,BIG PINE KEY,MONROE,,,,DISASTER RECOVERY CENTER,,,,,-81.3585225,24.66870971,,,,,,,,,,,
952,BIG PINE KEY,MONROE,,,,DISASTER RECOVERY CENTER,,,,,-81.35455496,24.66929155,,,,,,,,,,,
953,BIG PINE KEY,MONROE,,,,DISASTER RECOVERY CENTER,,,,,-81.35974257,24.6744899,,,,,,,,,,,
954,BIG PINE KEY,MONROE,,,,DISASTER RECOVERY CENTER,,,,,-81.35600169,24.67508763,,,,,,,,,,,
955,ISLAMORADA,MONROE,,,,DISASTER RECOVERY CENTER,,,,,-80.63675808,24.91753414,,,,,,,,,,,
956,KEY LARGO,MONROE,,,,DISASTER RECOVERY CENTER,,,,,-80.38317406,25.162041,,,,,,,,,,,
957, ,MONROE,,,,DISASTER RECOVERY CENTER,,,,,-81.801428,24.556142,,,,,,,,,,,
958,KEY WEST,MONROE,,,,DISASTER RECOVERY CENTER,,,,,-81.76450403,24.56117346,,,,,,,,,,,
959,KEY WEST,MONROE,,,,DISASTER RECOVERY CENTER,,,,,-81.76562295,24.56159055,,,,,,,,,,,
960,KEY WEST,MONROE,,,,DISASTER RECOVERY CENTER,,,,,-81.7868118,24.55812877,,,,,,,,,,,
962,FERNANDINA BEACH,NASSAU,,,,DISASTER RECOVERY CENTER,,,,,-81.45774946,30.66396317,,,,,,,,,,,
963,BRYCEVILLE,NASSAU,,,,DISASTER RECOVERY CENTER,,,,,-81.93478845,30.39213612,,,,,,,,,,,
964,YULEE,NASSAU,,,,DISASTER RECOVERY CENTER,,,,,-81.63018519,30.61265568,,,,,,,,,,,
965,FORT WALTON BEACH,OKALOOSA,,,,DISASTER RECOVERY CENTER,,,,,-86.630751,30.409519,,,,,,,,,,,
966,FORT WALTON BEACH,OKALOOSA,,,,DISASTER RECOVERY CENTER,,,,,-86.61881066,30.4073103,,,,,,,,,,,
967,FORT WALTON BEACH,OKALOOSA,,,,DISASTER RECOVERY CENTER,,,,,-86.623288,30.416011,,,,,,,,,,,
968,CRESTVIEW,OKALOOSA,,,,DISASTER RECOVERY CENTER,,,,,-86.5603672,30.77493836,,,,,,,,,,,
969,OKEECHOBEE,OKEECHOBEE,,,,DISASTER RECOVERY CENTER,,,,,-80.828219,27.222429,,,,,,,,,,,
970,OKEECHOBEE,OKEECHOBEE,,,,DISASTER RECOVERY CENTER,,,,,-80.83716658,27.24854672,,,,,,,,,,,
971,ORLANDO,ORANGE,,,,DISASTER RECOVERY CENTER,,,,,-81.40559183,28.57132923,,,,,,,,,,,
972,ORLANDO,ORANGE,,,,DISASTER RECOVERY CENTER,,,,,-81.2586641,28.496899,,,,,,,,,,,
973,ORLANDO,ORANGE,,,,DISASTER RECOVERY CENTER,,,,,-81.28696303,28.56564319,,,,,,,,,,,
974,ORLANDO,ORANGE,,,,DISASTER RECOVERY CENTER,,,,,-81.4593172,28.5207777,,,,,,,,,,,
975,ORLANDO,ORANGE,,,,DISASTER RECOVERY CENTER,,,,,-81.46481018,28.52120108,,,,,,,,,,,
976, ,ORANGE,,,,DISASTER RECOVERY CENTER,,,,,-81.384251,28.548938,,,,,,,,,,,
977,APOPKA,ORANGE,,,,DISASTER RECOVERY CENTER,,,,,-81.5077884,28.6999381,,,,,,,,,,,
978,SAINT CLOUD,OSCEOLA,,,,DISASTER RECOVERY CENTER,,,,,-81.30611619,28.24045522,,,,,,,,,,,
979,SAINT CLOUD,OSCEOLA,,,,DISASTER RECOVERY CENTER,,,,,-81.30682115,28.24175382,,,,,,,,,,,
980,SAINT CLOUD,OSCEOLA,,,,DISASTER RECOVERY CENTER,,,,,-81.27864825,28.24678063,,,,,,,,,,,
981,KISSIMMEE,OSCEOLA,,,,DISASTER RECOVERY CENTER,,,,,-81.40378618,28.29190882,,,,,,,,,,,
982,KISSIMMEE,OSCEOLA,,,,DISASTER RECOVERY CENTER,,,,,-81.32907323,28.25411775,,,,,,,,,,,
983,KISSIMMEE,OSCEOLA,,,,DISASTER RECOVERY CENTER,,,,,-81.35123052,28.3309511,,,,,,,,,,,
984,KISSIMMEE,OSCEOLA,,,,DISASTER RECOVERY CENTER,,,,,-81.35231779,28.32714554,,,,,,,,,,,
985,KISSIMMEE,OSCEOLA,,,,DISASTER RECOVERY CENTER,,,,,-81.35296567,28.33322544,,,,,,,,,,,
986,KISSIMMEE,OSCEOLA,,,,DISASTER RECOVERY CENTER,,,,,-81.43934433,28.27548893,,,,,,,,,,,
987,KISSIMMEE,OSCEOLA,,,,DISASTER RECOVERY CENTER,,,,,-81.4527537,28.15129753,,,,,,,,,,,
988,KISSIMMEE ,OSCEOLA,,,,DISASTER RECOVERY CENTER,,,,,-81.3690206,28.29895,,,,,,,,,,,
989,BELLE GLADE,PALM BEACH,,,,DISASTER RECOVERY CENTER,,,,,-80.66890547,26.68126415,,,,,,,,,,,
990,BOYNTON BEACH,PALM BEACH,,,,DISASTER RECOVERY CENTER,,,,,-80.06753317,26.53807787,,,,,,,,,,,
991,WEST PALM BEACH,PALM BEACH,,,,DISASTER RECOVERY CENTER,,,,,-80.23828733,26.65310123,,,,,,,,,,,
992,JUPITER,PALM BEACH,,,,DISASTER RECOVERY CENTER,,,,,-80.10312746,26.93175506,,,,,,,,,,,
993,SAN ANTONIO,PASCO,,,,DISASTER RECOVERY CENTER,,,,,-82.2738538,28.3315363,,,,,,,,,,,
994,LAND O LAKES,PASCO,,,,DISASTER RECOVERY CENTER,,,,,-82.43215936,28.19933183,,,,,,,,,,,
995,NEW PORT RICHEY,PASCO,,,,DISASTER RECOVERY CENTER,,,,,-82.72098333,28.22366042,,,,,,,,,,,
996,ODESSA,PASCO,,,,DISASTER RECOVERY CENTER,,,,,-82.5445054,28.186408,,,,,,,,,,,
997,DADE CITY,PASCO,,,,DISASTER RECOVERY CENTER,,,,,-82.19820333,28.36026164,,,,,,,,,,,
998,PORT RICHEY,PASCO,,,,DISASTER RECOVERY CENTER,,,,,-82.68193543,28.28313703,,,,,,,,,,,
999,PALM HARBOR,PINELLAS,,,,DISASTER RECOVERY CENTER,,,,,-82.757264,28.081597,,,,,,,,,,,
1000,PALM HARBOR,PINELLAS,,,,DISASTER RECOVERY CENTER,,,,,-82.74040191,28.06778076,,,,,,,,,,,
1001,LARGO,PINELLAS,,,,DISASTER RECOVERY CENTER,,,,,-82.812445,27.885659,,,,,,,,,,,
1002,CLEARWATER,PINELLAS,,,,DISASTER RECOVERY CENTER,,,,,-82.71134081,27.89742955,,,,,,,,,,,
1003,PINELLAS PARK,PINELLAS,,,,DISASTER RECOVERY CENTER,,,,,-82.71424358,27.83958364,,,,,,,,,,,
1004,WINTER HAVEN,POLK,,,,DISASTER RECOVERY CENTER,,,,,-81.8347,28.0,,,,,,,,,,,
1005,WINTER HAVEN,POLK,,,,DISASTER RECOVERY CENTER,,,,,-81.805739,27.999999,,,,,,,,,,,
1006,BARTOW,POLK,,,,DISASTER RECOVERY CENTER,,,,,-81.84439,27.872499,,,,,,,,,,,
1007,BARTOW,POLK,,,,DISASTER RECOVERY CENTER,,,,,-81.8263123,27.9130634,,,,,,,,,,,
1008,BARTOW,POLK,,,,DISASTER RECOVERY CENTER,,,,,-81.82790688,27.87784098,,,,,,,,,,,
1009,LAKELAND,POLK,,,,DISASTER RECOVERY CENTER,,,,,-81.962939,28.041849,,,,,,,,,,,
1010,LAKE WALES,POLK,,,,DISASTER RECOVERY CENTER,,,,,-81.615869,27.95411,,,,,,,,,,,
1011,PALATKA,PUTNAM,,,,DISASTER RECOVERY CENTER,,,,,-81.68131598,29.64664699,,,,,,,,,,,
1012,PALATKA,PUTNAM,,,,DISASTER RECOVERY CENTER,,,,,-81.65679755,29.6386719,,,,,,,,,,,
1013,PALATKA,PUTNAM,,,,DISASTER RECOVERY CENTER,,,,,-81.68366129,29.64276461,,,,,,,,,,,
1014,MELROSE,PUTNAM,,,,DISASTER RECOVERY CENTER,,,,,-82.04565211,29.7124836,,,,,,,,,,,
1015,INTERLACHEN,PUTNAM,,,,DISASTER RECOVERY CENTER,,,,,-81.88712461,29.63236699,,,,,,,,,,,
1016,INTERLACHEN,PUTNAM,,,,DISASTER RECOVERY CENTER,,,,,-81.88382025,29.61836732,,,,,,,,,,,
1017,EAST PALATKA,PUTNAM,,,,DISASTER RECOVERY CENTER,,,,,-81.58945328,29.64309192,,,,,,,,,,,
1018,CRESCENT CITY,PUTNAM,,,,DISASTER RECOVERY CENTER,,,,,-81.51024178,29.43845174,,,,,,,,,,,
1019,SAINT AUGUSTINE,ST. JOHNS,,,,DISASTER RECOVERY CENTER,,,,,-81.31023,29.876419,,,,,,,,,,,
1020,SAINT AUGUSTINE,ST. JOHNS,,,,DISASTER RECOVERY CENTER,,,,,-81.41005435,29.90487222,,,,,,,,,,,
1021,SAINT AUGUSTINE,ST. JOHNS,,,,DISASTER RECOVERY CENTER,,,,,-81.46772632,29.98977575,,,,,,,,,,,
1023,SAINT AUGUSTINE,ST. JOHNS,,,,DISASTER RECOVERY CENTER,,,,,-81.31856718,29.89771618,,,,,,,,,,,
1026,St Augustine,ST. JOHNS,,,,DISASTER RECOVERY CENTER,,,,,-81.31285696,29.87918265,,,,,,,,,,,
1027,ST AUGUSTINE,ST. JOHNS,,,,DISASTER RECOVERY CENTER,,,,,-81.41189761,29.90577551,,,,,,,,,,,
1028,PORT SAINT LUCIE,ST. LUCIE,,,,DISASTER RECOVERY CENTER,,,,,-80.37105953,27.24628912,,,,,,,,,,,
1029,PORT SAINT LUCIE,ST. LUCIE,,,,DISASTER RECOVERY CENTER,,,,,-80.39765413,27.31570165,,,,,,,,,,,
1030,PORT SAINT LUCIE,ST. LUCIE,,,,DISASTER RECOVERY CENTER,,,,,-80.40223745,27.32137321,,,,,,,,,,,
1031,PORT SAINT LUCIE,ST. LUCIE,,,,DISASTER RECOVERY CENTER,,,,,-80.289513,27.293891,,,,,,,,,,,
1032,FORT PIERCE,ST. LUCIE,,,,DISASTER RECOVERY CENTER,,,,,-80.32841695,27.39056664,,,,,,,,,,,
1033,FORT PIERCE,ST. LUCIE,,,,DISASTER RECOVERY CENTER,,,,,-80.35525506,27.3733673,,,,,,,,,,,
1034,FORT PIERCE,ST. LUCIE,,,,DISASTER RECOVERY CENTER,,,,,-80.33504825,27.46930162,,,,,,,,,,,
1035,FORT PIERCE,ST. LUCIE,,,,DISASTER RECOVERY CENTER,,,,,-80.3962884,27.43244714,,,,,,,,,,,
1036,FORT PIERCE,ST. LUCIE,,,,DISASTER RECOVERY CENTER,,,,,-80.37052516,27.42733743,,,,,,,,,,,
1037,JAY,SANTA ROSA,,,,DISASTER RECOVERY CENTER,,,,,-87.16038854,30.95185224,,,,,,,,,,,
1038,GULF BREEZE,SANTA ROSA,,,,DISASTER RECOVERY CENTER,,,,,-87.17759243,30.35477839,,,,,,,,,,,
1039,MILTON,SANTA ROSA,,,,DISASTER RECOVERY CENTER,,,,,-87.07538257,30.60494817,,,,,,,,,,,
1040,MILTON,SANTA ROSA,,,,DISASTER RECOVERY CENTER,,,,,-87.050275,30.615546,,,,,,,,,,,
1041,ENGLEWOOD,SARASOTA,,,,DISASTER RECOVERY CENTER,,,,,-82.3508135,26.9552458,,,,,,,,,,,
1042,VENICE,SARASOTA,,,,DISASTER RECOVERY CENTER,,,,,-82.4506914,27.09930745,,,,,,,,,,,
1043,VENICE,SARASOTA,,,,DISASTER RECOVERY CENTER,,,,,-82.40051963,27.04897368,,,,,,,,,,,
1044,SARASOTA,SARASOTA,,,,DISASTER RECOVERY CENTER,,,,,-82.43888146,27.26616894,,,,,,,,,,,
1045,SANFORD,SEMINOLE,,,,DISASTER RECOVERY CENTER,,,,,-81.2663827,28.81233981,,,,,,,,,,,
1046,SANFORD,SEMINOLE,,,,DISASTER RECOVERY CENTER,,,,,-81.29913654,28.74319162,,,,,,,,,,,
1047,LAKE MARY,SEMINOLE,,,,DISASTER RECOVERY CENTER,,,,,-81.33927291,28.73440426,,,,,,,,,,,
1048,OVIEDO,SEMINOLE,,,,DISASTER RECOVERY CENTER,,,,,-81.20366416,28.67540121,,,,,,,,,,,
1049,LONGWOOD,SEMINOLE,,,,DISASTER RECOVERY CENTER,,,,,-81.44586922,28.69394939,,,,,,,,,,,
1050,LADY LAKE,SUMTER,,,,DISASTER RECOVERY CENTER,,,,,-82.00241686,28.92660732,,,,,,,,,,,
1051,LADY LAKE,SUMTER,,,,DISASTER RECOVERY CENTER,,,,,-81.99893155,28.95137574,,,,,,,,,,,
1052,WILDWOOD,SUMTER,,,,DISASTER RECOVERY CENTER,,,,,-82.0411389,28.85855802,,,,,,,,,,,
1053,BUSHNELL,SUMTER,,,,DISASTER RECOVERY CENTER,,,,,-82.1130428,28.6762515,,,,,,,,,,,
1054,FRUITLAND PARK,SUMTER,,,,DISASTER RECOVERY CENTER,,,,,-81.96126357,28.86596232,,,,,,,,,,,
1055,LAKE PANASOFFKEE,SUMTER,,,,DISASTER RECOVERY CENTER,,,,,-82.13029796,28.77536619,,,,,,,,,,,
1056,BRANFORD,SUWANNEE,,,,DISASTER RECOVERY CENTER,,,,,-82.92465726,29.96397938,,,,,,,,,,,
1057,BRANFORD,SUWANNEE,,,,DISASTER RECOVERY CENTER,,,,,-82.91850739,29.96393536,,,,,,,,,,,
1058,LIVE OAK,SUWANNEE,,,,DISASTER RECOVERY CENTER,,,,,-82.99525199,30.28345612,,,,,,,,,,,
1059,PERRY,TAYLOR,,,,DISASTER RECOVERY CENTER,,,,,-83.57446774,30.07753363,,,,,,,,,,,
1060,STEINHATCHEE,TAYLOR,,,,DISASTER RECOVERY CENTER,,,,,-83.37577975,29.67330753,,,,,,,,,,,
1061,LAKE BUTLER,UNION,,,,DISASTER RECOVERY CENTER,,,,,-82.42430137,29.92897507,,,,,,,,,,,
1062,LAKE BUTLER,UNION,,,,DISASTER RECOVERY CENTER,,,,,-82.54620645,30.00245533,,,,,,,,,,,
1063,LAKE BUTLER,UNION,,,,DISASTER RECOVERY CENTER,,,,,-82.33932259,30.01761176,,,,,,,,,,,
1064,RAIFORD,UNION,,,,DISASTER RECOVERY CENTER,,,,,-82.23941383,30.06166161,,,,,,,,,,,
1065,DELAND,VOLUSIA,,,,DISASTER RECOVERY CENTER,,,,,-81.22439,29.017329,,,,,,,,,,,
1066,DELAND,VOLUSIA,,,,DISASTER RECOVERY CENTER,,,,,-81.24315502,29.01199289,,,,,,,,,,,
1067,ORANGE CITY,VOLUSIA,,,,DISASTER RECOVERY CENTER,,,,,-81.28114,28.913247,,,,,,,,,,,
1068,DAYTONA BEACH,VOLUSIA,,,,DISASTER RECOVERY CENTER,,,,,-81.00019841,29.16581662,,,,,,,,,,,
1069,LAUREL HILL,WALTON,,,,DISASTER RECOVERY CENTER,,,,,-86.30326154,30.97294198,,,,,,,,,,,
1070,FREEPORT,WALTON,,,,DISASTER RECOVERY CENTER,,,,,-86.13366832,30.50020272,,,,,,,,,,,
1071,SANTA ROSA BEACH,WALTON,,,,DISASTER RECOVERY CENTER,,,,,-86.181976,30.371163,,,,,,,,,,,
1072,CHIPLEY,WASHINGTON,,,,DISASTER RECOVERY CENTER,,,,,-85.553032,30.742533,,,,,,,,,,,
1073,CHIPLEY,WASHINGTON,,,,DISASTER RECOVERY CENTER,,,,,-85.58884705,30.63668744,,,,,,,,,,,
1074,CARYVILLE,WASHINGTON,,,,DISASTER RECOVERY CENTER,,,,,-85.761477,30.70089,,,,,,,,,,,
1075,EBRO,WASHINGTON,,,,DISASTER RECOVERY CENTER,,,,,-85.87325982,30.44049408,,,,,,,,,,,
1076, ,,,,,PRIVATE SCHOOL,,,,,,,-82.15473799,27.08450502,,,,,,,,,
1077, ,,,,,PRIVATE SCHOOL,,,,,,,-82.24169363,27.05057803,,,,,,,,,
1078, ,,,,,PRIVATE SCHOOL,,,,,,,-80.2978549,27.3582912,,,,,,,,,
1079,Pembroke Pines,,,,,PRIVATE SCHOOL,,,,,,,-80.24848339,26.03458718,,,,,,,,,
1081,ALACHUA,ALACHUA,,,,PRIVATE SCHOOL,,,,,,,-82.58163335,29.74132711,,,,,,,,,
1082,ALACHUA,ALACHUA,,,,PRIVATE SCHOOL,,,,,,,-82.49651172,29.79171084,,,,,,,,,
1083,ALACHUA,ALACHUA,,,,PRIVATE SCHOOL,,,,,,,-82.46759474,29.81387364,,,,,,,,,
1084,ALACHUA,ALACHUA,,,,PRIVATE SCHOOL,,,,,,,-82.46346107,29.82877747,,,,,,,,,
1085,GAINESVILLE,ALACHUA,,,,PRIVATE SCHOOL,,,,,,,-82.3810713,29.67179184,,,,,,,,,
1086,GAINESVILLE,ALACHUA,,,,PRIVATE SCHOOL,,,,,,,-82.35235889,29.6879286,,,,,,,,,
1087,GAINESVILLE,ALACHUA,,,,PRIVATE SCHOOL,,,,,,,-82.45877345,29.68979002,,,,,,,,,
1088,GAINESVILLE,ALACHUA,,,,PRIVATE SCHOOL,,,,,,,-82.43426439,29.68820256,,,,,,,,,
1089,GAINESVILLE,ALACHUA,,,,PRIVATE SCHOOL,,,,,,,-82.32004901,29.66717034,,,,,,,,,
1090,GAINESVILLE,ALACHUA,,,,PRIVATE SCHOOL,,,,,,,-82.37618372,29.65990736,,,,,,,,,
1091,GAINESVILLE,ALACHUA,,,,PRIVATE SCHOOL,,,,,,,-82.45875693,29.63205699,,,,,,,,,
1092,GAINESVILLE,ALACHUA,,,,PRIVATE SCHOOL,,,,,,,-82.18792245,29.64259528,,,,,,,,,
1093,GAINESVILLE,ALACHUA,,,,PRIVATE SCHOOL,,,,,,,-82.46665211,29.69276366,,,,,,,,,
1094,GAINESVILLE,ALACHUA,,,,PRIVATE SCHOOL,,,,,,,-82.31454974,29.63825738,,,,,,,,,
1095,GAINESVILLE,ALACHUA,,,,PRIVATE SCHOOL,,,,,,,-82.33745848,29.66402702,,,,,,,,,
1096,GAINESVILLE,ALACHUA,,,,PRIVATE SCHOOL,,,,,,,-82.42511531,29.63920385,,,,,,,,,
1097,GAINESVILLE,ALACHUA,,,,PRIVATE SCHOOL,,,,,,,-82.36831394,29.68113347,,,,,,,,,
1098,GAINESVILLE,ALACHUA,,,,PRIVATE SCHOOL,,,,,,,-82.37297169,29.66558166,,,,,,,,,
1099,GAINESVILLE,ALACHUA,,,,PRIVATE SCHOOL,,,,,,,-82.40039604,29.66292733,,,,,,,,,
1100,ALACHUA ,ALACHUA,,,,PRIVATE SCHOOL,,,,,,,-82.49394358,29.78868195,,,,,,,,,
1101,MICANOPY,ALACHUA,,,,PRIVATE SCHOOL,,,,,,,-82.32195583,29.53702506,,,,,,,,,
1102,MICANOPY,ALACHUA,,,,PRIVATE SCHOOL,,,,,,,-82.28988664,29.50482333,,,,,,,,,
1103,HIGH SPRINGS,ALACHUA,,,,PRIVATE SCHOOL,,,,,,,-82.60522473,29.85047792,,,,,,,,,
1104,ARCHER,ALACHUA,,,,PRIVATE SCHOOL,,,,,,,-82.52570519,29.53212861,,,,,,,,,
1105,GAINESVILLE ,ALACHUA,,,,PRIVATE SCHOOL,,,,,,,-82.43513297,29.67501563,,,,,,,,,
1106,GAINESVILLE ,ALACHUA,,,,PRIVATE SCHOOL,,,,,,,-82.41514324,29.63203679,,,,,,,,,
1107,GAINESVILLE ,ALACHUA,,,,PRIVATE SCHOOL,,,,,,,-82.36783211,29.59956449,,,,,,,,,
1108,GAINESVILLE ,ALACHUA,,,,PRIVATE SCHOOL,,,,,,,-82.29987641,29.66971976,,,,,,,,,
1109,GAINESVILLE ,ALACHUA,,,,PRIVATE SCHOOL,,,,,,,-82.42711136,29.63878578,,,,,,,,,
1110,GAINESVILLE ,ALACHUA,,,,PRIVATE SCHOOL,,,,,,,-82.33114146,29.67700308,,,,,,,,,
1111,ARCHER ,ALACHUA,,,,PRIVATE SCHOOL,,,,,,,-82.50630726,29.54080761,,,,,,,,,
1112,MACCLENNY ,BAKER,,,,PRIVATE SCHOOL,,,,,,,-82.12343464,30.28535733,,,,,,,,,
1113,MACCLENNY ,BAKER,,,,PRIVATE SCHOOL,,,,,,,-82.12285256,30.2819787,,,,,,,,,
1114,PANAMA CITY ,BAY,,,,PRIVATE SCHOOL,,,,,,,-85.62758391,30.15344417,,,,,,,,,
1115,PANAMA CITY ,BAY,,,,PRIVATE SCHOOL,,,,,,,-85.66185924,30.15679371,,,,,,,,,
1116,PANAMA CITY ,BAY,,,,PRIVATE SCHOOL,,,,,,,-85.66567498,30.17917674,,,,,,,,,
1117,PANAMA CITY ,BAY,,,,PRIVATE SCHOOL,,,,,,,-85.68290064,30.19746254,,,,,,,,,
1118,PANAMA CITY ,BAY,,,,PRIVATE SCHOOL,,,,,,,-85.67010519,30.2088716,,,,,,,,,
1119,PANAMA CITY,BAY,,,,PRIVATE SCHOOL,,,,,,,-85.58987816,30.12954755,,,,,,,,,
1120,PANAMA CITY,BAY,,,,PRIVATE SCHOOL,,,,,,,-85.6546434,30.16733735,,,,,,,,,
1121,PANAMA CITY,BAY,,,,PRIVATE SCHOOL,,,,,,,-85.67415452,30.16874608,,,,,,,,,
1122,PANAMA CITY,BAY,,,,PRIVATE SCHOOL,,,,,,,-85.64964605,30.14672545,,,,,,,,,
1123,PANAMA CITY,BAY,,,,PRIVATE SCHOOL,,,,,,,-85.68888947,30.16721944,,,,,,,,,
1124,PANAMA CITY,BAY,,,,PRIVATE SCHOOL,,,,,,,-85.69094021,30.1917967,,,,,,,,,
1125,PANAMA CITY,BAY,,,,PRIVATE SCHOOL,,,,,,,-85.6467417,30.15062997,,,,,,,,,
1126,PANAMA CITY,BAY,,,,PRIVATE SCHOOL,,,,,,,-85.65387345,30.16727882,,,,,,,,,
1127,PANAMA CITY BEACH,BAY,,,,PRIVATE SCHOOL,,,,,,,-85.79358437,30.18914981,,,,,,,,,
1128,STARKE,BRADFORD,,,,PRIVATE SCHOOL,,,,,,,-82.04691653,29.8258406,,,,,,,,,
1129,STARKE,BRADFORD,,,,PRIVATE SCHOOL,,,,,,,-82.10353144,29.96816066,,,,,,,,,
1130,STARKE,BRADFORD,,,,PRIVATE SCHOOL,,,,,,,-82.16763032,30.04043422,,,,,,,,,
1131,LAWTEY ,BRADFORD,,,,PRIVATE SCHOOL,,,,,,,-82.07494992,30.04764524,,,,,,,,,
1132,STARKE ,BRADFORD,,,,PRIVATE SCHOOL,,,,,,,-82.08104386,29.96752098,,,,,,,,,
1133,STARKE ,BRADFORD,,,,PRIVATE SCHOOL,,,,,,,-82.0817106,29.9512494,,,,,,,,,
1134,MELBOURNE,BREVARD,,,,PRIVATE SCHOOL,,,,,,,-80.66962406,28.20793175,,,,,,,,,
1135,MELBOURNE,BREVARD,,,,PRIVATE SCHOOL,,,,,,,-80.68905341,28.12597714,,,,,,,,,
1136,MELBOURNE,BREVARD,,,,PRIVATE SCHOOL,,,,,,,-80.66783913,28.2014235,,,,,,,,,
1137,MELBOURNE,BREVARD,,,,PRIVATE SCHOOL,,,,,,,-80.61970127,28.05782356,,,,,,,,,
1138,MELBOURNE,BREVARD,,,,PRIVATE SCHOOL,,,,,,,-80.6306566,28.12662874,,,,,,,,,
1139,MELBOURNE,BREVARD,,,,PRIVATE SCHOOL,,,,,,,-80.67311485,28.18019211,,,,,,,,,
1140,MELBOURNE,BREVARD,,,,PRIVATE SCHOOL,,,,,,,-80.62870114,28.07948677,,,,,,,,,
1141,MELBOURNE,BREVARD,,,,PRIVATE SCHOOL,,,,,,,-80.62769924,28.12734669,,,,,,,,,
1142,MELBOURNE,BREVARD,,,,PRIVATE SCHOOL,,,,,,,-80.62452778,28.07051878,,,,,,,,,
1143,MELBOURNE,BREVARD,,,,PRIVATE SCHOOL,,,,,,,-80.61833012,28.09629654,,,,,,,,,
1144,MELBOURNE,BREVARD,,,,PRIVATE SCHOOL,,,,,,,-80.60939458,28.07108561,,,,,,,,,
1145,MELBOURNE,BREVARD,,,,PRIVATE SCHOOL,,,,,,,-80.64182537,28.15570702,,,,,,,,,
1146,MELBOURNE,BREVARD,,,,PRIVATE SCHOOL,,,,,,,-80.67153316,28.19449633,,,,,,,,,
1147,MELBOURNE,BREVARD,,,,PRIVATE SCHOOL,,,,,,,-80.66241778,28.13743567,,,,,,,,,
1148,MELBOURNE,BREVARD,,,,PRIVATE SCHOOL,,,,,,,-80.65297953,28.07953551,,,,,,,,,
1149,MELBOURNE,BREVARD,,,,PRIVATE SCHOOL,,,,,,,-80.64206909,28.13314557,,,,,,,,,
1150,MELBOURNE,BREVARD,,,,PRIVATE SCHOOL,,,,,,,-80.69916688,28.12159377,,,,,,,,,
1151,MELBOURNE,BREVARD,,,,PRIVATE SCHOOL,,,,,,,-80.61360736,28.082734,,,,,,,,,
1152,MELBOURNE,BREVARD,,,,PRIVATE SCHOOL,,,,,,,-80.67435839,28.21439367,,,,,,,,,
1153,MELBOURNE,BREVARD,,,,PRIVATE SCHOOL,,,,,,,-80.63876437,28.07584887,,,,,,,,,
1154,MELBOURNE,BREVARD,,,,PRIVATE SCHOOL,,,,,,,-80.67017996,28.07744297,,,,,,,,,
1155,MELBOURNE,BREVARD,,,,PRIVATE SCHOOL,,,,,,,-80.62538926,28.07900094,,,,,,,,,
1156,MELBOURNE,BREVARD,,,,PRIVATE SCHOOL,,,,,,,-80.66038903,28.07938834,,,,,,,,,
1157,MELBOURNE ,BREVARD,,,,PRIVATE SCHOOL,,,,,,,-80.67211428,28.12579189,,,,,,,,,
1158,MELBOURNE ,BREVARD,,,,PRIVATE SCHOOL,,,,,,,-80.6713158,28.19020996,,,,,,,,,
1159,MELBOURNE ,BREVARD,,,,PRIVATE SCHOOL,,,,,,,-80.63160744,28.13512935,,,,,,,,,
1160,MELBOURNE ,BREVARD,,,,PRIVATE SCHOOL,,,,,,,-80.61439486,28.100123,,,,,,,,,
1161,MELBOURNE ,BREVARD,,,,PRIVATE SCHOOL,,,,,,,-80.6455975,28.12259605,,,,,,,,,
1162,MELBOURNE ,BREVARD,,,,PRIVATE SCHOOL,,,,,,,-80.60338912,28.07904384,,,,,,,,,
1163,MELBOURNE ,BREVARD,,,,PRIVATE SCHOOL,,,,,,,-80.65823202,28.12252792,,,,,,,,,
1164,MELBOURNE ,BREVARD,,,,PRIVATE SCHOOL,,,,,,,-80.66595451,28.17589599,,,,,,,,,
1165,MELBOURNE ,BREVARD,,,,PRIVATE SCHOOL,,,,,,,-80.65656954,28.12135585,,,,,,,,,
1166,MELBOURNE ,BREVARD,,,,PRIVATE SCHOOL,,,,,,,-80.67354488,28.11718619,,,,,,,,,
1167,MELBOURNE ,BREVARD,,,,PRIVATE SCHOOL,,,,,,,-80.63918901,28.05021687,,,,,,,,,
1168,MELBOURNE ,BREVARD,,,,PRIVATE SCHOOL,,,,,,,-80.65607716,28.13450795,,,,,,,,,
1169,MELBOURNE ,BREVARD,,,,PRIVATE SCHOOL,,,,,,,-80.6223627,28.04823246,,,,,,,,,
1170,PALM BAY ,BREVARD,,,,PRIVATE SCHOOL,,,,,,,-80.64725497,27.96293367,,,,,,,,,
1171,PALM BAY ,BREVARD,,,,PRIVATE SCHOOL,,,,,,,-80.68099435,28.03290196,,,,,,,,,
1172,PALM BAY ,BREVARD,,,,PRIVATE SCHOOL,,,,,,,-80.64095929,27.95498986,,,,,,,,,
1173,PALM BAY ,BREVARD,,,,PRIVATE SCHOOL,,,,,,,-80.59601283,28.05336304,,,,,,,,,
1174,PALM BAY ,BREVARD,,,,PRIVATE SCHOOL,,,,,,,-80.71771605,28.03136214,,,,,,,,,
1175,PALM BAY ,BREVARD,,,,PRIVATE SCHOOL,,,,,,,-80.64790402,27.96639994,,,,,,,,,
1176,PALM BAY ,BREVARD,,,,PRIVATE SCHOOL,,,,,,,-80.5838006,28.03770482,,,,,,,,,
1177,PALM BAY,BREVARD,,,,PRIVATE SCHOOL,,,,,,,-80.58341031,28.01943358,,,,,,,,,
1178,PALM BAY,BREVARD,,,,PRIVATE SCHOOL,,,,,,,-80.64603261,27.99435469,,,,,,,,,
1179,PALM BAY,BREVARD,,,,PRIVATE SCHOOL,,,,,,,-80.62430488,28.01550969,,,,,,,,,
1180,PALM BAY,BREVARD,,,,PRIVATE SCHOOL,,,,,,,-80.62414044,27.98460079,,,,,,,,,
1181,PALM BAY,BREVARD,,,,PRIVATE SCHOOL,,,,,,,-80.60377774,28.03330804,,,,,,,,,
1182,PALM BAY,BREVARD,,,,PRIVATE SCHOOL,,,,,,,-80.66006411,28.01852188,,,,,,,,,
1183,PALM BAY,BREVARD,,,,PRIVATE SCHOOL,,,,,,,-80.62296887,27.99772507,,,,,,,,,
1184,PALM BAY,BREVARD,,,,PRIVATE SCHOOL,,,,,,,-80.60580135,28.0385643,,,,,,,,,
1185,COCOA BEACH ,BREVARD,,,,PRIVATE SCHOOL,,,,,,,-80.610713,28.32135982,,,,,,,,,
1186,TITUSVILLE,BREVARD,,,,PRIVATE SCHOOL,,,,,,,-80.80255929,28.58120914,,,,,,,,,
1187,TITUSVILLE,BREVARD,,,,PRIVATE SCHOOL,,,,,,,-80.81515026,28.51933403,,,,,,,,,
1188,TITUSVILLE,BREVARD,,,,PRIVATE SCHOOL,,,,,,,-80.82997059,28.63414648,,,,,,,,,
1189,TITUSVILLE,BREVARD,,,,PRIVATE SCHOOL,,,,,,,-80.83314392,28.58520882,,,,,,,,,
1190,TITUSVILLE,BREVARD,,,,PRIVATE SCHOOL,,,,,,,-80.81206839,28.60581848,,,,,,,,,
1191,TITUSVILLE,BREVARD,,,,PRIVATE SCHOOL,,,,,,,-80.80071559,28.5712604,,,,,,,,,
1192,TITUSVILLE,BREVARD,,,,PRIVATE SCHOOL,,,,,,,-80.84617767,28.59113286,,,,,,,,,
1193,"COCOA, FL 32922",BREVARD,,,,PRIVATE SCHOOL,,,,,,,-80.7362651,28.37447399,,,,,,,,,
1194,CAPE CANAVERAL ,BREVARD,,,,PRIVATE SCHOOL,,,,,,,-80.59547566,28.40196412,,,,,,,,,
1195,COCOA,BREVARD,,,,PRIVATE SCHOOL,,,,,,,-80.75168527,28.37392657,,,,,,,,,
1196,COCOA,BREVARD,,,,PRIVATE SCHOOL,,,,,,,-80.73570459,28.36828552,,,,,,,,,
1197,COCOA,BREVARD,,,,PRIVATE SCHOOL,,,,,,,-80.60901763,28.30356553,,,,,,,,,
1198,COCOA,BREVARD,,,,PRIVATE SCHOOL,,,,,,,-80.73352021,28.36592061,,,,,,,,,
1199,COCOA,BREVARD,,,,PRIVATE SCHOOL,,,,,,,-80.78166667,28.34935511,,,,,,,,,
1200,COCOA,BREVARD,,,,PRIVATE SCHOOL,,,,,,,-80.74045749,28.37495721,,,,,,,,,
1201,COCOA,BREVARD,,,,PRIVATE SCHOOL,,,,,,,-80.75299548,28.39020521,,,,,,,,,
1202,COCOA,BREVARD,,,,PRIVATE SCHOOL,,,,,,,-80.81839432,28.36154146,,,,,,,,,
1203,COCOA,BREVARD,,,,PRIVATE SCHOOL,,,,,,,-80.75114082,28.37150717,,,,,,,,,
1204,COCOA,BREVARD,,,,PRIVATE SCHOOL,,,,,,,-80.72469761,28.35349111,,,,,,,,,
1205,COCOA,BREVARD,,,,PRIVATE SCHOOL,,,,,,,-80.78073206,28.4865567,,,,,,,,,
1206,ROCKLEDGE,BREVARD,,,,PRIVATE SCHOOL,,,,,,,-80.72118042,28.3319843,,,,,,,,,
1207,ROCKLEDGE,BREVARD,,,,PRIVATE SCHOOL,,,,,,,-80.7443273,28.32482386,,,,,,,,,
1208,ROCKLEDGE,BREVARD,,,,PRIVATE SCHOOL,,,,,,,-80.72800169,28.34675195,,,,,,,,,
1209,ROCKLEDGE,BREVARD,,,,PRIVATE SCHOOL,,,,,,,-80.7335778,28.33282448,,,,,,,,,
1210,ROCKLEDGE,BREVARD,,,,PRIVATE SCHOOL,,,,,,,-80.74307643,28.34521865,,,,,,,,,
1211,SATELLITE BEACH ,BREVARD,,,,PRIVATE SCHOOL,,,,,,,-80.59318465,28.1382194,,,,,,,,,
1212,SATELLITE BEACH ,BREVARD,,,,PRIVATE SCHOOL,,,,,,,-80.60678144,28.19437677,,,,,,,,,
1213,SATELLITE BEACH ,BREVARD,,,,PRIVATE SCHOOL,,,,,,,-80.59504563,28.13680204,,,,,,,,,
1214,MERRITT ISLAND,BREVARD,,,,PRIVATE SCHOOL,,,,,,,-80.70674232,28.42392835,,,,,,,,,
1215,MERRITT ISLAND,BREVARD,,,,PRIVATE SCHOOL,,,,,,,-80.69181107,28.34967556,,,,,,,,,
1216,MERRITT ISLAND,BREVARD,,,,PRIVATE SCHOOL,,,,,,,-80.70994026,28.45722956,,,,,,,,,
1217,MERRITT ISLAND,BREVARD,,,,PRIVATE SCHOOL,,,,,,,-80.66811062,28.37797371,,,,,,,,,
1218,MIMS ,BREVARD,,,,PRIVATE SCHOOL,,,,,,,-80.87777823,28.76198669,,,,,,,,,
1219,MIMS ,BREVARD,,,,PRIVATE SCHOOL,,,,,,,-80.89412816,28.72452971,,,,,,,,,
1220,MIMS ,BREVARD,,,,PRIVATE SCHOOL,,,,,,,-80.8647517,28.7243965,,,,,,,,,
1221,MERRITT ISLAND ,BREVARD,,,,PRIVATE SCHOOL,,,,,,,-80.70081193,28.37184021,,,,,,,,,
1222,MERRITT ISLAND ,BREVARD,,,,PRIVATE SCHOOL,,,,,,,-80.70841338,28.47242405,,,,,,,,,
1223,MERRITT ISLAND ,BREVARD,,,,PRIVATE SCHOOL,,,,,,,-80.70647004,28.40291013,,,,,,,,,
1224,MERRITT ISLAND ,BREVARD,,,,PRIVATE SCHOOL,,,,,,,-80.70317013,28.39192615,,,,,,,,,
1225,MERRITT ISLAND ,BREVARD,,,,PRIVATE SCHOOL,,,,,,,-80.70099321,28.35799942,,,,,,,,,
1226,MERRITT ISLAND ,BREVARD,,,,PRIVATE SCHOOL,,,,,,,-80.69738542,28.34529483,,,,,,,,,
1227,WEST MELBOURNE,BREVARD,,,,PRIVATE SCHOOL,,,,,,,-80.67508637,28.06871532,,,,,,,,,
1228,WEST MELBOURNE,BREVARD,,,,PRIVATE SCHOOL,,,,,,,-80.66955659,28.05923701,,,,,,,,,
1229,WEST MELBOURNE,BREVARD,,,,PRIVATE SCHOOL,,,,,,,-80.6533985,28.05836646,,,,,,,,,
1230,COCOA BEACH,BREVARD,,,,PRIVATE SCHOOL,,,,,,,-80.60769565,28.36672436,,,,,,,,,
1231,COCOA ,BREVARD,,,,PRIVATE SCHOOL,,,,,,,-80.74975466,28.39742973,,,,,,,,,
1232,COCOA ,BREVARD,,,,PRIVATE SCHOOL,,,,,,,-80.81151762,28.46384653,,,,,,,,,
1233,COCOA ,BREVARD,,,,PRIVATE SCHOOL,,,,,,,-80.7710793,28.36716149,,,,,,,,,
1234,COCOA ,BREVARD,,,,PRIVATE SCHOOL,,,,,,,-80.78464354,28.47494745,,,,,,,,,
1235,VIERA,BREVARD,,,,PRIVATE SCHOOL,,,,,,,-80.70819754,28.23417908,,,,,,,,,
1236,TITUSVILLE ,BREVARD,,,,PRIVATE SCHOOL,,,,,,,-80.83459397,28.56467447,,,,,,,,,
1237,INDIALANTIC ,BREVARD,,,,PRIVATE SCHOOL,,,,,,,-80.59127537,28.13150468,,,,,,,,,
1238,INDIANTLANTIC,BREVARD,,,,PRIVATE SCHOOL,,,,,,,-80.58212311,28.13422216,,,,,,,,,
1239,MIMS,BREVARD,,,,PRIVATE SCHOOL,,,,,,,-80.84736522,28.66365466,,,,,,,,,
1240,FORT LAUDERDALE,BROWARD,,,,PRIVATE SCHOOL,,,,,,,-80.19769304,26.10223541,,,,,,,,,
1241,FORT LAUDERDALE,BROWARD,,,,PRIVATE SCHOOL,,,,,,,-80.22257458,26.10926527,,,,,,,,,
1242,FORT LAUDERDALE,BROWARD,,,,PRIVATE SCHOOL,,,,,,,-80.14876489,26.13619407,,,,,,,,,
1243,FORT LAUDERDALE,BROWARD,,,,PRIVATE SCHOOL,,,,,,,-80.24143228,26.1643736,,,,,,,,,
1244,FORT LAUDERDALE,BROWARD,,,,PRIVATE SCHOOL,,,,,,,-80.19175212,26.16476053,,,,,,,,,
1245,FORT LAUDERDALE,BROWARD,,,,PRIVATE SCHOOL,,,,,,,,,,,,,,,,,
1246,FORT LAUDERDALE,BROWARD,,,,PRIVATE SCHOOL,,,,,,,-80.2032587,26.19297169,,,,,,,,,
1247,FORT LAUDERDALE,BROWARD,,,,PRIVATE SCHOOL,,,,,,,-80.31879227,26.13253775,,,,,,,,,
1248,FORT LAUDERDALE,BROWARD,,,,PRIVATE SCHOOL,,,,,,,-80.2391761,26.13407168,,,,,,,,,
1249,FORT LAUDERDALE,BROWARD,,,,PRIVATE SCHOOL,,,,,,,-80.25388716,26.12402235,,,,,,,,,
1250,FORT LAUDERDALE,BROWARD,,,,PRIVATE SCHOOL,,,,,,,-80.19057147,26.16379441,,,,,,,,,
1251,FORT LAUDERDALE,BROWARD,,,,PRIVATE SCHOOL,,,,,,,-80.15919828,26.12232275,,,,,,,,,
1252,FORT LAUDERDALE,BROWARD,,,,PRIVATE SCHOOL,,,,,,,-80.23666547,26.13743643,,,,,,,,,
1253,FORT LAUDERDALE,BROWARD,,,,PRIVATE SCHOOL,,,,,,,-80.18716235,26.20529278,,,,,,,,,
1254,FORT LAUDERDALE,BROWARD,,,,PRIVATE SCHOOL,,,,,,,-80.2145681,26.15783441,,,,,,,,,
1255,FORT LAUDERDALE,BROWARD,,,,PRIVATE SCHOOL,,,,,,,-80.17459715,26.15886614,,,,,,,,,
1258,FORT LAUDERDALE,BROWARD,,,,PRIVATE SCHOOL,,,,,,,-80.15276337,26.15199652,,,,,,,,,
1260,FORT LAUDERDALE,BROWARD,,,,PRIVATE SCHOOL,,,,,,,-80.19952296,26.1189808,,,,,,,,,
1261,HOLLYWOOD,BROWARD,,,,PRIVATE SCHOOL,,,,,,,-80.25227262,25.99849318,,,,,,,,,
1262,HOLLYWOOD,BROWARD,,,,PRIVATE SCHOOL,,,,,,,-80.25389036,25.99705322,,,,,,,,,
1263,HOLLYWOOD,BROWARD,,,,PRIVATE SCHOOL,,,,,,,-80.24250654,26.0351158,,,,,,,,,
1264,HOLLYWOOD,BROWARD,,,,PRIVATE SCHOOL,,,,,,,-80.2321831,26.0392578,,,,,,,,,
1265,HOLLYWOOD,BROWARD,,,,PRIVATE SCHOOL,,,,,,,-80.15156703,26.01590388,,,,,,,,,
1266,HOLLYWOOD,BROWARD,,,,PRIVATE SCHOOL,,,,,,,-80.24927084,25.98210294,,,,,,,,,
1267,HOLLYWOOD,BROWARD,,,,PRIVATE SCHOOL,,,,,,,-80.31296142,25.96068185,,,,,,,,,
1268,HOLLYWOOD,BROWARD,,,,PRIVATE SCHOOL,,,,,,,,,,,,,,,,,
1270,HOLLYWOOD,BROWARD,,,,PRIVATE SCHOOL,,,,,,,-80.14400048,26.01640609,,,,,,,,,
1271,HOLLYWOOD,BROWARD,,,,PRIVATE SCHOOL,,,,,,,-80.14222403,26.01678928,,,,,,,,,
1272,HOLLYWOOD,BROWARD,,,,PRIVATE SCHOOL,,,,,,,-80.31144435,25.95961831,,,,,,,,,
1273,HOLLYWOOD,BROWARD,,,,PRIVATE SCHOOL,,,,,,,-80.15161001,26.01572795,,,,,,,,,
1274,HOLLYWOOD,BROWARD,,,,PRIVATE SCHOOL,,,,,,,-80.16435554,26.00631627,,,,,,,,,
1275,HOLLYWOOD,BROWARD,,,,PRIVATE SCHOOL,,,,,,,-80.23804884,26.04269533,,,,,,,,,
1276,HOLLYWOOD,BROWARD,,,,PRIVATE SCHOOL,,,,,,,-80.1559962,25.99140775,,,,,,,,,
1277,HOLLYWOOD,BROWARD,,,,PRIVATE SCHOOL,,,,,,,-80.24141149,26.03587142,,,,,,,,,
1279,POMPANO BEACH,BROWARD,,,,PRIVATE SCHOOL,,,,,,,,,,,,,,,,,
1280,POMPANO BEACH,BROWARD,,,,PRIVATE SCHOOL,,,,,,,-80.15053171,26.27535095,,,,,,,,,
1281,POMPANO BEACH,BROWARD,,,,PRIVATE SCHOOL,,,,,,,-80.11193568,26.2295723,,,,,,,,,
1282,POMPANO BEACH,BROWARD,,,,PRIVATE SCHOOL,,,,,,,-80.10990683,26.27227453,,,,,,,,,
1283,POMPANO BEACH,BROWARD,,,,PRIVATE SCHOOL,,,,,,,-80.18885049,26.24341685,,,,,,,,,
1284,POMPANO BEACH,BROWARD,,,,PRIVATE SCHOOL,,,,,,,-80.22594861,26.21669383,,,,,,,,,
1285,POMPANO BEACH,BROWARD,,,,PRIVATE SCHOOL,,,,,,,-80.22814711,26.22476959,,,,,,,,,
1286,POMPANO BEACH,BROWARD,,,,PRIVATE SCHOOL,,,,,,,-80.12272469,26.21704439,,,,,,,,,
1287,POMPANO BEACH,BROWARD,,,,PRIVATE SCHOOL,,,,,,,-80.13866718,26.27275748,,,,,,,,,
1288,POMPANO BEACH,BROWARD,,,,PRIVATE SCHOOL,,,,,,,-80.09808861,26.26062926,,,,,,,,,
1289,POMPANO BEACH,BROWARD,,,,PRIVATE SCHOOL,,,,,,,-80.12407889,26.2335769,,,,,,,,,
1290,LAUDERHILL ,BROWARD,,,,PRIVATE SCHOOL,,,,,,,-80.21242374,26.14443358,,,,,,,,,
1291,LAUDERHILL ,BROWARD,,,,PRIVATE SCHOOL,,,,,,,-80.17790967,26.10214893,,,,,,,,,
1292,PEMBROKE PINES,BROWARD,,,,PRIVATE SCHOOL,,,,,,,,,,,,,,,,,
1294,TAMARAC,BROWARD,,,,PRIVATE SCHOOL,,,,,,,-80.25421179,26.22716366,,,,,,,,,
1295,TAMARAC,BROWARD,,,,PRIVATE SCHOOL,,,,,,,-80.17050243,26.18391942,,,,,,,,,
1296,TAMARAC,BROWARD,,,,PRIVATE SCHOOL,,,,,,,,,,,,,,,,,
1297,DAVIE,BROWARD,,,,PRIVATE SCHOOL,,,,,,,,,,,,,,,,,
1299,DAVIE,BROWARD,,,,PRIVATE SCHOOL,,,,,,,-80.24952093,26.07326637,,,,,,,,,
1301,DAVIE,BROWARD,,,,PRIVATE SCHOOL,,,,,,,-80.25874348,26.04791413,,,,,,,,,
1302,DAVIE,BROWARD,,,,PRIVATE SCHOOL,,,,,,,-80.24934627,26.07411047,,,,,,,,,
1306,DAVIE,BROWARD,,,,PRIVATE SCHOOL,,,,,,,-80.22758087,26.06391251,,,,,,,,,
1307,DAVIE ,BROWARD,,,,PRIVATE SCHOOL,,,,,,,-80.25961076,26.06010163,,,,,,,,,
1308,HOLLYWOOD ,BROWARD,,,,PRIVATE SCHOOL,,,,,,,-80.19194782,25.9779643,,,,,,,,,
1309,HOLLYWOOD ,BROWARD,,,,PRIVATE SCHOOL,,,,,,,-80.15784221,26.01074812,,,,,,,,,
1310,HOLLYWOOD ,BROWARD,,,,PRIVATE SCHOOL,,,,,,,-80.16298289,26.00997849,,,,,,,,,
1311,HOLLYWOOD ,BROWARD,,,,PRIVATE SCHOOL,,,,,,,-80.19592344,26.01500806,,,,,,,,,
1312,WEST PARK,BROWARD,,,,PRIVATE SCHOOL,,,,,,,,,,,,,,,,,
1313,PARKLAND ,BROWARD,,,,PRIVATE SCHOOL,,,,,,,-80.25097333,26.30605829,,,,,,,,,
1314,DEERFIELD BEACH,BROWARD,,,,PRIVATE SCHOOL,,,,,,,,,,,,,,,,,
1315,DEERFIELD BEACH,BROWARD,,,,PRIVATE SCHOOL,,,,,,,-80.08828064,26.31312348,,,,,,,,,
1316,FORT LAUDERDALE ,BROWARD,,,,PRIVATE SCHOOL,,,,,,,-80.18063902,26.10836149,,,,,,,,,
1317,FORT LAUDERDALE ,BROWARD,,,,PRIVATE SCHOOL,,,,,,,-80.14530542,26.08961638,,,,,,,,,
1318,FORT LAUDERDALE ,BROWARD,,,,PRIVATE SCHOOL,,,,,,,-80.18521586,26.13826317,,,,,,,,,
1319,FORT LAUDERDALE ,BROWARD,,,,PRIVATE SCHOOL,,,,,,,-80.29882874,26.13261096,,,,,,,,,
1320,FORT LAUDERDALE ,BROWARD,,,,PRIVATE SCHOOL,,,,,,,-80.15335427,26.08998403,,,,,,,,,
1321,FORT LAUDERDALE ,BROWARD,,,,PRIVATE SCHOOL,,,,,,,-80.31519583,26.05167151,,,,,,,,,
1322,FORT LAUDERDALE ,BROWARD,,,,PRIVATE SCHOOL,,,,,,,-80.25329183,26.04608463,,,,,,,,,
1323,FT. LAUDERDALE,BROWARD,,,,PRIVATE SCHOOL,,,,,,,-80.18447415,26.19210567,,,,,,,,,
1324,FT. LAUDERDALE,BROWARD,,,,PRIVATE SCHOOL,,,,,,,-80.23666547,26.13743643,,,,,,,,,
1325,FT. LAUDERDALE,BROWARD,,,,PRIVATE SCHOOL,,,,,,,-80.17896927,26.10856142,,,,,,,,,
1326,WESTON,BROWARD,,,,PRIVATE SCHOOL,,,,,,,-80.37908629,26.10004012,,,,,,,,,
1327,WESTON,BROWARD,,,,PRIVATE SCHOOL,,,,,,,,,,,,,,,,,
1328,WESTON,BROWARD,,,,PRIVATE SCHOOL,,,,,,,-80.42422285,26.13793283,,,,,,,,,
1329,POMPANO BEACH ,BROWARD,,,,PRIVATE SCHOOL,,,,,,,-80.262033,26.26981852,,,,,,,,,
1330,MARGATE,BROWARD,,,,PRIVATE SCHOOL,,,,,,,-80.20403015,26.22868201,,,,,,,,,
1331,MARGATE,BROWARD,,,,PRIVATE SCHOOL,,,,,,,-80.22215586,26.25399166,,,,,,,,,
1332,MARGATE,BROWARD,,,,PRIVATE SCHOOL,,,,,,,,,,,,,,,,,
1333,COOPER CITY,BROWARD,,,,PRIVATE SCHOOL,,,,,,,,,,,,,,,,,
1334,Tamarac,BROWARD,,,,PRIVATE SCHOOL,,,,,,,-80.29396987,26.20805822,,,,,,,,,
1336,Tamarac,BROWARD,,,,PRIVATE SCHOOL,,,,,,,-80.29330148,26.20809823,,,,,,,,,
1337,Hollywood,BROWARD,,,,PRIVATE SCHOOL,,,,,,,-80.17897244,26.00112381,,,,,,,,,
1338,COCONUT CREEK,BROWARD,,,,PRIVATE SCHOOL,,,,,,,,,,,,,,,,,
1340,COCONUT CREEK,BROWARD,,,,PRIVATE SCHOOL,,,,,,,-80.18194093,26.3255515,,,,,,,,,
1341,FORT LAUDERDLE,BROWARD,,,,PRIVATE SCHOOL,,,,,,,-80.33209163,26.06184313,,,,,,,,,
1342,Fort Lauderdale,BROWARD,,,,PRIVATE SCHOOL,,,,,,,-80.14160169,26.11464746,,,,,,,,,
1343,CORAL SPRINGS ,BROWARD,,,,PRIVATE SCHOOL,,,,,,,-80.23488167,26.28791295,,,,,,,,,
1344,CORAL SPRINGS ,BROWARD,,,,PRIVATE SCHOOL,,,,,,,-80.25990868,26.27100988,,,,,,,,,
1345,CORAL SPRINGS,BROWARD,,,,PRIVATE SCHOOL,,,,,,,-80.24758622,26.29966663,,,,,,,,,
1346,CORAL SPRINGS,BROWARD,,,,PRIVATE SCHOOL,,,,,,,-80.28200827,26.30049661,,,,,,,,,
1347,CORAL SPRINGS,BROWARD,,,,PRIVATE SCHOOL,,,,,,,,,,,,,,,,,
1350,PLANTATION,BROWARD,,,,PRIVATE SCHOOL,,,,,,,-80.31115432,26.1207406,,,,,,,,,
1351,PLANTATION,BROWARD,,,,PRIVATE SCHOOL,,,,,,,-80.25620376,26.10453627,,,,,,,,,
1352,HALLANDALE ,BROWARD,,,,PRIVATE SCHOOL,,,,,,,-80.14153732,25.98462181,,,,,,,,,
1353,DEERFIELD BEACH ,BROWARD,,,,PRIVATE SCHOOL,,,,,,,-80.14111727,26.31844148,,,,,,,,,
1354,DEERFIELD BEACH ,BROWARD,,,,PRIVATE SCHOOL,,,,,,,-80.09328998,26.30730752,,,,,,,,,
1355,SUNRISE,BROWARD,,,,PRIVATE SCHOOL,,,,,,,-80.29411407,26.1908347,,,,,,,,,
1356,WILTON MANORS,BROWARD,,,,PRIVATE SCHOOL,,,,,,,-80.1298363,26.16152659,,,,,,,,,
1357,LAUDERDALE LAKES,BROWARD,,,,PRIVATE SCHOOL,,,,,,,,,,,,,,,,,
1358,LAUDERDALE LAKES,BROWARD,,,,PRIVATE SCHOOL,,,,,,,-80.21176642,26.1662865,,,,,,,,,
1359,PEMBROKE PINES ,BROWARD,,,,PRIVATE SCHOOL,,,,,,,-80.26501018,26.00720279,,,,,,,,,
1360,PEMBROKE PINES ,BROWARD,,,,PRIVATE SCHOOL,,,,,,,-80.24720359,26.00776317,,,,,,,,,
1361,Plantation,BROWARD,,,,PRIVATE SCHOOL,,,,,,,-80.23896656,26.13935668,,,,,,,,,
1362,CORAL SPRINGS  ,BROWARD,,,,PRIVATE SCHOOL,,,,,,,-80.28036959,26.28696047,,,,,,,,,
1363,MIRAMAR,BROWARD,,,,PRIVATE SCHOOL,,,,,,,,,,,,,,,,,
1364,WEWAHITCHKA,CALHOUN,,,,PRIVATE SCHOOL,,,,,,,-85.24121681,30.26708332,,,,,,,,,
1365,ENGLEWOOD ,CHARLOTTE,,,,PRIVATE SCHOOL,,,,,,,-82.27083305,26.94341406,,,,,,,,,
1366,PORT CHARLOTTE,CHARLOTTE,,,,PRIVATE SCHOOL,,,,,,,-82.1223045,27.00999484,,,,,,,,,
1367,PORT CHARLOTTE,CHARLOTTE,,,,PRIVATE SCHOOL,,,,,,,-82.05704455,27.00256834,,,,,,,,,
1368,PORT CHARLOTTE,CHARLOTTE,,,,PRIVATE SCHOOL,,,,,,,-82.09338906,26.98960487,,,,,,,,,
1369,PORT CHARLOTTE ,CHARLOTTE,,,,PRIVATE SCHOOL,,,,,,,-82.03588992,26.97255063,,,,,,,,,
1370,PORT CHARLOTTE ,CHARLOTTE,,,,PRIVATE SCHOOL,,,,,,,-82.05630443,26.9665045,,,,,,,,,
1371,PORT CHARLOTTE ,CHARLOTTE,,,,PRIVATE SCHOOL,,,,,,,-82.07463076,27.02218186,,,,,,,,,
1372,PORT CHARLOTTE ,CHARLOTTE,,,,PRIVATE SCHOOL,,,,,,,-82.0671681,26.98074997,,,,,,,,,
1373,PORT CHARLOTTE ,CHARLOTTE,,,,PRIVATE SCHOOL,,,,,,,-82.16778364,27.00456529,,,,,,,,,
1374,PUNTA GORDA ,CHARLOTTE,,,,PRIVATE SCHOOL,,,,,,,-81.71513546,27.02082624,,,,,,,,,
1375,LECANTO ,CITRUS,,,,PRIVATE SCHOOL,,,,,,,-82.50713915,28.84351991,,,,,,,,,
1376,LECANTO ,CITRUS,,,,PRIVATE SCHOOL,,,,,,,-82.50246153,28.8613276,,,,,,,,,
1377,FLORAL CITY ,CITRUS,,,,PRIVATE SCHOOL,,,,,,,-82.30432464,28.71942025,,,,,,,,,
1378,CRYSTAL RIVER,CITRUS,,,,PRIVATE SCHOOL,,,,,,,-82.59374033,28.90199866,,,,,,,,,
1379,INVERNESS ,CITRUS,,,,PRIVATE SCHOOL,,,,,,,-82.32981238,28.83280405,,,,,,,,,
1380,INVERNESS ,CITRUS,,,,PRIVATE SCHOOL,,,,,,,-82.30965002,28.8006121,,,,,,,,,
1381,DUNNELLON ,CITRUS,,,,PRIVATE SCHOOL,,,,,,,-82.44221768,28.9540428,,,,,,,,,
1382,INVERNESS,CITRUS,,,,PRIVATE SCHOOL,,,,,,,-82.36633243,28.8768222,,,,,,,,,
1383,MIDDLEBURG,CLAY,,,,PRIVATE SCHOOL,,,,,,,-81.94057903,30.08484502,,,,,,,,,
1384,MIDDLEBURG,CLAY,,,,PRIVATE SCHOOL,,,,,,,-81.86524753,30.09880336,,,,,,,,,
1385,MIDDLEBURG,CLAY,,,,PRIVATE SCHOOL,,,,,,,-81.82003256,30.1119407,,,,,,,,,
1386,MIDDLEBURG,CLAY,,,,PRIVATE SCHOOL,,,,,,,-81.79802562,30.11032122,,,,,,,,,
1387,MIDDLEBURG,CLAY,,,,PRIVATE SCHOOL,,,,,,,-81.81770897,30.11338113,,,,,,,,,
1388,GREEN COVE SPRINGS,CLAY,,,,PRIVATE SCHOOL,,,,,,,-81.7610624,30.0513477,,,,,,,,,
1389,GREEN COVE SPRINGS,CLAY,,,,PRIVATE SCHOOL,,,,,,,-81.71630958,29.98289606,,,,,,,,,
1390,GREEN COVE SPRINGS,CLAY,,,,PRIVATE SCHOOL,,,,,,,-81.67967954,29.99323031,,,,,,,,,
1391,GREEN COVE SPRINGS,CLAY,,,,PRIVATE SCHOOL,,,,,,,-81.81960671,30.03303703,,,,,,,,,
1392,GREEN COVE SPRINGS,CLAY,,,,PRIVATE SCHOOL,,,,,,,-81.85660632,29.98146724,,,,,,,,,
1393,ORANGE PARK,CLAY,,,,PRIVATE SCHOOL,,,,,,,-81.7038555,30.11935395,,,,,,,,,
1394,ORANGE PARK,CLAY,,,,PRIVATE SCHOOL,,,,,,,-81.79851029,30.1180891,,,,,,,,,
1395,ORANGE PARK,CLAY,,,,PRIVATE SCHOOL,,,,,,,-81.72156825,30.16494686,,,,,,,,,
1396,ORANGE PARK,CLAY,,,,PRIVATE SCHOOL,,,,,,,-81.70316283,30.11658618,,,,,,,,,
1397,ORANGE PARK,CLAY,,,,PRIVATE SCHOOL,,,,,,,-81.75485712,30.14442141,,,,,,,,,
1398,ORANGE PARK,CLAY,,,,PRIVATE SCHOOL,,,,,,,-81.81768035,30.18047614,,,,,,,,,
1399,ORANGE PARK,CLAY,,,,PRIVATE SCHOOL,,,,,,,-81.77376144,30.14806221,,,,,,,,,
1400,ORANGE PARK,CLAY,,,,PRIVATE SCHOOL,,,,,,,-81.72647683,30.17232841,,,,,,,,,
1401,ORANGE PARK,CLAY,,,,PRIVATE SCHOOL,,,,,,,-81.76169121,30.14572421,,,,,,,,,
1402,ORANGE PARK,CLAY,,,,PRIVATE SCHOOL,,,,,,,-81.69980315,30.18573529,,,,,,,,,
1403,ORANGE PARK,CLAY,,,,PRIVATE SCHOOL,,,,,,,-81.71711679,30.08521309,,,,,,,,,
1404,ORANGE PARK,CLAY,,,,PRIVATE SCHOOL,,,,,,,-81.72037063,30.16637758,,,,,,,,,
1405,ORANGE PARK,CLAY,,,,PRIVATE SCHOOL,,,,,,,-81.75132718,30.16550746,,,,,,,,,
1406,ORANGE PARK,CLAY,,,,PRIVATE SCHOOL,,,,,,,-81.7637767,30.14569981,,,,,,,,,
1407,ORANGE PARK,CLAY,,,,PRIVATE SCHOOL,,,,,,,-81.69866769,30.16398987,,,,,,,,,
1408,ORANGE PARK,CLAY,,,,PRIVATE SCHOOL,,,,,,,-81.74824844,30.15088219,,,,,,,,,
1409,KEYSTONE HEIGHTS,CLAY,,,,PRIVATE SCHOOL,,,,,,,-82.04327561,29.77452244,,,,,,,,,
1410,KEYSTONE HEIGHTS,CLAY,,,,PRIVATE SCHOOL,,,,,,,-82.02903293,29.78336232,,,,,,,,,
1411,KEYSTONE HEIGHTS,CLAY,,,,PRIVATE SCHOOL,,,,,,,-81.93413339,29.80019557,,,,,,,,,
1412,KEYSTONE HEIGHTS,CLAY,,,,PRIVATE SCHOOL,,,,,,,-82.03094157,29.78137345,,,,,,,,,
1413,ORANGE PARK ,CLAY,,,,PRIVATE SCHOOL,,,,,,,-81.70358927,30.17002374,,,,,,,,,
1414,ORANGE PARK ,CLAY,,,,PRIVATE SCHOOL,,,,,,,-81.72829344,30.16410251,,,,,,,,,
1415,ORANGE PARK ,CLAY,,,,PRIVATE SCHOOL,,,,,,,-81.6987302,30.16572116,,,,,,,,,
1416,ORANGE PARK ,CLAY,,,,PRIVATE SCHOOL,,,,,,,-81.77580379,30.1362135,,,,,,,,,
1417,ORANGE PARK ,CLAY,,,,PRIVATE SCHOOL,,,,,,,-81.77436839,30.13725659,,,,,,,,,
1418,ORANGE PARK ,CLAY,,,,PRIVATE SCHOOL,,,,,,,-81.74324637,30.14508137,,,,,,,,,
1419,ORANGE PARK ,CLAY,,,,PRIVATE SCHOOL,,,,,,,-81.74295673,30.16497438,,,,,,,,,
1420,ORANGE PARK ,CLAY,,,,PRIVATE SCHOOL,,,,,,,-81.77623274,30.12549934,,,,,,,,,
1421,ORANGE PARK ,CLAY,,,,PRIVATE SCHOOL,,,,,,,-81.7039597,30.18018522,,,,,,,,,
1422,FLEMING ISLAND,CLAY,,,,PRIVATE SCHOOL,,,,,,,-81.73981459,30.0994873,,,,,,,,,
1423,FLEMING ISLAND,CLAY,,,,PRIVATE SCHOOL,,,,,,,-81.71134823,30.08363237,,,,,,,,,
1424,MIDDLEBURG ,CLAY,,,,PRIVATE SCHOOL,,,,,,,-81.90169975,30.06504535,,,,,,,,,
1425,MIDDLEBURG ,CLAY,,,,PRIVATE SCHOOL,,,,,,,-81.787461,30.10022118,,,,,,,,,
1426,STARKE,CLAY,,,,PRIVATE SCHOOL,,,,,,,,,,,,,,,,,
1427,NAPLES ,COLLIER,,,,PRIVATE SCHOOL,,,,,,,-81.7121083,26.17234747,,,,,,,,,
1428,NAPLES ,COLLIER,,,,PRIVATE SCHOOL,,,,,,,-81.75418833,26.29225194,,,,,,,,,
1429,NAPLES ,COLLIER,,,,PRIVATE SCHOOL,,,,,,,-81.72479809,26.13674556,,,,,,,,,
1430,NAPLES ,COLLIER,,,,PRIVATE SCHOOL,,,,,,,-81.75413424,26.21594305,,,,,,,,,
1431,NAPLES,COLLIER,,,,PRIVATE SCHOOL,,,,,,,-81.75566749,26.23058118,,,,,,,,,
1432,NAPLES,COLLIER,,,,PRIVATE SCHOOL,,,,,,,-81.7119957,26.1792386,,,,,,,,,
1433,NAPLES,COLLIER,,,,PRIVATE SCHOOL,,,,,,,-81.80754952,26.2106164,,,,,,,,,
1434,NAPLES,COLLIER,,,,PRIVATE SCHOOL,,,,,,,-81.79936437,26.13749262,,,,,,,,,
1435,NAPLES,COLLIER,,,,PRIVATE SCHOOL,,,,,,,-81.80187101,26.1749573,,,,,,,,,
1436,LAKE CITY ,COLUMBIA,,,,PRIVATE SCHOOL,,,,,,,-82.64162823,30.16171428,,,,,,,,,
1437,LAKE CITY ,COLUMBIA,,,,PRIVATE SCHOOL,,,,,,,-82.70308723,30.18267286,,,,,,,,,
1438,LAKE CITY,COLUMBIA,,,,PRIVATE SCHOOL,,,,,,,-82.64002785,30.16269163,,,,,,,,,
1439,ARCADIA ,DESOTO,,,,PRIVATE SCHOOL,,,,,,,-81.76720987,27.19777602,,,,,,,,,
1440,LAKE SUZY ,DESOTO,,,,PRIVATE SCHOOL,,,,,,,-82.04196008,27.04244001,,,,,,,,,
1441,ARCADIA,DESOTO,,,,PRIVATE SCHOOL,,,,,,,-81.98893037,27.11136818,,,,,,,,,
1442,JACKSONVILLE,DUVAL,,,,PRIVATE SCHOOL,,,,,,,-81.70253095,30.27347063,,,,,,,,,
1443,JACKSONVILLE,DUVAL,,,,PRIVATE SCHOOL,,,,,,,-81.54970889,30.22222274,,,,,,,,,
1444,JACKSONVILLE,DUVAL,,,,PRIVATE SCHOOL,,,,,,,-81.67925939,30.35110195,,,,,,,,,
1445,JACKSONVILLE,DUVAL,,,,PRIVATE SCHOOL,,,,,,,-81.75666402,30.23969451,,,,,,,,,
1446,JACKSONVILLE,DUVAL,,,,PRIVATE SCHOOL,,,,,,,-81.54861327,30.32542331,,,,,,,,,
1447,JACKSONVILLE,DUVAL,,,,PRIVATE SCHOOL,,,,,,,-81.54099902,30.32553691,,,,,,,,,
1448,JACKSONVILLE,DUVAL,,,,PRIVATE SCHOOL,,,,,,,-81.59733547,30.29016292,,,,,,,,,
1449,JACKSONVILLE,DUVAL,,,,PRIVATE SCHOOL,,,,,,,-81.69195003,30.3121008,,,,,,,,,
1450,JACKSONVILLE,DUVAL,,,,PRIVATE SCHOOL,,,,,,,-81.74698163,30.30714616,,,,,,,,,
1451,JACKSONVILLE,DUVAL,,,,PRIVATE SCHOOL,,,,,,,-81.62380671,30.24819212,,,,,,,,,
1452,JACKSONVILLE,DUVAL,,,,PRIVATE SCHOOL,,,,,,,-81.57133973,30.32820046,,,,,,,,,
1453,JACKSONVILLE,DUVAL,,,,PRIVATE SCHOOL,,,,,,,-81.72381991,30.28626771,,,,,,,,,
1454,JACKSONVILLE,DUVAL,,,,PRIVATE SCHOOL,,,,,,,-81.62148294,30.16020164,,,,,,,,,
1455,JACKSONVILLE,DUVAL,,,,PRIVATE SCHOOL,,,,,,,-81.74773557,30.26090557,,,,,,,,,
1456,JACKSONVILLE,DUVAL,,,,PRIVATE SCHOOL,,,,,,,-81.75242145,30.29728731,,,,,,,,,
1457,JACKSONVILLE,DUVAL,,,,PRIVATE SCHOOL,,,,,,,-81.51459905,30.3714061,,,,,,,,,
1458,JACKSONVILLE,DUVAL,,,,PRIVATE SCHOOL,,,,,,,-81.73694487,30.20979007,,,,,,,,,
1459,JACKSONVILLE,DUVAL,,,,PRIVATE SCHOOL,,,,,,,-81.55562446,30.21829406,,,,,,,,,
1460,JACKSONVILLE,DUVAL,,,,PRIVATE SCHOOL,,,,,,,-81.45780138,30.29793035,,,,,,,,,
1461,JACKSONVILLE,DUVAL,,,,PRIVATE SCHOOL,,,,,,,-81.67963106,30.31651634,,,,,,,,,
1462,JACKSONVILLE,DUVAL,,,,PRIVATE SCHOOL,,,,,,,-81.7599353,30.34268493,,,,,,,,,
1463,JACKSONVILLE ,DUVAL,,,,PRIVATE SCHOOL,,,,,,,-81.59169393,30.33430962,,,,,,,,,
1464,JACKSONVILLE ,DUVAL,,,,PRIVATE SCHOOL,,,,,,,-81.64015272,30.30782016,,,,,,,,,
1465,JACKSONVILLE ,DUVAL,,,,PRIVATE SCHOOL,,,,,,,-81.60698709,30.17651554,,,,,,,,,
1466,JACKSONVILLE ,DUVAL,,,,PRIVATE SCHOOL,,,,,,,-81.7105601,30.32260909,,,,,,,,,
1467,JACKSONVILLE ,DUVAL,,,,PRIVATE SCHOOL,,,,,,,-81.76731214,30.42642995,,,,,,,,,
1468,JACKSONVILLE ,DUVAL,,,,PRIVATE SCHOOL,,,,,,,-81.57485665,30.33469968,,,,,,,,,
1469,JACKSONVILLE ,DUVAL,,,,PRIVATE SCHOOL,,,,,,,-81.64066317,30.30964033,,,,,,,,,
1470,JACKSONVILLE ,DUVAL,,,,PRIVATE SCHOOL,,,,,,,-81.60007569,30.27766566,,,,,,,,,
1471,JACKSONVILLE ,DUVAL,,,,PRIVATE SCHOOL,,,,,,,-81.62166864,30.31051319,,,,,,,,,
1472,JACKSONVILLE ,DUVAL,,,,PRIVATE SCHOOL,,,,,,,-81.60311732,30.36605856,,,,,,,,,
1473,JACKSONVILLE ,DUVAL,,,,PRIVATE SCHOOL,,,,,,,-81.68736938,30.4042704,,,,,,,,,
1474,JACKSONVILLE ,DUVAL,,,,PRIVATE SCHOOL,,,,,,,-81.72633085,30.39830466,,,,,,,,,
1475,JACKSONVILLE ,DUVAL,,,,PRIVATE SCHOOL,,,,,,,-81.43945793,30.29225566,,,,,,,,,
1476,JACKSONVILLE ,DUVAL,,,,PRIVATE SCHOOL,,,,,,,-81.62896804,30.24275796,,,,,,,,,
1477,JACKSONVILLE ,DUVAL,,,,PRIVATE SCHOOL,,,,,,,-81.65753632,30.37336887,,,,,,,,,
1478,JACKSONVILLE ,DUVAL,,,,PRIVATE SCHOOL,,,,,,,-81.83744239,30.25187491,,,,,,,,,
1479,JACKSONVILLE BEACH ,DUVAL,,,,PRIVATE SCHOOL,,,,,,,-81.39664758,30.29952874,,,,,,,,,
1480,JACKSONVILLE BEACH ,DUVAL,,,,PRIVATE SCHOOL,,,,,,,-81.39015959,30.27536398,,,,,,,,,
1481,JACKSONVILLE BEACH,DUVAL,,,,PRIVATE SCHOOL,,,,,,,-81.39428536,30.29014712,,,,,,,,,
1482,PENSACOLA,ESCAMBIA,,,,PRIVATE SCHOOL,,,,,,,-87.16784331,30.49900287,,,,,,,,,
1483,PENSACOLA,ESCAMBIA,,,,PRIVATE SCHOOL,,,,,,,-87.20525637,30.43151805,,,,,,,,,
1484,PENSACOLA,ESCAMBIA,,,,PRIVATE SCHOOL,,,,,,,-87.29631817,30.43210019,,,,,,,,,
1485,PENSACOLA,ESCAMBIA,,,,PRIVATE SCHOOL,,,,,,,-87.22262566,30.52260026,,,,,,,,,
1486,PENSACOLA,ESCAMBIA,,,,PRIVATE SCHOOL,,,,,,,-87.21248112,30.4562953,,,,,,,,,
1487,PENSACOLA,ESCAMBIA,,,,PRIVATE SCHOOL,,,,,,,-87.19552708,30.49476467,,,,,,,,,
1488,PENSACOLA,ESCAMBIA,,,,PRIVATE SCHOOL,,,,,,,-87.25370702,30.41136006,,,,,,,,,
1489,PENSACOLA,ESCAMBIA,,,,PRIVATE SCHOOL,,,,,,,-87.25389158,30.42883869,,,,,,,,,
1490,PENSACOLA,ESCAMBIA,,,,PRIVATE SCHOOL,,,,,,,-87.25714847,30.47430773,,,,,,,,,
1491,PENSACOLA,ESCAMBIA,,,,PRIVATE SCHOOL,,,,,,,-87.21599086,30.42012575,,,,,,,,,
1492,PENSACOLA,ESCAMBIA,,,,PRIVATE SCHOOL,,,,,,,-87.27001957,30.4065616,,,,,,,,,
1493,PENSACOLA,ESCAMBIA,,,,PRIVATE SCHOOL,,,,,,,-87.18364379,30.51001186,,,,,,,,,
1494,PENSACOLA,ESCAMBIA,,,,PRIVATE SCHOOL,,,,,,,-87.26816317,30.40918238,,,,,,,,,
1495,PENSACOLA,ESCAMBIA,,,,PRIVATE SCHOOL,,,,,,,-87.19782268,30.51648281,,,,,,,,,
1496,PENSACOLA,ESCAMBIA,,,,PRIVATE SCHOOL,,,,,,,-87.20129602,30.42657609,,,,,,,,,
1497,PENSACOLA,ESCAMBIA,,,,PRIVATE SCHOOL,,,,,,,-87.27356953,30.38594032,,,,,,,,,
1498,PENSACOLA,ESCAMBIA,,,,PRIVATE SCHOOL,,,,,,,-87.20237863,30.43147104,,,,,,,,,
1499,PENSACOLA,ESCAMBIA,,,,PRIVATE SCHOOL,,,,,,,-87.22403438,30.41114254,,,,,,,,,
1500,PENSACOLA,ESCAMBIA,,,,PRIVATE SCHOOL,,,,,,,-87.2431572,30.45234338,,,,,,,,,
1501,PENSACOLA ,ESCAMBIA,,,,PRIVATE SCHOOL,,,,,,,-87.3242836,30.51377948,,,,,,,,,
1502,PENSACOLA ,ESCAMBIA,,,,PRIVATE SCHOOL,,,,,,,-87.32844861,30.40405031,,,,,,,,,
1503,PENSACOLA ,ESCAMBIA,,,,PRIVATE SCHOOL,,,,,,,-87.25081917,30.43752771,,,,,,,,,
1504,PALM COAST ,FLAGLER,,,,PRIVATE SCHOOL,,,,,,,-81.24208333,29.55076347,,,,,,,,,
1505,FLAGLER BEACH ,FLAGLER,,,,PRIVATE SCHOOL,,,,,,,-81.15383805,29.49611689,,,,,,,,,
1506,PALM COAST,FLAGLER,,,,PRIVATE SCHOOL,,,,,,,-81.23328091,29.54735944,,,,,,,,,
1507,APALACHICOLA,FRANKLIN,,,,PRIVATE SCHOOL,,,,,,,-84.98751245,29.72271037,,,,,,,,,
1508,HAVANA ,GADSDEN,,,,PRIVATE SCHOOL,,,,,,,-84.47141846,30.6073635,,,,,,,,,
1509,QUINCY,GADSDEN,,,,PRIVATE SCHOOL,,,,,,,-84.69963888,30.65338054,,,,,,,,,
1510,PORT SAINT JOE,GULF,,,,PRIVATE SCHOOL,,,,,,,-85.28977491,29.79987941,,,,,,,,,
1511,WEWHITCHKA,GULF,,,,PRIVATE SCHOOL,,,,,,,-85.19974491,30.10565342,,,,,,,,,
1512,BOWLING GREEN,HARDEE,,,,PRIVATE SCHOOL,,,,,,,-81.82422466,27.63871945,,,,,,,,,
1513,WAUCHULA,HARDEE,,,,PRIVATE SCHOOL,,,,,,,-81.91147626,27.5246522,,,,,,,,,
1514,CLEWISTON,HENDRY,,,,PRIVATE SCHOOL,,,,,,,-80.940768,26.75882453,,,,,,,,,
1515,SPRING HILL,HERNANDO,,,,PRIVATE SCHOOL,,,,,,,-82.63722472,28.46018822,,,,,,,,,
1516,SPRING HILL,HERNANDO,,,,PRIVATE SCHOOL,,,,,,,-82.63614076,28.4478836,,,,,,,,,
1517,SPRING HILL,HERNANDO,,,,PRIVATE SCHOOL,,,,,,,-82.52548035,28.48910121,,,,,,,,,
1518,BROOKSVILLE,HERNANDO,,,,PRIVATE SCHOOL,,,,,,,-82.37409814,28.53427588,,,,,,,,,
1519,LAKE PLACID,HIGHLANDS,,,,PRIVATE SCHOOL,,,,,,,-81.31339744,27.28392955,,,,,,,,,
1520,SEBRING,HIGHLANDS,,,,PRIVATE SCHOOL,,,,,,,-81.43785842,27.48531046,,,,,,,,,
1521,TAMPA,HILLSBOROUGH,,,,PRIVATE SCHOOL,,,,,,,-82.50594806,28.0467755,,,,,,,,,
1522,TAMPA,HILLSBOROUGH,,,,PRIVATE SCHOOL,,,,,,,-82.3674685,28.0550057,,,,,,,,,
1523,TAMPA,HILLSBOROUGH,,,,PRIVATE SCHOOL,,,,,,,-82.5249023,28.05121532,,,,,,,,,
1524,TAMPA,HILLSBOROUGH,,,,PRIVATE SCHOOL,,,,,,,-82.47809603,28.06781303,,,,,,,,,
1525,TAMPA,HILLSBOROUGH,,,,PRIVATE SCHOOL,,,,,,,-82.49275272,27.91487068,,,,,,,,,
1526,TAMPA,HILLSBOROUGH,,,,PRIVATE SCHOOL,,,,,,,-82.55086896,27.98240838,,,,,,,,,
1527,TAMPA,HILLSBOROUGH,,,,PRIVATE SCHOOL,,,,,,,-82.46506238,27.96761638,,,,,,,,,
1528,TAMPA,HILLSBOROUGH,,,,PRIVATE SCHOOL,,,,,,,-82.35971632,27.90023284,,,,,,,,,
1529,TAMPA,HILLSBOROUGH,,,,PRIVATE SCHOOL,,,,,,,-82.5641125,27.99003303,,,,,,,,,
1530,TAMPA,HILLSBOROUGH,,,,PRIVATE SCHOOL,,,,,,,-82.52464666,27.96057913,,,,,,,,,
1531,TAMPA,HILLSBOROUGH,,,,PRIVATE SCHOOL,,,,,,,-82.46794717,27.95113813,,,,,,,,,
1532,TAMPA,HILLSBOROUGH,,,,PRIVATE SCHOOL,,,,,,,-82.49972732,27.98692199,,,,,,,,,
1533,TAMPA,HILLSBOROUGH,,,,PRIVATE SCHOOL,,,,,,,-82.55017873,28.05810484,,,,,,,,,
1534,TAMPA,HILLSBOROUGH,,,,PRIVATE SCHOOL,,,,,,,-82.47921392,27.99220609,,,,,,,,,
1535,TAMPA,HILLSBOROUGH,,,,PRIVATE SCHOOL,,,,,,,-82.50005395,28.05652614,,,,,,,,,
1536,TAMPA,HILLSBOROUGH,,,,PRIVATE SCHOOL,,,,,,,-82.47573635,27.98553058,,,,,,,,,
1537,TAMPA,HILLSBOROUGH,,,,PRIVATE SCHOOL,,,,,,,-82.47441286,28.09100255,,,,,,,,,
1538,TAMPA,HILLSBOROUGH,,,,PRIVATE SCHOOL,,,,,,,-82.45700628,28.04114786,,,,,,,,,
1539,TAMPA,HILLSBOROUGH,,,,PRIVATE SCHOOL,,,,,,,-82.50648429,27.93507694,,,,,,,,,
1540,TAMPA,HILLSBOROUGH,,,,PRIVATE SCHOOL,,,,,,,-82.5735391,27.99572554,,,,,,,,,
1541,TAMPA,HILLSBOROUGH,,,,PRIVATE SCHOOL,,,,,,,-82.41055935,28.03041482,,,,,,,,,
1542,TAMPA,HILLSBOROUGH,,,,PRIVATE SCHOOL,,,,,,,-82.36924681,27.92503027,,,,,,,,,
1543,TAMPA,HILLSBOROUGH,,,,PRIVATE SCHOOL,,,,,,,-82.48355537,27.98912326,,,,,,,,,
1544,TAMPA,HILLSBOROUGH,,,,PRIVATE SCHOOL,,,,,,,-82.38452892,27.98829721,,,,,,,,,
1545,TAMPA,HILLSBOROUGH,,,,PRIVATE SCHOOL,,,,,,,-82.45906587,27.98951736,,,,,,,,,
1547,TAMPA,HILLSBOROUGH,,,,PRIVATE SCHOOL,,,,,,,-82.33017173,27.965399,,,,,,,,,
1548,TAMPA,HILLSBOROUGH,,,,PRIVATE SCHOOL,,,,,,,-82.43753787,27.99823005,,,,,,,,,
1549,TAMPA,HILLSBOROUGH,,,,PRIVATE SCHOOL,,,,,,,-82.57270975,28.07905716,,,,,,,,,
1550,TAMPA,HILLSBOROUGH,,,,PRIVATE SCHOOL,,,,,,,-82.45991286,27.96388667,,,,,,,,,
1551,TAMPA,HILLSBOROUGH,,,,PRIVATE SCHOOL,,,,,,,-82.50016172,27.99394608,,,,,,,,,
1552,TAMPA,HILLSBOROUGH,,,,PRIVATE SCHOOL,,,,,,,-82.4735547,27.98234646,,,,,,,,,
1553,TAMPA,HILLSBOROUGH,,,,PRIVATE SCHOOL,,,,,,,-82.40640502,28.0041834,,,,,,,,,
1554,THONOTOSASSA,HILLSBOROUGH,,,,PRIVATE SCHOOL,,,,,,,-82.28435886,28.13725809,,,,,,,,,
1555,THONOTOSASSA,HILLSBOROUGH,,,,PRIVATE SCHOOL,,,,,,,-82.28924636,28.13495503,,,,,,,,,
1556,TEMPLE TERRACE,HILLSBOROUGH,,,,PRIVATE SCHOOL,,,,,,,-82.38872819,28.04432564,,,,,,,,,
1557,RIVERVIEW,HILLSBOROUGH,,,,PRIVATE SCHOOL,,,,,,,-82.31796318,27.89758466,,,,,,,,,
1558,LUTZ,HILLSBOROUGH,,,,PRIVATE SCHOOL,,,,,,,-82.4504628,28.10393803,,,,,,,,,
1559,VERO BEACH,INDIAN RIVER,,,,PRIVATE SCHOOL,,,,,,,-80.33809798,27.59995641,,,,,,,,,
1560,VERO BEACH,INDIAN RIVER,,,,PRIVATE SCHOOL,,,,,,,-80.39091229,27.62946528,,,,,,,,,
1561,VERO BEACH,INDIAN RIVER,,,,PRIVATE SCHOOL,,,,,,,-80.63165659,27.61742872,,,,,,,,,
1562,SEBASTIAN,INDIAN RIVER,,,,PRIVATE SCHOOL,,,,,,,-80.50183872,27.79235357,,,,,,,,,
1563,MARIANNA,JACKSON,,,,PRIVATE SCHOOL,,,,,,,-85.20449783,30.79696895,,,,,,,,,
1564,MARIANNA,JACKSON,,,,PRIVATE SCHOOL,,,,,,,-85.23043531,30.76980892,,,,,,,,,
1565,MONTICELLO,JEFFERSON,,,,PRIVATE SCHOOL,,,,,,,-83.75867451,30.4825564,,,,,,,,,
1566,LEESBURG,LAKE,,,,PRIVATE SCHOOL,,,,,,,-81.88596137,28.82006054,,,,,,,,,
1567,LEESBURG,LAKE,,,,PRIVATE SCHOOL,,,,,,,-81.90758857,28.79972474,,,,,,,,,
1568,LEESBURG,LAKE,,,,PRIVATE SCHOOL,,,,,,,-81.88552834,28.81368663,,,,,,,,,
1569,LEESBURG,LAKE,,,,PRIVATE SCHOOL,,,,,,,-81.88049777,28.81565126,,,,,,,,,
1570,LEESBURG,LAKE,,,,PRIVATE SCHOOL,,,,,,,-81.76855928,28.84654011,,,,,,,,,
1571,LEESBURG,LAKE,,,,PRIVATE SCHOOL,,,,,,,-81.88272103,28.81621731,,,,,,,,,
1572,TAVARES,LAKE,,,,PRIVATE SCHOOL,,,,,,,-81.74781393,28.7724974,,,,,,,,,
1573,TAVARES,LAKE,,,,PRIVATE SCHOOL,,,,,,,-81.75326218,28.76794544,,,,,,,,,
1574,TAVARES,LAKE,,,,PRIVATE SCHOOL,,,,,,,-81.70292603,28.81912695,,,,,,,,,
1575,TAVARES,LAKE,,,,PRIVATE SCHOOL,,,,,,,-81.71238034,28.82021779,,,,,,,,,
1576,MT DORA,LAKE,,,,PRIVATE SCHOOL,,,,,,,-81.65230902,28.8234278,,,,,,,,,
1577,MT DORA,LAKE,,,,PRIVATE SCHOOL,,,,,,,-81.66683459,28.7584211,,,,,,,,,
1578,MT DORA,LAKE,,,,PRIVATE SCHOOL,,,,,,,-81.63791864,28.79336872,,,,,,,,,
1579,MT DORA,LAKE,,,,PRIVATE SCHOOL,,,,,,,-81.63692363,28.80190443,,,,,,,,,
1580,MT DORA,LAKE,,,,PRIVATE SCHOOL,,,,,,,-81.64628854,28.80949332,,,,,,,,,
1581,MOUNT DORA,LAKE,,,,PRIVATE SCHOOL,,,,,,,-81.64458977,28.81210045,,,,,,,,,
1582,MOUNT DORA,LAKE,,,,PRIVATE SCHOOL,,,,,,,-81.64780021,28.80880091,,,,,,,,,
1583,MOUNT DORA,LAKE,,,,PRIVATE SCHOOL,,,,,,,-81.63333566,28.81675196,,,,,,,,,
1584,EUSTIS,LAKE,,,,PRIVATE SCHOOL,,,,,,,-81.68584575,28.84942422,,,,,,,,,
1585,EUSTIS,LAKE,,,,PRIVATE SCHOOL,,,,,,,-81.6842379,28.86283789,,,,,,,,,
1586,EUSTIS,LAKE,,,,PRIVATE SCHOOL,,,,,,,-81.64599195,28.8547825,,,,,,,,,
1587,EUSTIS,LAKE,,,,PRIVATE SCHOOL,,,,,,,-81.41079211,28.91353895,,,,,,,,,
1588,EUSTIS,LAKE,,,,PRIVATE SCHOOL,,,,,,,-81.68168679,28.82775987,,,,,,,,,
1589,HOWEY IN THE HILLS,LAKE,,,,PRIVATE SCHOOL,,,,,,,-81.7788516,28.71647415,,,,,,,,,
1590,CLERMONT,LAKE,,,,PRIVATE SCHOOL,,,,,,,-81.8384409,28.54239615,,,,,,,,,
1591,CLERMONT,LAKE,,,,PRIVATE SCHOOL,,,,,,,-81.73768632,28.53428609,,,,,,,,,
1592,CLERMONT,LAKE,,,,PRIVATE SCHOOL,,,,,,,-81.74076116,28.56434909,,,,,,,,,
1593,CLERMONT,LAKE,,,,PRIVATE SCHOOL,,,,,,,-81.73929695,28.56441125,,,,,,,,,
1594,MONTVERDE,LAKE,,,,PRIVATE SCHOOL,,,,,,,-81.68967894,28.57030899,,,,,,,,,
1595,MONTVERDE,LAKE,,,,PRIVATE SCHOOL,,,,,,,-81.74660886,28.57415117,,,,,,,,,
1596,MONTVERDE,LAKE,,,,PRIVATE SCHOOL,,,,,,,-81.674147,28.59763985,,,,,,,,,
1597,SORRENTO,LAKE,,,,PRIVATE SCHOOL,,,,,,,-81.53095776,28.83619464,,,,,,,,,
1598,FRUITLAND PARK,LAKE,,,,PRIVATE SCHOOL,,,,,,,-81.87640459,28.88535772,,,,,,,,,
1599,FRUITLAND PARK,LAKE,,,,PRIVATE SCHOOL,,,,,,,-81.91712477,28.87658642,,,,,,,,,
1600,GROVELAND,LAKE,,,,PRIVATE SCHOOL,,,,,,,-81.89113318,28.57829082,,,,,,,,,
1601,GROVELAND,LAKE,,,,PRIVATE SCHOOL,,,,,,,-81.85828151,28.57414933,,,,,,,,,
1602,UMATILLA,LAKE,,,,PRIVATE SCHOOL,,,,,,,-81.63265591,28.90428239,,,,,,,,,
1603,FORT MYERS,LEE,,,,PRIVATE SCHOOL,,,,,,,-81.89393488,26.54671377,,,,,,,,,
1604,FORT MYERS,LEE,,,,PRIVATE SCHOOL,,,,,,,-81.84633331,26.65912137,,,,,,,,,
1605,FORT MYERS,LEE,,,,PRIVATE SCHOOL,,,,,,,-81.85402526,26.64044594,,,,,,,,,
1606,FORT MYERS,LEE,,,,PRIVATE SCHOOL,,,,,,,-81.86161146,26.57486519,,,,,,,,,
1607,FORT MYERS,LEE,,,,PRIVATE SCHOOL,,,,,,,-81.88998919,26.55519102,,,,,,,,,
1608,FORT MYERS,LEE,,,,PRIVATE SCHOOL,,,,,,,-81.85409862,26.60373456,,,,,,,,,
1609,FORT MYERS,LEE,,,,PRIVATE SCHOOL,,,,,,,-81.87316164,26.58433413,,,,,,,,,
1610,FORT MYERS,LEE,,,,PRIVATE SCHOOL,,,,,,,-81.86919734,26.63577486,,,,,,,,,
1611,FORT MYERS,LEE,,,,PRIVATE SCHOOL,,,,,,,-81.88561761,26.58863617,,,,,,,,,
1612,FORT MYERS,LEE,,,,PRIVATE SCHOOL,,,,,,,-81.88983493,26.59404467,,,,,,,,,
1613,FORT MYERS,LEE,,,,PRIVATE SCHOOL,,,,,,,-81.87113017,26.63910191,,,,,,,,,
1614,FORT MYERS,LEE,,,,PRIVATE SCHOOL,,,,,,,-81.85710842,26.50056713,,,,,,,,,
1615,FORT MYERS,LEE,,,,PRIVATE SCHOOL,,,,,,,-81.8825472,26.59642295,,,,,,,,,
1616,FORT MYERS,LEE,,,,PRIVATE SCHOOL,,,,,,,-81.87456491,26.56785185,,,,,,,,,
1617,FORT MYERS,LEE,,,,PRIVATE SCHOOL,,,,,,,-81.84784849,26.64069412,,,,,,,,,
1618,FORT MYERS,LEE,,,,PRIVATE SCHOOL,,,,,,,-81.7690682,26.69804989,,,,,,,,,
1619,FORT MYERS,LEE,,,,PRIVATE SCHOOL,,,,,,,-81.73846261,26.57595394,,,,,,,,,
1620,FORT MYERS,LEE,,,,PRIVATE SCHOOL,,,,,,,-81.74761316,26.67481779,,,,,,,,,
1621,FORT MYERS,LEE,,,,PRIVATE SCHOOL,,,,,,,-81.8898451,26.59473065,,,,,,,,,
1622,FORT MYERS,LEE,,,,PRIVATE SCHOOL,,,,,,,-81.83604714,26.59583232,,,,,,,,,
1623,FORT MYERS,LEE,,,,PRIVATE SCHOOL,,,,,,,-81.90738715,26.54431615,,,,,,,,,
1624,FORT MYERS,LEE,,,,PRIVATE SCHOOL,,,,,,,-81.86612934,26.61114282,,,,,,,,,
1625,FORT MYERS,LEE,,,,PRIVATE SCHOOL,,,,,,,-81.83990594,26.55996893,,,,,,,,,
1626,FORT MYERS,LEE,,,,PRIVATE SCHOOL,,,,,,,-81.83419712,26.63042039,,,,,,,,,
1627,FORT MYERS,LEE,,,,PRIVATE SCHOOL,,,,,,,-81.74561802,26.70317126,,,,,,,,,
1628,FORT MYERS,LEE,,,,PRIVATE SCHOOL,,,,,,,-81.83445226,26.63951097,,,,,,,,,
1629,FORT MYERS,LEE,,,,PRIVATE SCHOOL,,,,,,,-81.87454322,26.5859875,,,,,,,,,
1630,FORT MYERS,LEE,,,,PRIVATE SCHOOL,,,,,,,-81.84768824,26.5501976,,,,,,,,,
1631,BONITA SPRINGS,LEE,,,,PRIVATE SCHOOL,,,,,,,-81.78285571,26.34837971,,,,,,,,,
1632,BONITA SPRINGS,LEE,,,,PRIVATE SCHOOL,,,,,,,-81.79772235,26.33202113,,,,,,,,,
1633,BONITA SPRINGS,LEE,,,,PRIVATE SCHOOL,,,,,,,-81.77416326,26.32273457,,,,,,,,,
1634,BONITA SPRINGS,LEE,,,,PRIVATE SCHOOL,,,,,,,-81.80459446,26.35196993,,,,,,,,,
1635,CAPE CORAL,LEE,,,,PRIVATE SCHOOL,,,,,,,-81.99138402,26.59734377,,,,,,,,,
1636,CAPE CORAL,LEE,,,,PRIVATE SCHOOL,,,,,,,-81.95479532,26.56109418,,,,,,,,,
1637,CAPE CORAL,LEE,,,,PRIVATE SCHOOL,,,,,,,-81.9737194,26.63691451,,,,,,,,,
1638,CAPE CORAL,LEE,,,,PRIVATE SCHOOL,,,,,,,-81.98893789,26.57856648,,,,,,,,,
1639,CAPE CORAL,LEE,,,,PRIVATE SCHOOL,,,,,,,-81.98795729,26.63795831,,,,,,,,,
1640,CAPE CORAL,LEE,,,,PRIVATE SCHOOL,,,,,,,-81.94214619,26.570449,,,,,,,,,
1641,CAPE CORAL,LEE,,,,PRIVATE SCHOOL,,,,,,,-81.91355395,26.68143989,,,,,,,,,
1642,CAPE CORAL,LEE,,,,PRIVATE SCHOOL,,,,,,,-81.9817893,26.58595097,,,,,,,,,
1643,CAPE CORAL,LEE,,,,PRIVATE SCHOOL,,,,,,,-81.94055979,26.59701469,,,,,,,,,
1644,CAPE CORAL,LEE,,,,PRIVATE SCHOOL,,,,,,,-81.94941566,26.56399486,,,,,,,,,
1645,CAPE CORAL,LEE,,,,PRIVATE SCHOOL,,,,,,,-81.94192568,26.6025706,,,,,,,,,
1646,CAPE CORAL,LEE,,,,PRIVATE SCHOOL,,,,,,,-81.97702941,26.62744153,,,,,,,,,
1647,LEHIGH ACRES,LEE,,,,PRIVATE SCHOOL,,,,,,,-81.71690116,26.63982139,,,,,,,,,
1648,NORTH FORT MYERS,LEE,,,,PRIVATE SCHOOL,,,,,,,-81.84033412,26.70985491,,,,,,,,,
1649,NORTH FORT MYERS,LEE,,,,PRIVATE SCHOOL,,,,,,,-81.80195322,26.71425706,,,,,,,,,
1650,NORTH FORT MYERS,LEE,,,,PRIVATE SCHOOL,,,,,,,-81.91495156,26.65220204,,,,,,,,,
1651,NORTH FORT MYERS,LEE,,,,PRIVATE SCHOOL,,,,,,,-81.91614902,26.64967985,,,,,,,,,
1652,NORTH FORT MYERS,LEE,,,,PRIVATE SCHOOL,,,,,,,-81.89945692,26.71049616,,,,,,,,,
1653,NORTH FORT MYERS,LEE,,,,PRIVATE SCHOOL,,,,,,,-81.88359078,26.66691696,,,,,,,,,
1654,ALVA,LEE,,,,PRIVATE SCHOOL,,,,,,,-81.60043492,26.70106133,,,,,,,,,
1655,SAINT JAMES CITY,LEE,,,,PRIVATE SCHOOL,,,,,,,-82.10436567,26.5826705,,,,,,,,,
1656,FORT MYERS BEACH,LEE,,,,PRIVATE SCHOOL,,,,,,,-81.93019793,26.44274942,,,,,,,,,
1657,TALLAHASSEE,LEON,,,,PRIVATE SCHOOL,,,,,,,-84.21574721,30.53828216,,,,,,,,,
1658,TALLAHASSEE,LEON,,,,PRIVATE SCHOOL,,,,,,,-84.21813836,30.38476773,,,,,,,,,
1659,TALLAHASSEE,LEON,,,,PRIVATE SCHOOL,,,,,,,-84.29459358,30.47695137,,,,,,,,,
1660,TALLAHASSEE,LEON,,,,PRIVATE SCHOOL,,,,,,,-84.31791625,30.44202475,,,,,,,,,
1661,TALLAHASSEE,LEON,,,,PRIVATE SCHOOL,,,,,,,-84.14679846,30.48669725,,,,,,,,,
1662,TALLAHASSEE,LEON,,,,PRIVATE SCHOOL,,,,,,,-84.27926286,30.45332726,,,,,,,,,
1663,TALLAHASSEE,LEON,,,,PRIVATE SCHOOL,,,,,,,-84.25991114,30.44356918,,,,,,,,,
1664,TALLAHASSEE,LEON,,,,PRIVATE SCHOOL,,,,,,,-84.27448558,30.52459103,,,,,,,,,
1665,TALLAHASSEE,LEON,,,,PRIVATE SCHOOL,,,,,,,-84.28603078,30.44439744,,,,,,,,,
1666,TALLAHASSEE,LEON,,,,PRIVATE SCHOOL,,,,,,,-84.25879696,30.43438131,,,,,,,,,
1667,TALLAHASSEE,LEON,,,,PRIVATE SCHOOL,,,,,,,-84.29579049,30.47624882,,,,,,,,,
1668,TALLAHASSEE,LEON,,,,PRIVATE SCHOOL,,,,,,,-84.33736339,30.44637164,,,,,,,,,
1669,TALLAHASSEE,LEON,,,,PRIVATE SCHOOL,,,,,,,-84.28008455,30.42799708,,,,,,,,,
1670,TALLAHASSEE,LEON,,,,PRIVATE SCHOOL,,,,,,,-84.26266709,30.4048921,,,,,,,,,
1671,TALLAHASSEE,LEON,,,,PRIVATE SCHOOL,,,,,,,-84.29218854,30.43331084,,,,,,,,,
1672,TALLAHASSEE,LEON,,,,PRIVATE SCHOOL,,,,,,,-84.31907963,30.43483645,,,,,,,,,
1673,TALLAHASSEE,LEON,,,,PRIVATE SCHOOL,,,,,,,-84.26943146,30.44244724,,,,,,,,,
1674,TALLAHASSEE,LEON,,,,PRIVATE SCHOOL,,,,,,,-84.22293358,30.48047383,,,,,,,,,
1675,TALLAHASSEE,LEON,,,,PRIVATE SCHOOL,,,,,,,-84.27306899,30.44929453,,,,,,,,,
1676,TALLAHASSEE,LEON,,,,PRIVATE SCHOOL,,,,,,,-84.33460421,30.46689099,,,,,,,,,
1677,TALLAHASSEE,LEON,,,,PRIVATE SCHOOL,,,,,,,-84.29244712,30.42195714,,,,,,,,,
1678,TALLAHASSEE,LEON,,,,PRIVATE SCHOOL,,,,,,,-84.2937297,30.43918345,,,,,,,,,
1679,TALLAHASSEE,LEON,,,,PRIVATE SCHOOL,,,,,,,-84.26695798,30.43695048,,,,,,,,,
1680,TALLAHASSEE,LEON,,,,PRIVATE SCHOOL,,,,,,,-84.28039772,30.486651,,,,,,,,,
1681,TALLAHASSEE,LEON,,,,PRIVATE SCHOOL,,,,,,,-84.22747947,30.44384806,,,,,,,,,
1682,TALLAHASSEE,LEON,,,,PRIVATE SCHOOL,,,,,,,-84.19998462,30.51764551,,,,,,,,,
1683,MADISON,MADISON,,,,PRIVATE SCHOOL,,,,,,,-83.37414846,30.46753651,,,,,,,,,
1684,MADISON,MADISON,,,,PRIVATE SCHOOL,,,,,,,-83.45488259,30.48614269,,,,,,,,,
1685,BRADENTON,MANATEE,,,,PRIVATE SCHOOL,,,,,,,-82.64149587,27.46728615,,,,,,,,,
1686,BRADENTON,MANATEE,,,,PRIVATE SCHOOL,,,,,,,-82.54105822,27.44305002,,,,,,,,,
1687,BRADENTON,MANATEE,,,,PRIVATE SCHOOL,,,,,,,-82.60227712,27.46287247,,,,,,,,,
1688,BRADENTON,MANATEE,,,,PRIVATE SCHOOL,,,,,,,-82.55125562,27.45457458,,,,,,,,,
1689,BRADENTON,MANATEE,,,,PRIVATE SCHOOL,,,,,,,-82.58702994,27.47639203,,,,,,,,,
1690,BRADENTON,MANATEE,,,,PRIVATE SCHOOL,,,,,,,-82.60519635,27.47137223,,,,,,,,,
1691,BRADENTON,MANATEE,,,,PRIVATE SCHOOL,,,,,,,-82.64006746,27.51263116,,,,,,,,,
1692,BRADENTON,MANATEE,,,,PRIVATE SCHOOL,,,,,,,-82.59714275,27.44191324,,,,,,,,,
1693,BRADENTON,MANATEE,,,,PRIVATE SCHOOL,,,,,,,-82.6016321,27.49735042,,,,,,,,,
1694,BRADENTON,MANATEE,,,,PRIVATE SCHOOL,,,,,,,-82.54972605,27.49360289,,,,,,,,,
1695,BRADENTON,MANATEE,,,,PRIVATE SCHOOL,,,,,,,-82.49367441,27.49310451,,,,,,,,,
1696,BRADENTON,MANATEE,,,,PRIVATE SCHOOL,,,,,,,-82.58822037,27.47322795,,,,,,,,,
1697,OCALA,MARION,,,,PRIVATE SCHOOL,,,,,,,-82.16766782,29.14554681,,,,,,,,,
1698,OCALA,MARION,,,,PRIVATE SCHOOL,,,,,,,-82.07817672,29.1911136,,,,,,,,,
1699,OCALA,MARION,,,,PRIVATE SCHOOL,,,,,,,-82.091025,29.19584696,,,,,,,,,
1700,OCALA,MARION,,,,PRIVATE SCHOOL,,,,,,,-82.10586124,29.13403196,,,,,,,,,
1701,OCALA,MARION,,,,PRIVATE SCHOOL,,,,,,,-82.17867435,29.16940515,,,,,,,,,
1702,OCALA,MARION,,,,PRIVATE SCHOOL,,,,,,,-82.19920614,29.16982557,,,,,,,,,
1703,STUART,MARTIN,,,,PRIVATE SCHOOL,,,,,,,-80.23413213,27.11845089,,,,,,,,,
1704,STUART,MARTIN,,,,PRIVATE SCHOOL,,,,,,,-80.22960391,27.18965291,,,,,,,,,
1705,STUART,MARTIN,,,,PRIVATE SCHOOL,,,,,,,-80.25489265,27.19789737,,,,,,,,,
1706,STUART,MARTIN,,,,PRIVATE SCHOOL,,,,,,,-80.23229864,27.18944728,,,,,,,,,
1707,STUART,MARTIN,,,,PRIVATE SCHOOL,,,,,,,-80.2194246,27.19585004,,,,,,,,,
1708,INDIANTOWN,MARTIN,,,,PRIVATE SCHOOL,,,,,,,-80.47128836,27.02823218,,,,,,,,,
1709,HOMESTEAD,MIAMI-DADE,,,,PRIVATE SCHOOL,,,,,,,-80.49313894,25.45796105,,,,,,,,,
1710,HOMESTEAD,MIAMI-DADE,,,,PRIVATE SCHOOL,,,,,,,-80.48062895,25.47371444,,,,,,,,,
1711,HOMESTEAD,MIAMI-DADE,,,,PRIVATE SCHOOL,,,,,,,-80.47766353,25.47455913,,,,,,,,,
1712,HOMESTEAD,MIAMI-DADE,,,,PRIVATE SCHOOL,,,,,,,-80.49399488,25.46099884,,,,,,,,,
1713,HOMESTEAD,MIAMI-DADE,,,,PRIVATE SCHOOL,,,,,,,-80.43753425,25.4988687,,,,,,,,,
1714,HOMESTEAD,MIAMI-DADE,,,,PRIVATE SCHOOL,,,,,,,-80.40836648,25.53686271,,,,,,,,,
1715,HOMESTEAD,MIAMI-DADE,,,,PRIVATE SCHOOL,,,,,,,-80.47153363,25.484131,,,,,,,,,
1716,HOMESTEAD,MIAMI-DADE,,,,PRIVATE SCHOOL,,,,,,,-80.48016633,25.48018802,,,,,,,,,
1717,HOMESTEAD,MIAMI-DADE,,,,PRIVATE SCHOOL,,,,,,,-80.40799315,25.53591358,,,,,,,,,
1718,HOMESTEAD,MIAMI-DADE,,,,PRIVATE SCHOOL,,,,,,,-80.46462785,25.49388895,,,,,,,,,
1719,HOMESTEAD,MIAMI-DADE,,,,PRIVATE SCHOOL,,,,,,,-80.47346502,25.46210563,,,,,,,,,
1720,HOMESTEAD,MIAMI-DADE,,,,PRIVATE SCHOOL,,,,,,,-80.43860988,25.5109701,,,,,,,,,
1721,HOMESTEAD,MIAMI-DADE,,,,PRIVATE SCHOOL,,,,,,,-80.4065259,25.49913562,,,,,,,,,
1722,MIAMI,MIAMI-DADE,,,,PRIVATE SCHOOL,,,,,,,-80.21848244,25.92105255,,,,,,,,,
1723,MIAMI,MIAMI-DADE,,,,PRIVATE SCHOOL,,,,,,,-80.23302081,25.76427391,,,,,,,,,
1724,MIAMI,MIAMI-DADE,,,,PRIVATE SCHOOL,,,,,,,-80.42316843,25.74445413,,,,,,,,,
1725,MIAMI,MIAMI-DADE,,,,PRIVATE SCHOOL,,,,,,,-80.33795466,25.74103381,,,,,,,,,
1726,MIAMI,MIAMI-DADE,,,,PRIVATE SCHOOL,,,,,,,-80.34919727,25.60703965,,,,,,,,,
1727,MIAMI,MIAMI-DADE,,,,PRIVATE SCHOOL,,,,,,,-80.20191786,25.7910336,,,,,,,,,
1728,MIAMI,MIAMI-DADE,,,,PRIVATE SCHOOL,,,,,,,-80.18344162,25.87440714,,,,,,,,,
1729,MIAMI,MIAMI-DADE,,,,PRIVATE SCHOOL,,,,,,,-80.35057708,25.76977603,,,,,,,,,
1730,MIAMI,MIAMI-DADE,,,,PRIVATE SCHOOL,,,,,,,-80.39591782,25.55437369,,,,,,,,,
1731,MIAMI,MIAMI-DADE,,,,PRIVATE SCHOOL,,,,,,,-80.33648289,25.68201157,,,,,,,,,
1732,MIAMI,MIAMI-DADE,,,,PRIVATE SCHOOL,,,,,,,-80.29242219,25.78362884,,,,,,,,,
1733,MIAMI,MIAMI-DADE,,,,PRIVATE SCHOOL,,,,,,,-80.31590993,25.69842553,,,,,,,,,
1734,MIAMI,MIAMI-DADE,,,,PRIVATE SCHOOL,,,,,,,-80.28087587,25.74553159,,,,,,,,,
1735,MIAMI,MIAMI-DADE,,,,PRIVATE SCHOOL,,,,,,,-80.22022803,25.77060283,,,,,,,,,
1736,MIAMI,MIAMI-DADE,,,,PRIVATE SCHOOL,,,,,,,-80.2892075,25.68883556,,,,,,,,,
1737,MIAMI,MIAMI-DADE,,,,PRIVATE SCHOOL,,,,,,,-80.17686627,25.91038766,,,,,,,,,
1738,MIAMI,MIAMI-DADE,,,,PRIVATE SCHOOL,,,,,,,-80.37043953,25.73302257,,,,,,,,,
1739,MIAMI,MIAMI-DADE,,,,PRIVATE SCHOOL,,,,,,,-80.28415406,25.81926132,,,,,,,,,
1740,MIAMI,MIAMI-DADE,,,,PRIVATE SCHOOL,,,,,,,-80.406426,25.64394023,,,,,,,,,
1741,MIAMI,MIAMI-DADE,,,,PRIVATE SCHOOL,,,,,,,-80.36714868,25.69026576,,,,,,,,,
1742,MIAMI,MIAMI-DADE,,,,PRIVATE SCHOOL,,,,,,,-80.21319674,25.88423038,,,,,,,,,
1743,MIAMI,MIAMI-DADE,,,,PRIVATE SCHOOL,,,,,,,-80.28563768,25.691887,,,,,,,,,
1744,MIAMI,MIAMI-DADE,,,,PRIVATE SCHOOL,,,,,,,-80.31035637,25.82008546,,,,,,,,,
1745,MIAMI,MIAMI-DADE,,,,PRIVATE SCHOOL,,,,,,,-80.21829163,25.78805394,,,,,,,,,
1746,MIAMI,MIAMI-DADE,,,,PRIVATE SCHOOL,,,,,,,-80.23247953,25.8686661,,,,,,,,,
1747,MIAMI,MIAMI-DADE,,,,PRIVATE SCHOOL,,,,,,,-80.43869054,25.71231486,,,,,,,,,
1748,MIAMI,MIAMI-DADE,,,,PRIVATE SCHOOL,,,,,,,-80.18458894,25.83157791,,,,,,,,,
1749,MIAMI,MIAMI-DADE,,,,PRIVATE SCHOOL,,,,,,,-80.39055774,25.73748288,,,,,,,,,
1750,MIAMI,MIAMI-DADE,,,,PRIVATE SCHOOL,,,,,,,-80.21820455,25.78871937,,,,,,,,,
1751,MIAMI,MIAMI-DADE,,,,PRIVATE SCHOOL,,,,,,,-80.21406403,25.79074638,,,,,,,,,
1752,MIAMI,MIAMI-DADE,,,,PRIVATE SCHOOL,,,,,,,-80.40554832,25.76276952,,,,,,,,,
1753,MIAMI,MIAMI-DADE,,,,PRIVATE SCHOOL,,,,,,,-80.24695017,25.71996903,,,,,,,,,
1754,MIAMI,MIAMI-DADE,,,,PRIVATE SCHOOL,,,,,,,-80.32847788,25.65212628,,,,,,,,,
1755,MIAMI,MIAMI-DADE,,,,PRIVATE SCHOOL,,,,,,,-80.17977037,25.96525482,,,,,,,,,
1756,MIAMI,MIAMI-DADE,,,,PRIVATE SCHOOL,,,,,,,-80.33696123,25.74258689,,,,,,,,,
1757,MIAMI,MIAMI-DADE,,,,PRIVATE SCHOOL,,,,,,,-80.17837452,25.92645176,,,,,,,,,
1758,MIAMI,MIAMI-DADE,,,,PRIVATE SCHOOL,,,,,,,-80.30437202,25.63168605,,,,,,,,,
1759,MIAMI,MIAMI-DADE,,,,PRIVATE SCHOOL,,,,,,,-80.43077538,25.61400547,,,,,,,,,
1760,MIAMI,MIAMI-DADE,,,,PRIVATE SCHOOL,,,,,,,-80.31549917,25.73177884,,,,,,,,,
1761,MIAMI,MIAMI-DADE,,,,PRIVATE SCHOOL,,,,,,,-80.36774089,25.71356562,,,,,,,,,
1762,MIAMI,MIAMI-DADE,,,,PRIVATE SCHOOL,,,,,,,-80.22295047,25.77028987,,,,,,,,,
1763,MIAMI,MIAMI-DADE,,,,PRIVATE SCHOOL,,,,,,,-80.21803273,25.76612076,,,,,,,,,
1764,MIAMI,MIAMI-DADE,,,,PRIVATE SCHOOL,,,,,,,-80.21051764,25.77293613,,,,,,,,,
1765,MIAMI,MIAMI-DADE,,,,PRIVATE SCHOOL,,,,,,,-80.28373914,25.68898916,,,,,,,,,
1766,MIAMI,MIAMI-DADE,,,,PRIVATE SCHOOL,,,,,,,-80.19032704,25.82144952,,,,,,,,,
1767,MIAMI,MIAMI-DADE,,,,PRIVATE SCHOOL,,,,,,,-80.31117248,25.65878623,,,,,,,,,
1768,MIAMI,MIAMI-DADE,,,,PRIVATE SCHOOL,,,,,,,-80.30263908,25.63290086,,,,,,,,,
1769,MIAMI,MIAMI-DADE,,,,PRIVATE SCHOOL,,,,,,,-80.25678248,25.76380092,,,,,,,,,
1770,MIAMI,MIAMI-DADE,,,,PRIVATE SCHOOL,,,,,,,-80.3032286,25.75783973,,,,,,,,,
1771,MIAMI,MIAMI-DADE,,,,PRIVATE SCHOOL,,,,,,,-80.19246205,25.81116219,,,,,,,,,
1772,MIAMI,MIAMI-DADE,,,,PRIVATE SCHOOL,,,,,,,-80.18959069,25.76767192,,,,,,,,,
1773,MIAMI,MIAMI-DADE,,,,PRIVATE SCHOOL,,,,,,,-80.23251433,25.86777334,,,,,,,,,
1774,MIAMI,MIAMI-DADE,,,,PRIVATE SCHOOL,,,,,,,-80.32417624,25.76954573,,,,,,,,,
1775,MIAMI,MIAMI-DADE,,,,PRIVATE SCHOOL,,,,,,,-80.3407846,25.72835466,,,,,,,,,
1776,MIAMI,MIAMI-DADE,,,,PRIVATE SCHOOL,,,,,,,-80.38671454,25.70127226,,,,,,,,,
1777,MIAMI,MIAMI-DADE,,,,PRIVATE SCHOOL,,,,,,,-80.24637718,25.74120923,,,,,,,,,
1778,MIAMI,MIAMI-DADE,,,,PRIVATE SCHOOL,,,,,,,-80.1561084,25.95109219,,,,,,,,,
1779,MIAMI,MIAMI-DADE,,,,PRIVATE SCHOOL,,,,,,,-80.34828047,25.75425234,,,,,,,,,
1780,MIAMI,MIAMI-DADE,,,,PRIVATE SCHOOL,,,,,,,-80.1956231,25.84836314,,,,,,,,,
1781,MIAMI,MIAMI-DADE,,,,PRIVATE SCHOOL,,,,,,,-80.42184114,25.7003513,,,,,,,,,
1782,MIAMI,MIAMI-DADE,,,,PRIVATE SCHOOL,,,,,,,-80.32548559,25.71692442,,,,,,,,,
1783,MIAMI,MIAMI-DADE,,,,PRIVATE SCHOOL,,,,,,,-80.38670779,25.71594635,,,,,,,,,
1784,MIAMI,MIAMI-DADE,,,,PRIVATE SCHOOL,,,,,,,-80.24225221,25.77515156,,,,,,,,,
1785,MIAMI,MIAMI-DADE,,,,PRIVATE SCHOOL,,,,,,,-80.20942708,25.75416563,,,,,,,,,
1786,MIAMI,MIAMI-DADE,,,,PRIVATE SCHOOL,,,,,,,-80.37295554,25.73726374,,,,,,,,,
1787,MIAMI,MIAMI-DADE,,,,PRIVATE SCHOOL,,,,,,,-80.34253242,25.62220233,,,,,,,,,
1788,MIAMI,MIAMI-DADE,,,,PRIVATE SCHOOL,,,,,,,-80.24529548,25.8478639,,,,,,,,,
1789,MIAMI,MIAMI-DADE,,,,PRIVATE SCHOOL,,,,,,,-80.44885968,25.71462658,,,,,,,,,
1790,MIAMI,MIAMI-DADE,,,,PRIVATE SCHOOL,,,,,,,-80.19620547,25.88482736,,,,,,,,,
1791,MIAMI,MIAMI-DADE,,,,PRIVATE SCHOOL,,,,,,,-80.22731795,25.73826933,,,,,,,,,
1792,MIAMI,MIAMI-DADE,,,,PRIVATE SCHOOL,,,,,,,-80.39649627,25.58653201,,,,,,,,,
1793,MIAMI,MIAMI-DADE,,,,PRIVATE SCHOOL,,,,,,,-80.333853,25.64626615,,,,,,,,,
1794,MIAMI,MIAMI-DADE,,,,PRIVATE SCHOOL,,,,,,,-80.25243302,25.71798294,,,,,,,,,
1795,MIAMI,MIAMI-DADE,,,,PRIVATE SCHOOL,,,,,,,-80.19261327,25.85183708,,,,,,,,,
1796,MIAMI,MIAMI-DADE,,,,PRIVATE SCHOOL,,,,,,,-80.23152117,25.78110796,,,,,,,,,
1797,MIAMI,MIAMI-DADE,,,,PRIVATE SCHOOL,,,,,,,-80.33710632,25.74165381,,,,,,,,,
1798,MIAMI,MIAMI-DADE,,,,PRIVATE SCHOOL,,,,,,,-80.4283501,25.63055338,,,,,,,,,
1799,MIAMI,MIAMI-DADE,,,,PRIVATE SCHOOL,,,,,,,-80.33731672,25.68220116,,,,,,,,,
1800,MIAMI,MIAMI-DADE,,,,PRIVATE SCHOOL,,,,,,,-80.34026907,25.73042137,,,,,,,,,
1801,MIAMI,MIAMI-DADE,,,,PRIVATE SCHOOL,,,,,,,-80.21049925,25.93206414,,,,,,,,,
1802,MIAMI,MIAMI-DADE,,,,PRIVATE SCHOOL,,,,,,,-80.36665748,25.72733324,,,,,,,,,
1803,MIAMI,MIAMI-DADE,,,,PRIVATE SCHOOL,,,,,,,-80.40639464,25.66477856,,,,,,,,,
1804,MIAMI,MIAMI-DADE,,,,PRIVATE SCHOOL,,,,,,,-80.37171275,25.56129528,,,,,,,,,
1805,MIAMI,MIAMI-DADE,,,,PRIVATE SCHOOL,,,,,,,-80.39854909,25.73109032,,,,,,,,,
1806,MIAMI,MIAMI-DADE,,,,PRIVATE SCHOOL,,,,,,,-80.19329516,25.86505992,,,,,,,,,
1807,MIAMI,MIAMI-DADE,,,,PRIVATE SCHOOL,,,,,,,-80.32139714,25.60478128,,,,,,,,,
1808,MIAMI,MIAMI-DADE,,,,PRIVATE SCHOOL,,,,,,,-80.1990587,25.94934472,,,,,,,,,
1809,MIAMI,MIAMI-DADE,,,,PRIVATE SCHOOL,,,,,,,-80.41850976,25.71284994,,,,,,,,,
1810,MIAMI,MIAMI-DADE,,,,PRIVATE SCHOOL,,,,,,,-80.23615254,25.89687605,,,,,,,,,
1811,MIAMI,MIAMI-DADE,,,,PRIVATE SCHOOL,,,,,,,-80.15014916,25.96558192,,,,,,,,,
1812,MIAMI,MIAMI-DADE,,,,PRIVATE SCHOOL,,,,,,,-80.28271133,25.65518252,,,,,,,,,
1813,MIAMI,MIAMI-DADE,,,,PRIVATE SCHOOL,,,,,,,-80.28610381,25.71485123,,,,,,,,,
1814,MIAMI,MIAMI-DADE,,,,PRIVATE SCHOOL,,,,,,,-80.17296094,25.88423526,,,,,,,,,
1815,MIAMI,MIAMI-DADE,,,,PRIVATE SCHOOL,,,,,,,-80.2122006,25.74211108,,,,,,,,,
1816,MIAMI,MIAMI-DADE,,,,PRIVATE SCHOOL,,,,,,,-80.22561131,25.7963245,,,,,,,,,
1817,MIAMI,MIAMI-DADE,,,,PRIVATE SCHOOL,,,,,,,-80.17873909,25.92695347,,,,,,,,,
1818,MIAMI,MIAMI-DADE,,,,PRIVATE SCHOOL,,,,,,,-80.30921796,25.6366945,,,,,,,,,
1819,MIAMI,MIAMI-DADE,,,,PRIVATE SCHOOL,,,,,,,-80.36865582,25.74585478,,,,,,,,,
1820,MIAMI,MIAMI-DADE,,,,PRIVATE SCHOOL,,,,,,,-80.281676,25.6942675,,,,,,,,,
1821,MIAMI,MIAMI-DADE,,,,PRIVATE SCHOOL,,,,,,,-80.30404092,25.75818537,,,,,,,,,
1822,MIAMI,MIAMI-DADE,,,,PRIVATE SCHOOL,,,,,,,-80.3759932,25.59369769,,,,,,,,,
1823,MIAMI,MIAMI-DADE,,,,PRIVATE SCHOOL,,,,,,,-80.36866558,25.67916064,,,,,,,,,
1824,MIAMI,MIAMI-DADE,,,,PRIVATE SCHOOL,,,,,,,-80.41052072,25.65579786,,,,,,,,,
1825,MIAMI,MIAMI-DADE,,,,PRIVATE SCHOOL,,,,,,,-80.14203785,25.96477425,,,,,,,,,
1826,MIAMI,MIAMI-DADE,,,,PRIVATE SCHOOL,,,,,,,-80.44644677,25.68294287,,,,,,,,,
1827,MIAMI,MIAMI-DADE,,,,PRIVATE SCHOOL,,,,,,,-80.41541239,25.74232841,,,,,,,,,
1828,MIAMI,MIAMI-DADE,,,,PRIVATE SCHOOL,,,,,,,-80.42249085,25.66240155,,,,,,,,,
1829,MIAMI,MIAMI-DADE,,,,PRIVATE SCHOOL,,,,,,,-80.21657922,25.81543492,,,,,,,,,
1830,MIAMI,MIAMI-DADE,,,,PRIVATE SCHOOL,,,,,,,-80.18487631,25.84546046,,,,,,,,,
1831,MIAMI,MIAMI-DADE,,,,PRIVATE SCHOOL,,,,,,,-80.22177614,25.85151353,,,,,,,,,
1832,MIAMI,MIAMI-DADE,,,,PRIVATE SCHOOL,,,,,,,-80.44770279,25.69743039,,,,,,,,,
1833,MIAMI,MIAMI-DADE,,,,PRIVATE SCHOOL,,,,,,,-80.19655604,25.79619669,,,,,,,,,
1834,MIAMI,MIAMI-DADE,,,,PRIVATE SCHOOL,,,,,,,-80.365325,25.68799443,,,,,,,,,
1835,MIAMI,MIAMI-DADE,,,,PRIVATE SCHOOL,,,,,,,-80.28870112,25.81272626,,,,,,,,,
1836,MIAMI,MIAMI-DADE,,,,PRIVATE SCHOOL,,,,,,,-80.33432931,25.67934419,,,,,,,,,
1837,MIAMI,MIAMI-DADE,,,,PRIVATE SCHOOL,,,,,,,-80.41547644,25.73240881,,,,,,,,,
1838,MIAMI,MIAMI-DADE,,,,PRIVATE SCHOOL,,,,,,,-80.21431894,25.89903772,,,,,,,,,
1839,MIAMI,MIAMI-DADE,,,,PRIVATE SCHOOL,,,,,,,-80.27265486,25.73473533,,,,,,,,,
1840,MIAMI,MIAMI-DADE,,,,PRIVATE SCHOOL,,,,,,,-80.20993955,25.83086915,,,,,,,,,
1841,MIAMI,MIAMI-DADE,,,,PRIVATE SCHOOL,,,,,,,-80.42097629,25.67471106,,,,,,,,,
1842,MIAMI,MIAMI-DADE,,,,PRIVATE SCHOOL,,,,,,,-80.20538995,25.89091006,,,,,,,,,
1843,MIAMI,MIAMI-DADE,,,,PRIVATE SCHOOL,,,,,,,-80.2325086,25.86809536,,,,,,,,,
1844,MIAMI,MIAMI-DADE,,,,PRIVATE SCHOOL,,,,,,,-80.28631119,25.82148575,,,,,,,,,
1845,MIAMI,MIAMI-DADE,,,,PRIVATE SCHOOL,,,,,,,-80.24287685,25.7270191,,,,,,,,,
1846,MIAMI,MIAMI-DADE,,,,PRIVATE SCHOOL,,,,,,,-80.36065143,25.70054917,,,,,,,,,
1847,MIAMI,MIAMI-DADE,,,,PRIVATE SCHOOL,,,,,,,-80.23464071,25.86779913,,,,,,,,,
1848,MIAMI,MIAMI-DADE,,,,PRIVATE SCHOOL,,,,,,,-80.3937911,25.772251,,,,,,,,,
1849,MIAMI,MIAMI-DADE,,,,PRIVATE SCHOOL,,,,,,,-80.33217325,25.66679272,,,,,,,,,
1850,MIAMI,MIAMI-DADE,,,,PRIVATE SCHOOL,,,,,,,-80.36465675,25.82668498,,,,,,,,,
1851,MIAMI,MIAMI-DADE,,,,PRIVATE SCHOOL,,,,,,,-80.21165669,25.77285938,,,,,,,,,
1852,MIAMI,MIAMI-DADE,,,,PRIVATE SCHOOL,,,,,,,-80.291994,25.81119932,,,,,,,,,
1853,MIAMI,MIAMI-DADE,,,,PRIVATE SCHOOL,,,,,,,-80.31269045,25.71118432,,,,,,,,,
1854,MIAMI,MIAMI-DADE,,,,PRIVATE SCHOOL,,,,,,,-80.31290249,25.60573904,,,,,,,,,
1855,MIAMI,MIAMI-DADE,,,,PRIVATE SCHOOL,,,,,,,-80.370631,25.56614856,,,,,,,,,
1856,MIAMI,MIAMI-DADE,,,,PRIVATE SCHOOL,,,,,,,-80.35999585,25.71738676,,,,,,,,,
1857,MIAMI,MIAMI-DADE,,,,PRIVATE SCHOOL,,,,,,,-80.41703746,25.74244947,,,,,,,,,
1858,MIAMI,MIAMI-DADE,,,,PRIVATE SCHOOL,,,,,,,-80.37403159,25.77304391,,,,,,,,,
1859,MIAMI,MIAMI-DADE,,,,PRIVATE SCHOOL,,,,,,,-80.1629077,25.92727717,,,,,,,,,
1860,MIAMI,MIAMI-DADE,,,,PRIVATE SCHOOL,,,,,,,-80.21655216,25.95352327,,,,,,,,,
1861,MIAMI,MIAMI-DADE,,,,PRIVATE SCHOOL,,,,,,,-80.21368275,25.759703,,,,,,,,,
1862,MIAMI,MIAMI-DADE,,,,PRIVATE SCHOOL,,,,,,,-80.17134618,25.87997633,,,,,,,,,
1863,MIAMI,MIAMI-DADE,,,,PRIVATE SCHOOL,,,,,,,-80.20787852,25.82372544,,,,,,,,,
1864,MIAMI,MIAMI-DADE,,,,PRIVATE SCHOOL,,,,,,,-80.15371739,25.94984997,,,,,,,,,
1865,MIAMI,MIAMI-DADE,,,,PRIVATE SCHOOL,,,,,,,-80.28130329,25.70561631,,,,,,,,,
1866,MIAMI,MIAMI-DADE,,,,PRIVATE SCHOOL,,,,,,,-80.33080942,25.7032002,,,,,,,,,
1867,MIAMI,MIAMI-DADE,,,,PRIVATE SCHOOL,,,,,,,-80.35086511,25.67164995,,,,,,,,,
1868,MIAMI,MIAMI-DADE,,,,PRIVATE SCHOOL,,,,,,,-80.39691221,25.7016863,,,,,,,,,
1869,MIAMI,MIAMI-DADE,,,,PRIVATE SCHOOL,,,,,,,-80.46683604,25.67072068,,,,,,,,,
1870,MIAMI,MIAMI-DADE,,,,PRIVATE SCHOOL,,,,,,,-80.20210251,25.89304756,,,,,,,,,
1871,MIAMI,MIAMI-DADE,,,,PRIVATE SCHOOL,,,,,,,-80.24703698,25.75608857,,,,,,,,,
1872,MIAMI,MIAMI-DADE,,,,PRIVATE SCHOOL,,,,,,,-80.24462399,25.72324078,,,,,,,,,
1873,MIAMI,MIAMI-DADE,,,,PRIVATE SCHOOL,,,,,,,-80.35863142,25.71615149,,,,,,,,,
1874,MIAMI,MIAMI-DADE,,,,PRIVATE SCHOOL,,,,,,,-80.42322095,25.70818835,,,,,,,,,
1875,MIAMI,MIAMI-DADE,,,,PRIVATE SCHOOL,,,,,,,-80.34233354,25.63032173,,,,,,,,,
1876,MIAMI,MIAMI-DADE,,,,PRIVATE SCHOOL,,,,,,,-80.20557495,25.85492819,,,,,,,,,
1877,MIAMI,MIAMI-DADE,,,,PRIVATE SCHOOL,,,,,,,-80.34748764,25.59723649,,,,,,,,,
1878,MIAMI,MIAMI-DADE,,,,PRIVATE SCHOOL,,,,,,,-80.17745328,25.92513971,,,,,,,,,
1879,MIAMI,MIAMI-DADE,,,,PRIVATE SCHOOL,,,,,,,-80.18460826,25.88872667,,,,,,,,,
1880,MIAMI,MIAMI-DADE,,,,PRIVATE SCHOOL,,,,,,,-80.31678618,25.65871042,,,,,,,,,
1881,MIAMI,MIAMI-DADE,,,,PRIVATE SCHOOL,,,,,,,-80.18035203,25.94480493,,,,,,,,,
1882,MIAMI,MIAMI-DADE,,,,PRIVATE SCHOOL,,,,,,,-80.3894497,25.70167782,,,,,,,,,
1883,MIAMI,MIAMI-DADE,,,,PRIVATE SCHOOL,,,,,,,-80.28562901,25.69845928,,,,,,,,,
1884,MIAMI,MIAMI-DADE,,,,PRIVATE SCHOOL,,,,,,,-80.36833077,25.67304114,,,,,,,,,
1885,MIAMI,MIAMI-DADE,,,,PRIVATE SCHOOL,,,,,,,-80.37405972,25.66549808,,,,,,,,,
1886,MIAMI,MIAMI-DADE,,,,PRIVATE SCHOOL,,,,,,,-80.21594553,25.74138367,,,,,,,,,
1887,MIAMI,MIAMI-DADE,,,,PRIVATE SCHOOL,,,,,,,-80.43884359,25.64000724,,,,,,,,,
1888,MIAMI,MIAMI-DADE,,,,PRIVATE SCHOOL,,,,,,,-80.37199013,25.69067706,,,,,,,,,
1889,MIAMI,MIAMI-DADE,,,,PRIVATE SCHOOL,,,,,,,-80.2859132,25.77119348,,,,,,,,,
1890,MIAMI,MIAMI-DADE,,,,PRIVATE SCHOOL,,,,,,,-80.28020228,25.95868691,,,,,,,,,
1891,MIAMI,MIAMI-DADE,,,,PRIVATE SCHOOL,,,,,,,-80.20970792,25.85162379,,,,,,,,,
1892,MIAMI,MIAMI-DADE,,,,PRIVATE SCHOOL,,,,,,,-80.18226039,25.96573317,,,,,,,,,
1893,MIAMI,MIAMI-DADE,,,,PRIVATE SCHOOL,,,,,,,-80.44311347,25.67224935,,,,,,,,,
1894,MIAMI,MIAMI-DADE,,,,PRIVATE SCHOOL,,,,,,,-80.19110991,25.79911089,,,,,,,,,
1895,MIAMI,MIAMI-DADE,,,,PRIVATE SCHOOL,,,,,,,-80.44827126,25.76073804,,,,,,,,,
1896,MIAMI,MIAMI-DADE,,,,PRIVATE SCHOOL,,,,,,,-80.37617434,25.75737124,,,,,,,,,
1897,MIAMI,MIAMI-DADE,,,,PRIVATE SCHOOL,,,,,,,-80.21182987,25.87228562,,,,,,,,,
1898,MIAMI,MIAMI-DADE,,,,PRIVATE SCHOOL,,,,,,,-80.40162788,25.76432399,,,,,,,,,
1899,MIAMI,MIAMI-DADE,,,,PRIVATE SCHOOL,,,,,,,-80.22202925,25.80258853,,,,,,,,,
1900,MIAMI,MIAMI-DADE,,,,PRIVATE SCHOOL,,,,,,,-80.21034928,25.87149164,,,,,,,,,
1901,MIAMI,MIAMI-DADE,,,,PRIVATE SCHOOL,,,,,,,-80.38762042,25.71378002,,,,,,,,,
1902,MIAMI,MIAMI-DADE,,,,PRIVATE SCHOOL,,,,,,,-80.26184641,25.7715167,,,,,,,,,
1903,MIAMI,MIAMI-DADE,,,,PRIVATE SCHOOL,,,,,,,-80.43567707,25.68536345,,,,,,,,,
1904,MIAMI,MIAMI-DADE,,,,PRIVATE SCHOOL,,,,,,,-80.19995606,25.82722751,,,,,,,,,
1905,MIAMI,MIAMI-DADE,,,,PRIVATE SCHOOL,,,,,,,-80.37387614,25.75698465,,,,,,,,,
1906,HIALEAH,MIAMI-DADE,,,,PRIVATE SCHOOL,,,,,,,-80.32054531,25.88312995,,,,,,,,,
1907,HIALEAH,MIAMI-DADE,,,,PRIVATE SCHOOL,,,,,,,-80.30789706,25.87472684,,,,,,,,,
1908,HIALEAH,MIAMI-DADE,,,,PRIVATE SCHOOL,,,,,,,-80.27264879,25.82358549,,,,,,,,,
1909,HIALEAH,MIAMI-DADE,,,,PRIVATE SCHOOL,,,,,,,-80.28577383,25.86366372,,,,,,,,,
1910,HIALEAH,MIAMI-DADE,,,,PRIVATE SCHOOL,,,,,,,-80.28434124,25.87527265,,,,,,,,,
1911,HIALEAH,MIAMI-DADE,,,,PRIVATE SCHOOL,,,,,,,-80.35574314,25.89822464,,,,,,,,,
1912,HIALEAH,MIAMI-DADE,,,,PRIVATE SCHOOL,,,,,,,-80.32850397,25.91510323,,,,,,,,,
1913,HIALEAH,MIAMI-DADE,,,,PRIVATE SCHOOL,,,,,,,-80.28394837,25.82777767,,,,,,,,,
1914,HIALEAH,MIAMI-DADE,,,,PRIVATE SCHOOL,,,,,,,-80.30459892,25.91763336,,,,,,,,,
1915,HIALEAH,MIAMI-DADE,,,,PRIVATE SCHOOL,,,,,,,-80.30603516,25.92607689,,,,,,,,,
1916,HIALEAH,MIAMI-DADE,,,,PRIVATE SCHOOL,,,,,,,-80.28693225,25.8810235,,,,,,,,,
1917,HIALEAH,MIAMI-DADE,,,,PRIVATE SCHOOL,,,,,,,-80.30699986,25.88609328,,,,,,,,,
1918,HIALEAH,MIAMI-DADE,,,,PRIVATE SCHOOL,,,,,,,-80.27277763,25.83364554,,,,,,,,,
1919,HIALEAH,MIAMI-DADE,,,,PRIVATE SCHOOL,,,,,,,-80.29322641,25.89048574,,,,,,,,,
1920,HIALEAH,MIAMI-DADE,,,,PRIVATE SCHOOL,,,,,,,-80.33270459,25.88492893,,,,,,,,,
1921,HIALEAH,MIAMI-DADE,,,,PRIVATE SCHOOL,,,,,,,-80.29049966,25.83138405,,,,,,,,,
1922,HIALEAH,MIAMI-DADE,,,,PRIVATE SCHOOL,,,,,,,-80.29870059,25.88469673,,,,,,,,,
1923,HIALEAH,MIAMI-DADE,,,,PRIVATE SCHOOL,,,,,,,-80.34689639,25.88343681,,,,,,,,,
1924,HIALEAH,MIAMI-DADE,,,,PRIVATE SCHOOL,,,,,,,-80.32410728,25.87606793,,,,,,,,,
1925,HIALEAH,MIAMI-DADE,,,,PRIVATE SCHOOL,,,,,,,-80.30925957,25.883153,,,,,,,,,
1926,HIALEAH,MIAMI-DADE,,,,PRIVATE SCHOOL,,,,,,,-80.28106265,25.82973553,,,,,,,,,
1927,HIALEAH,MIAMI-DADE,,,,PRIVATE SCHOOL,,,,,,,-80.27523447,25.86746743,,,,,,,,,
1928,HIALEAH,MIAMI-DADE,,,,PRIVATE SCHOOL,,,,,,,-80.33792324,25.94351634,,,,,,,,,
1929,HIALEAH,MIAMI-DADE,,,,PRIVATE SCHOOL,,,,,,,-80.32101862,25.86194756,,,,,,,,,
1930,HIALEAH,MIAMI-DADE,,,,PRIVATE SCHOOL,,,,,,,-80.34782823,25.89231626,,,,,,,,,
1931,HIALEAH,MIAMI-DADE,,,,PRIVATE SCHOOL,,,,,,,-80.31186614,25.88648884,,,,,,,,,
1932,HIALEAH,MIAMI-DADE,,,,PRIVATE SCHOOL,,,,,,,-80.30656591,25.91749887,,,,,,,,,
1933,HIALEAH,MIAMI-DADE,,,,PRIVATE SCHOOL,,,,,,,-80.32676101,25.87866578,,,,,,,,,
1934,HIALEAH,MIAMI-DADE,,,,PRIVATE SCHOOL,,,,,,,-80.30593405,25.84285693,,,,,,,,,
1935,HIALEAH,MIAMI-DADE,,,,PRIVATE SCHOOL,,,,,,,-80.2749084,25.85634253,,,,,,,,,
1936,HIALEAH,MIAMI-DADE,,,,PRIVATE SCHOOL,,,,,,,-80.31973994,25.86591076,,,,,,,,,
1937,HIALEAH,MIAMI-DADE,,,,PRIVATE SCHOOL,,,,,,,-80.27429918,25.83796971,,,,,,,,,
1938,HIALEAH,MIAMI-DADE,,,,PRIVATE SCHOOL,,,,,,,-80.29996061,25.92694886,,,,,,,,,
1939,HIALEAH,MIAMI-DADE,,,,PRIVATE SCHOOL,,,,,,,-80.26424233,25.8657942,,,,,,,,,
1940,HIALEAH,MIAMI-DADE,,,,PRIVATE SCHOOL,,,,,,,-80.27425905,25.83119857,,,,,,,,,
1941,HIALEAH,MIAMI-DADE,,,,PRIVATE SCHOOL,,,,,,,-80.27165649,25.82608615,,,,,,,,,
1942,HIALEAH,MIAMI-DADE,,,,PRIVATE SCHOOL,,,,,,,-80.28235463,25.87297871,,,,,,,,,
1943,HIALEAH,MIAMI-DADE,,,,PRIVATE SCHOOL,,,,,,,-80.33518148,25.86891721,,,,,,,,,
1944,HIALEAH,MIAMI-DADE,,,,PRIVATE SCHOOL,,,,,,,-80.28341859,25.83142404,,,,,,,,,
1945,HIALEAH,MIAMI-DADE,,,,PRIVATE SCHOOL,,,,,,,-80.33918076,25.8967309,,,,,,,,,
1946,HIALEAH,MIAMI-DADE,,,,PRIVATE SCHOOL,,,,,,,-80.30179745,25.86625928,,,,,,,,,
1947,KEY BISCAYNE,MIAMI-DADE,,,,PRIVATE SCHOOL,,,,,,,-80.16523197,25.69978574,,,,,,,,,
1948,KEY BISCAYNE,MIAMI-DADE,,,,PRIVATE SCHOOL,,,,,,,-80.16704165,25.69952096,,,,,,,,,
1949,OPA LOCKA,MIAMI-DADE,,,,PRIVATE SCHOOL,,,,,,,-80.25595663,25.9465841,,,,,,,,,
1950,OPA LOCKA,MIAMI-DADE,,,,PRIVATE SCHOOL,,,,,,,-80.28070951,25.93878312,,,,,,,,,
1951,OPA LOCKA,MIAMI-DADE,,,,PRIVATE SCHOOL,,,,,,,-80.25071156,25.90417672,,,,,,,,,
1952,OPA LOCKA,MIAMI-DADE,,,,PRIVATE SCHOOL,,,,,,,-80.24644186,25.92526374,,,,,,,,,
1953,OPA LOCKA,MIAMI-DADE,,,,PRIVATE SCHOOL,,,,,,,-80.23763224,25.93999905,,,,,,,,,
1954,OPA LOCKA,MIAMI-DADE,,,,PRIVATE SCHOOL,,,,,,,-80.24443023,25.91071091,,,,,,,,,
1955,OPA LOCKA,MIAMI-DADE,,,,PRIVATE SCHOOL,,,,,,,-80.23587362,25.89901369,,,,,,,,,
1956,OPA LOCKA,MIAMI-DADE,,,,PRIVATE SCHOOL,,,,,,,-80.26336118,25.96965447,,,,,,,,,
1957,OPA LOCKA,MIAMI-DADE,,,,PRIVATE SCHOOL,,,,,,,-80.2535394,25.91660053,,,,,,,,,
1958,OPA LOCKA,MIAMI-DADE,,,,PRIVATE SCHOOL,,,,,,,-80.25987193,25.94621398,,,,,,,,,
1959,OPA LOCKA,MIAMI-DADE,,,,PRIVATE SCHOOL,,,,,,,-80.25444735,25.89566444,,,,,,,,,
1960,OPA LOCKA,MIAMI-DADE,,,,PRIVATE SCHOOL,,,,,,,-80.24529267,25.93258694,,,,,,,,,
1961,OPA LOCKA,MIAMI-DADE,,,,PRIVATE SCHOOL,,,,,,,-80.23830309,25.92848148,,,,,,,,,
1962,OPA LOCKA,MIAMI-DADE,,,,PRIVATE SCHOOL,,,,,,,-80.25838516,25.91681452,,,,,,,,,
1963,NORTH MIAMI BEACH,MIAMI-DADE,,,,PRIVATE SCHOOL,,,,,,,-80.15617516,25.94896859,,,,,,,,,
1964,NORTH MIAMI BEACH,MIAMI-DADE,,,,PRIVATE SCHOOL,,,,,,,-80.14480592,25.94576172,,,,,,,,,
1965,NORTH MIAMI BEACH,MIAMI-DADE,,,,PRIVATE SCHOOL,,,,,,,-80.15205158,25.95136142,,,,,,,,,
1966,NORTH MIAMI BEACH,MIAMI-DADE,,,,PRIVATE SCHOOL,,,,,,,-80.16876771,25.92692027,,,,,,,,,
1967,NORTH MIAMI BEACH,MIAMI-DADE,,,,PRIVATE SCHOOL,,,,,,,-80.15265276,25.95091224,,,,,,,,,
1968,MIAMI BEACH,MIAMI-DADE,,,,PRIVATE SCHOOL,,,,,,,-80.12356637,25.87149212,,,,,,,,,
1969,MIAMI BEACH,MIAMI-DADE,,,,PRIVATE SCHOOL,,,,,,,-80.1413464,25.78243125,,,,,,,,,
1970,MIAMI BEACH,MIAMI-DADE,,,,PRIVATE SCHOOL,,,,,,,-80.12349995,25.85648374,,,,,,,,,
1971,MIAMI BEACH,MIAMI-DADE,,,,PRIVATE SCHOOL,,,,,,,-80.12510208,25.86424478,,,,,,,,,
1972,MIAMI BEACH,MIAMI-DADE,,,,PRIVATE SCHOOL,,,,,,,-80.12996069,25.80260967,,,,,,,,,
1973,MIAMI BEACH,MIAMI-DADE,,,,PRIVATE SCHOOL,,,,,,,-80.12605231,25.86222521,,,,,,,,,
1974,MIAMI BEACH,MIAMI-DADE,,,,PRIVATE SCHOOL,,,,,,,-80.13444859,25.81174642,,,,,,,,,
1975,MIAMI BEACH,MIAMI-DADE,,,,PRIVATE SCHOOL,,,,,,,-80.13034738,25.80068543,,,,,,,,,
1976,MIAMI BEACH,MIAMI-DADE,,,,PRIVATE SCHOOL,,,,,,,-80.13806515,25.79230839,,,,,,,,,
1977,MIAMI BEACH,MIAMI-DADE,,,,PRIVATE SCHOOL,,,,,,,-80.1400612,25.79560485,,,,,,,,,
1978,MIAMI SPRINGS,MIAMI-DADE,,,,PRIVATE SCHOOL,,,,,,,-80.2831422,25.823642,,,,,,,,,
1979,FLORIDA CITY,MIAMI-DADE,,,,PRIVATE SCHOOL,,,,,,,-80.48504291,25.44696576,,,,,,,,,
1980,MIAMI GARDENS,MIAMI-DADE,,,,PRIVATE SCHOOL,,,,,,,-80.23142818,25.94106895,,,,,,,,,
1981,MIAMI GARDENS,MIAMI-DADE,,,,PRIVATE SCHOOL,,,,,,,-80.20540315,25.96187101,,,,,,,,,
1982,MIAMI GARDENS,MIAMI-DADE,,,,PRIVATE SCHOOL,,,,,,,-80.20721507,25.95814104,,,,,,,,,
1983,MIAMI GARDENS,MIAMI-DADE,,,,PRIVATE SCHOOL,,,,,,,-80.21848874,25.92102672,,,,,,,,,
1984,MIAMI GARDENS,MIAMI-DADE,,,,PRIVATE SCHOOL,,,,,,,-80.21132469,25.93279387,,,,,,,,,
1985,MIAMI GARDENS,MIAMI-DADE,,,,PRIVATE SCHOOL,,,,,,,-80.25634096,25.91756747,,,,,,,,,
1986,NORTH MIAMI,MIAMI-DADE,,,,PRIVATE SCHOOL,,,,,,,-80.185353,25.89861277,,,,,,,,,
1987,DORAL,MIAMI-DADE,,,,PRIVATE SCHOOL,,,,,,,-80.32869642,25.80916363,,,,,,,,,
1988,DORAL,MIAMI-DADE,,,,PRIVATE SCHOOL,,,,,,,-80.36588687,25.81277294,,,,,,,,,
1989,DORAL,MIAMI-DADE,,,,PRIVATE SCHOOL,,,,,,,-80.37957525,25.81097728,,,,,,,,,
1991,Miami,MIAMI-DADE,,,,PRIVATE SCHOOL,,,,,,,-80.4058069,25.49898454,,,,,,,,,
1992,PINECREST,MIAMI-DADE,,,,PRIVATE SCHOOL,,,,,,,-80.29988481,25.68998456,,,,,,,,,
1993,CUTLER BAY,MIAMI-DADE,,,,PRIVATE SCHOOL,,,,,,,-80.31974897,25.59449338,,,,,,,,,
1994,Doral,MIAMI-DADE,,,,PRIVATE SCHOOL,,,,,,,-80.35347756,25.79626684,,,,,,,,,
1996,MIAmi,MIAMI-DADE,,,,PRIVATE SCHOOL,,,,,,,-80.48783173,25.44732646,,,,,,,,,
1998,OPA-LOCKA,MIAMI-DADE,,,,PRIVATE SCHOOL,,,,,,,-80.24265502,25.90003652,,,,,,,,,
1999,SOUTH MIAMI,MIAMI-DADE,,,,PRIVATE SCHOOL,,,,,,,-80.29718928,25.70370937,,,,,,,,,
2000,MIAMI LAKES,MIAMI-DADE,,,,PRIVATE SCHOOL,,,,,,,-80.29849754,25.91208114,,,,,,,,,
2001,EVERGLADES,MIAMI-DADE,,,,PRIVATE SCHOOL,,,,,,,-80.7970869,25.76001051,,,,,,,,,
2002,KEY LARGO,MONROE,,,,PRIVATE SCHOOL,,,,,,,-80.29207294,25.29740242,,,,,,,,,
2003,ISLAMORADA,MONROE,,,,PRIVATE SCHOOL,,,,,,,-80.61521103,24.93677125,,,,,,,,,
2004,KEY WEST,MONROE,,,,PRIVATE SCHOOL,,,,,,,-81.79662146,24.55224174,,,,,,,,,
2005,HILLIARD,NASSAU,,,,PRIVATE SCHOOL,,,,,,,-81.93246064,30.68623591,,,,,,,,,
2006,FERNANDINA BEACH,NASSAU,,,,PRIVATE SCHOOL,,,,,,,-81.46367781,30.67153028,,,,,,,,,
2007,FERNANDINA BEACH,NASSAU,,,,PRIVATE SCHOOL,,,,,,,-81.46013123,30.67455472,,,,,,,,,
2008,CRESTVIEW,OKALOOSA,,,,PRIVATE SCHOOL,,,,,,,-86.56590574,30.74392255,,,,,,,,,
2009,Niceville,OKALOOSA,,,,PRIVATE SCHOOL,,,,,,,-86.396255,30.455178,,,,,,,,,
2010,FORT WALTON BEACH,OKALOOSA,,,,PRIVATE SCHOOL,,,,,,,-86.61881066,30.4073103,,,,,,,,,
2011,OKEECHOBEE,OKEECHOBEE,,,,PRIVATE SCHOOL,,,,,,,-80.83586385,27.21929191,,,,,,,,,
2012,ORLANDO,ORANGE,,,,PRIVATE SCHOOL,,,,,,,-81.50681149,28.54961197,,,,,,,,,
2013,ORLANDO,ORANGE,,,,PRIVATE SCHOOL,,,,,,,-81.42905593,28.56949897,,,,,,,,,
2014,ORLANDO,ORANGE,,,,PRIVATE SCHOOL,,,,,,,-81.50780159,28.48581647,,,,,,,,,
2015,ORLANDO,ORANGE,,,,PRIVATE SCHOOL,,,,,,,-81.31143189,28.56360246,,,,,,,,,
2016,ORLANDO,ORANGE,,,,PRIVATE SCHOOL,,,,,,,-81.46695984,28.59545637,,,,,,,,,
2017,ORLANDO,ORANGE,,,,PRIVATE SCHOOL,,,,,,,-81.37645753,28.53995182,,,,,,,,,
2018,ORLANDO,ORANGE,,,,PRIVATE SCHOOL,,,,,,,-81.35003809,28.57084975,,,,,,,,,
2019,ORLANDO,ORANGE,,,,PRIVATE SCHOOL,,,,,,,-81.39142655,28.58826303,,,,,,,,,
2020,ORLANDO,ORANGE,,,,PRIVATE SCHOOL,,,,,,,-81.30718422,28.48257131,,,,,,,,,
2021,ORLANDO,ORANGE,,,,PRIVATE SCHOOL,,,,,,,-81.37104612,28.54691427,,,,,,,,,
2022,ORLANDO,ORANGE,,,,PRIVATE SCHOOL,,,,,,,-81.49890416,28.54045369,,,,,,,,,
2023,ORLANDO,ORANGE,,,,PRIVATE SCHOOL,,,,,,,-81.42307343,28.61507153,,,,,,,,,
2024,ORLANDO,ORANGE,,,,PRIVATE SCHOOL,,,,,,,-81.37284981,28.48418578,,,,,,,,,
2025,ORLANDO,ORANGE,,,,PRIVATE SCHOOL,,,,,,,-81.45127927,28.61176425,,,,,,,,,
2026,ORLANDO,ORANGE,,,,PRIVATE SCHOOL,,,,,,,-81.42390854,28.43876454,,,,,,,,,
2027,WINTER PARK,ORANGE,,,,PRIVATE SCHOOL,,,,,,,-81.36897458,28.58926595,,,,,,,,,
2028,WINTER PARK,ORANGE,,,,PRIVATE SCHOOL,,,,,,,-81.35338461,28.60719378,,,,,,,,,
2029,WINTER PARK,ORANGE,,,,PRIVATE SCHOOL,,,,,,,-81.33041077,28.62410793,,,,,,,,,
2030,ORLANDO ,ORANGE,,,,PRIVATE SCHOOL,,,,,,,-81.40765309,28.50639887,,,,,,,,,
2031,ORLANDO ,ORANGE,,,,PRIVATE SCHOOL,,,,,,,-81.50004912,28.58815289,,,,,,,,,
2032,ORLANDO ,ORANGE,,,,PRIVATE SCHOOL,,,,,,,-81.28341231,28.55762729,,,,,,,,,
2033,ORLANDO ,ORANGE,,,,PRIVATE SCHOOL,,,,,,,-81.41766202,28.53056774,,,,,,,,,
2034,ORLANDO ,ORANGE,,,,PRIVATE SCHOOL,,,,,,,-81.40120662,28.463157,,,,,,,,,
2035,ORLANDO ,ORANGE,,,,PRIVATE SCHOOL,,,,,,,-81.37198325,28.55802038,,,,,,,,,
2036,ORLANDO ,ORANGE,,,,PRIVATE SCHOOL,,,,,,,-81.30694358,28.55913618,,,,,,,,,
2037,ORLANDO ,ORANGE,,,,PRIVATE SCHOOL,,,,,,,-81.34340583,28.54448677,,,,,,,,,
2038,ORLANDO ,ORANGE,,,,PRIVATE SCHOOL,,,,,,,-81.46079381,28.49247879,,,,,,,,,
2039,WINTER PARK ,ORANGE,,,,PRIVATE SCHOOL,,,,,,,-81.37196577,28.5892627,,,,,,,,,
2040,WINTER PARK ,ORANGE,,,,PRIVATE SCHOOL,,,,,,,-81.3639454,28.59857201,,,,,,,,,
2041,WINTER PARK ,ORANGE,,,,PRIVATE SCHOOL,,,,,,,-81.36801932,28.59286294,,,,,,,,,
2042,WINTER PARK ,ORANGE,,,,PRIVATE SCHOOL,,,,,,,-81.32534865,28.60122215,,,,,,,,,
2043,APOPKA,ORANGE,,,,PRIVATE SCHOOL,,,,,,,-81.46889072,28.70805097,,,,,,,,,
2044,GOTHA,ORANGE,,,,PRIVATE SCHOOL,,,,,,,-81.51889374,28.54816918,,,,,,,,,
2045,WINDERMERE,ORANGE,,,,PRIVATE SCHOOL,,,,,,,-81.56812243,28.47678844,,,,,,,,,
2046,MAITLAND,ORANGE,,,,PRIVATE SCHOOL,,,,,,,-81.36475073,28.62293732,,,,,,,,,
2047,MAITLAND,ORANGE,,,,PRIVATE SCHOOL,,,,,,,-81.36507279,28.61572618,,,,,,,,,
2048,KISSIMMEE ,OSCEOLA,,,,PRIVATE SCHOOL,,,,,,,-81.39077283,28.32707307,,,,,,,,,
2049,KISSIMMEE ,OSCEOLA,,,,PRIVATE SCHOOL,,,,,,,-81.40804671,28.29880568,,,,,,,,,
2050,KISSIMMEE ,OSCEOLA,,,,PRIVATE SCHOOL,,,,,,,-81.53956025,28.31942431,,,,,,,,,
2051,KISSIMMEE,OSCEOLA,,,,PRIVATE SCHOOL,,,,,,,-81.34417741,28.30324047,,,,,,,,,
2052,KISSIMMEE,OSCEOLA,,,,PRIVATE SCHOOL,,,,,,,-81.42485179,28.30514874,,,,,,,,,
2053,KISSIMMEE,OSCEOLA,,,,PRIVATE SCHOOL,,,,,,,-81.42311994,28.30711389,,,,,,,,,
2054,SAINT CLOUD,OSCEOLA,,,,PRIVATE SCHOOL,,,,,,,-81.29253535,28.23312928,,,,,,,,,
2055,SAINT CLOUD,OSCEOLA,,,,PRIVATE SCHOOL,,,,,,,-81.26861134,28.24475217,,,,,,,,,
2056,SAINT CLOUD,OSCEOLA,,,,PRIVATE SCHOOL,,,,,,,-81.31028308,28.25016113,,,,,,,,,
2057,BOCA RATON,PALM BEACH,,,,PRIVATE SCHOOL,,,,,,,-80.1674841,26.34612371,,,,,,,,,
2058,BOCA RATON,PALM BEACH,,,,PRIVATE SCHOOL,,,,,,,-80.11697385,26.34459117,,,,,,,,,
2059,BOCA RATON,PALM BEACH,,,,PRIVATE SCHOOL,,,,,,,-80.13555658,26.39311971,,,,,,,,,
2060,BOCA RATON,PALM BEACH,,,,PRIVATE SCHOOL,,,,,,,-80.19739614,26.35865083,,,,,,,,,
2061,BOCA RATON,PALM BEACH,,,,PRIVATE SCHOOL,,,,,,,-80.20066368,26.33436132,,,,,,,,,
2062,LOXAHATCHEE ,PALM BEACH,,,,PRIVATE SCHOOL,,,,,,,-80.25905405,26.68480843,,,,,,,,,
2063,LAKE WORTH ,PALM BEACH,,,,PRIVATE SCHOOL,,,,,,,-80.09121966,26.58441491,,,,,,,,,
2064,BOCA RATON ,PALM BEACH,,,,PRIVATE SCHOOL,,,,,,,-80.08404618,26.37116962,,,,,,,,,
2065,BOCA RATON ,PALM BEACH,,,,PRIVATE SCHOOL,,,,,,,-80.08955901,26.38518955,,,,,,,,,
2066,BOCA RATON ,PALM BEACH,,,,PRIVATE SCHOOL,,,,,,,-80.12858066,26.38158986,,,,,,,,,
2067,BOCA RATON ,PALM BEACH,,,,PRIVATE SCHOOL,,,,,,,-80.12429238,26.38793163,,,,,,,,,
2068,WEST PALM BEACH,PALM BEACH,,,,PRIVATE SCHOOL,,,,,,,-80.093778,26.71059136,,,,,,,,,
2069,WEST PALM BEACH,PALM BEACH,,,,PRIVATE SCHOOL,,,,,,,-80.18200123,26.69405794,,,,,,,,,
2070,GULFSTREAM,PALM BEACH,,,,PRIVATE SCHOOL,,,,,,,-80.05422582,26.4982698,,,,,,,,,
2071,WEST PALM BEACH ,PALM BEACH,,,,PRIVATE SCHOOL,,,,,,,-80.07375438,26.80381264,,,,,,,,,
2072,WEST PALM BEACH ,PALM BEACH,,,,PRIVATE SCHOOL,,,,,,,-80.19020123,26.69021432,,,,,,,,,
2073,WEST PALM BEACH ,PALM BEACH,,,,PRIVATE SCHOOL,,,,,,,-80.11209067,26.72559329,,,,,,,,,
2074,JUPITER ,PALM BEACH,,,,PRIVATE SCHOOL,,,,,,,-80.12618867,26.91280279,,,,,,,,,
2075,JUPITER ,PALM BEACH,,,,PRIVATE SCHOOL,,,,,,,-80.09942167,26.96980071,,,,,,,,,
2076,PALM BEACH GARDENS,PALM BEACH,,,,PRIVATE SCHOOL,,,,,,,-80.07419377,26.8550778,,,,,,,,,
2077,BELLE GLADE,PALM BEACH,,,,PRIVATE SCHOOL,,,,,,,-80.66301336,26.69572702,,,,,,,,,
2078,NORTH PALM BEACH ,PALM BEACH,,,,PRIVATE SCHOOL,,,,,,,-80.05394253,26.80566996,,,,,,,,,
2079,LAKE PARK ,PALM BEACH,,,,PRIVATE SCHOOL,,,,,,,-80.06269434,26.7987678,,,,,,,,,
2080,SPRING HILL ,PASCO,,,,PRIVATE SCHOOL,,,,,,,-82.56449276,28.35649995,,,,,,,,,
2081,NEW PORT RICHEY ,PASCO,,,,PRIVATE SCHOOL,,,,,,,-82.68108073,28.26932247,,,,,,,,,
2082,PORT RICHEY,PASCO,,,,PRIVATE SCHOOL,,,,,,,-82.69916664,28.29545051,,,,,,,,,
2083,PORT RICHEY,PASCO,,,,PRIVATE SCHOOL,,,,,,,-82.67617775,28.29507563,,,,,,,,,
2084,CLEARWATER,PINELLAS,,,,PRIVATE SCHOOL,,,,,,,-82.71016086,27.96691706,,,,,,,,,
2085,CLEARWATER,PINELLAS,,,,PRIVATE SCHOOL,,,,,,,,,,,,,,,,,
2087,CLEARWATER,PINELLAS,,,,PRIVATE SCHOOL,,,,,,,-82.80313696,27.95799561,,,,,,,,,
2088,CLEARWATER,PINELLAS,,,,PRIVATE SCHOOL,,,,,,,-82.78077846,27.96159755,,,,,,,,,
2092,CLEARWATER,PINELLAS,,,,PRIVATE SCHOOL,,,,,,,-82.7239628,27.92924396,,,,,,,,,
2095,CLEARWATER,PINELLAS,,,,PRIVATE SCHOOL,,,,,,,-82.75735549,27.9324544,,,,,,,,,
2096,CLEARWATER,PINELLAS,,,,PRIVATE SCHOOL,,,,,,,-82.77464938,27.93261321,,,,,,,,,
2099,SAINT PETERSBURG,PINELLAS,,,,PRIVATE SCHOOL,,,,,,,-82.72141898,27.78194926,,,,,,,,,
2100,SAINT PETERSBURG,PINELLAS,,,,PRIVATE SCHOOL,,,,,,,-82.68235345,27.75162067,,,,,,,,,
2101,SAINT PETERSBURG,PINELLAS,,,,PRIVATE SCHOOL,,,,,,,-82.66478796,27.74903268,,,,,,,,,
2102,SAINT PETERSBURG,PINELLAS,,,,PRIVATE SCHOOL,,,,,,,-82.74797403,27.79164303,,,,,,,,,
2103,SAINT PETERSBURG,PINELLAS,,,,PRIVATE SCHOOL,,,,,,,-82.65068071,27.87482146,,,,,,,,,
2104,PINELLAS PARK ,PINELLAS,,,,PRIVATE SCHOOL,,,,,,,-82.70130018,27.84382069,,,,,,,,,
2105,ST PETERSBURG,PINELLAS,,,,PRIVATE SCHOOL,,,,,,,,,,,,,,,,,
2111,LARGO,PINELLAS,,,,PRIVATE SCHOOL,,,,,,,-82.79138958,27.87193936,,,,,,,,,
2112,ST. PETERSBURG,PINELLAS,,,,PRIVATE SCHOOL,,,,,,,-82.66201113,27.82794062,,,,,,,,,
2113,ST. PETERSBURG,PINELLAS,,,,PRIVATE SCHOOL,,,,,,,-82.64684778,27.71432634,,,,,,,,,
2114,ST. PETERSBURG,PINELLAS,,,,PRIVATE SCHOOL,,,,,,,-82.77922559,27.82221744,,,,,,,,,
2115,ST. PETERSBURG,PINELLAS,,,,PRIVATE SCHOOL,,,,,,,-82.63162752,27.81934217,,,,,,,,,
2116,PINELLAS PARK,PINELLAS,,,,PRIVATE SCHOOL,,,,,,,-82.69479228,27.83525257,,,,,,,,,
2117,PINELLAS PARK,PINELLAS,,,,PRIVATE SCHOOL,,,,,,,-82.70832114,27.83960808,,,,,,,,,
2118,PINELLAS PARK,PINELLAS,,,,PRIVATE SCHOOL,,,,,,,-82.74497125,27.8305624,,,,,,,,,
2119,GULFPORT,PINELLAS,,,,PRIVATE SCHOOL,,,,,,,,,,,,,,,,,
2120,CLEARWATER ,PINELLAS,,,,PRIVATE SCHOOL,,,,,,,-82.72134167,27.89485753,,,,,,,,,
2121,LARGO ,PINELLAS,,,,PRIVATE SCHOOL,,,,,,,-82.80950589,27.86756081,,,,,,,,,
2122,LARGO ,PINELLAS,,,,PRIVATE SCHOOL,,,,,,,-82.81419098,27.88322025,,,,,,,,,
2123,PALM HARBOR,PINELLAS,,,,PRIVATE SCHOOL,,,,,,,-82.74893966,28.08186591,,,,,,,,,
2124,PALM HARBOR,PINELLAS,,,,PRIVATE SCHOOL,,,,,,,,,,,,,,,,,
2126,TARPON SPRINGS,PINELLAS,,,,PRIVATE SCHOOL,,,,,,,,,,,,,,,,,
2127,TARPON SPRINGS,PINELLAS,,,,PRIVATE SCHOOL,,,,,,,-82.69496257,28.15497132,,,,,,,,,
2128,SEMINOLE,PINELLAS,,,,PRIVATE SCHOOL,,,,,,,-82.8245915,27.84295702,,,,,,,,,
2129,SAINT PETERSBURG ,PINELLAS,,,,PRIVATE SCHOOL,,,,,,,-82.74498255,27.77847365,,,,,,,,,
2130,SAINT PETERSBURG ,PINELLAS,,,,PRIVATE SCHOOL,,,,,,,-82.62098663,27.82562097,,,,,,,,,
2131,ST. PETE BEACH,PINELLAS,,,,PRIVATE SCHOOL,,,,,,,-82.75480084,27.7481832,,,,,,,,,
2132,DUNEDIN ,PINELLAS,,,,PRIVATE SCHOOL,,,,,,,-82.79128334,28.00622897,,,,,,,,,
2133,WINTER HAVEN ,POLK,,,,PRIVATE SCHOOL,,,,,,,-81.80079315,28.01169074,,,,,,,,,
2134,LAKELAND,POLK,,,,PRIVATE SCHOOL,,,,,,,-81.95839631,28.04257218,,,,,,,,,
2135,LAKELAND,POLK,,,,PRIVATE SCHOOL,,,,,,,-81.90145303,28.05954326,,,,,,,,,
2136,LAKELAND,POLK,,,,PRIVATE SCHOOL,,,,,,,-81.89913759,28.04876637,,,,,,,,,
2137,LAKELAND,POLK,,,,PRIVATE SCHOOL,,,,,,,-81.97289172,28.02468783,,,,,,,,,
2138,WINTER HAVEN,POLK,,,,PRIVATE SCHOOL,,,,,,,-81.69292047,28.03996893,,,,,,,,,
2139,HAINES CITY ,POLK,,,,PRIVATE SCHOOL,,,,,,,-81.62530387,28.11052135,,,,,,,,,
2140,FORT MEADE,POLK,,,,PRIVATE SCHOOL,,,,,,,-81.78647092,27.75809679,,,,,,,,,
2141,LAKE WALES,POLK,,,,PRIVATE SCHOOL,,,,,,,-81.61159023,27.93263692,,,,,,,,,
2142,MULBERRY,POLK,,,,PRIVATE SCHOOL,,,,,,,-81.98310185,27.79236672,,,,,,,,,
2143,EAST PALATKA,PUTNAM,,,,PRIVATE SCHOOL,,,,,,,-81.56707291,29.69659616,,,,,,,,,
2144,PALATKA,PUTNAM,,,,PRIVATE SCHOOL,,,,,,,-81.66159463,29.64848224,,,,,,,,,
2145,PALATKA,PUTNAM,,,,PRIVATE SCHOOL,,,,,,,-81.64252243,29.65372306,,,,,,,,,
2146,PALATKA,PUTNAM,,,,PRIVATE SCHOOL,,,,,,,-81.71839962,29.61950091,,,,,,,,,
2147,CRESCENT CITY,PUTNAM,,,,PRIVATE SCHOOL,,,,,,,-81.57082482,29.42676088,,,,,,,,,
2148,INTERLACHEN,PUTNAM,,,,PRIVATE SCHOOL,,,,,,,-81.88564754,29.59923968,,,,,,,,,
2149,ST AUGUSTINE,ST. JOHNS,,,,PRIVATE SCHOOL,,,,,,,-81.27111059,29.82173157,,,,,,,,,
2150,ST AUGUSTINE,ST. JOHNS,,,,PRIVATE SCHOOL,,,,,,,-81.32611061,29.85947821,,,,,,,,,
2151,JACKSONVILLE,ST. JOHNS,,,,PRIVATE SCHOOL,,,,,,,-81.65233777,30.07163511,,,,,,,,,
2152,JACKSONVILLE,ST. JOHNS,,,,PRIVATE SCHOOL,,,,,,,-81.65690307,30.066605,,,,,,,,,
2153,JACKSONVILLE,ST. JOHNS,,,,PRIVATE SCHOOL,,,,,,,-81.63643065,30.08520455,,,,,,,,,
2154,JACKSONVILLE,ST. JOHNS,,,,PRIVATE SCHOOL,,,,,,,-81.50741951,30.06318657,,,,,,,,,
2155,JACKSONVILLE,ST. JOHNS,,,,PRIVATE SCHOOL,,,,,,,-81.62720988,30.11805099,,,,,,,,,
2156,SAINT AUGUSTINE,ST. JOHNS,,,,PRIVATE SCHOOL,,,,,,,-81.33047289,29.88087151,,,,,,,,,
2157,SAINT AUGUSTINE,ST. JOHNS,,,,PRIVATE SCHOOL,,,,,,,-81.3489193,29.91588882,,,,,,,,,
2158,SAINT AUGUSTINE,ST. JOHNS,,,,PRIVATE SCHOOL,,,,,,,-81.29877465,29.89115719,,,,,,,,,
2159,SAINT AUGUSTINE,ST. JOHNS,,,,PRIVATE SCHOOL,,,,,,,-81.32440112,29.87500841,,,,,,,,,
2160,SAINT AUGUSTINE,ST. JOHNS,,,,PRIVATE SCHOOL,,,,,,,-81.31129683,29.88874615,,,,,,,,,
2161,SAINT AUGUSTINE,ST. JOHNS,,,,PRIVATE SCHOOL,,,,,,,-81.33785396,29.91570288,,,,,,,,,
2162,SAINT AUGUSTINE,ST. JOHNS,,,,PRIVATE SCHOOL,,,,,,,-81.31491849,29.88692862,,,,,,,,,
2163,SAINT AUGUSTINE,ST. JOHNS,,,,PRIVATE SCHOOL,,,,,,,-81.35706256,29.83063385,,,,,,,,,
2164,SAINT AUGUSTINE,ST. JOHNS,,,,PRIVATE SCHOOL,,,,,,,-81.34967362,29.84630723,,,,,,,,,
2165,SAINT AUGUSTINE,ST. JOHNS,,,,PRIVATE SCHOOL,,,,,,,-81.32487744,29.87614908,,,,,,,,,
2166,PONTE VEDRA BEACH,ST. JOHNS,,,,PRIVATE SCHOOL,,,,,,,-81.39717184,30.17650381,,,,,,,,,
2167,PONTE VEDRA BEACH,ST. JOHNS,,,,PRIVATE SCHOOL,,,,,,,-81.38368269,30.19551948,,,,,,,,,
2168,ST JOHNS,ST. JOHNS,,,,PRIVATE SCHOOL,,,,,,,-81.60576158,30.11423904,,,,,,,,,
2169, ,ST. LUCIE,,,,PRIVATE SCHOOL,,,,,,,-80.35884286,27.44546108,,,,,,,,,
2170, ,ST. LUCIE,,,,PRIVATE SCHOOL,,,,,,,-80.33508762,27.39339819,,,,,,,,,
2171, ,ST. LUCIE,,,,PRIVATE SCHOOL,,,,,,,-80.36081402,27.4447538,,,,,,,,,
2172,FORT PIERCE,ST. LUCIE,,,,PRIVATE SCHOOL,,,,,,,-80.33344401,27.40620789,,,,,,,,,
2173,FORT PIERCE,ST. LUCIE,,,,PRIVATE SCHOOL,,,,,,,-80.41164267,27.44857235,,,,,,,,,
2174,PORT ST. LUCIE\t,ST. LUCIE,,,,PRIVATE SCHOOL,,,,,,,-80.41143204,27.30936133,,,,,,,,,
2175,Fort Pierce,ST. LUCIE,,,,PRIVATE SCHOOL,,,,,,,-80.36186697,27.5390455,,,,,,,,,
2176,Fort Pierce,ST. LUCIE,,,,PRIVATE SCHOOL,,,,,,,-80.33348316,27.41164609,,,,,,,,,
2177,FT PIERCE,ST. LUCIE,,,,PRIVATE SCHOOL,,,,,,,-80.35965908,27.53414297,,,,,,,,,
2178,Port St. Lucie,ST. LUCIE,,,,PRIVATE SCHOOL,,,,,,,-80.42465624,27.33826266,,,,,,,,,
2179,Port St. Lucie,ST. LUCIE,,,,PRIVATE SCHOOL,,,,,,,-80.37302501,27.31447833,,,,,,,,,
2180,MILTON,SANTA ROSA,,,,PRIVATE SCHOOL,,,,,,,-87.0584178,30.64192487,,,,,,,,,
2181,JAY,SANTA ROSA,,,,PRIVATE SCHOOL,,,,,,,-87.16690646,30.91191746,,,,,,,,,
2182, ,SARASOTA,,,,PRIVATE SCHOOL,,,,,,,-82.41273609,27.03685182,,,,,,,,,
2183, ,SARASOTA,,,,PRIVATE SCHOOL,,,,,,,-82.21030782,27.0698678,,,,,,,,,
2184, ,SARASOTA,,,,PRIVATE SCHOOL,,,,,,,-82.53465083,27.26909032,,,,,,,,,
2185, ,SARASOTA,,,,PRIVATE SCHOOL,,,,,,,-82.42884609,27.07862684,,,,,,,,,
2186, ,SARASOTA,,,,PRIVATE SCHOOL,,,,,,,-82.34001912,26.95434581,,,,,,,,,
2187,SARASOTA,SARASOTA,,,,PRIVATE SCHOOL,,,,,,,-82.51328291,27.33456351,,,,,,,,,
2188,SARASOTA,SARASOTA,,,,PRIVATE SCHOOL,,,,,,,-82.50621135,27.36738707,,,,,,,,,
2189,SARASOTA,SARASOTA,,,,PRIVATE SCHOOL,,,,,,,-82.54055313,27.35999717,,,,,,,,,
2190,SARASOTA,SARASOTA,,,,PRIVATE SCHOOL,,,,,,,-82.52877523,27.26283433,,,,,,,,,
2191,SARASOTA,SARASOTA,,,,PRIVATE SCHOOL,,,,,,,-82.48663952,27.33897195,,,,,,,,,
2192,SARASOTA,SARASOTA,,,,PRIVATE SCHOOL,,,,,,,-82.53004826,27.32422346,,,,,,,,,
2193,SARASOTA,SARASOTA,,,,PRIVATE SCHOOL,,,,,,,-82.48209,27.33504796,,,,,,,,,
2194,SARASOTA,SARASOTA,,,,PRIVATE SCHOOL,,,,,,,-82.4609909,27.27995731,,,,,,,,,
2195,SARASOTA,SARASOTA,,,,PRIVATE SCHOOL,,,,,,,-82.46122912,27.32374655,,,,,,,,,
2196,SARASOTA,SARASOTA,,,,PRIVATE SCHOOL,,,,,,,-82.35307747,27.25092972,,,,,,,,,
2197,SARASOTA,SARASOTA,,,,PRIVATE SCHOOL,,,,,,,-82.51230989,27.3000381,,,,,,,,,
2198,SARASOTA,SARASOTA,,,,PRIVATE SCHOOL,,,,,,,-82.51545191,27.32466735,,,,,,,,,
2199,SARASOTA,SARASOTA,,,,PRIVATE SCHOOL,,,,,,,-82.46570529,27.27736425,,,,,,,,,
2200,SARASOTA,SARASOTA,,,,PRIVATE SCHOOL,,,,,,,-82.41873559,27.38255582,,,,,,,,,
2201,SARASOTA,SARASOTA,,,,PRIVATE SCHOOL,,,,,,,-82.56041213,27.2862452,,,,,,,,,
2202,VENICE,SARASOTA,,,,PRIVATE SCHOOL,,,,,,,-82.37783778,27.07856578,,,,,,,,,
2203,VENICE,SARASOTA,,,,PRIVATE SCHOOL,,,,,,,-82.44876035,27.10211653,,,,,,,,,
2204,ENGLEWOOD,SARASOTA,,,,PRIVATE SCHOOL,,,,,,,-82.33594067,26.95908689,,,,,,,,,
2205,WINTER PARK,SEMINOLE,,,,PRIVATE SCHOOL,,,,,,,-81.29862079,28.62292958,,,,,,,,,
2206,WINTER PARK,SEMINOLE,,,,PRIVATE SCHOOL,,,,,,,-81.31071124,28.6122787,,,,,,,,,
2207,WINTER PARK,SEMINOLE,,,,PRIVATE SCHOOL,,,,,,,-81.28841113,28.62259667,,,,,,,,,
2208,WINTER PARK,SEMINOLE,,,,PRIVATE SCHOOL,,,,,,,-81.2751862,28.63954492,,,,,,,,,
2209,WINTER PARK,SEMINOLE,,,,PRIVATE SCHOOL,,,,,,,-81.27218712,28.61204476,,,,,,,,,
2210,LAKE MARY,SEMINOLE,,,,PRIVATE SCHOOL,,,,,,,-81.32375869,28.77754884,,,,,,,,,
2211,LAKE MARY,SEMINOLE,,,,PRIVATE SCHOOL,,,,,,,-81.34556063,28.75523509,,,,,,,,,
2212,ALTAMONTE SPRINGS,SEMINOLE,,,,PRIVATE SCHOOL,,,,,,,-81.4061439,28.68194475,,,,,,,,,
2213,ALTAMONTE SPRINGS,SEMINOLE,,,,PRIVATE SCHOOL,,,,,,,-81.43265002,28.6524054,,,,,,,,,
2214,ALTAMONTE SPRINGS,SEMINOLE,,,,PRIVATE SCHOOL,,,,,,,-81.3866615,28.66859388,,,,,,,,,
2215,ALTAMONTE SPRINGS,SEMINOLE,,,,PRIVATE SCHOOL,,,,,,,-81.36473764,28.64601229,,,,,,,,,
2216,ALTAMONTE SPRINGS,SEMINOLE,,,,PRIVATE SCHOOL,,,,,,,-81.43843671,28.67791159,,,,,,,,,
2217,MAITLAND,SEMINOLE,,,,PRIVATE SCHOOL,,,,,,,-81.38707587,28.64282566,,,,,,,,,
2218,CHULUOTA,SEMINOLE,,,,PRIVATE SCHOOL,,,,,,,-81.1146026,28.65409529,,,,,,,,,
2219,CHULUOTA,SEMINOLE,,,,PRIVATE SCHOOL,,,,,,,-81.13059395,28.64233393,,,,,,,,,
2220,CASSELBERRY,SEMINOLE,,,,PRIVATE SCHOOL,,,,,,,-81.28169776,28.64603008,,,,,,,,,
2221,CASSELBERRY,SEMINOLE,,,,PRIVATE SCHOOL,,,,,,,-81.32795527,28.65045485,,,,,,,,,
2222,SANFORD,SEMINOLE,,,,PRIVATE SCHOOL,,,,,,,-81.25752741,28.81207687,,,,,,,,,
2223,SANFORD,SEMINOLE,,,,PRIVATE SCHOOL,,,,,,,-81.26963881,28.80499612,,,,,,,,,
2224,SANFORD,SEMINOLE,,,,PRIVATE SCHOOL,,,,,,,-81.31087563,28.81032698,,,,,,,,,
2225,APOPKA,SEMINOLE,,,,PRIVATE SCHOOL,,,,,,,-81.43694237,28.67004321,,,,,,,,,
2226,APOPKA,SEMINOLE,,,,PRIVATE SCHOOL,,,,,,,-81.44242542,28.66036691,,,,,,,,,
2227,LONGWOOD,SEMINOLE,,,,PRIVATE SCHOOL,,,,,,,-81.38747212,28.69230112,,,,,,,,,
2228,LONGWOOD,SEMINOLE,,,,PRIVATE SCHOOL,,,,,,,-81.44434162,28.67933897,,,,,,,,,
2229,LONGWOOD,SEMINOLE,,,,PRIVATE SCHOOL,,,,,,,-81.439222,28.67787731,,,,,,,,,
2230,LONGWOOD,SEMINOLE,,,,PRIVATE SCHOOL,,,,,,,-81.38218401,28.71267348,,,,,,,,,
2231,OVIEDO,SEMINOLE,,,,PRIVATE SCHOOL,,,,,,,-81.16722299,28.68750186,,,,,,,,,
2232,OVIEDO,SEMINOLE,,,,PRIVATE SCHOOL,,,,,,,-81.26512392,28.63785929,,,,,,,,,
2233,OVIEDO,SEMINOLE,,,,PRIVATE SCHOOL,,,,,,,-81.23402718,28.64980372,,,,,,,,,
2234,SANFORD ,SEMINOLE,,,,PRIVATE SCHOOL,,,,,,,-81.25160597,28.76931885,,,,,,,,,
2235,LIVE OAK,SUWANNEE,,,,PRIVATE SCHOOL,,,,,,,-82.99856234,30.29043121,,,,,,,,,
2236,DELAND,VOLUSIA,,,,PRIVATE SCHOOL,,,,,,,-81.32313541,29.03588739,,,,,,,,,
2237,DELAND,VOLUSIA,,,,PRIVATE SCHOOL,,,,,,,-81.28594029,29.02863919,,,,,,,,,
2238,DELAND,VOLUSIA,,,,PRIVATE SCHOOL,,,,,,,-81.34121275,29.02375098,,,,,,,,,
2239,DELAND,VOLUSIA,,,,PRIVATE SCHOOL,,,,,,,-81.29727828,29.02680132,,,,,,,,,
2240,DELAND,VOLUSIA,,,,PRIVATE SCHOOL,,,,,,,-81.31390564,29.00194744,,,,,,,,,
2241,DELAND,VOLUSIA,,,,PRIVATE SCHOOL,,,,,,,-81.35488924,29.10594025,,,,,,,,,
2242,DELAND,VOLUSIA,,,,PRIVATE SCHOOL,,,,,,,-81.31050425,29.02858181,,,,,,,,,
2243,DELTONA,VOLUSIA,,,,PRIVATE SCHOOL,,,,,,,-81.22376556,28.94655514,,,,,,,,,
2244,DELTONA,VOLUSIA,,,,PRIVATE SCHOOL,,,,,,,-81.25417411,28.92454068,,,,,,,,,
2245,DAYTONA BEACH,VOLUSIA,,,,PRIVATE SCHOOL,,,,,,,-81.02088007,29.24142555,,,,,,,,,
2246,DAYTONA BEACH,VOLUSIA,,,,PRIVATE SCHOOL,,,,,,,-81.12164546,29.17420334,,,,,,,,,
2247,DAYTONA BEACH,VOLUSIA,,,,PRIVATE SCHOOL,,,,,,,-81.04255727,29.2481481,,,,,,,,,
2248,DAYTONA BEACH,VOLUSIA,,,,PRIVATE SCHOOL,,,,,,,-81.05764154,29.22649388,,,,,,,,,
2249,DAYTONA BEACH,VOLUSIA,,,,PRIVATE SCHOOL,,,,,,,-81.00663326,29.17889547,,,,,,,,,
2250,DAYTONA BEACH,VOLUSIA,,,,PRIVATE SCHOOL,,,,,,,-81.02718225,29.2169183,,,,,,,,,
2251,DAYTONA BEACH,VOLUSIA,,,,PRIVATE SCHOOL,,,,,,,-81.01762371,29.19373776,,,,,,,,,
2252,DAYTONA BEACH,VOLUSIA,,,,PRIVATE SCHOOL,,,,,,,-80.99776995,29.16225179,,,,,,,,,
2253,DAYTONA BEACH,VOLUSIA,,,,PRIVATE SCHOOL,,,,,,,-81.02400303,29.2168648,,,,,,,,,
2254,NEW SMYRNA BEACH,VOLUSIA,,,,PRIVATE SCHOOL,,,,,,,-80.93500359,29.03927651,,,,,,,,,
2255,EDGEWATER,VOLUSIA,,,,PRIVATE SCHOOL,,,,,,,-80.90899768,28.99527922,,,,,,,,,
2256,ORMOND BEACH,VOLUSIA,,,,PRIVATE SCHOOL,,,,,,,-81.04541466,29.28898318,,,,,,,,,
2257,ORMOND BEACH,VOLUSIA,,,,PRIVATE SCHOOL,,,,,,,-81.11862506,29.25763863,,,,,,,,,
2258,ORMOND BEACH,VOLUSIA,,,,PRIVATE SCHOOL,,,,,,,-81.05378844,29.31515398,,,,,,,,,
2259,ORMOND BEACH,VOLUSIA,,,,PRIVATE SCHOOL,,,,,,,-81.07830154,29.26809736,,,,,,,,,
2260,ORMOND BEACH,VOLUSIA,,,,PRIVATE SCHOOL,,,,,,,-81.11997234,29.30720149,,,,,,,,,
2261,DEBARY,VOLUSIA,,,,PRIVATE SCHOOL,,,,,,,-81.28882574,28.90415344,,,,,,,,,
2262,PORT ORANGE,VOLUSIA,,,,PRIVATE SCHOOL,,,,,,,-81.02378834,29.11322124,,,,,,,,,
2263,CRAWFORDVILLE,WAKULLA,,,,PRIVATE SCHOOL,,,,,,,,,,,,,,,,,
2264,DEFUNIAK_SPRINGS,WALTON,,,,PRIVATE SCHOOL,,,,,,,-86.16502786,30.7056848,,,,,,,,,
2265,DEFUNIAK SPRINGS,WALTON,,,,PRIVATE SCHOOL,,,,,,,-86.11778054,30.71858337,,,,,,,,,
2266,DEFUNIAK SPRINGS,WALTON,,,,PRIVATE SCHOOL,,,,,,,-86.11280663,30.75109229,,,,,,,,,
2267,DEFUNIAK SPRINGS,WALTON,,,,PRIVATE SCHOOL,,,,,,,,,,,,,,,,,
2268,MIRAMAR,WALTON,,,,PRIVATE SCHOOL,,,,,,,,,,,,,,,,,
2269,CHIPLEY,WASHINGTON,,,,PRIVATE SCHOOL,,,,,,,-85.54609602,30.76414714,,,,,,,,,
2270,HOLLYWOOD,BROWARD,,,,PUBLIC SCHOOL,,,,,,,,,"-80.26816996,25.99284586",-80.26816996,25.99284586,,,,,,
2271,HOLLYWOOD,BROWARD,,,,PUBLIC SCHOOL,,,,,,,,,"-80.17537875,26.04736267",-80.17537875,26.04736267,,,,,,
2272,HOLLYWOOD,BROWARD,,,,PUBLIC SCHOOL,,,,,,,,,"-80.16462881,26.01521420",-80.16462881,26.0152142,,,,,,
2274,HOLLYWOOD,BROWARD,,,,PUBLIC SCHOOL,,,,,,,,,,,,,,,,,
2276,HOLLYWOOD,BROWARD,,,,PUBLIC SCHOOL,,,,,,,,,"-80.29241493,26.03263668",-80.29241493,26.03263668,,,,,,
2277,HOLLYWOOD,BROWARD,,,,PUBLIC SCHOOL,,,,,,,,,"-80.31296142,25.96068185",-80.31296142,25.96068185,,,,,,
2278,HOLLYWOOD,BROWARD,,,,PUBLIC SCHOOL,,,,,,,,,"-80.25113391,26.03317896",-80.25113391,26.03317896,,,,,,
2279,HOLLYWOOD,BROWARD,,,,PUBLIC SCHOOL,,,,,,,,,"-80.23916148,26.03609603",-80.23916148,26.03609603,,,,,,
2280,HOLLYWOOD,BROWARD,,,,PUBLIC SCHOOL,,,,,,,,,"-80.15995836,26.01000217",-80.15995836,26.01000217,,,,,,
2281,HOLLYWOOD,BROWARD,,,,PUBLIC SCHOOL,,,,,,,,,"-80.22686217,26.01775889",-80.22686217,26.01775889,,,,,,
2282,HOLLYWOOD,BROWARD,,,,PUBLIC SCHOOL,,,,,,,,,"-80.40765071,26.02040670",-80.40765071,26.0204067,,,,,,
2283,HOLLYWOOD,BROWARD,,,,PUBLIC SCHOOL,,,,,,,,,"-80.19475915,26.03122190",-80.19475915,26.0312219,,,,,,
2285,HOLLYWOOD,BROWARD,,,,PUBLIC SCHOOL,,,,,,,,,"-80.36627650,25.97747706",-80.3662765,25.97747706,,,,,,
2286,HOLLYWOOD,BROWARD,,,,PUBLIC SCHOOL,,,,,,,,,"-80.20800410,25.99273574",-80.2080041,25.99273574,,,,,,
2287,HOLLYWOOD,BROWARD,,,,PUBLIC SCHOOL,,,,,,,,,"-80.14187443,26.00733345",-80.14187443,26.00733345,,,,,,
2288,HOLLYWOOD,BROWARD,,,,PUBLIC SCHOOL,,,,,,,,,"-80.28875472,25.98829301",-80.28875472,25.98829301,,,,,,
2289,HOLLYWOOD,BROWARD,,,,PUBLIC SCHOOL,,,,,,,,,"-80.22810920,25.97937904",-80.2281092,25.97937904,,,,,,
2290,HOLLYWOOD,BROWARD,,,,PUBLIC SCHOOL,,,,,,,,,"-80.22499999,25.97900001",-80.22499999,25.97900001,,,,,,
2291,HOLLYWOOD,BROWARD,,,,PUBLIC SCHOOL,,,,,,,,,"-80.33106305,26.01298902",-80.33106305,26.01298902,,,,,,
2292,HOLLYWOOD,BROWARD,,,,PUBLIC SCHOOL,,,,,,,,,"-80.27422895,25.98713966",-80.27422895,25.98713966,,,,,,
2293,HOLLYWOOD,BROWARD,,,,PUBLIC SCHOOL,,,,,,,,,"-80.18770360,26.00360237",-80.1877036,26.00360237,,,,,,
2294,HOLLYWOOD,BROWARD,,,,PUBLIC SCHOOL,,,,,,,,,"-80.32176392,26.02153184",-80.32176392,26.02153184,,,,,,
2295,HOLLYWOOD,BROWARD,,,,PUBLIC SCHOOL,,,,,,,,,"-80.14224992,26.02911580",-80.14224992,26.0291158,,,,,,
2296,HOLLYWOOD,BROWARD,,,,PUBLIC SCHOOL,,,,,,,,,"-80.37405786,25.96979096",-80.37405786,25.96979096,,,,,,
2297,HOLLYWOOD,BROWARD,,,,PUBLIC SCHOOL,,,,,,,,,"-80.39336627,25.99452153",-80.39336627,25.99452153,,,,,,
2299,HOLLYWOOD,BROWARD,,,,PUBLIC SCHOOL,,,,,,,,,"-80.25227262,25.99849318",-80.25227262,25.99849318,,,,,,
2300,HOLLYWOOD,BROWARD,,,,PUBLIC SCHOOL,,,,,,,,,"-80.22727064,26.03462396",-80.22727064,26.03462396,,,,,,
2301,HOLLYWOOD,BROWARD,,,,PUBLIC SCHOOL,,,,,,,,,"-80.15495830,26.04563148",-80.1549583,26.04563148,,,,,,
2302,HOLLYWOOD,BROWARD,,,,PUBLIC SCHOOL,,,,,,,,,"-80.16083467,26.00092602",-80.16083467,26.00092602,,,,,,
2303,HOLLYWOOD,BROWARD,,,,PUBLIC SCHOOL,,,,,,,,,"-80.23283578,26.01756955",-80.23283578,26.01756955,,,,,,
2304,HOLLYWOOD,BROWARD,,,,PUBLIC SCHOOL,,,,,,,,,"-80.37579918,26.01167823",-80.37579918,26.01167823,,,,,,
2305,HOLLYWOOD,BROWARD,,,,PUBLIC SCHOOL,,,,,,,,,"-80.24312967,25.97564192",-80.24312967,25.97564192,,,,,,
2306,HOLLYWOOD,BROWARD,,,,PUBLIC SCHOOL,,,,,,,,,"-80.28987500,25.99465539",-80.289875,25.99465539,,,,,,
2307,HOLLYWOOD,BROWARD,,,,PUBLIC SCHOOL,,,,,,,,,"-80.34906051,26.01888524",-80.34906051,26.01888524,,,,,,
2308,HOLLYWOOD,BROWARD,,,,PUBLIC SCHOOL,,,,,,,,,"-80.18575383,25.99026923",-80.18575383,25.99026923,,,,,,
2309,HOLLYWOOD,BROWARD,,,,PUBLIC SCHOOL,,,,,,,,,"-80.26642443,26.02364003",-80.26642443,26.02364003,,,,,,
2310,HOLLYWOOD,BROWARD,,,,PUBLIC SCHOOL,,,,,,,,,"-80.30150920,26.00168272",-80.3015092,26.00168272,,,,,,
2311,HOLLYWOOD,BROWARD,,,,PUBLIC SCHOOL,,,,,,,,,"-80.26217467,26.02890919",-80.26217467,26.02890919,,,,,,
2312,HOLLYWOOD,BROWARD,,,,PUBLIC SCHOOL,,,,,,,,,"-80.14048897,26.01039342",-80.14048897,26.01039342,,,,,,
2313,HOLLYWOOD,BROWARD,,,,PUBLIC SCHOOL,,,,,,,,,"-80.39306442,25.98484275",-80.39306442,25.98484275,,,,,,
2314,HOLLYWOOD,BROWARD,,,,PUBLIC SCHOOL,,,,,,,,,"-80.42598981,26.01684031",-80.42598981,26.01684031,,,,,,
2316,HOLLYWOOD,BROWARD,,,,PUBLIC SCHOOL,,,,,,,,,"-80.20017183,26.04494980",-80.20017183,26.0449498,,,,,,
2317,HOLLYWOOD,BROWARD,,,,PUBLIC SCHOOL,,,,,,,,,"-80.21810548,26.04012789",-80.21810548,26.04012789,,,,,,
2318,HOLLYWOOD,BROWARD,,,,PUBLIC SCHOOL,,,,,,,,,"-80.26099998,25.97620002",-80.26099998,25.97620002,,,,,,
2319,HOLLYWOOD,BROWARD,,,,PUBLIC SCHOOL,,,,,,,,,"-80.37612274,26.00073122",-80.37612274,26.00073122,,,,,,
2320,HOLLYWOOD,BROWARD,,,,PUBLIC SCHOOL,,,,,,,,,"-80.42609233,26.01837570",-80.42609233,26.0183757,,,,,,
2321,HOLLYWOOD,BROWARD,,,,PUBLIC SCHOOL,,,,,,,,,"-80.28290131,26.01438916",-80.28290131,26.01438916,,,,,,
2322,HOLLYWOOD,BROWARD,,,,PUBLIC SCHOOL,,,,,,,,,"-80.21477951,26.01151347",-80.21477951,26.01151347,,,,,,
2323,HOLLYWOOD,BROWARD,,,,PUBLIC SCHOOL,,,,,,,,,"-80.36054293,25.99215295",-80.36054293,25.99215295,,,,,,
2324,HOLLYWOOD,BROWARD,,,,PUBLIC SCHOOL,,,,,,,,,"-80.19206982,25.97952435",-80.19206982,25.97952435,,,,,,
2325,HOLLYWOOD,BROWARD,,,,PUBLIC SCHOOL,,,,,,,,,"-80.19798750,26.04620642",-80.1979875,26.04620642,,,,,,
2326,HOLLYWOOD,BROWARD,,,,PUBLIC SCHOOL,,,,,,,,,"-80.19795607,26.03139338",-80.19795607,26.03139338,,,,,,
2327,HOLLYWOOD,BROWARD,,,,PUBLIC SCHOOL,,,,,,,,,"-80.37827519,25.98630644",-80.37827519,25.98630644,,,,,,
2328,HOLLYWOOD,BROWARD,,,,PUBLIC SCHOOL,,,,,,,,,"-80.42598151,26.01604419",-80.42598151,26.01604419,,,,,,
2329,HOLLYWOOD,BROWARD,,,,PUBLIC SCHOOL,,,,,,,,,"-80.15305416,26.04353493",-80.15305416,26.04353493,,,,,,
2330,HOLLYWOOD,BROWARD,,,,PUBLIC SCHOOL,,,,,,,,,"-80.29954137,26.02413852",-80.29954137,26.02413852,,,,,,
2331,HOLLYWOOD,BROWARD,,,,PUBLIC SCHOOL,,,,,,,,,"-80.32137559,26.01322005",-80.32137559,26.01322005,,,,,,
2332,HOLLYWOOD,BROWARD,,,,PUBLIC SCHOOL,,,,,,,,,"-80.14222403,26.01678928",-80.14222403,26.01678928,,,,,,
2333,HOLLYWOOD,BROWARD,,,,PUBLIC SCHOOL,,,,,,,,,"-80.22893248,26.03464000",-80.22893248,26.03464,,,,,,
2334,HOLLYWOOD,BROWARD,,,,PUBLIC SCHOOL,,,,,,,,,"-80.22125910,26.00160818",-80.2212591,26.00160818,,,,,,
2335,HOLLYWOOD,BROWARD,,,,PUBLIC SCHOOL,,,,,,,,,"-80.16250001,26.02400000",-80.16250001,26.024,,,,,,
2337,HOLLYWOOD,BROWARD,,,,PUBLIC SCHOOL,,,,,,,,,"-80.31144435,25.95961831",-80.31144435,25.95961831,,,,,,
2338,HOLLYWOOD,BROWARD,,,,PUBLIC SCHOOL,,,,,,,,,"-80.23130043,26.03027329",-80.23130043,26.03027329,,,,,,
2339,HOLLYWOOD,BROWARD,,,,PUBLIC SCHOOL,,,,,,,,,"-80.21692864,26.01142865",-80.21692864,26.01142865,,,,,,
2340,HOLLYWOOD,BROWARD,,,,PUBLIC SCHOOL,,,,,,,,,"-80.17996037,26.02608565",-80.17996037,26.02608565,,,,,,
2342,HOLLYWOOD,BROWARD,,,,PUBLIC SCHOOL,,,,,,,,,"-80.42605602,26.01785597",-80.42605602,26.01785597,,,,,,
2343,HOLLYWOOD,BROWARD,,,,PUBLIC SCHOOL,,,,,,,,,"-80.19557598,25.97817603",-80.19557598,25.97817603,,,,,,
2344,HOLLYWOOD,BROWARD,,,,PUBLIC SCHOOL,,,,,,,,,"-80.15225488,26.01686823",-80.15225488,26.01686823,,,,,,
2346,HOLLYWOOD,BROWARD,,,,PUBLIC SCHOOL,,,,,,,,,"-80.25764223,25.97566742",-80.25764223,25.97566742,,,,,,
2347,HOLLYWOOD,BROWARD,,,,PUBLIC SCHOOL,,,,,,,,,"-80.16218846,25.99702353",-80.16218846,25.99702353,,,,,,
2350,HOLLYWOOD,BROWARD,,,,PUBLIC SCHOOL,,,,,,,,,"-80.22473758,25.98843804",-80.22473758,25.98843804,,,,,,
2351,HOLLYWOOD,BROWARD,,,,PUBLIC SCHOOL,,,,,,,,,"-80.43112342,26.01146701",-80.43112342,26.01146701,,,,,,
2352,HOLLYWOOD,BROWARD,,,,PUBLIC SCHOOL,,,,,,,,,"-80.39200376,26.02826530",-80.39200376,26.0282653,,,,,,
2353,HOLLYWOOD,BROWARD,,,,PUBLIC SCHOOL,,,,,,,,,"-80.22532092,26.02005409",-80.22532092,26.02005409,,,,,,
2355,HOLLYWOOD,BROWARD,,,,PUBLIC SCHOOL,,,,,,,,,"-80.26642111,26.01196347",-80.26642111,26.01196347,,,,,,
2356,THE VILLAGES,SUMTER,,,,PUBLIC SCHOOL,,,,,,,,,"-82.02784974,28.92640774",-82.02784974,28.92640774,,,,,,
2357,THE VILLAGES,SUMTER,,,,PUBLIC SCHOOL,,,,,,,,,"-82.02518213,28.92363836",-82.02518213,28.92363836,,,,,,
2358,THE VILLAGES,SUMTER,,,,PUBLIC SCHOOL,,,,,,,,,"-82.01849624,28.92530875",-82.01849624,28.92530875,,,,,,
2359,JACKSONVILLE,DUVAL,,,,PUBLIC SCHOOL,,,,,,,,,"-81.57255819,30.31165595",-81.57255819,30.31165595,,,,,,
2360,JACKSONVILLE,DUVAL,,,,PUBLIC SCHOOL,,,,,,,,,"-81.64287522,30.38616414",-81.64287522,30.38616414,,,,,,
2361,JACKSONVILLE,DUVAL,,,,PUBLIC SCHOOL,,,,,,,,,"-81.70803548,30.32156889",-81.70803548,30.32156889,,,,,,
2362,JACKSONVILLE,DUVAL,,,,PUBLIC SCHOOL,,,,,,,,,"-81.61156410,30.27762700",-81.6115641,30.277627,,,,,,
2363,JACKSONVILLE,DUVAL,,,,PUBLIC SCHOOL,,,,,,,,,"-81.58072691,30.28932235",-81.58072691,30.28932235,,,,,,
2364,JACKSONVILLE,DUVAL,,,,PUBLIC SCHOOL,,,,,,,,,"-81.79918911,30.30065503",-81.79918911,30.30065503,,,,,,
2365,JACKSONVILLE,DUVAL,,,,PUBLIC SCHOOL,,,,,,,,,"-81.61474828,30.24578676",-81.61474828,30.24578676,,,,,,
2366,JACKSONVILLE,DUVAL,,,,PUBLIC SCHOOL,,,,,,,,,"-81.65521603,30.37490337",-81.65521603,30.37490337,,,,,,
2367,JACKSONVILLE,DUVAL,,,,PUBLIC SCHOOL,,,,,,,,,"-81.69221660,30.31888328",-81.6922166,30.31888328,,,,,,
2368,JACKSONVILLE,DUVAL,,,,PUBLIC SCHOOL,,,,,,,,,"-81.57490001,30.16050000",-81.57490001,30.1605,,,,,,
2369,JACKSONVILLE,DUVAL,,,,PUBLIC SCHOOL,,,,,,,,,"-81.61648085,30.27877534",-81.61648085,30.27877534,,,,,,
2370,JACKSONVILLE,DUVAL,,,,PUBLIC SCHOOL,,,,,,,,,"-81.55824245,30.33932474",-81.55824245,30.33932474,,,,,,
2371,JACKSONVILLE,DUVAL,,,,PUBLIC SCHOOL,,,,,,,,,"-81.65040293,30.31734178",-81.65040293,30.31734178,,,,,,
2372,JACKSONVILLE,DUVAL,,,,PUBLIC SCHOOL,,,,,,,,,"-81.60247347,30.21707007",-81.60247347,30.21707007,,,,,,
2373,JACKSONVILLE,DUVAL,,,,PUBLIC SCHOOL,,,,,,,,,"-81.57956324,30.33615378",-81.57956324,30.33615378,,,,,,
2374,JACKSONVILLE,DUVAL,,,,PUBLIC SCHOOL,,,,,,,,,"-81.73854324,30.24423583",-81.73854324,30.24423583,,,,,,
2375,JACKSONVILLE,DUVAL,,,,PUBLIC SCHOOL,,,,,,,,,"-81.65255750,30.34890202",-81.6525575,30.34890202,,,,,,
2376,JACKSONVILLE,DUVAL,,,,PUBLIC SCHOOL,,,,,,,,,"-81.72349234,30.27166298",-81.72349234,30.27166298,,,,,,
2377,JACKSONVILLE,DUVAL,,,,PUBLIC SCHOOL,,,,,,,,,"-81.58014662,30.28939500",-81.58014662,30.289395,,,,,,
2378,JACKSONVILLE,DUVAL,,,,PUBLIC SCHOOL,,,,,,,,,"-81.60191551,30.35354952",-81.60191551,30.35354952,,,,,,
2379,JACKSONVILLE,DUVAL,,,,PUBLIC SCHOOL,,,,,,,,,"-81.63996961,30.34109538",-81.63996961,30.34109538,,,,,,
2380,JACKSONVILLE,DUVAL,,,,PUBLIC SCHOOL,,,,,,,,,"-81.67641098,30.43227164",-81.67641098,30.43227164,,,,,,
2381,JACKSONVILLE,DUVAL,,,,PUBLIC SCHOOL,,,,,,,,,"-81.73223255,30.30347287",-81.73223255,30.30347287,,,,,,
2382,JACKSONVILLE,DUVAL,,,,PUBLIC SCHOOL,,,,,,,,,"-81.66441000,30.41786000",-81.66441,30.41786,,,,,,
2383,JACKSONVILLE,DUVAL,,,,PUBLIC SCHOOL,,,,,,,,,"-81.71414910,30.29156535",-81.7141491,30.29156535,,,,,,
2384,JACKSONVILLE,DUVAL,,,,PUBLIC SCHOOL,,,,,,,,,"-81.72823587,30.34981069",-81.72823587,30.34981069,,,,,,
2385,JACKSONVILLE,DUVAL,,,,PUBLIC SCHOOL,,,,,,,,,"-81.65315727,30.34209491",-81.65315727,30.34209491,,,,,,
2386,JACKSONVILLE,DUVAL,,,,PUBLIC SCHOOL,,,,,,,,,"-81.44736744,30.31424529",-81.44736744,30.31424529,,,,,,
2387,JACKSONVILLE,DUVAL,,,,PUBLIC SCHOOL,,,,,,,,,"-81.62295510,30.46090268",-81.6229551,30.46090268,,,,,,
2388,JACKSONVILLE,DUVAL,,,,PUBLIC SCHOOL,,,,,,,,,"-81.59970467,30.35628770",-81.59970467,30.3562877,,,,,,
2389,JACKSONVILLE,DUVAL,,,,PUBLIC SCHOOL,,,,,,,,,"-81.78638227,30.32511894",-81.78638227,30.32511894,,,,,,
2390,JACKSONVILLE,DUVAL,,,,PUBLIC SCHOOL,,,,,,,,,"-81.77744305,30.26186404",-81.77744305,30.26186404,,,,,,
2391,JACKSONVILLE,DUVAL,,,,PUBLIC SCHOOL,,,,,,,,,"-81.69361712,30.43815824",-81.69361712,30.43815824,,,,,,
2392,JACKSONVILLE,DUVAL,,,,PUBLIC SCHOOL,,,,,,,,,"-81.61581027,30.30856192",-81.61581027,30.30856192,,,,,,
2393,JACKSONVILLE,DUVAL,,,,PUBLIC SCHOOL,,,,,,,,,"-81.72735355,30.38074115",-81.72735355,30.38074115,,,,,,
2394,JACKSONVILLE,DUVAL,,,,PUBLIC SCHOOL,,,,,,,,,"-81.66712156,30.33226386",-81.66712156,30.33226386,,,,,,
2395,JACKSONVILLE,DUVAL,,,,PUBLIC SCHOOL,,,,,,,,,"-81.75939998,30.26920001",-81.75939998,30.26920001,,,,,,
2396,JACKSONVILLE,DUVAL,,,,PUBLIC SCHOOL,,,,,,,,,"-81.63838563,30.33410200",-81.63838563,30.334102,,,,,,
2397,JACKSONVILLE,DUVAL,,,,PUBLIC SCHOOL,,,,,,,,,"-81.69666601,30.33734110",-81.69666601,30.3373411,,,,,,
2398,JACKSONVILLE,DUVAL,,,,PUBLIC SCHOOL,,,,,,,,,"-81.62779147,30.43917330",-81.62779147,30.4391733,,,,,,
2399,JACKSONVILLE,DUVAL,,,,PUBLIC SCHOOL,,,,,,,,,"-81.70022854,30.37708197",-81.70022854,30.37708197,,,,,,
2400,JACKSONVILLE,DUVAL,,,,PUBLIC SCHOOL,,,,,,,,,"-81.59260678,30.33667787",-81.59260678,30.33667787,,,,,,
2401,JACKSONVILLE,DUVAL,,,,PUBLIC SCHOOL,,,,,,,,,"-81.50141298,30.36130791",-81.50141298,30.36130791,,,,,,
2402,JACKSONVILLE,DUVAL,,,,PUBLIC SCHOOL,,,,,,,,,"-81.59389939,30.37121091",-81.59389939,30.37121091,,,,,,
2403,JACKSONVILLE,DUVAL,,,,PUBLIC SCHOOL,,,,,,,,,"-81.52860147,30.31966902",-81.52860147,30.31966902,,,,,,
2405,JACKSONVILLE,DUVAL,,,,PUBLIC SCHOOL,,,,,,,,,"-81.65257233,30.30704636",-81.65257233,30.30704636,,,,,,
2406,JACKSONVILLE,DUVAL,,,,PUBLIC SCHOOL,,,,,,,,,"-81.68588077,30.33763606",-81.68588077,30.33763606,,,,,,
2407,JACKSONVILLE,DUVAL,,,,PUBLIC SCHOOL,,,,,,,,,"-81.65450685,30.36226576",-81.65450685,30.36226576,,,,,,
2408,JACKSONVILLE,DUVAL,,,,PUBLIC SCHOOL,,,,,,,,,"-81.68883103,30.35190381",-81.68883103,30.35190381,,,,,,
2409,JACKSONVILLE,DUVAL,,,,PUBLIC SCHOOL,,,,,,,,,"-81.58434013,30.16346485",-81.58434013,30.16346485,,,,,,
2410,JACKSONVILLE,DUVAL,,,,PUBLIC SCHOOL,,,,,,,,,"-81.80259131,30.19602897",-81.80259131,30.19602897,,,,,,
2411,JACKSONVILLE,DUVAL,,,,PUBLIC SCHOOL,,,,,,,,,"-81.73638659,30.33374176",-81.73638659,30.33374176,,,,,,
2412,JACKSONVILLE,DUVAL,,,,PUBLIC SCHOOL,,,,,,,,,"-81.67913184,30.43779654",-81.67913184,30.43779654,,,,,,
2413,JACKSONVILLE,DUVAL,,,,PUBLIC SCHOOL,,,,,,,,,"-81.74255493,30.31340380",-81.74255493,30.3134038,,,,,,
2414,JACKSONVILLE,DUVAL,,,,PUBLIC SCHOOL,,,,,,,,,"-81.52850650,30.33789327",-81.5285065,30.33789327,,,,,,
2415,JACKSONVILLE,DUVAL,,,,PUBLIC SCHOOL,,,,,,,,,"-81.46916321,30.26637860",-81.46916321,30.2663786,,,,,,
2416,JACKSONVILLE,DUVAL,,,,PUBLIC SCHOOL,,,,,,,,,"-81.76031295,30.25268542",-81.76031295,30.25268542,,,,,,
2417,JACKSONVILLE,DUVAL,,,,PUBLIC SCHOOL,,,,,,,,,"-81.76537632,30.24652340",-81.76537632,30.2465234,,,,,,
2418,JACKSONVILLE,DUVAL,,,,PUBLIC SCHOOL,,,,,,,,,"-81.98088809,30.30836418",-81.98088809,30.30836418,,,,,,
2419,JACKSONVILLE,DUVAL,,,,PUBLIC SCHOOL,,,,,,,,,"-81.71130002,30.36880001",-81.71130002,30.36880001,,,,,,
2420,JACKSONVILLE,DUVAL,,,,PUBLIC SCHOOL,,,,,,,,,"-81.82087939,30.19987472",-81.82087939,30.19987472,,,,,,
2421,JACKSONVILLE,DUVAL,,,,PUBLIC SCHOOL,,,,,,,,,"-81.70466300,30.31425553",-81.704663,30.31425553,,,,,,
2422,JACKSONVILLE,DUVAL,,,,PUBLIC SCHOOL,,,,,,,,,"-81.71633641,30.41028919",-81.71633641,30.41028919,,,,,,
2423,JACKSONVILLE,DUVAL,,,,PUBLIC SCHOOL,,,,,,,,,"-81.56548091,30.46485391",-81.56548091,30.46485391,,,,,,
2424,JACKSONVILLE,DUVAL,,,,PUBLIC SCHOOL,,,,,,,,,"-81.57587628,30.31220923",-81.57587628,30.31220923,,,,,,
2425,JACKSONVILLE,DUVAL,,,,PUBLIC SCHOOL,,,,,,,,,"-81.54257420,30.27711062",-81.5425742,30.27711062,,,,,,
2426,JACKSONVILLE,DUVAL,,,,PUBLIC SCHOOL,,,,,,,,,"-81.63854587,30.36176677",-81.63854587,30.36176677,,,,,,
2427,JACKSONVILLE,DUVAL,,,,PUBLIC SCHOOL,,,,,,,,,"-81.58773395,30.18500962",-81.58773395,30.18500962,,,,,,
2428,JACKSONVILLE,DUVAL,,,,PUBLIC SCHOOL,,,,,,,,,"-81.75616190,30.28019924",-81.7561619,30.28019924,,,,,,
2429,JACKSONVILLE,DUVAL,,,,PUBLIC SCHOOL,,,,,,,,,"-81.63265810,30.25072638",-81.6326581,30.25072638,,,,,,
2430,JACKSONVILLE,DUVAL,,,,PUBLIC SCHOOL,,,,,,,,,"-81.51299586,30.30019383",-81.51299586,30.30019383,,,,,,
2431,JACKSONVILLE,DUVAL,,,,PUBLIC SCHOOL,,,,,,,,,"-81.66983369,30.33946245",-81.66983369,30.33946245,,,,,,
2432,JACKSONVILLE,DUVAL,,,,PUBLIC SCHOOL,,,,,,,,,"-81.76885778,30.26446632",-81.76885778,30.26446632,,,,,,
2433,JACKSONVILLE,DUVAL,,,,PUBLIC SCHOOL,,,,,,,,,"-81.70075581,30.35480575",-81.70075581,30.35480575,,,,,,
2434,JACKSONVILLE,DUVAL,,,,PUBLIC SCHOOL,,,,,,,,,"-81.67312229,30.36946832",-81.67312229,30.36946832,,,,,,
2435,JACKSONVILLE,DUVAL,,,,PUBLIC SCHOOL,,,,,,,,,"-81.66972363,30.34633196",-81.66972363,30.34633196,,,,,,
2436,JACKSONVILLE,DUVAL,,,,PUBLIC SCHOOL,,,,,,,,,"-81.50391101,30.29940200",-81.50391101,30.299402,,,,,,
2437,JACKSONVILLE,DUVAL,,,,PUBLIC SCHOOL,,,,,,,,,"-81.63472801,30.34792518",-81.63472801,30.34792518,,,,,,
2438,JACKSONVILLE,DUVAL,,,,PUBLIC SCHOOL,,,,,,,,,"-81.46036341,30.25502751",-81.46036341,30.25502751,,,,,,
2439,JACKSONVILLE,DUVAL,,,,PUBLIC SCHOOL,,,,,,,,,"-81.72326980,30.24163332",-81.7232698,30.24163332,,,,,,
2440,JACKSONVILLE,DUVAL,,,,PUBLIC SCHOOL,,,,,,,,,"-81.69002629,30.41156653",-81.69002629,30.41156653,,,,,,
2441,JACKSONVILLE,DUVAL,,,,PUBLIC SCHOOL,,,,,,,,,"-81.73764476,30.25486056",-81.73764476,30.25486056,,,,,,
2442,JACKSONVILLE,DUVAL,,,,PUBLIC SCHOOL,,,,,,,,,"-81.65637323,30.35159901",-81.65637323,30.35159901,,,,,,
2443,JACKSONVILLE,DUVAL,,,,PUBLIC SCHOOL,,,,,,,,,"-81.49548378,30.10919786",-81.49548378,30.10919786,,,,,,
2444,JACKSONVILLE,DUVAL,,,,PUBLIC SCHOOL,,,,,,,,,"-81.55451308,30.30061623",-81.55451308,30.30061623,,,,,,
2445,JACKSONVILLE,DUVAL,,,,PUBLIC SCHOOL,,,,,,,,,"-81.61037203,30.20483715",-81.61037203,30.20483715,,,,,,
2446,JACKSONVILLE,DUVAL,,,,PUBLIC SCHOOL,,,,,,,,,"-81.56987085,30.34036531",-81.56987085,30.34036531,,,,,,
2448,JACKSONVILLE,DUVAL,,,,PUBLIC SCHOOL,,,,,,,,,"-81.57560001,30.34190001",-81.57560001,30.34190001,,,,,,
2449,JACKSONVILLE,DUVAL,,,,PUBLIC SCHOOL,,,,,,,,,"-81.77633599,30.24135416",-81.77633599,30.24135416,,,,,,
2450,JACKSONVILLE,DUVAL,,,,PUBLIC SCHOOL,,,,,,,,,"-81.54861327,30.32542331",-81.54861327,30.32542331,,,,,,
2451,JACKSONVILLE,DUVAL,,,,PUBLIC SCHOOL,,,,,,,,,"-81.70302952,30.27588529",-81.70302952,30.27588529,,,,,,
2452,JACKSONVILLE,DUVAL,,,,PUBLIC SCHOOL,,,,,,,,,"-81.61442682,30.19413506",-81.61442682,30.19413506,,,,,,
2453,JACKSONVILLE,DUVAL,,,,PUBLIC SCHOOL,,,,,,,,,"-81.48552602,30.30576897",-81.48552602,30.30576897,,,,,,
2455,JACKSONVILLE,DUVAL,,,,PUBLIC SCHOOL,,,,,,,,,"-81.67260371,30.35261592",-81.67260371,30.35261592,,,,,,
2456,JACKSONVILLE,DUVAL,,,,PUBLIC SCHOOL,,,,,,,,,"-81.51606133,30.22400604",-81.51606133,30.22400604,,,,,,
2457,JACKSONVILLE,DUVAL,,,,PUBLIC SCHOOL,,,,,,,,,"-81.72175265,30.32352946",-81.72175265,30.32352946,,,,,,
2458,JACKSONVILLE,DUVAL,,,,PUBLIC SCHOOL,,,,,,,,,"-81.63125978,30.46746897",-81.63125978,30.46746897,,,,,,
2459,JACKSONVILLE,DUVAL,,,,PUBLIC SCHOOL,,,,,,,,,"-81.57019960,30.32121614",-81.5701996,30.32121614,,,,,,
2460,JACKSONVILLE,DUVAL,,,,PUBLIC SCHOOL,,,,,,,,,"-81.69601118,30.30832322",-81.69601118,30.30832322,,,,,,
2462,JACKSONVILLE,DUVAL,,,,PUBLIC SCHOOL,,,,,,,,,"-81.71053381,30.40132534",-81.71053381,30.40132534,,,,,,
2463,JACKSONVILLE,DUVAL,,,,PUBLIC SCHOOL,,,,,,,,,"-81.72544742,30.27346675",-81.72544742,30.27346675,,,,,,
2464,JACKSONVILLE,DUVAL,,,,PUBLIC SCHOOL,,,,,,,,,"-81.57641562,30.31320149",-81.57641562,30.31320149,,,,,,
2466,JACKSONVILLE,DUVAL,,,,PUBLIC SCHOOL,,,,,,,,,"-81.63836272,30.34582445",-81.63836272,30.34582445,,,,,,
2467,JACKSONVILLE,DUVAL,,,,PUBLIC SCHOOL,,,,,,,,,"-81.71720081,30.33609295",-81.71720081,30.33609295,,,,,,
2468,JACKSONVILLE,DUVAL,,,,PUBLIC SCHOOL,,,,,,,,,"-81.75049327,30.25856537",-81.75049327,30.25856537,,,,,,
2469,JACKSONVILLE,DUVAL,,,,PUBLIC SCHOOL,,,,,,,,,"-81.63541921,30.30178082",-81.63541921,30.30178082,,,,,,
2470,JACKSONVILLE,DUVAL,,,,PUBLIC SCHOOL,,,,,,,,,"-81.49074923,30.33271843",-81.49074923,30.33271843,,,,,,
2471,JACKSONVILLE,DUVAL,,,,PUBLIC SCHOOL,,,,,,,,,"-81.58507320,30.30162921",-81.5850732,30.30162921,,,,,,
2472,JACKSONVILLE,DUVAL,,,,PUBLIC SCHOOL,,,,,,,,,"-81.59754496,30.27280497",-81.59754496,30.27280497,,,,,,
2473,JACKSONVILLE,DUVAL,,,,PUBLIC SCHOOL,,,,,,,,,"-81.59573988,30.36911737",-81.59573988,30.36911737,,,,,,
2474,JACKSONVILLE,DUVAL,,,,PUBLIC SCHOOL,,,,,,,,,"-81.72433089,30.34509962",-81.72433089,30.34509962,,,,,,
2475,JACKSONVILLE,DUVAL,,,,PUBLIC SCHOOL,,,,,,,,,"-81.55678990,30.32875811",-81.5567899,30.32875811,,,,,,
2476,JACKSONVILLE,DUVAL,,,,PUBLIC SCHOOL,,,,,,,,,"-81.59560024,30.27134309",-81.59560024,30.27134309,,,,,,
2477,JACKSONVILLE,DUVAL,,,,PUBLIC SCHOOL,,,,,,,,,"-81.72825478,30.34246529",-81.72825478,30.34246529,,,,,,
2478,JACKSONVILLE,DUVAL,,,,PUBLIC SCHOOL,,,,,,,,,"-81.47743930,30.32276042",-81.4774393,30.32276042,,,,,,
2479,JACKSONVILLE,DUVAL,,,,PUBLIC SCHOOL,,,,,,,,,"-81.67686706,30.36785851",-81.67686706,30.36785851,,,,,,
2480,JACKSONVILLE,DUVAL,,,,PUBLIC SCHOOL,,,,,,,,,"-81.70370001,30.30719999",-81.70370001,30.30719999,,,,,,
2481,JACKSONVILLE,DUVAL,,,,PUBLIC SCHOOL,,,,,,,,,"-81.63789838,30.28058067",-81.63789838,30.28058067,,,,,,
2482,JACKSONVILLE,DUVAL,,,,PUBLIC SCHOOL,,,,,,,,,"-81.80823776,30.24697686",-81.80823776,30.24697686,,,,,,
2483,JACKSONVILLE,DUVAL,,,,PUBLIC SCHOOL,,,,,,,,,"-81.58740001,30.18989998",-81.58740001,30.18989998,,,,,,
2484,JACKSONVILLE,DUVAL,,,,PUBLIC SCHOOL,,,,,,,,,"-81.57278593,30.33997402",-81.57278593,30.33997402,,,,,,
2485,JACKSONVILLE,DUVAL,,,,PUBLIC SCHOOL,,,,,,,,,"-81.69016457,30.35339318",-81.69016457,30.35339318,,,,,,
2486,JACKSONVILLE,DUVAL,,,,PUBLIC SCHOOL,,,,,,,,,"-81.71060047,30.38150839",-81.71060047,30.38150839,,,,,,
2487,JACKSONVILLE,DUVAL,,,,PUBLIC SCHOOL,,,,,,,,,"-81.60848048,30.48275362",-81.60848048,30.48275362,,,,,,
2488,JACKSONVILLE,DUVAL,,,,PUBLIC SCHOOL,,,,,,,,,"-81.65876946,30.34671685",-81.65876946,30.34671685,,,,,,
2489,JACKSONVILLE,DUVAL,,,,PUBLIC SCHOOL,,,,,,,,,"-81.66101240,30.42329323",-81.6610124,30.42329323,,,,,,
2490,JACKSONVILLE,DUVAL,,,,PUBLIC SCHOOL,,,,,,,,,"-81.55769416,30.36027928",-81.55769416,30.36027928,,,,,,
2491,JACKSONVILLE,DUVAL,,,,PUBLIC SCHOOL,,,,,,,,,"-81.85229742,30.27900212",-81.85229742,30.27900212,,,,,,
2492,JACKSONVILLE,DUVAL,,,,PUBLIC SCHOOL,,,,,,,,,"-81.68970754,30.33884290",-81.68970754,30.3388429,,,,,,
2493,JACKSONVILLE,DUVAL,,,,PUBLIC SCHOOL,,,,,,,,,"-81.76780600,30.28930742",-81.767806,30.28930742,,,,,,
2494,JACKSONVILLE,DUVAL,,,,PUBLIC SCHOOL,,,,,,,,,"-81.65890980,30.33472696",-81.6589098,30.33472696,,,,,,
2495,JACKSONVILLE,DUVAL,,,,PUBLIC SCHOOL,,,,,,,,,"-81.63000549,30.26531703",-81.63000549,30.26531703,,,,,,
2496,JACKSONVILLE,DUVAL,,,,PUBLIC SCHOOL,,,,,,,,,"-81.73512988,30.29120323",-81.73512988,30.29120323,,,,,,
2497,JACKSONVILLE,DUVAL,,,,PUBLIC SCHOOL,,,,,,,,,"-81.57227460,30.33682188",-81.5722746,30.33682188,,,,,,
2498,JACKSONVILLE,DUVAL,,,,PUBLIC SCHOOL,,,,,,,,,"-81.58743307,30.47821826",-81.58743307,30.47821826,,,,,,
2499,JACKSONVILLE,DUVAL,,,,PUBLIC SCHOOL,,,,,,,,,"-81.63821212,30.30025829",-81.63821212,30.30025829,,,,,,
2500,JACKSONVILLE,DUVAL,,,,PUBLIC SCHOOL,,,,,,,,,"-81.68735479,30.34824073",-81.68735479,30.34824073,,,,,,
2501,JACKSONVILLE,DUVAL,,,,PUBLIC SCHOOL,,,,,,,,,"-81.66591721,30.34621944",-81.66591721,30.34621944,,,,,,
2502,JACKSONVILLE,DUVAL,,,,PUBLIC SCHOOL,,,,,,,,,"-81.67132328,30.45254915",-81.67132328,30.45254915,,,,,,
2503,JACKSONVILLE,DUVAL,,,,PUBLIC SCHOOL,,,,,,,,,"-81.48735291,30.32354472",-81.48735291,30.32354472,,,,,,
2504,JACKSONVILLE,DUVAL,,,,PUBLIC SCHOOL,,,,,,,,,"-81.69586400,30.32920125",-81.695864,30.32920125,,,,,,
2505,JACKSONVILLE,DUVAL,,,,PUBLIC SCHOOL,,,,,,,,,"-81.70708664,30.34252839",-81.70708664,30.34252839,,,,,,
2506,JACKSONVILLE,DUVAL,,,,PUBLIC SCHOOL,,,,,,,,,"-81.48177484,30.30487021",-81.48177484,30.30487021,,,,,,
2507,JACKSONVILLE,DUVAL,,,,PUBLIC SCHOOL,,,,,,,,,"-81.78821684,30.28478748",-81.78821684,30.28478748,,,,,,
2508,JACKSONVILLE,DUVAL,,,,PUBLIC SCHOOL,,,,,,,,,"-81.51780450,30.29711209",-81.5178045,30.29711209,,,,,,
2509,JACKSONVILLE,DUVAL,,,,PUBLIC SCHOOL,,,,,,,,,"-81.71986176,30.30717134",-81.71986176,30.30717134,,,,,,
2510,JACKSONVILLE,DUVAL,,,,PUBLIC SCHOOL,,,,,,,,,"-81.70355093,30.26020644",-81.70355093,30.26020644,,,,,,
2511,JACKSONVILLE,DUVAL,,,,PUBLIC SCHOOL,,,,,,,,,"-81.51570000,30.22109998",-81.5157,30.22109998,,,,,,
2512,JACKSONVILLE,DUVAL,,,,PUBLIC SCHOOL,,,,,,,,,"-81.97871859,30.30434594",-81.97871859,30.30434594,,,,,,
2513,JACKSONVILLE,DUVAL,,,,PUBLIC SCHOOL,,,,,,,,,"-81.60254193,30.33216521",-81.60254193,30.33216521,,,,,,
2514,JACKSONVILLE,DUVAL,,,,PUBLIC SCHOOL,,,,,,,,,"-81.48812138,30.34263468",-81.48812138,30.34263468,,,,,,
2515,JACKSONVILLE,DUVAL,,,,PUBLIC SCHOOL,,,,,,,,,"-81.56013738,30.28773037",-81.56013738,30.28773037,,,,,,
2516,JACKSONVILLE,DUVAL,,,,PUBLIC SCHOOL,,,,,,,,,"-81.68220594,30.43089167",-81.68220594,30.43089167,,,,,,
2517,JACKSONVILLE,DUVAL,,,,PUBLIC SCHOOL,,,,,,,,,"-81.70794715,30.39028550",-81.70794715,30.3902855,,,,,,
2518,JACKSONVILLE,DUVAL,,,,PUBLIC SCHOOL,,,,,,,,,"-81.65062406,30.29018869",-81.65062406,30.29018869,,,,,,
2519,JACKSONVILLE,DUVAL,,,,PUBLIC SCHOOL,,,,,,,,,"-81.74658895,30.37218297",-81.74658895,30.37218297,,,,,,
2520,JACKSONVILLE,DUVAL,,,,PUBLIC SCHOOL,,,,,,,,,"-81.74213323,30.26799960",-81.74213323,30.2679996,,,,,,
2521,JACKSONVILLE,DUVAL,,,,PUBLIC SCHOOL,,,,,,,,,"-81.61884907,30.30026391",-81.61884907,30.30026391,,,,,,
2522,JACKSONVILLE,DUVAL,,,,PUBLIC SCHOOL,,,,,,,,,"-81.67116601,30.39142430",-81.67116601,30.3914243,,,,,,
2523,JACKSONVILLE,DUVAL,,,,PUBLIC SCHOOL,,,,,,,,,"-81.73958867,30.26075958",-81.73958867,30.26075958,,,,,,
2524,JACKSONVILLE,DUVAL,,,,PUBLIC SCHOOL,,,,,,,,,"-81.56004961,30.35373209",-81.56004961,30.35373209,,,,,,
2525,JACKSONVILLE,DUVAL,,,,PUBLIC SCHOOL,,,,,,,,,"-81.60750992,30.15857889",-81.60750992,30.15857889,,,,,,
2526,JACKSONVILLE,DUVAL,,,,PUBLIC SCHOOL,,,,,,,,,"-81.82229431,30.25304059",-81.82229431,30.25304059,,,,,,
2527,JACKSONVILLE,DUVAL,,,,PUBLIC SCHOOL,,,,,,,,,"-81.68194198,30.43426166",-81.68194198,30.43426166,,,,,,
2528,JACKSONVILLE,DUVAL,,,,PUBLIC SCHOOL,,,,,,,,,"-81.74101514,30.22568150",-81.74101514,30.2256815,,,,,,
2529,JACKSONVILLE,DUVAL,,,,PUBLIC SCHOOL,,,,,,,,,"-81.61539999,30.25110001",-81.61539999,30.25110001,,,,,,
2531,JACKSONVILLE,DUVAL,,,,PUBLIC SCHOOL,,,,,,,,,"-81.63853952,30.34361077",-81.63853952,30.34361077,,,,,,
2532,JACKSONVILLE,DUVAL,,,,PUBLIC SCHOOL,,,,,,,,,"-81.84798978,30.31209179",-81.84798978,30.31209179,,,,,,
2533,JACKSONVILLE,DUVAL,,,,PUBLIC SCHOOL,,,,,,,,,"-81.60203765,30.30158834",-81.60203765,30.30158834,,,,,,
2534,JACKSONVILLE,DUVAL,,,,PUBLIC SCHOOL,,,,,,,,,"-81.76644484,30.42560310",-81.76644484,30.4256031,,,,,,
2535,JACKSONVILLE,DUVAL,,,,PUBLIC SCHOOL,,,,,,,,,"-81.77803033,30.30783004",-81.77803033,30.30783004,,,,,,
2536,JACKSONVILLE,DUVAL,,,,PUBLIC SCHOOL,,,,,,,,,"-81.73274940,30.39110664",-81.7327494,30.39110664,,,,,,
2537,JACKSONVILLE,DUVAL,,,,PUBLIC SCHOOL,,,,,,,,,"-81.66289580,30.36275482",-81.6628958,30.36275482,,,,,,
2538,JACKSONVILLE,DUVAL,,,,PUBLIC SCHOOL,,,,,,,,,"-81.71044715,30.39301791",-81.71044715,30.39301791,,,,,,
2539,JACKSONVILLE,DUVAL,,,,PUBLIC SCHOOL,,,,,,,,,"-81.59018816,30.28924355",-81.59018816,30.28924355,,,,,,
2540,JACKSONVILLE,DUVAL,,,,PUBLIC SCHOOL,,,,,,,,,"-81.72605900,30.34255090",-81.726059,30.3425509,,,,,,
2541,JACKSONVILLE,DUVAL,,,,PUBLIC SCHOOL,,,,,,,,,"-81.50550794,30.20280022",-81.50550794,30.20280022,,,,,,
2542,JACKSONVILLE,DUVAL,,,,PUBLIC SCHOOL,,,,,,,,,"-81.77418261,30.29264164",-81.77418261,30.29264164,,,,,,
2543,JACKSONVILLE,DUVAL,,,,PUBLIC SCHOOL,,,,,,,,,"-81.58821513,30.35257316",-81.58821513,30.35257316,,,,,,
2545,JACKSONVILLE,DUVAL,,,,PUBLIC SCHOOL,,,,,,,,,"-81.71944426,30.37448805",-81.71944426,30.37448805,,,,,,
2546,JACKSONVILLE,DUVAL,,,,PUBLIC SCHOOL,,,,,,,,,"-81.68581855,30.37252296",-81.68581855,30.37252296,,,,,,
2547,JACKSONVILLE,DUVAL,,,,PUBLIC SCHOOL,,,,,,,,,"-81.76131790,30.25487604",-81.7613179,30.25487604,,,,,,
2548,JACKSONVILLE,DUVAL,,,,PUBLIC SCHOOL,,,,,,,,,"-81.61779726,30.30047395",-81.61779726,30.30047395,,,,,,
2549,JACKSONVILLE,DUVAL,,,,PUBLIC SCHOOL,,,,,,,,,"-81.68002498,30.38928749",-81.68002498,30.38928749,,,,,,
2550,JACKSONVILLE,DUVAL,,,,PUBLIC SCHOOL,,,,,,,,,"-81.69510553,30.37105916",-81.69510553,30.37105916,,,,,,
2551,JACKSONVILLE,DUVAL,,,,PUBLIC SCHOOL,,,,,,,,,"-81.58600000,30.23262589",-81.586,30.23262589,,,,,,
2552,JACKSONVILLE,DUVAL,,,,PUBLIC SCHOOL,,,,,,,,,"-81.70585965,30.39133575",-81.70585965,30.39133575,,,,,,
2553,JACKSONVILLE,DUVAL,,,,PUBLIC SCHOOL,,,,,,,,,"-81.69414580,30.24723235",-81.6941458,30.24723235,,,,,,
2554,FORT PIERCE,ST. LUCIE,,,,PUBLIC SCHOOL,,,,,,,,,"-80.37609388,27.46411772",-80.37609388,27.46411772,,,,,,
2555,FORT PIERCE,ST. LUCIE,,,,PUBLIC SCHOOL,,,,,,,,,"-80.43881203,27.43246353",-80.43881203,27.43246353,,,,,,
2556,FORT PIERCE,ST. LUCIE,,,,PUBLIC SCHOOL,,,,,,,,,"-80.33664139,27.42926631",-80.33664139,27.42926631,,,,,,
2557,FORT PIERCE,ST. LUCIE,,,,PUBLIC SCHOOL,,,,,,,,,"-80.31581122,27.38267608",-80.31581122,27.38267608,,,,,,
2558,FORT PIERCE,ST. LUCIE,,,,PUBLIC SCHOOL,,,,,,,,,"-80.33659604,27.42697233",-80.33659604,27.42697233,,,,,,
2559,FORT PIERCE,ST. LUCIE,,,,PUBLIC SCHOOL,,,,,,,,,"-80.35140650,27.40669664",-80.3514065,27.40669664,,,,,,
2560,FORT PIERCE,ST. LUCIE,,,,PUBLIC SCHOOL,,,,,,,,,"-80.37662522,27.45901403",-80.37662522,27.45901403,,,,,,
2561,FORT PIERCE,ST. LUCIE,,,,PUBLIC SCHOOL,,,,,,,,,"-80.33727678,27.39467650",-80.33727678,27.3946765,,,,,,
2562,FORT PIERCE,ST. LUCIE,,,,PUBLIC SCHOOL,,,,,,,,,"-80.38154502,27.42449213",-80.38154502,27.42449213,,,,,,
2563,FORT PIERCE,ST. LUCIE,,,,PUBLIC SCHOOL,,,,,,,,,"-80.36232609,27.42498296",-80.36232609,27.42498296,,,,,,
2564,FORT PIERCE,ST. LUCIE,,,,PUBLIC SCHOOL,,,,,,,,,"-80.35196697,27.39110026",-80.35196697,27.39110026,,,,,,
2565,FORT PIERCE,ST. LUCIE,,,,PUBLIC SCHOOL,,,,,,,,,"-80.33817112,27.46600426",-80.33817112,27.46600426,,,,,,
2566,FORT PIERCE,ST. LUCIE,,,,PUBLIC SCHOOL,,,,,,,,,"-80.34399553,27.45928576",-80.34399553,27.45928576,,,,,,
2567,FORT PIERCE,ST. LUCIE,,,,PUBLIC SCHOOL,,,,,,,,,"-80.35741178,27.42861321",-80.35741178,27.42861321,,,,,,
2568,FORT PIERCE,ST. LUCIE,,,,PUBLIC SCHOOL,,,,,,,,,"-80.33469036,27.42963803",-80.33469036,27.42963803,,,,,,
2569,FORT PIERCE,ST. LUCIE,,,,PUBLIC SCHOOL,,,,,,,,,"-80.40344939,27.52240648",-80.40344939,27.52240648,,,,,,
2570,FORT PIERCE,ST. LUCIE,,,,PUBLIC SCHOOL,,,,,,,,,"-80.33442732,27.44401417",-80.33442732,27.44401417,,,,,,
2571,FORT PIERCE,ST. LUCIE,,,,PUBLIC SCHOOL,,,,,,,,,"-80.33652209,27.43315399",-80.33652209,27.43315399,,,,,,
2572,FORT PIERCE,ST. LUCIE,,,,PUBLIC SCHOOL,,,,,,,,,"-80.35463833,27.45763467",-80.35463833,27.45763467,,,,,,
2573,FORT PIERCE,ST. LUCIE,,,,PUBLIC SCHOOL,,,,,,,,,"-80.36611536,27.38369535",-80.36611536,27.38369535,,,,,,
2574,FORT PIERCE,ST. LUCIE,,,,PUBLIC SCHOOL,,,,,,,,,"-80.34657967,27.42912111",-80.34657967,27.42912111,,,,,,
2575,FORT PIERCE,ST. LUCIE,,,,PUBLIC SCHOOL,,,,,,,,,"-80.35480316,27.44332948",-80.35480316,27.44332948,,,,,,
2576,FORT PIERCE,ST. LUCIE,,,,PUBLIC SCHOOL,,,,,,,,,"-80.33510834,27.37159221",-80.33510834,27.37159221,,,,,,
2577,SAINT AUGUSTINE,ST. JOHNS,,,,PUBLIC SCHOOL,,,,,,,,,"-81.49763841,29.92189772",-81.49763841,29.92189772,,,,,,
2578,SAINT AUGUSTINE,ST. JOHNS,,,,PUBLIC SCHOOL,,,,,,,,,"-81.34040955,29.87191196",-81.34040955,29.87191196,,,,,,
2579,SAINT AUGUSTINE,ST. JOHNS,,,,PUBLIC SCHOOL,,,,,,,,,"-81.31829201,29.91397786",-81.31829201,29.91397786,,,,,,
2580,SAINT AUGUSTINE,ST. JOHNS,,,,PUBLIC SCHOOL,,,,,,,,,"-81.33499954,29.91805335",-81.33499954,29.91805335,,,,,,
2581,SAINT AUGUSTINE,ST. JOHNS,,,,PUBLIC SCHOOL,,,,,,,,,"-81.31491849,29.88692862",-81.31491849,29.88692862,,,,,,
2583,SAINT AUGUSTINE,ST. JOHNS,,,,PUBLIC SCHOOL,,,,,,,,,"-81.39531851,30.11544920",-81.39531851,30.1154492,,,,,,
2585,SAINT AUGUSTINE,ST. JOHNS,,,,PUBLIC SCHOOL,,,,,,,,,"-81.31858014,29.90741360",-81.31858014,29.9074136,,,,,,
2586,SAINT AUGUSTINE,ST. JOHNS,,,,PUBLIC SCHOOL,,,,,,,,,"-81.50227232,29.94522448",-81.50227232,29.94522448,,,,,,
2587,SAINT AUGUSTINE,ST. JOHNS,,,,PUBLIC SCHOOL,,,,,,,,,"-81.34168963,29.92446349",-81.34168963,29.92446349,,,,,,
2588,SAINT AUGUSTINE,ST. JOHNS,,,,PUBLIC SCHOOL,,,,,,,,,"-81.33274090,29.75615327",-81.3327409,29.75615327,,,,,,
2589,SAINT AUGUSTINE,ST. JOHNS,,,,PUBLIC SCHOOL,,,,,,,,,"-81.32927168,29.88736517",-81.32927168,29.88736517,,,,,,
2590,SAINT AUGUSTINE,ST. JOHNS,,,,PUBLIC SCHOOL,,,,,,,,,"-81.34537713,29.92284405",-81.34537713,29.92284405,,,,,,
2592,SAINT AUGUSTINE,ST. JOHNS,,,,PUBLIC SCHOOL,,,,,,,,,"-81.33942409,29.94208893",-81.33942409,29.94208893,,,,,,
2594,SAINT AUGUSTINE,ST. JOHNS,,,,PUBLIC SCHOOL,,,,,,,,,"-81.31751050,29.89701745",-81.3175105,29.89701745,,,,,,
2596,SAINT AUGUSTINE,ST. JOHNS,,,,PUBLIC SCHOOL,,,,,,,,,"-81.31584800,29.89781645",-81.315848,29.89781645,,,,,,
2597,SAINT AUGUSTINE,ST. JOHNS,,,,PUBLIC SCHOOL,,,,,,,,,"-81.31091476,29.78897763",-81.31091476,29.78897763,,,,,,
2598,SAINT AUGUSTINE,ST. JOHNS,,,,PUBLIC SCHOOL,,,,,,,,,"-81.56563196,30.04369156",-81.56563196,30.04369156,,,,,,
2599,SAINT AUGUSTINE,ST. JOHNS,,,,PUBLIC SCHOOL,,,,,,,,,"-81.49101875,29.96566822",-81.49101875,29.96566822,,,,,,
2600,SAINT AUGUSTINE,ST. JOHNS,,,,PUBLIC SCHOOL,,,,,,,,,"-81.33726683,29.90638287",-81.33726683,29.90638287,,,,,,
2603,SAINT AUGUSTINE,ST. JOHNS,,,,PUBLIC SCHOOL,,,,,,,,,"-81.44795111,30.08129997",-81.44795111,30.08129997,,,,,,
2604,SAINT AUGUSTINE,ST. JOHNS,,,,PUBLIC SCHOOL,,,,,,,,,"-81.34805760,29.89262867",-81.3480576,29.89262867,,,,,,
2606,SAINT AUGUSTINE,ST. JOHNS,,,,PUBLIC SCHOOL,,,,,,,,,"-81.28864802,29.88421344",-81.28864802,29.88421344,,,,,,
2607,SAINT AUGUSTINE,ST. JOHNS,,,,PUBLIC SCHOOL,,,,,,,,,"-81.52326279,29.97249282",-81.52326279,29.97249282,,,,,,
2608,SAINT AUGUSTINE,ST. JOHNS,,,,PUBLIC SCHOOL,,,,,,,,,"-81.31152556,29.77308357",-81.31152556,29.77308357,,,,,,
2609,SAINT AUGUSTINE,ST. JOHNS,,,,PUBLIC SCHOOL,,,,,,,,,"-81.35515220,29.89222902",-81.3551522,29.89222902,,,,,,
2610,PALM COAST ,FLAGLER,,,,PUBLIC SCHOOL,,,,,,,,,,,,,,,,,
2611,PENSACOLA,ESCAMBIA,,,,PUBLIC SCHOOL,,,,,,,,,"-87.24189969,30.42350061",-87.24189969,30.42350061,,,,,,
2612,PENSACOLA,ESCAMBIA,,,,PUBLIC SCHOOL,,,,,,,,,"-87.26819056,30.55220212",-87.26819056,30.55220212,,,,,,
2613,PENSACOLA,ESCAMBIA,,,,PUBLIC SCHOOL,,,,,,,,,"-87.31203747,30.53051952",-87.31203747,30.53051952,,,,,,
2614,PENSACOLA,ESCAMBIA,,,,PUBLIC SCHOOL,,,,,,,,,"-87.26893019,30.55563868",-87.26893019,30.55563868,,,,,,
2615,PENSACOLA,ESCAMBIA,,,,PUBLIC SCHOOL,,,,,,,,,"-87.18291113,30.42691906",-87.18291113,30.42691906,,,,,,
2616,PENSACOLA,ESCAMBIA,,,,PUBLIC SCHOOL,,,,,,,,,"-87.27012456,30.51587707",-87.27012456,30.51587707,,,,,,
2617,PENSACOLA,ESCAMBIA,,,,PUBLIC SCHOOL,,,,,,,,,"-87.29520012,30.48803737",-87.29520012,30.48803737,,,,,,
2618,PENSACOLA,ESCAMBIA,,,,PUBLIC SCHOOL,,,,,,,,,"-87.30638238,30.46762240",-87.30638238,30.4676224,,,,,,
2619,PENSACOLA,ESCAMBIA,,,,PUBLIC SCHOOL,,,,,,,,,"-87.25826820,30.43551408",-87.2582682,30.43551408,,,,,,
2621,PENSACOLA,ESCAMBIA,,,,PUBLIC SCHOOL,,,,,,,,,"-87.26900411,30.54867205",-87.26900411,30.54867205,,,,,,
2622,PENSACOLA,ESCAMBIA,,,,PUBLIC SCHOOL,,,,,,,,,"-87.17716884,30.48947858",-87.17716884,30.48947858,,,,,,
2623,PENSACOLA,ESCAMBIA,,,,PUBLIC SCHOOL,,,,,,,,,"-87.40779403,30.34555420",-87.40779403,30.3455542,,,,,,
2624,PENSACOLA,ESCAMBIA,,,,PUBLIC SCHOOL,,,,,,,,,"-87.25050804,30.51710275",-87.25050804,30.51710275,,,,,,
2625,PENSACOLA,ESCAMBIA,,,,PUBLIC SCHOOL,,,,,,,,,"-87.22213387,30.44688112",-87.22213387,30.44688112,,,,,,
2626,PENSACOLA,ESCAMBIA,,,,PUBLIC SCHOOL,,,,,,,,,"-87.27711772,30.39107056",-87.27711772,30.39107056,,,,,,
2627,PENSACOLA,ESCAMBIA,,,,PUBLIC SCHOOL,,,,,,,,,"-87.25823476,30.45415095",-87.25823476,30.45415095,,,,,,
2628,PENSACOLA,ESCAMBIA,,,,PUBLIC SCHOOL,,,,,,,,,"-87.28562544,30.39293589",-87.28562544,30.39293589,,,,,,
2629,PENSACOLA,ESCAMBIA,,,,PUBLIC SCHOOL,,,,,,,,,"-87.27322523,30.40467312",-87.27322523,30.40467312,,,,,,
2630,PENSACOLA,ESCAMBIA,,,,PUBLIC SCHOOL,,,,,,,,,"-87.23363246,30.43155277",-87.23363246,30.43155277,,,,,,
2631,PENSACOLA,ESCAMBIA,,,,PUBLIC SCHOOL,,,,,,,,,"-87.40448840,30.34592687",-87.4044884,30.34592687,,,,,,
2632,PENSACOLA,ESCAMBIA,,,,PUBLIC SCHOOL,,,,,,,,,"-87.20570001,30.48750000",-87.20570001,30.4875,,,,,,
2633,PENSACOLA,ESCAMBIA,,,,PUBLIC SCHOOL,,,,,,,,,"-87.21940835,30.41189897",-87.21940835,30.41189897,,,,,,
2634,PENSACOLA,ESCAMBIA,,,,PUBLIC SCHOOL,,,,,,,,,"-87.23970310,30.46251547",-87.2397031,30.46251547,,,,,,
2635,PENSACOLA,ESCAMBIA,,,,PUBLIC SCHOOL,,,,,,,,,"-87.23520907,30.43849265",-87.23520907,30.43849265,,,,,,
2636,PENSACOLA,ESCAMBIA,,,,PUBLIC SCHOOL,,,,,,,,,"-87.38149378,30.53108422",-87.38149378,30.53108422,,,,,,
2637,PENSACOLA,ESCAMBIA,,,,PUBLIC SCHOOL,,,,,,,,,"-87.29247922,30.48740903",-87.29247922,30.48740903,,,,,,
2638,PENSACOLA,ESCAMBIA,,,,PUBLIC SCHOOL,,,,,,,,,"-87.19805469,30.51365552",-87.19805469,30.51365552,,,,,,
2639,PENSACOLA,ESCAMBIA,,,,PUBLIC SCHOOL,,,,,,,,,"-87.29073900,30.48754936",-87.290739,30.48754936,,,,,,
2640,PENSACOLA,ESCAMBIA,,,,PUBLIC SCHOOL,,,,,,,,,"-87.31671323,30.44845296",-87.31671323,30.44845296,,,,,,
2641,PENSACOLA,ESCAMBIA,,,,PUBLIC SCHOOL,,,,,,,,,"-87.24343166,30.44077874",-87.24343166,30.44077874,,,,,,
2642,PENSACOLA,ESCAMBIA,,,,PUBLIC SCHOOL,,,,,,,,,"-87.28144489,30.38996939",-87.28144489,30.38996939,,,,,,
2643,PENSACOLA,ESCAMBIA,,,,PUBLIC SCHOOL,,,,,,,,,"-87.28525319,30.54293518",-87.28525319,30.54293518,,,,,,
2644,PENSACOLA,ESCAMBIA,,,,PUBLIC SCHOOL,,,,,,,,,"-87.23993075,30.48264720",-87.23993075,30.4826472,,,,,,
2645,PENSACOLA,ESCAMBIA,,,,PUBLIC SCHOOL,,,,,,,,,"-87.26942422,30.54984682",-87.26942422,30.54984682,,,,,,
2646,PENSACOLA,ESCAMBIA,,,,PUBLIC SCHOOL,,,,,,,,,"-87.20736723,30.45050606",-87.20736723,30.45050606,,,,,,
2647,PENSACOLA,ESCAMBIA,,,,PUBLIC SCHOOL,,,,,,,,,"-87.35749999,30.50509999",-87.35749999,30.50509999,,,,,,
2648,PENSACOLA,ESCAMBIA,,,,PUBLIC SCHOOL,,,,,,,,,"-87.29662799,30.42312599",-87.29662799,30.42312599,,,,,,
2649,PENSACOLA,ESCAMBIA,,,,PUBLIC SCHOOL,,,,,,,,,"-87.24917299,30.49930582",-87.24917299,30.49930582,,,,,,
2650,PENSACOLA,ESCAMBIA,,,,PUBLIC SCHOOL,,,,,,,,,"-87.22478449,30.43472815",-87.22478449,30.43472815,,,,,,
2651,PENSACOLA,ESCAMBIA,,,,PUBLIC SCHOOL,,,,,,,,,"-87.29317746,30.40617667",-87.29317746,30.40617667,,,,,,
2653,PENSACOLA,ESCAMBIA,,,,PUBLIC SCHOOL,,,,,,,,,"-87.21650000,30.51409999",-87.2165,30.51409999,,,,,,
2654,PENSACOLA,ESCAMBIA,,,,PUBLIC SCHOOL,,,,,,,,,"-87.29047592,30.43605456",-87.29047592,30.43605456,,,,,,
2655,PENSACOLA,ESCAMBIA,,,,PUBLIC SCHOOL,,,,,,,,,"-87.23320788,30.43100112",-87.23320788,30.43100112,,,,,,
2656,PENSACOLA,ESCAMBIA,,,,PUBLIC SCHOOL,,,,,,,,,"-87.28300311,30.42117113",-87.28300311,30.42117113,,,,,,
2657,PENSACOLA,ESCAMBIA,,,,PUBLIC SCHOOL,,,,,,,,,"-87.35844356,30.38618672",-87.35844356,30.38618672,,,,,,
2658,PENSACOLA,ESCAMBIA,,,,PUBLIC SCHOOL,,,,,,,,,"-87.22200563,30.45011902",-87.22200563,30.45011902,,,,,,
2659,PENSACOLA,ESCAMBIA,,,,PUBLIC SCHOOL,,,,,,,,,"-87.24345257,30.41467087",-87.24345257,30.41467087,,,,,,
2660,PENSACOLA,ESCAMBIA,,,,PUBLIC SCHOOL,,,,,,,,,"-87.21187130,30.48417134",-87.2118713,30.48417134,,,,,,
2661,PENSACOLA,ESCAMBIA,,,,PUBLIC SCHOOL,,,,,,,,,"-87.29850327,30.42730316",-87.29850327,30.42730316,,,,,,
2662,PENSACOLA,ESCAMBIA,,,,PUBLIC SCHOOL,,,,,,,,,"-87.30456952,30.46451556",-87.30456952,30.46451556,,,,,,
2663,PENSACOLA,ESCAMBIA,,,,PUBLIC SCHOOL,,,,,,,,,"-87.29035108,30.38877702",-87.29035108,30.38877702,,,,,,
2664,PENSACOLA,ESCAMBIA,,,,PUBLIC SCHOOL,,,,,,,,,"-87.23654459,30.44249834",-87.23654459,30.44249834,,,,,,
2665,PENSACOLA,ESCAMBIA,,,,PUBLIC SCHOOL,,,,,,,,,"-87.29929998,30.48850002",-87.29929998,30.48850002,,,,,,
2666,PENSACOLA,ESCAMBIA,,,,PUBLIC SCHOOL,,,,,,,,,"-87.20662778,30.48584454",-87.20662778,30.48584454,,,,,,
2667,PENSACOLA,ESCAMBIA,,,,PUBLIC SCHOOL,,,,,,,,,"-87.28424016,30.43144662",-87.28424016,30.43144662,,,,,,
2668,PENSACOLA,ESCAMBIA,,,,PUBLIC SCHOOL,,,,,,,,,"-87.27700819,30.50741342",-87.27700819,30.50741342,,,,,,
2669,PENSACOLA,ESCAMBIA,,,,PUBLIC SCHOOL,,,,,,,,,"-87.20065514,30.43137042",-87.20065514,30.43137042,,,,,,
2670,PENSACOLA,ESCAMBIA,,,,PUBLIC SCHOOL,,,,,,,,,"-87.34131113,30.36088702",-87.34131113,30.36088702,,,,,,
2671,PENSACOLA,ESCAMBIA,,,,PUBLIC SCHOOL,,,,,,,,,"-87.20285599,30.42903879",-87.20285599,30.42903879,,,,,,
2672,PENSACOLA,ESCAMBIA,,,,PUBLIC SCHOOL,,,,,,,,,"-87.19363001,30.46245649",-87.19363001,30.46245649,,,,,,
2673,MIDDLEBURG,CLAY,,,,PUBLIC SCHOOL,,,,,,,,,,,,,,,,,
2674,MIDDLEBURG,CLAY,,,,PUBLIC SCHOOL,,,,,,,,,"-81.81316558,30.01527769",-81.81316558,30.01527769,,,,,,
2675,MIDDLEBURG,CLAY,,,,PUBLIC SCHOOL,,,,,,,,,"-81.85123334,30.08885173",-81.85123334,30.08885173,,,,,,
2676,MIDDLEBURG,CLAY,,,,PUBLIC SCHOOL,,,,,,,,,"-81.94072948,30.08178121",-81.94072948,30.08178121,,,,,,
2677,MIDDLEBURG,CLAY,,,,PUBLIC SCHOOL,,,,,,,,,"-81.80686747,30.09307275",-81.80686747,30.09307275,,,,,,
2678,MIDDLEBURG,CLAY,,,,PUBLIC SCHOOL,,,,,,,,,"-81.74870001,30.09690000",-81.74870001,30.0969,,,,,,
2679,MIDDLEBURG,CLAY,,,,PUBLIC SCHOOL,,,,,,,,,"-81.84065201,30.17862500",-81.84065201,30.178625,,,,,,
2680,MIDDLEBURG,CLAY,,,,PUBLIC SCHOOL,,,,,,,,,"-81.83936353,30.17471215",-81.83936353,30.17471215,,,,,,
2681,MIDDLEBURG,CLAY,,,,PUBLIC SCHOOL,,,,,,,,,"-81.86476997,30.06857389",-81.86476997,30.06857389,,,,,,
2682,MIDDLEBURG,CLAY,,,,PUBLIC SCHOOL,,,,,,,,,"-81.84560641,30.11873320",-81.84560641,30.1187332,,,,,,
2683,MIDDLEBURG,CLAY,,,,PUBLIC SCHOOL,,,,,,,,,"-81.77979425,30.10110428",-81.77979425,30.10110428,,,,,,
2684,MIDDLEBURG,CLAY,,,,PUBLIC SCHOOL,,,,,,,,,"-81.81409650,30.10150957",-81.8140965,30.10150957,,,,,,
2685,MIDDLEBURG,CLAY,,,,PUBLIC SCHOOL,,,,,,,,,"-81.83390887,30.16977242",-81.83390887,30.16977242,,,,,,
2686,MIDDLEBURG,CLAY,,,,PUBLIC SCHOOL,,,,,,,,,"-81.94424449,30.08307785",-81.94424449,30.08307785,,,,,,
2687,POMPANO BEACH,BROWARD,,,,PUBLIC SCHOOL,,,,,,,,,"-80.25259882,26.23352554",-80.25259882,26.23352554,,,,,,
2688,POMPANO BEACH,BROWARD,,,,PUBLIC SCHOOL,,,,,,,,,"-80.20517112,26.26929031",-80.20517112,26.26929031,,,,,,
2689,POMPANO BEACH,BROWARD,,,,PUBLIC SCHOOL,,,,,,,,,"-80.22127368,26.21921788",-80.22127368,26.21921788,,,,,,
2690,POMPANO BEACH,BROWARD,,,,PUBLIC SCHOOL,,,,,,,,,"-80.13514491,26.22549044",-80.13514491,26.22549044,,,,,,
2693,POMPANO BEACH,BROWARD,,,,PUBLIC SCHOOL,,,,,,,,,"-80.26976065,26.31891354",-80.26976065,26.31891354,,,,,,
2694,POMPANO BEACH,BROWARD,,,,PUBLIC SCHOOL,,,,,,,,,"-80.15426370,26.25311543",-80.1542637,26.25311543,,,,,,
2695,POMPANO BEACH,BROWARD,,,,PUBLIC SCHOOL,,,,,,,,,"-80.28253404,26.30054208",-80.28253404,26.30054208,,,,,,
2696,POMPANO BEACH,BROWARD,,,,PUBLIC SCHOOL,,,,,,,,,"-80.22814711,26.22476959",-80.22814711,26.22476959,,,,,,
2697,POMPANO BEACH,BROWARD,,,,PUBLIC SCHOOL,,,,,,,,,"-80.21122985,26.23647384",-80.21122985,26.23647384,,,,,,
2698,POMPANO BEACH,BROWARD,,,,PUBLIC SCHOOL,,,,,,,,,"-80.10997600,26.23748772",-80.109976,26.23748772,,,,,,
2699,POMPANO BEACH,BROWARD,,,,PUBLIC SCHOOL,,,,,,,,,"-80.26751245,26.29684767",-80.26751245,26.29684767,,,,,,
2700,POMPANO BEACH,BROWARD,,,,PUBLIC SCHOOL,,,,,,,,,"-80.10990683,26.27227453",-80.10990683,26.27227453,,,,,,
2701,POMPANO BEACH,BROWARD,,,,PUBLIC SCHOOL,,,,,,,,,"-80.13866718,26.27275748",-80.13866718,26.27275748,,,,,,
2703,POMPANO BEACH,BROWARD,,,,PUBLIC SCHOOL,,,,,,,,,"-80.19723830,26.31125852",-80.1972383,26.31125852,,,,,,
2704,POMPANO BEACH,BROWARD,,,,PUBLIC SCHOOL,,,,,,,,,"-80.25791606,26.24484140",-80.25791606,26.2448414,,,,,,
2705,POMPANO BEACH,BROWARD,,,,PUBLIC SCHOOL,,,,,,,,,"-80.23066830,26.27364453",-80.2306683,26.27364453,,,,,,
2706,POMPANO BEACH,BROWARD,,,,PUBLIC SCHOOL,,,,,,,,,"-80.22723676,26.21388298",-80.22723676,26.21388298,,,,,,
2707,POMPANO BEACH,BROWARD,,,,PUBLIC SCHOOL,,,,,,,,,"-80.14423741,26.24660141",-80.14423741,26.24660141,,,,,,
2708,POMPANO BEACH,BROWARD,,,,PUBLIC SCHOOL,,,,,,,,,"-80.19315459,26.28498570",-80.19315459,26.2849857,,,,,,
2709,POMPANO BEACH,BROWARD,,,,PUBLIC SCHOOL,,,,,,,,,"-80.17868741,26.29449489",-80.17868741,26.29449489,,,,,,
2711,POMPANO BEACH,BROWARD,,,,PUBLIC SCHOOL,,,,,,,,,"-80.12413685,26.27861586",-80.12413685,26.27861586,,,,,,
2712,POMPANO BEACH,BROWARD,,,,PUBLIC SCHOOL,,,,,,,,,"-80.24053505,26.26882238",-80.24053505,26.26882238,,,,,,
2713,POMPANO BEACH,BROWARD,,,,PUBLIC SCHOOL,,,,,,,,,"-80.22043207,26.27366027",-80.22043207,26.27366027,,,,,,
2714,POMPANO BEACH,BROWARD,,,,PUBLIC SCHOOL,,,,,,,,,"-80.10408875,26.23082589",-80.10408875,26.23082589,,,,,,
2715,POMPANO BEACH,BROWARD,,,,PUBLIC SCHOOL,,,,,,,,,"-80.10900977,26.21424910",-80.10900977,26.2142491,,,,,,
2716,POMPANO BEACH,BROWARD,,,,PUBLIC SCHOOL,,,,,,,,,"-80.28135846,26.29669500",-80.28135846,26.296695,,,,,,
2717,POMPANO BEACH,BROWARD,,,,PUBLIC SCHOOL,,,,,,,,,"-80.26870635,26.30443365",-80.26870635,26.30443365,,,,,,
2718,POMPANO BEACH,BROWARD,,,,PUBLIC SCHOOL,,,,,,,,,"-80.20229514,26.26469272",-80.20229514,26.26469272,,,,,,
2719,POMPANO BEACH,BROWARD,,,,PUBLIC SCHOOL,,,,,,,,,,,,,,,,,
2720,POMPANO BEACH,BROWARD,,,,PUBLIC SCHOOL,,,,,,,,,"-80.21901979,26.23352753",-80.21901979,26.23352753,,,,,,
2721,POMPANO BEACH,BROWARD,,,,PUBLIC SCHOOL,,,,,,,,,"-80.16276248,26.24086769",-80.16276248,26.24086769,,,,,,
2722,POMPANO BEACH,BROWARD,,,,PUBLIC SCHOOL,,,,,,,,,"-80.29479643,26.26353521",-80.29479643,26.26353521,,,,,,
2723,POMPANO BEACH,BROWARD,,,,PUBLIC SCHOOL,,,,,,,,,"-80.19358289,26.25900912",-80.19358289,26.25900912,,,,,,
2724,POMPANO BEACH,BROWARD,,,,PUBLIC SCHOOL,,,,,,,,,"-80.11101231,26.22971523",-80.11101231,26.22971523,,,,,,
2725,POMPANO BEACH,BROWARD,,,,PUBLIC SCHOOL,,,,,,,,,"-80.23862065,26.23683832",-80.23862065,26.23683832,,,,,,
2726,POMPANO BEACH,BROWARD,,,,PUBLIC SCHOOL,,,,,,,,,"-80.26288861,26.26779397",-80.26288861,26.26779397,,,,,,
2727,POMPANO BEACH,BROWARD,,,,PUBLIC SCHOOL,,,,,,,,,"-80.13280002,26.24140002",-80.13280002,26.24140002,,,,,,
2728,POMPANO BEACH,BROWARD,,,,PUBLIC SCHOOL,,,,,,,,,"-80.11830833,26.27277076",-80.11830833,26.27277076,,,,,,
2730,POMPANO BEACH,BROWARD,,,,PUBLIC SCHOOL,,,,,,,,,"-80.23813864,26.29908528",-80.23813864,26.29908528,,,,,,
2731,POMPANO BEACH,BROWARD,,,,PUBLIC SCHOOL,,,,,,,,,"-80.12800000,26.21889999",-80.128,26.21889999,,,,,,
2732,POMPANO BEACH,BROWARD,,,,PUBLIC SCHOOL,,,,,,,,,"-80.19260982,26.24242205",-80.19260982,26.24242205,,,,,,
2733,POMPANO BEACH,BROWARD,,,,PUBLIC SCHOOL,,,,,,,,,"-80.11385884,26.26296151",-80.11385884,26.26296151,,,,,,
2734,POMPANO BEACH,BROWARD,,,,PUBLIC SCHOOL,,,,,,,,,"-80.10107901,26.28024056",-80.10107901,26.28024056,,,,,,
2735,POMPANO BEACH,BROWARD,,,,PUBLIC SCHOOL,,,,,,,,,"-80.23909560,26.20525685",-80.2390956,26.20525685,,,,,,
2736,POMPANO BEACH,BROWARD,,,,PUBLIC SCHOOL,,,,,,,,,"-80.13506056,26.27328755",-80.13506056,26.27328755,,,,,,
2737,POMPANO BEACH,BROWARD,,,,PUBLIC SCHOOL,,,,,,,,,"-80.12008499,26.23579168",-80.12008499,26.23579168,,,,,,
2738,POMPANO BEACH,BROWARD,,,,PUBLIC SCHOOL,,,,,,,,,"-80.22195245,26.21652208",-80.22195245,26.21652208,,,,,,
2739,POMPANO BEACH,BROWARD,,,,PUBLIC SCHOOL,,,,,,,,,"-80.10847853,26.23671409",-80.10847853,26.23671409,,,,,,
2740,POMPANO BEACH,BROWARD,,,,PUBLIC SCHOOL,,,,,,,,,"-80.29474906,26.27138131",-80.29474906,26.27138131,,,,,,
2741,POMPANO BEACH,BROWARD,,,,PUBLIC SCHOOL,,,,,,,,,"-80.11698523,26.29538163",-80.11698523,26.29538163,,,,,,
2742,POMPANO BEACH,BROWARD,,,,PUBLIC SCHOOL,,,,,,,,,"-80.12543576,26.22835762",-80.12543576,26.22835762,,,,,,
2743,POMPANO BEACH,BROWARD,,,,PUBLIC SCHOOL,,,,,,,,,"-80.27936161,26.23264624",-80.27936161,26.23264624,,,,,,
2744,POMPANO BEACH,BROWARD,,,,PUBLIC SCHOOL,,,,,,,,,"-80.16245784,26.24256287",-80.16245784,26.24256287,,,,,,
2745,POMPANO BEACH,BROWARD,,,,PUBLIC SCHOOL,,,,,,,,,"-80.13310130,26.24833933",-80.1331013,26.24833933,,,,,,
2746,POMPANO BEACH,BROWARD,,,,PUBLIC SCHOOL,,,,,,,,,"-80.24782023,26.27121549",-80.24782023,26.27121549,,,,,,
2748,POMPANO BEACH,BROWARD,,,,PUBLIC SCHOOL,,,,,,,,,"-80.21070456,26.29153578",-80.21070456,26.29153578,,,,,,
2749,POMPANO BEACH,BROWARD,,,,PUBLIC SCHOOL,,,,,,,,,"-80.21468625,26.28539401",-80.21468625,26.28539401,,,,,,
2750,POMPANO BEACH,BROWARD,,,,PUBLIC SCHOOL,,,,,,,,,"-80.12390812,26.26299087",-80.12390812,26.26299087,,,,,,
2751,POMPANO BEACH,BROWARD,,,,PUBLIC SCHOOL,,,,,,,,,"-80.22179002,26.32253285",-80.22179002,26.32253285,,,,,,
2752,POMPANO BEACH,BROWARD,,,,PUBLIC SCHOOL,,,,,,,,,"-80.26449998,26.28633784",-80.26449998,26.28633784,,,,,,
2754,POMPANO BEACH,BROWARD,,,,PUBLIC SCHOOL,,,,,,,,,"-80.22594861,26.21669383",-80.22594861,26.21669383,,,,,,
2755,POMPANO BEACH,BROWARD,,,,PUBLIC SCHOOL,,,,,,,,,"-80.11050771,26.29497977",-80.11050771,26.29497977,,,,,,
2756,POMPANO BEACH,BROWARD,,,,PUBLIC SCHOOL,,,,,,,,,"-80.28129340,26.29986458",-80.2812934,26.29986458,,,,,,
2757,POMPANO BEACH,BROWARD,,,,PUBLIC SCHOOL,,,,,,,,,"-80.18317599,26.23729049",-80.18317599,26.23729049,,,,,,
2758,POMPANO BEACH,BROWARD,,,,PUBLIC SCHOOL,,,,,,,,,"-80.27349549,26.30486448",-80.27349549,26.30486448,,,,,,
2761,POMPANO BEACH,BROWARD,,,,PUBLIC SCHOOL,,,,,,,,,"-80.18174925,26.31126599",-80.18174925,26.31126599,,,,,,
2762,POMPANO BEACH,BROWARD,,,,PUBLIC SCHOOL,,,,,,,,,"-80.20563975,26.21061098",-80.20563975,26.21061098,,,,,,
2763,POMPANO BEACH,BROWARD,,,,PUBLIC SCHOOL,,,,,,,,,"-80.20966725,26.25095085",-80.20966725,26.25095085,,,,,,
2764,POMPANO BEACH,BROWARD,,,,PUBLIC SCHOOL,,,,,,,,,"-80.27330631,26.32516024",-80.27330631,26.32516024,,,,,,
2765,POMPANO BEACH,BROWARD,,,,PUBLIC SCHOOL,,,,,,,,,"-80.23905096,26.20662619",-80.23905096,26.20662619,,,,,,
2767,POMPANO BEACH,BROWARD,,,,PUBLIC SCHOOL,,,,,,,,,"-80.27175851,26.27508613",-80.27175851,26.27508613,,,,,,
2768,POMPANO BEACH,BROWARD,,,,PUBLIC SCHOOL,,,,,,,,,"-80.18407633,26.24650946",-80.18407633,26.24650946,,,,,,
2769,POMPANO BEACH,BROWARD,,,,PUBLIC SCHOOL,,,,,,,,,"-80.10833409,26.23818358",-80.10833409,26.23818358,,,,,,
2771,POMPANO BEACH,BROWARD,,,,PUBLIC SCHOOL,,,,,,,,,"-80.24429784,26.24815779",-80.24429784,26.24815779,,,,,,
2772,POMPANO BEACH,BROWARD,,,,PUBLIC SCHOOL,,,,,,,,,"-80.12422154,26.28042466",-80.12422154,26.28042466,,,,,,
2773,POMPANO BEACH,BROWARD,,,,PUBLIC SCHOOL,,,,,,,,,"-80.29051695,26.26017386",-80.29051695,26.26017386,,,,,,
2774,CITY OF PALATKA,PUTNAM,,,,PUBLIC SCHOOL,,,,,,,,,"-81.64771924,29.63938431",-81.64771924,29.63938431,,,,,,
2775,CITY OF PALATKA,PUTNAM,,,,PUBLIC SCHOOL,,,,,,,,,"-81.64941232,29.64081106",-81.64941232,29.64081106,,,,,,
2776,SUNRISE,BROWARD,,,,PUBLIC SCHOOL,,,,,,,,,,,,,,,,,
2777,SUNRISE,BROWARD,,,,PUBLIC SCHOOL,,,,,,,,,"-80.26847929,26.17495033",-80.26847929,26.17495033,,,,,,
2778,PORT ST. LUCIE\t,ST. LUCIE,,,,PUBLIC SCHOOL,,,,,,,,,"-80.40650747,27.32034116",-80.40650747,27.32034116,,,,,,
2779,ST AUGUSTINE,ST. JOHNS,,,,PUBLIC SCHOOL,,,,,,,,,"-81.31879418,29.90688897",-81.31879418,29.90688897,,,,,,
2780,ST AUGUSTINE,ST. JOHNS,,,,PUBLIC SCHOOL,,,,,,,,,"-81.32931886,29.88776680",-81.32931886,29.8877668,,,,,,
2781,ST AUGUSTINE,ST. JOHNS,,,,PUBLIC SCHOOL,,,,,,,,,"-81.31422203,29.89585966",-81.31422203,29.89585966,,,,,,
2782,ST AUGUSTINE,ST. JOHNS,,,,PUBLIC SCHOOL,,,,,,,,,"-81.39077253,30.01879811",-81.39077253,30.01879811,,,,,,
2783,ST AUGUSTINE,ST. JOHNS,,,,PUBLIC SCHOOL,,,,,,,,,"-81.40137618,29.92012339",-81.40137618,29.92012339,,,,,,
2784,MARGATE,BROWARD,,,,PUBLIC SCHOOL,,,,,,,,,,,,,,,,,
2785,PONTE VEDRA,ST. JOHNS,,,,PUBLIC SCHOOL,,,,,,,,,"-81.40777174,30.12059082",-81.40777174,30.12059082,,,,,,
2786,DEFUNIAK SPRINGS,WALTON,,,,PUBLIC SCHOOL,,,,,,,,,,,,,,,,,
2787,DEFUNIAK SPRINGS,WALTON,,,,PUBLIC SCHOOL,,,,,,,,,"-86.12817943,30.73212023",-86.12817943,30.73212023,,,,,,
2788,DEFUNIAK SPRINGS,WALTON,,,,PUBLIC SCHOOL,,,,,,,,,"-86.12597966,30.74157744",-86.12597966,30.74157744,,,,,,
2789,DEFUNIAK SPRINGS,WALTON,,,,PUBLIC SCHOOL,,,,,,,,,"-86.09834325,30.72083365",-86.09834325,30.72083365,,,,,,
2790,DEFUNIAK SPRINGS,WALTON,,,,PUBLIC SCHOOL,,,,,,,,,"-86.11256690,30.71304555",-86.1125669,30.71304555,,,,,,
2791,DEFUNIAK SPRINGS,WALTON,,,,PUBLIC SCHOOL,,,,,,,,,"-86.13740361,30.72329185",-86.13740361,30.72329185,,,,,,
2792,DEFUNIAK SPRINGS,WALTON,,,,PUBLIC SCHOOL,,,,,,,,,"-86.16409100,30.73426005",-86.164091,30.73426005,,,,,,
2793,DEFUNIAK SPRINGS,WALTON,,,,PUBLIC SCHOOL,,,,,,,,,"-86.33052811,30.74371468",-86.33052811,30.74371468,,,,,,
2795,DEFUNIAK SPRINGS,WALTON,,,,PUBLIC SCHOOL,,,,,,,,,"-86.09606654,30.72089913",-86.09606654,30.72089913,,,,,,
2796,DEFUNIAK SPRINGS,WALTON,,,,PUBLIC SCHOOL,,,,,,,,,"-86.12570019,30.74819879",-86.12570019,30.74819879,,,,,,
2797,BRANFORD,SUWANNEE,,,,PUBLIC SCHOOL,,,,,,,,,"-82.91850739,29.96393536",-82.91850739,29.96393536,,,,,,
2798,BRANFORD,SUWANNEE,,,,PUBLIC SCHOOL,,,,,,,,,"-82.92465726,29.96397938",-82.92465726,29.96397938,,,,,,
2799,TAMARAC,BROWARD,,,,PUBLIC SCHOOL,,,,,,,,,,,,,,,,,
2800,TAMARAC,BROWARD,,,,PUBLIC SCHOOL,,,,,,,,,"-80.27061891,26.22550381",-80.27061891,26.22550381,,,,,,
2801,TAMARAC,BROWARD,,,,PUBLIC SCHOOL,,,,,,,,,"-80.17050243,26.18391942",-80.17050243,26.18391942,,,,,,
2802,TAMARAC,BROWARD,,,,PUBLIC SCHOOL,,,,,,,,,"-80.25421179,26.22716366",-80.25421179,26.22716366,,,,,,
2803,LARGO,PINELLAS,,,,PUBLIC SCHOOL,,,,,,,,,,,,,,,,,
2804,LARGO,PINELLAS,,,,PUBLIC SCHOOL,,,,,,,,,"-82.78440673,27.90830253",-82.78440673,27.90830253,,,,,,
2805,LARGO,PINELLAS,,,,PUBLIC SCHOOL,,,,,,,,,"-82.74732787,27.89567325",-82.74732787,27.89567325,,,,,,
2806,LARGO,PINELLAS,,,,PUBLIC SCHOOL,,,,,,,,,"-82.72405010,27.88096049",-82.7240501,27.88096049,,,,,,
2807,LARGO,PINELLAS,,,,PUBLIC SCHOOL,,,,,,,,,"-82.72585827,27.87811347",-82.72585827,27.87811347,,,,,,
2808,LARGO,PINELLAS,,,,PUBLIC SCHOOL,,,,,,,,,"-82.77989274,27.89228150",-82.77989274,27.8922815,,,,,,
2809,LARGO,PINELLAS,,,,PUBLIC SCHOOL,,,,,,,,,"-82.82770000,27.86820002",-82.8277,27.86820002,,,,,,
2811,LARGO,PINELLAS,,,,PUBLIC SCHOOL,,,,,,,,,"-82.73646835,27.90050959",-82.73646835,27.90050959,,,,,,
2812,LARGO,PINELLAS,,,,PUBLIC SCHOOL,,,,,,,,,"-82.80287886,27.89911051",-82.80287886,27.89911051,,,,,,
2813,LARGO,PINELLAS,,,,PUBLIC SCHOOL,,,,,,,,,"-82.76543593,27.88100442",-82.76543593,27.88100442,,,,,,
2814,LARGO,PINELLAS,,,,PUBLIC SCHOOL,,,,,,,,,"-82.79352744,27.91401658",-82.79352744,27.91401658,,,,,,
2815,LARGO,PINELLAS,,,,PUBLIC SCHOOL,,,,,,,,,"-82.79008445,27.88683214",-82.79008445,27.88683214,,,,,,
2816,LARGO,PINELLAS,,,,PUBLIC SCHOOL,,,,,,,,,"-82.78615000,27.92022843",-82.78615,27.92022843,,,,,,
2817,LARGO,PINELLAS,,,,PUBLIC SCHOOL,,,,,,,,,"-82.79711662,27.91247948",-82.79711662,27.91247948,,,,,,
2818,LARGO,PINELLAS,,,,PUBLIC SCHOOL,,,,,,,,,"-82.76370101,27.88112527",-82.76370101,27.88112527,,,,,,
2819,LARGO,PINELLAS,,,,PUBLIC SCHOOL,,,,,,,,,"-82.77591376,27.91525122",-82.77591376,27.91525122,,,,,,
2821,LARGO,PINELLAS,,,,PUBLIC SCHOOL,,,,,,,,,"-82.83200000,27.88519999",-82.832,27.88519999,,,,,,
2825,FORT LAUDERDALE,BROWARD,,,,PUBLIC SCHOOL,,,,,,,,,"-80.18442836,26.20180025",-80.18442836,26.20180025,,,,,,
2826,FORT LAUDERDALE,BROWARD,,,,PUBLIC SCHOOL,,,,,,,,,"-80.22567696,26.15149645",-80.22567696,26.15149645,,,,,,
2827,FORT LAUDERDALE,BROWARD,,,,PUBLIC SCHOOL,,,,,,,,,"-80.14612757,26.09854588",-80.14612757,26.09854588,,,,,,
2828,FORT LAUDERDALE,BROWARD,,,,PUBLIC SCHOOL,,,,,,,,,"-80.23224780,26.08498425",-80.2322478,26.08498425,,,,,,
2829,FORT LAUDERDALE,BROWARD,,,,PUBLIC SCHOOL,,,,,,,,,"-80.19149108,26.09541404",-80.19149108,26.09541404,,,,,,
2830,FORT LAUDERDALE,BROWARD,,,,PUBLIC SCHOOL,,,,,,,,,"-80.14300846,26.13829918",-80.14300846,26.13829918,,,,,,
2831,FORT LAUDERDALE,BROWARD,,,,PUBLIC SCHOOL,,,,,,,,,"-80.14342158,26.15844550",-80.14342158,26.1584455,,,,,,
2832,FORT LAUDERDALE,BROWARD,,,,PUBLIC SCHOOL,,,,,,,,,"-80.17630574,26.10889584",-80.17630574,26.10889584,,,,,,
2833,FORT LAUDERDALE,BROWARD,,,,PUBLIC SCHOOL,,,,,,,,,"-80.15296418,26.14074168",-80.15296418,26.14074168,,,,,,
2834,FORT LAUDERDALE,BROWARD,,,,PUBLIC SCHOOL,,,,,,,,,"-80.14167727,26.19716960",-80.14167727,26.1971696,,,,,,
2835,FORT LAUDERDALE,BROWARD,,,,PUBLIC SCHOOL,,,,,,,,,"-80.23204014,26.08144480",-80.23204014,26.0814448,,,,,,
2836,FORT LAUDERDALE,BROWARD,,,,PUBLIC SCHOOL,,,,,,,,,"-80.23328193,26.07437571",-80.23328193,26.07437571,,,,,,
2837,FORT LAUDERDALE,BROWARD,,,,PUBLIC SCHOOL,,,,,,,,,"-80.21399362,26.14456162",-80.21399362,26.14456162,,,,,,
2838,FORT LAUDERDALE,BROWARD,,,,PUBLIC SCHOOL,,,,,,,,,"-80.17369678,26.15010413",-80.17369678,26.15010413,,,,,,
2839,FORT LAUDERDALE,BROWARD,,,,PUBLIC SCHOOL,,,,,,,,,"-80.20365124,26.10532033",-80.20365124,26.10532033,,,,,,
2840,FORT LAUDERDALE,BROWARD,,,,PUBLIC SCHOOL,,,,,,,,,"-80.13994556,26.14813153",-80.13994556,26.14813153,,,,,,
2841,FORT LAUDERDALE,BROWARD,,,,PUBLIC SCHOOL,,,,,,,,,"-80.19004676,26.14026617",-80.19004676,26.14026617,,,,,,
2842,FORT LAUDERDALE,BROWARD,,,,PUBLIC SCHOOL,,,,,,,,,"-80.13373345,26.10221801",-80.13373345,26.10221801,,,,,,
2843,FORT LAUDERDALE,BROWARD,,,,PUBLIC SCHOOL,,,,,,,,,"-80.25097439,26.18379388",-80.25097439,26.18379388,,,,,,
2844,FORT LAUDERDALE,BROWARD,,,,PUBLIC SCHOOL,,,,,,,,,"-80.25036832,26.19982231",-80.25036832,26.19982231,,,,,,
2845,FORT LAUDERDALE,BROWARD,,,,PUBLIC SCHOOL,,,,,,,,,"-80.32869311,26.10468816",-80.32869311,26.10468816,,,,,,
2846,FORT LAUDERDALE,BROWARD,,,,PUBLIC SCHOOL,,,,,,,,,"-80.27520000,26.18750000",-80.2752,26.1875,,,,,,
2847,FORT LAUDERDALE,BROWARD,,,,PUBLIC SCHOOL,,,,,,,,,"-80.15136694,26.12612238",-80.15136694,26.12612238,,,,,,
2848,FORT LAUDERDALE,BROWARD,,,,PUBLIC SCHOOL,,,,,,,,,"-80.42195917,26.13738816",-80.42195917,26.13738816,,,,,,
2849,FORT LAUDERDALE,BROWARD,,,,PUBLIC SCHOOL,,,,,,,,,"-80.32511979,26.10537355",-80.32511979,26.10537355,,,,,,
2850,FORT LAUDERDALE,BROWARD,,,,PUBLIC SCHOOL,,,,,,,,,"-80.12339035,26.14375343",-80.12339035,26.14375343,,,,,,
2851,FORT LAUDERDALE,BROWARD,,,,PUBLIC SCHOOL,,,,,,,,,"-80.22023273,26.10313044",-80.22023273,26.10313044,,,,,,
2852,FORT LAUDERDALE,BROWARD,,,,PUBLIC SCHOOL,,,,,,,,,"-80.21084348,26.09627656",-80.21084348,26.09627656,,,,,,
2853,FORT LAUDERDALE,BROWARD,,,,PUBLIC SCHOOL,,,,,,,,,"-80.13299521,26.12340455",-80.13299521,26.12340455,,,,,,
2854,FORT LAUDERDALE,BROWARD,,,,PUBLIC SCHOOL,,,,,,,,,"-80.26841551,26.05115552",-80.26841551,26.05115552,,,,,,
2855,FORT LAUDERDALE,BROWARD,,,,PUBLIC SCHOOL,,,,,,,,,"-80.20675754,26.10115966",-80.20675754,26.10115966,,,,,,
2856,FORT LAUDERDALE,BROWARD,,,,PUBLIC SCHOOL,,,,,,,,,"-80.17068997,26.12439148",-80.17068997,26.12439148,,,,,,
2857,FORT LAUDERDALE,BROWARD,,,,PUBLIC SCHOOL,,,,,,,,,"-80.19461233,26.10410007",-80.19461233,26.10410007,,,,,,
2858,FORT LAUDERDALE,BROWARD,,,,PUBLIC SCHOOL,,,,,,,,,"-80.14876489,26.13619407",-80.14876489,26.13619407,,,,,,
2859,FORT LAUDERDALE,BROWARD,,,,PUBLIC SCHOOL,,,,,,,,,"-80.13720737,26.19507147",-80.13720737,26.19507147,,,,,,
2860,FORT LAUDERDALE,BROWARD,,,,PUBLIC SCHOOL,,,,,,,,,"-80.22986383,26.15982264",-80.22986383,26.15982264,,,,,,
2861,FORT LAUDERDALE,BROWARD,,,,PUBLIC SCHOOL,,,,,,,,,"-80.13971898,26.11450550",-80.13971898,26.1145055,,,,,,
2862,FORT LAUDERDALE,BROWARD,,,,PUBLIC SCHOOL,,,,,,,,,"-80.17601249,26.15639633",-80.17601249,26.15639633,,,,,,
2863,FORT LAUDERDALE,BROWARD,,,,PUBLIC SCHOOL,,,,,,,,,"-80.15783021,26.08432016",-80.15783021,26.08432016,,,,,,
2864,FORT LAUDERDALE,BROWARD,,,,PUBLIC SCHOOL,,,,,,,,,"-80.39633121,26.06309338",-80.39633121,26.06309338,,,,,,
2865,FORT LAUDERDALE,BROWARD,,,,PUBLIC SCHOOL,,,,,,,,,"-80.31879227,26.13253775",-80.31879227,26.13253775,,,,,,
2866,FORT LAUDERDALE,BROWARD,,,,PUBLIC SCHOOL,,,,,,,,,"-80.17446894,26.16508172",-80.17446894,26.16508172,,,,,,
2867,FORT LAUDERDALE,BROWARD,,,,PUBLIC SCHOOL,,,,,,,,,"-80.37318446,26.09695862",-80.37318446,26.09695862,,,,,,
2868,FORT LAUDERDALE,BROWARD,,,,PUBLIC SCHOOL,,,,,,,,,"-80.17590823,26.13962550",-80.17590823,26.1396255,,,,,,
2869,FORT LAUDERDALE,BROWARD,,,,PUBLIC SCHOOL,,,,,,,,,"-80.18531074,26.17423908",-80.18531074,26.17423908,,,,,,
2870,FORT LAUDERDALE,BROWARD,,,,PUBLIC SCHOOL,,,,,,,,,"-80.28263376,26.16671914",-80.28263376,26.16671914,,,,,,
2871,FORT LAUDERDALE,BROWARD,,,,PUBLIC SCHOOL,,,,,,,,,"-80.21122171,26.15956205",-80.21122171,26.15956205,,,,,,
2872,FORT LAUDERDALE,BROWARD,,,,PUBLIC SCHOOL,,,,,,,,,"-80.18212461,26.11136411",-80.18212461,26.11136411,,,,,,
2873,FORT LAUDERDALE,BROWARD,,,,PUBLIC SCHOOL,,,,,,,,,"-80.26896621,26.18562278",-80.26896621,26.18562278,,,,,,
2874,FORT LAUDERDALE,BROWARD,,,,PUBLIC SCHOOL,,,,,,,,,"-80.30280123,26.05644212",-80.30280123,26.05644212,,,,,,
2875,FORT LAUDERDALE,BROWARD,,,,PUBLIC SCHOOL,,,,,,,,,"-80.23654009,26.07568328",-80.23654009,26.07568328,,,,,,
2876,FORT LAUDERDALE,BROWARD,,,,PUBLIC SCHOOL,,,,,,,,,"-80.16084585,26.14369521",-80.16084585,26.14369521,,,,,,
2877,FORT LAUDERDALE,BROWARD,,,,PUBLIC SCHOOL,,,,,,,,,"-80.37467418,26.03148241",-80.37467418,26.03148241,,,,,,
2878,FORT LAUDERDALE,BROWARD,,,,PUBLIC SCHOOL,,,,,,,,,"-80.23917610,26.13407168",-80.2391761,26.13407168,,,,,,
2879,FORT LAUDERDALE,BROWARD,,,,PUBLIC SCHOOL,,,,,,,,,"-80.39968299,26.12738484",-80.39968299,26.12738484,,,,,,
2880,FORT LAUDERDALE,BROWARD,,,,PUBLIC SCHOOL,,,,,,,,,"-80.14763219,26.08971369",-80.14763219,26.08971369,,,,,,
2882,FORT LAUDERDALE,BROWARD,,,,PUBLIC SCHOOL,,,,,,,,,"-80.20434427,26.17398153",-80.20434427,26.17398153,,,,,,
2883,FORT LAUDERDALE,BROWARD,,,,PUBLIC SCHOOL,,,,,,,,,"-80.36001294,26.04527343",-80.36001294,26.04527343,,,,,,
2884,FORT LAUDERDALE,BROWARD,,,,PUBLIC SCHOOL,,,,,,,,,"-80.18632049,26.10357476",-80.18632049,26.10357476,,,,,,
2886,FORT LAUDERDALE,BROWARD,,,,PUBLIC SCHOOL,,,,,,,,,"-80.21664240,26.14974476",-80.2166424,26.14974476,,,,,,
2888,FORT LAUDERDALE,BROWARD,,,,PUBLIC SCHOOL,,,,,,,,,"-80.14034732,26.10691624",-80.14034732,26.10691624,,,,,,
2889,FORT LAUDERDALE,BROWARD,,,,PUBLIC SCHOOL,,,,,,,,,"-80.27284582,26.04599741",-80.27284582,26.04599741,,,,,,
2890,FORT LAUDERDALE,BROWARD,,,,PUBLIC SCHOOL,,,,,,,,,"-80.12329104,26.14524143",-80.12329104,26.14524143,,,,,,
2891,FORT LAUDERDALE,BROWARD,,,,PUBLIC SCHOOL,,,,,,,,,"-80.28615761,26.15138643",-80.28615761,26.15138643,,,,,,
2892,FORT LAUDERDALE,BROWARD,,,,PUBLIC SCHOOL,,,,,,,,,"-80.16240979,26.12349903",-80.16240979,26.12349903,,,,,,
2894,FORT LAUDERDALE,BROWARD,,,,PUBLIC SCHOOL,,,,,,,,,"-80.25701593,26.17765371",-80.25701593,26.17765371,,,,,,
2895,FORT LAUDERDALE,BROWARD,,,,PUBLIC SCHOOL,,,,,,,,,"-80.23169390,26.07514715",-80.2316939,26.07514715,,,,,,
2896,FORT LAUDERDALE,BROWARD,,,,PUBLIC SCHOOL,,,,,,,,,"-80.19540045,26.12540675",-80.19540045,26.12540675,,,,,,
2897,FORT LAUDERDALE,BROWARD,,,,PUBLIC SCHOOL,,,,,,,,,"-80.18725577,26.12912052",-80.18725577,26.12912052,,,,,,
2898,FORT LAUDERDALE,BROWARD,,,,PUBLIC SCHOOL,,,,,,,,,"-80.14605336,26.08413350",-80.14605336,26.0841335,,,,,,
2899,FORT LAUDERDALE,BROWARD,,,,PUBLIC SCHOOL,,,,,,,,,"-80.26926109,26.19240377",-80.26926109,26.19240377,,,,,,
2900,FORT LAUDERDALE,BROWARD,,,,PUBLIC SCHOOL,,,,,,,,,"-80.23510291,26.10350233",-80.23510291,26.10350233,,,,,,
2901,FORT LAUDERDALE,BROWARD,,,,PUBLIC SCHOOL,,,,,,,,,"-80.20526518,26.18171590",-80.20526518,26.1817159,,,,,,
2902,FORT LAUDERDALE,BROWARD,,,,PUBLIC SCHOOL,,,,,,,,,"-80.27871426,26.10440775",-80.27871426,26.10440775,,,,,,
2903,FORT LAUDERDALE,BROWARD,,,,PUBLIC SCHOOL,,,,,,,,,"-80.19669910,26.12700231",-80.1966991,26.12700231,,,,,,
2904,FORT LAUDERDALE,BROWARD,,,,PUBLIC SCHOOL,,,,,,,,,"-80.19168187,26.13943073",-80.19168187,26.13943073,,,,,,
2905,FORT LAUDERDALE,BROWARD,,,,PUBLIC SCHOOL,,,,,,,,,"-80.11703545,26.14118416",-80.11703545,26.14118416,,,,,,
2906,FORT LAUDERDALE,BROWARD,,,,PUBLIC SCHOOL,,,,,,,,,"-80.39790778,26.06587167",-80.39790778,26.06587167,,,,,,
2907,FORT LAUDERDALE,BROWARD,,,,PUBLIC SCHOOL,,,,,,,,,"-80.17207215,26.14920117",-80.17207215,26.14920117,,,,,,
2908,FORT LAUDERDALE,BROWARD,,,,PUBLIC SCHOOL,,,,,,,,,"-80.15564669,26.12645155",-80.15564669,26.12645155,,,,,,
2909,FORT LAUDERDALE,BROWARD,,,,PUBLIC SCHOOL,,,,,,,,,"-80.38871605,26.08492797",-80.38871605,26.08492797,,,,,,
2910,FORT LAUDERDALE,BROWARD,,,,PUBLIC SCHOOL,,,,,,,,,"-80.24443834,26.14060956",-80.24443834,26.14060956,,,,,,
2911,FORT LAUDERDALE,BROWARD,,,,PUBLIC SCHOOL,,,,,,,,,"-80.14084909,26.14176264",-80.14084909,26.14176264,,,,,,
2912,FORT LAUDERDALE,BROWARD,,,,PUBLIC SCHOOL,,,,,,,,,"-80.23879998,26.13670001",-80.23879998,26.13670001,,,,,,
2913,FORT LAUDERDALE,BROWARD,,,,PUBLIC SCHOOL,,,,,,,,,"-80.25350085,26.21664656",-80.25350085,26.21664656,,,,,,
2914,FORT LAUDERDALE,BROWARD,,,,PUBLIC SCHOOL,,,,,,,,,"-80.26955302,26.07521627",-80.26955302,26.07521627,,,,,,
2917,FORT LAUDERDALE,BROWARD,,,,PUBLIC SCHOOL,,,,,,,,,"-80.15004002,26.09002609",-80.15004002,26.09002609,,,,,,
2918,FORT LAUDERDALE,BROWARD,,,,PUBLIC SCHOOL,,,,,,,,,"-80.23204285,26.10174925",-80.23204285,26.10174925,,,,,,
2919,FORT LAUDERDALE,BROWARD,,,,PUBLIC SCHOOL,,,,,,,,,"-80.20544655,26.14714048",-80.20544655,26.14714048,,,,,,
2920,FORT LAUDERDALE,BROWARD,,,,PUBLIC SCHOOL,,,,,,,,,"-80.18480840,26.17742092",-80.1848084,26.17742092,,,,,,
2921,FORT LAUDERDALE,BROWARD,,,,PUBLIC SCHOOL,,,,,,,,,"-80.16596082,26.11206532",-80.16596082,26.11206532,,,,,,
2922,FORT LAUDERDALE,BROWARD,,,,PUBLIC SCHOOL,,,,,,,,,"-80.24158615,26.07370097",-80.24158615,26.07370097,,,,,,
2923,FORT LAUDERDALE,BROWARD,,,,PUBLIC SCHOOL,,,,,,,,,"-80.28632191,26.18847870",-80.28632191,26.1884787,,,,,,
2924,FORT LAUDERDALE,BROWARD,,,,PUBLIC SCHOOL,,,,,,,,,"-80.24029852,26.15302645",-80.24029852,26.15302645,,,,,,
2925,FORT LAUDERDALE,BROWARD,,,,PUBLIC SCHOOL,,,,,,,,,"-80.26884683,26.15143767",-80.26884683,26.15143767,,,,,,
2926,FORT LAUDERDALE,BROWARD,,,,PUBLIC SCHOOL,,,,,,,,,"-80.28382100,26.10354095",-80.283821,26.10354095,,,,,,
2927,FORT LAUDERDALE,BROWARD,,,,PUBLIC SCHOOL,,,,,,,,,"-80.40279398,26.07429131",-80.40279398,26.07429131,,,,,,
2928,FORT LAUDERDALE,BROWARD,,,,PUBLIC SCHOOL,,,,,,,,,"-80.18632981,26.09049010",-80.18632981,26.0904901,,,,,,
2929,FORT LAUDERDALE,BROWARD,,,,PUBLIC SCHOOL,,,,,,,,,"-80.27689998,26.19644306",-80.27689998,26.19644306,,,,,,
2930,FORT LAUDERDALE,BROWARD,,,,PUBLIC SCHOOL,,,,,,,,,"-80.13430704,26.20167737",-80.13430704,26.20167737,,,,,,
2932,FORT LAUDERDALE,BROWARD,,,,PUBLIC SCHOOL,,,,,,,,,"-80.13506715,26.16786030",-80.13506715,26.1678603,,,,,,
2933,FORT LAUDERDALE,BROWARD,,,,PUBLIC SCHOOL,,,,,,,,,"-80.14704752,26.15652575",-80.14704752,26.15652575,,,,,,
2934,FORT LAUDERDALE,BROWARD,,,,PUBLIC SCHOOL,,,,,,,,,"-80.27357263,26.05738283",-80.27357263,26.05738283,,,,,,
2935,FORT LAUDERDALE,BROWARD,,,,PUBLIC SCHOOL,,,,,,,,,"-80.18383566,26.17492040",-80.18383566,26.1749204,,,,,,
2936,FORT LAUDERDALE,BROWARD,,,,PUBLIC SCHOOL,,,,,,,,,"-80.22257458,26.10926527",-80.22257458,26.10926527,,,,,,
2937,FORT LAUDERDALE,BROWARD,,,,PUBLIC SCHOOL,,,,,,,,,"-80.28851332,26.13122871",-80.28851332,26.13122871,,,,,,
2940,FORT LAUDERDALE,BROWARD,,,,PUBLIC SCHOOL,,,,,,,,,"-80.17336793,26.14023914",-80.17336793,26.14023914,,,,,,
2941,FORT LAUDERDALE,BROWARD,,,,PUBLIC SCHOOL,,,,,,,,,"-80.29392356,26.17215991",-80.29392356,26.17215991,,,,,,
2942,FORT LAUDERDALE,BROWARD,,,,PUBLIC SCHOOL,,,,,,,,,"-80.12904929,26.19085638",-80.12904929,26.19085638,,,,,,
2943,FORT LAUDERDALE,BROWARD,,,,PUBLIC SCHOOL,,,,,,,,,"-80.15229490,26.17659196",-80.1522949,26.17659196,,,,,,
2944,FORT LAUDERDALE,BROWARD,,,,PUBLIC SCHOOL,,,,,,,,,"-80.27040163,26.15129155",-80.27040163,26.15129155,,,,,,
2945,FORT LAUDERDALE,BROWARD,,,,PUBLIC SCHOOL,,,,,,,,,"-80.41880472,26.12779228",-80.41880472,26.12779228,,,,,,
2947,FORT LAUDERDALE,BROWARD,,,,PUBLIC SCHOOL,,,,,,,,,"-80.15980529,26.13574998",-80.15980529,26.13574998,,,,,,
2948,FORT LAUDERDALE,BROWARD,,,,PUBLIC SCHOOL,,,,,,,,,"-80.20531629,26.13099260",-80.20531629,26.1309926,,,,,,
2949,FORT LAUDERDALE,BROWARD,,,,PUBLIC SCHOOL,,,,,,,,,"-80.27684862,26.19467813",-80.27684862,26.19467813,,,,,,
2950,FORT LAUDERDALE,BROWARD,,,,PUBLIC SCHOOL,,,,,,,,,"-80.39327339,26.10568906",-80.39327339,26.10568906,,,,,,
2951,FORT LAUDERDALE,BROWARD,,,,PUBLIC SCHOOL,,,,,,,,,"-80.39306556,26.11453308",-80.39306556,26.11453308,,,,,,
2952,FORT LAUDERDALE,BROWARD,,,,PUBLIC SCHOOL,,,,,,,,,"-80.23303197,26.07571267",-80.23303197,26.07571267,,,,,,
2953,PEMBROKE PINES,BROWARD,,,,PUBLIC SCHOOL,,,,,,,,,,,,,,,,,
2954,PEMBROKE PINES,BROWARD,,,,PUBLIC SCHOOL,,,,,,,,,"-80.26476563,26.02434209",-80.26476563,26.02434209,,,,,,
2955,PEMBROKE PINES,BROWARD,,,,PUBLIC SCHOOL,,,,,,,,,"-80.39930434,26.00638208",-80.39930434,26.00638208,,,,,,
2956,PEMBROKE PINES,BROWARD,,,,PUBLIC SCHOOL,,,,,,,,,"-80.25656424,26.27286968",-80.25656424,26.27286968,,,,,,
2958,PEMBROKE PINES,BROWARD,,,,PUBLIC SCHOOL,,,,,,,,,"-80.27610803,26.00973190",-80.27610803,26.0097319,,,,,,
2959,GREEN COVE SPRINGS,CLAY,,,,PUBLIC SCHOOL,,,,,,,,,"-81.69099915,29.99670745",-81.69099915,29.99670745,,,,,,
2960,GREEN COVE SPRINGS,CLAY,,,,PUBLIC SCHOOL,,,,,,,,,"-81.69021325,29.99020338",-81.69021325,29.99020338,,,,,,
2961,GREEN COVE SPRINGS,CLAY,,,,PUBLIC SCHOOL,,,,,,,,,"-81.68411947,29.99243803",-81.68411947,29.99243803,,,,,,
2962,GREEN COVE SPRINGS,CLAY,,,,PUBLIC SCHOOL,,,,,,,,,"-81.69786855,29.98887918",-81.69786855,29.98887918,,,,,,
2963,GREEN COVE SPRINGS,CLAY,,,,PUBLIC SCHOOL,,,,,,,,,"-81.71291661,29.98241383",-81.71291661,29.98241383,,,,,,
2964,GREEN COVE SPRINGS,CLAY,,,,PUBLIC SCHOOL,,,,,,,,,"-81.80737449,30.04468905",-81.80737449,30.04468905,,,,,,
2965,GREEN COVE SPRINGS,CLAY,,,,PUBLIC SCHOOL,,,,,,,,,"-81.69103618,29.99673901",-81.69103618,29.99673901,,,,,,
2966,GREEN COVE SPRINGS,CLAY,,,,PUBLIC SCHOOL,,,,,,,,,"-81.80370571,30.04430348",-81.80370571,30.04430348,,,,,,
2967,BLOUNTSTOWN,CALHOUN,,,,PUBLIC SCHOOL,,,,,,,,,"-85.04656345,30.44852098",-85.04656345,30.44852098,,,,,,
2968,BLOUNTSTOWN,CALHOUN,,,,PUBLIC SCHOOL,,,,,,,,,"-85.04084322,30.45556687",-85.04084322,30.45556687,,,,,,
2969,BLOUNTSTOWN,CALHOUN,,,,PUBLIC SCHOOL,,,,,,,,,"-85.04351876,30.46862483",-85.04351876,30.46862483,,,,,,
2970,BLOUNTSTOWN,CALHOUN,,,,PUBLIC SCHOOL,,,,,,,,,"-85.04883111,30.44956716",-85.04883111,30.44956716,,,,,,
2971,BLOUNTSTOWN,CALHOUN,,,,PUBLIC SCHOOL,,,,,,,,,"-85.04193932,30.44273833",-85.04193932,30.44273833,,,,,,
2972,PUNTA GORDA,CHARLOTTE,,,,PUBLIC SCHOOL,,,,,,,,,"-82.03426725,26.92889722",-82.03426725,26.92889722,,,,,,
2974,PUNTA GORDA,CHARLOTTE,,,,PUBLIC SCHOOL,,,,,,,,,,,,,,,,,
2975,PUNTA GORDA,CHARLOTTE,,,,PUBLIC SCHOOL,,,,,,,,,"-82.04335824,26.93386047",-82.04335824,26.93386047,,,,,,
2976,PUNTA GORDA,CHARLOTTE,,,,PUBLIC SCHOOL,,,,,,,,,"-82.04151485,26.92800525",-82.04151485,26.92800525,,,,,,
2977,PUNTA GORDA,CHARLOTTE,,,,PUBLIC SCHOOL,,,,,,,,,"-82.01066362,26.98563880",-82.01066362,26.9856388,,,,,,
2978,PUNTA GORDA,CHARLOTTE,,,,PUBLIC SCHOOL,,,,,,,,,"-81.69717972,26.93532811",-81.69717972,26.93532811,,,,,,
2979,PUNTA GORDA,CHARLOTTE,,,,PUBLIC SCHOOL,,,,,,,,,"-82.01854731,26.92454987",-82.01854731,26.92454987,,,,,,
2980,PUNTA GORDA,CHARLOTTE,,,,PUBLIC SCHOOL,,,,,,,,,"-82.03842772,26.92806891",-82.03842772,26.92806891,,,,,,
2981,PUNTA GORDA,CHARLOTTE,,,,PUBLIC SCHOOL,,,,,,,,,"-82.00408647,26.94074640",-82.00408647,26.9407464,,,,,,
2982,SAINT JOHNS,ST. JOHNS,,,,PUBLIC SCHOOL,,,,,,,,,"-81.58864961,30.08415826",-81.58864961,30.08415826,,,,,,
2983,SAINT JOHNS,ST. JOHNS,,,,PUBLIC SCHOOL,,,,,,,,,"-81.60994078,30.04494017",-81.60994078,30.04494017,,,,,,
2984,STARKE,CLAY,,,,PUBLIC SCHOOL,,,,,,,,,"-81.98508588,29.97848624",-81.98508588,29.97848624,,,,,,
2985,STARKE,CLAY,,,,PUBLIC SCHOOL,,,,,,,,,"-81.99510384,29.94644146",-81.99510384,29.94644146,,,,,,
2986,EAST PALATKA,PUTNAM,,,,PUBLIC SCHOOL,,,,,,,,,"-81.60148092,29.64877493",-81.60148092,29.64877493,,,,,,
2987,EAST PALATKA,PUTNAM,,,,PUBLIC SCHOOL,,,,,,,,,"-81.60244723,29.64883192",-81.60244723,29.64883192,,,,,,
2988,LIVE OAK,SUWANNEE,,,,PUBLIC SCHOOL,,,,,,,,,"-82.99122300,30.27803446",-82.991223,30.27803446,,,,,,
2989,LIVE OAK,SUWANNEE,,,,PUBLIC SCHOOL,,,,,,,,,"-82.99071970,30.30264911",-82.9907197,30.30264911,,,,,,
2990,LIVE OAK,SUWANNEE,,,,PUBLIC SCHOOL,,,,,,,,,"-82.99380969,30.28014649",-82.99380969,30.28014649,,,,,,
2991,LIVE OAK,SUWANNEE,,,,PUBLIC SCHOOL,,,,,,,,,"-82.99142122,30.28450320",-82.99142122,30.2845032,,,,,,
2992,LIVE OAK,SUWANNEE,,,,PUBLIC SCHOOL,,,,,,,,,"-82.99525199,30.28345612",-82.99525199,30.28345612,,,,,,
2994,LIVE OAK,SUWANNEE,,,,PUBLIC SCHOOL,,,,,,,,,"-83.01691547,30.41812308",-83.01691547,30.41812308,,,,,,
2995,LIVE OAK,SUWANNEE,,,,PUBLIC SCHOOL,,,,,,,,,"-82.99838028,30.27654003",-82.99838028,30.27654003,,,,,,
2996,PALATKA,,,,,PUBLIC SCHOOL,,,,,,,,,"-81.65273177,29.63960742",-81.65273177,29.63960742,,,,,,
2997,KENANSVILLE,,,,,PUBLIC SCHOOL,,,,,,,,,"-80.99751000,27.87594000",-80.99751,27.87594,,,,,,
2998,Eustis,,,,,PUBLIC SCHOOL,,,,,,,,,"-81.66651378,28.85951993",-81.66651378,28.85951993,,,,,,
2999,GAINESVILLE,ALACHUA,,,,PUBLIC SCHOOL,,,,,,,,,"-82.35155794,29.68778558",-82.35155794,29.68778558,,,,,,
3000,GAINESVILLE,ALACHUA,,,,PUBLIC SCHOOL,,,,,,,,,"-82.34179079,29.60269586",-82.34179079,29.60269586,,,,,,
3001,GAINESVILLE,ALACHUA,,,,PUBLIC SCHOOL,,,,,,,,,"-82.30836161,29.67330255",-82.30836161,29.67330255,,,,,,
3002,GAINESVILLE,ALACHUA,,,,PUBLIC SCHOOL,,,,,,,,,"-82.37053028,29.66494122",-82.37053028,29.66494122,,,,,,
3003,GAINESVILLE,ALACHUA,,,,PUBLIC SCHOOL,,,,,,,,,"-82.33526071,29.64037699",-82.33526071,29.64037699,,,,,,
3004,GAINESVILLE,ALACHUA,,,,PUBLIC SCHOOL,,,,,,,,,"-82.31914534,29.65270026",-82.31914534,29.65270026,,,,,,
3005,GAINESVILLE,ALACHUA,,,,PUBLIC SCHOOL,,,,,,,,,"-82.42029932,29.61133188",-82.42029932,29.61133188,,,,,,
3006,GAINESVILLE,ALACHUA,,,,PUBLIC SCHOOL,,,,,,,,,"-82.36486884,29.68239089",-82.36486884,29.68239089,,,,,,
3007,GAINESVILLE,ALACHUA,,,,PUBLIC SCHOOL,,,,,,,,,"-82.30661074,29.68990914",-82.30661074,29.68990914,,,,,,
3008,GAINESVILLE,ALACHUA,,,,PUBLIC SCHOOL,,,,,,,,,"-82.44085796,29.67177271",-82.44085796,29.67177271,,,,,,
3009,GAINESVILLE,ALACHUA,,,,PUBLIC SCHOOL,,,,,,,,,"-82.33780278,29.67285951",-82.33780278,29.67285951,,,,,,
3010,GAINESVILLE,ALACHUA,,,,PUBLIC SCHOOL,,,,,,,,,"-82.37371401,29.66030390",-82.37371401,29.6603039,,,,,,
3011,GAINESVILLE,ALACHUA,,,,PUBLIC SCHOOL,,,,,,,,,"-82.35453968,29.69649439",-82.35453968,29.69649439,,,,,,
3012,GAINESVILLE,ALACHUA,,,,PUBLIC SCHOOL,,,,,,,,,"-82.30897959,29.64172681",-82.30897959,29.64172681,,,,,,
3013,GAINESVILLE,ALACHUA,,,,PUBLIC SCHOOL,,,,,,,,,"-82.40632709,29.60719116",-82.40632709,29.60719116,,,,,,
3014,GAINESVILLE,ALACHUA,,,,PUBLIC SCHOOL,,,,,,,,,"-82.33535178,29.65806374",-82.33535178,29.65806374,,,,,,
3015,GAINESVILLE,ALACHUA,,,,PUBLIC SCHOOL,,,,,,,,,"-82.27172586,29.67873873",-82.27172586,29.67873873,,,,,,
3016,GAINESVILLE,ALACHUA,,,,PUBLIC SCHOOL,,,,,,,,,"-82.40811085,29.65523007",-82.40811085,29.65523007,,,,,,
3017,GAINESVILLE,ALACHUA,,,,PUBLIC SCHOOL,,,,,,,,,"-82.30108577,29.65027854",-82.30108577,29.65027854,,,,,,
3018,GAINESVILLE,ALACHUA,,,,PUBLIC SCHOOL,,,,,,,,,"-82.46213829,29.68780739",-82.46213829,29.68780739,,,,,,
3019,GAINESVILLE,ALACHUA,,,,PUBLIC SCHOOL,,,,,,,,,"-82.28700821,29.65556217",-82.28700821,29.65556217,,,,,,
3020,GAINESVILLE,ALACHUA,,,,PUBLIC SCHOOL,,,,,,,,,"-82.30681011,29.68424006",-82.30681011,29.68424006,,,,,,
3021,GAINESVILLE,ALACHUA,,,,PUBLIC SCHOOL,,,,,,,,,"-82.30714024,29.68583864",-82.30714024,29.68583864,,,,,,
3023,GAINESVILLE,ALACHUA,,,,PUBLIC SCHOOL,,,,,,,,,"-82.31294561,29.64865149",-82.31294561,29.64865149,,,,,,
3024,GAINESVILLE,ALACHUA,,,,PUBLIC SCHOOL,,,,,,,,,"-82.38727349,29.70801514",-82.38727349,29.70801514,,,,,,
3025,GAINESVILLE,ALACHUA,,,,PUBLIC SCHOOL,,,,,,,,,"-82.26865165,29.64017579",-82.26865165,29.64017579,,,,,,
3026,GAINESVILLE,ALACHUA,,,,PUBLIC SCHOOL,,,,,,,,,"-82.42106552,29.60634770",-82.42106552,29.6063477,,,,,,
3027,GAINESVILLE,ALACHUA,,,,PUBLIC SCHOOL,,,,,,,,,"-82.44457755,29.62808600",-82.44457755,29.628086,,,,,,
3028,GAINESVILLE,ALACHUA,,,,PUBLIC SCHOOL,,,,,,,,,"-82.31539235,29.63367529",-82.31539235,29.63367529,,,,,,
3029,GAINESVILLE,ALACHUA,,,,PUBLIC SCHOOL,,,,,,,,,"-82.32736992,29.66774218",-82.32736992,29.66774218,,,,,,
3030,GAINESVILLE,ALACHUA,,,,PUBLIC SCHOOL,,,,,,,,,"-82.33305961,29.68804699",-82.33305961,29.68804699,,,,,,
3031,GAINESVILLE,ALACHUA,,,,PUBLIC SCHOOL,,,,,,,,,"-82.34864494,29.65655491",-82.34864494,29.65655491,,,,,,
3032,GAINESVILLE,ALACHUA,,,,PUBLIC SCHOOL,,,,,,,,,"-82.31435307,29.66753000",-82.31435307,29.66753,,,,,,
3033,GAINESVILLE,ALACHUA,,,,PUBLIC SCHOOL,,,,,,,,,"-82.30834302,29.64537148",-82.30834302,29.64537148,,,,,,
3034,GAINESVILLE,ALACHUA,,,,PUBLIC SCHOOL,,,,,,,,,"-82.34059584,29.66940328",-82.34059584,29.66940328,,,,,,
3035,GAINESVILLE,ALACHUA,,,,PUBLIC SCHOOL,,,,,,,,,"-82.27142621,29.64769338",-82.27142621,29.64769338,,,,,,
3036,GAINESVILLE,ALACHUA,,,,PUBLIC SCHOOL,,,,,,,,,"-82.30847610,29.66887685",-82.3084761,29.66887685,,,,,,
3037,GAINESVILLE,ALACHUA,,,,PUBLIC SCHOOL,,,,,,,,,"-82.27254377,29.70434952",-82.27254377,29.70434952,,,,,,
3038,GAINESVILLE,ALACHUA,,,,PUBLIC SCHOOL,,,,,,,,,"-82.29750656,29.65975102",-82.29750656,29.65975102,,,,,,
3039,GAINESVILLE,ALACHUA,,,,PUBLIC SCHOOL,,,,,,,,,"-82.31352707,29.66914558",-82.31352707,29.66914558,,,,,,
3040,GAINESVILLE,ALACHUA,,,,PUBLIC SCHOOL,,,,,,,,,"-82.32699131,29.67346244",-82.32699131,29.67346244,,,,,,
3043,GAINESVILLE,ALACHUA,,,,PUBLIC SCHOOL,,,,,,,,,"-82.30247859,29.62144469",-82.30247859,29.62144469,,,,,,
3044,GAINESVILLE,ALACHUA,,,,PUBLIC SCHOOL,,,,,,,,,"-82.34855504,29.60948409",-82.34855504,29.60948409,,,,,,
3045,GAINESVILLE,ALACHUA,,,,PUBLIC SCHOOL,,,,,,,,,"-82.28861030,29.65989893",-82.2886103,29.65989893,,,,,,
3046,GAINESVILLE,ALACHUA,,,,PUBLIC SCHOOL,,,,,,,,,"-82.44179999,29.67329998",-82.44179999,29.67329998,,,,,,
3047,GAINESVILLE,ALACHUA,,,,PUBLIC SCHOOL,,,,,,,,,"-82.40200559,29.67857265",-82.40200559,29.67857265,,,,,,
3048,HIGH SPRINGS,ALACHUA,,,,PUBLIC SCHOOL,,,,,,,,,"-82.58980682,29.83417868",-82.58980682,29.83417868,,,,,,
3049,ARCHER,ALACHUA,,,,PUBLIC SCHOOL,,,,,,,,,"-82.52256505,29.52024366",-82.52256505,29.52024366,,,,,,
3050,NEWBERRY,ALACHUA,,,,PUBLIC SCHOOL,,,,,,,,,"-82.61562354,29.64254345",-82.61562354,29.64254345,,,,,,
3051,NEWBERRY,ALACHUA,,,,PUBLIC SCHOOL,,,,,,,,,"-82.60532282,29.64099683",-82.60532282,29.64099683,,,,,,
3052,NEWBERRY,ALACHUA,,,,PUBLIC SCHOOL,,,,,,,,,"-82.61374548,29.63763974",-82.61374548,29.63763974,,,,,,
3053,MICANOPY,ALACHUA,,,,PUBLIC SCHOOL,,,,,,,,,"-82.28988664,29.50482333",-82.28988664,29.50482333,,,,,,
3054,MICANOPY,ALACHUA,,,,PUBLIC SCHOOL,,,,,,,,,"-82.28662652,29.50911231",-82.28662652,29.50911231,,,,,,
3055,ALACHUA,ALACHUA,,,,PUBLIC SCHOOL,,,,,,,,,"-82.49320787,29.80529759",-82.49320787,29.80529759,,,,,,
3056,ALACHUA,ALACHUA,,,,PUBLIC SCHOOL,,,,,,,,,"-82.49235478,29.79460819",-82.49235478,29.79460819,,,,,,
3057,ALACHUA,ALACHUA,,,,PUBLIC SCHOOL,,,,,,,,,"-82.46461900,29.81374929",-82.464619,29.81374929,,,,,,
3058,ALACHUA,ALACHUA,,,,PUBLIC SCHOOL,,,,,,,,,"-82.49296611,29.77940250",-82.49296611,29.7794025,,,,,,
3059,ALACHUA,ALACHUA,,,,PUBLIC SCHOOL,,,,,,,,,"-82.52337908,29.80617396",-82.52337908,29.80617396,,,,,,
3060,WALDO,ALACHUA,,,,PUBLIC SCHOOL,,,,,,,,,"-82.16943532,29.79185590",-82.16943532,29.7918559,,,,,,
3061,HAWTHORNE,ALACHUA,,,,PUBLIC SCHOOL,,,,,,,,,"-82.09093815,29.59389998",-82.09093815,29.59389998,,,,,,
3062,HAWTHORNE,ALACHUA,,,,PUBLIC SCHOOL,,,,,,,,,"-82.09381100,29.58955700",-82.093811,29.589557,,,,,,
3063,MACCLENNY,BAKER,,,,PUBLIC SCHOOL,,,,,,,,,"-82.12759562,30.27757116",-82.12759562,30.27757116,,,,,,
3064,MACCLENNY,BAKER,,,,PUBLIC SCHOOL,,,,,,,,,"-82.11665096,30.27710741",-82.11665096,30.27710741,,,,,,
3065,MACCLENNY,BAKER,,,,PUBLIC SCHOOL,,,,,,,,,"-82.11620476,30.27715066",-82.11620476,30.27715066,,,,,,
3066,MACCLENNY,BAKER,,,,PUBLIC SCHOOL,,,,,,,,,"-82.11902509,30.27521619",-82.11902509,30.27521619,,,,,,
3067,MACCLENNY,BAKER,,,,PUBLIC SCHOOL,,,,,,,,,"-82.13118078,30.29797467",-82.13118078,30.29797467,,,,,,
3068,MACCLENNY,BAKER,,,,PUBLIC SCHOOL,,,,,,,,,"-82.12807192,30.27696454",-82.12807192,30.27696454,,,,,,
3069,GLEN SAINT MARY,BAKER,,,,PUBLIC SCHOOL,,,,,,,,,"-82.15459886,30.28217508",-82.15459886,30.28217508,,,,,,
3070,GLEN SAINT MARY,BAKER,,,,PUBLIC SCHOOL,,,,,,,,,"-82.15814123,30.28107891",-82.15814123,30.28107891,,,,,,
3071,PANAMA CITY,BAY,,,,PUBLIC SCHOOL,,,,,,,,,"-85.76423854,30.16999494",-85.76423854,30.16999494,,,,,,
3072,PANAMA CITY,BAY,,,,PUBLIC SCHOOL,,,,,,,,,"-85.65863889,30.17060537",-85.65863889,30.17060537,,,,,,
3073,PANAMA CITY,BAY,,,,PUBLIC SCHOOL,,,,,,,,,"-85.62165138,30.17410977",-85.62165138,30.17410977,,,,,,
3074,PANAMA CITY,BAY,,,,PUBLIC SCHOOL,,,,,,,,,"-85.64160002,30.28850001",-85.64160002,30.28850001,,,,,,
3075,PANAMA CITY,BAY,,,,PUBLIC SCHOOL,,,,,,,,,"-85.65464340,30.16733735",-85.6546434,30.16733735,,,,,,
3076,PANAMA CITY,BAY,,,,PUBLIC SCHOOL,,,,,,,,,"-85.70707485,30.18330423",-85.70707485,30.18330423,,,,,,
3077,PANAMA CITY,BAY,,,,PUBLIC SCHOOL,,,,,,,,,"-85.61507415,30.16668835",-85.61507415,30.16668835,,,,,,
3078,PANAMA CITY,BAY,,,,PUBLIC SCHOOL,,,,,,,,,"-85.64087594,30.16600510",-85.64087594,30.1660051,,,,,,
3079,PANAMA CITY,BAY,,,,PUBLIC SCHOOL,,,,,,,,,"-85.62664662,30.21320042",-85.62664662,30.21320042,,,,,,
3080,PANAMA CITY,BAY,,,,PUBLIC SCHOOL,,,,,,,,,"-85.64380000,30.21010000",-85.6438,30.2101,,,,,,
3081,PANAMA CITY,BAY,,,,PUBLIC SCHOOL,,,,,,,,,"-85.62561099,30.14988854",-85.62561099,30.14988854,,,,,,
3082,PANAMA CITY,BAY,,,,PUBLIC SCHOOL,,,,,,,,,"-85.67600423,30.17252814",-85.67600423,30.17252814,,,,,,
3083,PANAMA CITY,BAY,,,,PUBLIC SCHOOL,,,,,,,,,"-85.67230160,30.19164962",-85.6723016,30.19164962,,,,,,
3084,PANAMA CITY,BAY,,,,PUBLIC SCHOOL,,,,,,,,,"-85.60927037,30.08313269",-85.60927037,30.08313269,,,,,,
3085,PANAMA CITY,BAY,,,,PUBLIC SCHOOL,,,,,,,,,"-85.61547836,30.15739262",-85.61547836,30.15739262,,,,,,
3086,PANAMA CITY,BAY,,,,PUBLIC SCHOOL,,,,,,,,,"-85.66801154,30.16870809",-85.66801154,30.16870809,,,,,,
3087,PANAMA CITY,BAY,,,,PUBLIC SCHOOL,,,,,,,,,"-85.67476240,30.16964831",-85.6747624,30.16964831,,,,,,
3088,PANAMA CITY,BAY,,,,PUBLIC SCHOOL,,,,,,,,,"-85.56416447,30.24187111",-85.56416447,30.24187111,,,,,,
3090,PANAMA CITY,BAY,,,,PUBLIC SCHOOL,,,,,,,,,"-85.62865817,30.20292250",-85.62865817,30.2029225,,,,,,
3091,PANAMA CITY,BAY,,,,PUBLIC SCHOOL,,,,,,,,,"-85.65846128,30.16860792",-85.65846128,30.16860792,,,,,,
3092,PANAMA CITY,BAY,,,,PUBLIC SCHOOL,,,,,,,,,"-85.72339487,30.18987693",-85.72339487,30.18987693,,,,,,
3094,PANAMA CITY,BAY,,,,PUBLIC SCHOOL,,,,,,,,,"-85.67731989,30.18531084",-85.67731989,30.18531084,,,,,,
3095,PANAMA CITY,BAY,,,,PUBLIC SCHOOL,,,,,,,,,"-85.64553704,30.14676522",-85.64553704,30.14676522,,,,,,
3097,PANAMA CITY,BAY,,,,PUBLIC SCHOOL,,,,,,,,,"-85.68583265,30.39425316",-85.68583265,30.39425316,,,,,,
3098,PANAMA CITY,BAY,,,,PUBLIC SCHOOL,,,,,,,,,"-85.69129998,30.17059126",-85.69129998,30.17059126,,,,,,
3099,PANAMA CITY,BAY,,,,PUBLIC SCHOOL,,,,,,,,,"-85.70200001,30.17500001",-85.70200001,30.17500001,,,,,,
3100,PANAMA CITY,BAY,,,,PUBLIC SCHOOL,,,,,,,,,"-85.60064245,30.13561945",-85.60064245,30.13561945,,,,,,
3101,PANAMA CITY,BAY,,,,PUBLIC SCHOOL,,,,,,,,,"-85.69157543,30.17683444",-85.69157543,30.17683444,,,,,,
3102,PANAMA CITY,BAY,,,,PUBLIC SCHOOL,,,,,,,,,"-85.64657146,30.20343576",-85.64657146,30.20343576,,,,,,
3104,PANAMA CITY,BAY,,,,PUBLIC SCHOOL,,,,,,,,,"-85.63830043,30.16676006",-85.63830043,30.16676006,,,,,,
3105,PANAMA CITY,BAY,,,,PUBLIC SCHOOL,,,,,,,,,"-85.64520141,30.20720144",-85.64520141,30.20720144,,,,,,
3106,PANAMA CITY,BAY,,,,PUBLIC SCHOOL,,,,,,,,,"-85.56215632,30.24175637",-85.56215632,30.24175637,,,,,,
3108,PANAMA CITY,BAY,,,,PUBLIC SCHOOL,,,,,,,,,"-85.59207315,30.25769105",-85.59207315,30.25769105,,,,,,
3109,PANAMA CITY,BAY,,,,PUBLIC SCHOOL,,,,,,,,,"-85.66079998,30.15199998",-85.66079998,30.15199998,,,,,,
3110,PANAMA CITY,BAY,,,,PUBLIC SCHOOL,,,,,,,,,"-85.61557859,30.15915534",-85.61557859,30.15915534,,,,,,
3111,PANAMA CITY,BAY,,,,PUBLIC SCHOOL,,,,,,,,,"-85.56884970,30.15381906",-85.5688497,30.15381906,,,,,,
3112,PANAMA CITY BEACH,BAY,,,,PUBLIC SCHOOL,,,,,,,,,"-85.81280300,30.20467351",-85.812803,30.20467351,,,,,,
3113,PANAMA CITY BEACH,BAY,,,,PUBLIC SCHOOL,,,,,,,,,"-85.85178045,30.20881576",-85.85178045,30.20881576,,,,,,
3114,PANAMA CITY BEACH,BAY,,,,PUBLIC SCHOOL,,,,,,,,,"-85.83696274,30.19937834",-85.83696274,30.19937834,,,,,,
3115,PANAMA CITY BEACH,BAY,,,,PUBLIC SCHOOL,,,,,,,,,"-85.80767140,30.20272450",-85.8076714,30.2027245,,,,,,
3116,YOUNGSTOWN,BAY,,,,PUBLIC SCHOOL,,,,,,,,,"-85.44078377,30.36619817",-85.44078377,30.36619817,,,,,,
3117,LYNN HAVEN,BAY,,,,PUBLIC SCHOOL,,,,,,,,,"-85.65585123,30.22849619",-85.65585123,30.22849619,,,,,,
3118,LYNN HAVEN,BAY,,,,PUBLIC SCHOOL,,,,,,,,,"-85.65132439,30.24470066",-85.65132439,30.24470066,,,,,,
3119,STARKE,BRADFORD,,,,PUBLIC SCHOOL,,,,,,,,,"-82.11257823,29.95156680",-82.11257823,29.9515668,,,,,,
3121,STARKE,BRADFORD,,,,PUBLIC SCHOOL,,,,,,,,,"-82.11663543,29.95132933",-82.11663543,29.95132933,,,,,,
3122,STARKE,BRADFORD,,,,PUBLIC SCHOOL,,,,,,,,,"-82.10345937,29.93580343",-82.10345937,29.93580343,,,,,,
3123,STARKE,BRADFORD,,,,PUBLIC SCHOOL,,,,,,,,,"-82.11729602,29.95233899",-82.11729602,29.95233899,,,,,,
3125,STARKE,BRADFORD,,,,PUBLIC SCHOOL,,,,,,,,,"-82.12260431,29.95197670",-82.12260431,29.9519767,,,,,,
3126,STARKE,BRADFORD,,,,PUBLIC SCHOOL,,,,,,,,,"-82.11031343,29.94944613",-82.11031343,29.94944613,,,,,,
3127,LAWTEY,BRADFORD,,,,PUBLIC SCHOOL,,,,,,,,,"-82.07202541,30.04622147",-82.07202541,30.04622147,,,,,,
3128,BROOKER,BRADFORD,,,,PUBLIC SCHOOL,,,,,,,,,"-82.32925164,29.88948964",-82.32925164,29.88948964,,,,,,
3129,HAMPTON,BRADFORD,,,,PUBLIC SCHOOL,,,,,,,,,"-82.12852135,29.86930067",-82.12852135,29.86930067,,,,,,
3130,CAPE CANAVERAL,BREVARD,,,,PUBLIC SCHOOL,,,,,,,,,"-80.59929998,28.39260002",-80.59929998,28.39260002,,,,,,
3131,ROCKLEDGE,BREVARD,,,,PUBLIC SCHOOL,,,,,,,,,"-80.73277513,28.33130257",-80.73277513,28.33130257,,,,,,
3132,ROCKLEDGE,BREVARD,,,,PUBLIC SCHOOL,,,,,,,,,"-80.73284767,28.32683584",-80.73284767,28.32683584,,,,,,
3133,ROCKLEDGE,BREVARD,,,,PUBLIC SCHOOL,,,,,,,,,"-80.74183266,28.32520464",-80.74183266,28.32520464,,,,,,
3134,ROCKLEDGE,BREVARD,,,,PUBLIC SCHOOL,,,,,,,,,"-80.74459860,28.26311608",-80.7445986,28.26311608,,,,,,
3135,ROCKLEDGE,BREVARD,,,,PUBLIC SCHOOL,,,,,,,,,"-80.72020000,28.32190001",-80.7202,28.32190001,,,,,,
3136,ROCKLEDGE,BREVARD,,,,PUBLIC SCHOOL,,,,,,,,,"-80.72354022,28.34010741",-80.72354022,28.34010741,,,,,,
3137,ROCKLEDGE,BREVARD,,,,PUBLIC SCHOOL,,,,,,,,,"-80.71470001,28.27330002",-80.71470001,28.27330002,,,,,,
3138,ROCKLEDGE,BREVARD,,,,PUBLIC SCHOOL,,,,,,,,,"-80.74159999,28.33760000",-80.74159999,28.3376,,,,,,
3139,ROCKLEDGE,BREVARD,,,,PUBLIC SCHOOL,,,,,,,,,"-80.73761829,28.32896066",-80.73761829,28.32896066,,,,,,
3140,ROCKLEDGE,BREVARD,,,,PUBLIC SCHOOL,,,,,,,,,"-80.73800000,28.34840001",-80.738,28.34840001,,,,,,
3141,ROCKLEDGE,BREVARD,,,,PUBLIC SCHOOL,,,,,,,,,"-80.74412693,28.30921795",-80.74412693,28.30921795,,,,,,
3142,TITUSVILLE,BREVARD,,,,PUBLIC SCHOOL,,,,,,,,,"-80.85037960,28.62521284",-80.8503796,28.62521284,,,,,,
3143,TITUSVILLE,BREVARD,,,,PUBLIC SCHOOL,,,,,,,,,"-80.84355618,28.58069906",-80.84355618,28.58069906,,,,,,
3144,TITUSVILLE,BREVARD,,,,PUBLIC SCHOOL,,,,,,,,,"-80.81540000,28.53280000",-80.8154,28.5328,,,,,,
3145,TITUSVILLE,BREVARD,,,,PUBLIC SCHOOL,,,,,,,,,"-80.80564829,28.59231504",-80.80564829,28.59231504,,,,,,
3146,TITUSVILLE,BREVARD,,,,PUBLIC SCHOOL,,,,,,,,,"-80.81359999,28.58029999",-80.81359999,28.58029999,,,,,,
3147,TITUSVILLE,BREVARD,,,,PUBLIC SCHOOL,,,,,,,,,"-80.83618700,28.55077300",-80.836187,28.550773,,,,,,
3148,TITUSVILLE,BREVARD,,,,PUBLIC SCHOOL,,,,,,,,,"-80.81880001,28.56949999",-80.81880001,28.56949999,,,,,,
3149,TITUSVILLE,BREVARD,,,,PUBLIC SCHOOL,,,,,,,,,"-80.85120001,28.63630002",-80.85120001,28.63630002,,,,,,
3150,TITUSVILLE,BREVARD,,,,PUBLIC SCHOOL,,,,,,,,,"-80.79158408,28.54581365",-80.79158408,28.54581365,,,,,,
3151,TITUSVILLE,BREVARD,,,,PUBLIC SCHOOL,,,,,,,,,"-80.81230002,28.54210000",-80.81230002,28.5421,,,,,,
3152,TITUSVILLE,BREVARD,,,,PUBLIC SCHOOL,,,,,,,,,"-80.81119999,28.56510001",-80.81119999,28.56510001,,,,,,
3153,TITUSVILLE,BREVARD,,,,PUBLIC SCHOOL,,,,,,,,,"-80.82455862,28.60606204",-80.82455862,28.60606204,,,,,,
3155,TITUSVILLE,BREVARD,,,,PUBLIC SCHOOL,,,,,,,,,"-80.84939998,28.63650000",-80.84939998,28.6365,,,,,,
3156,COCOA,BREVARD,,,,PUBLIC SCHOOL,,,,,,,,,"-80.79560000,28.48760000",-80.7956,28.4876,,,,,,
3157,COCOA,BREVARD,,,,PUBLIC SCHOOL,,,,,,,,,"-80.75009999,28.38290001",-80.75009999,28.38290001,,,,,,
3158,COCOA,BREVARD,,,,PUBLIC SCHOOL,,,,,,,,,"-80.77079999,28.37040001",-80.77079999,28.37040001,,,,,,
3159,COCOA,BREVARD,,,,PUBLIC SCHOOL,,,,,,,,,"-80.78094200,28.48033700",-80.780942,28.480337,,,,,,
3160,COCOA,BREVARD,,,,PUBLIC SCHOOL,,,,,,,,,"-80.78442114,28.41795382",-80.78442114,28.41795382,,,,,,
3161,COCOA,BREVARD,,,,PUBLIC SCHOOL,,,,,,,,,"-80.75598517,28.37585397",-80.75598517,28.37585397,,,,,,
3162,COCOA,BREVARD,,,,PUBLIC SCHOOL,,,,,,,,,"-80.73907234,28.35111271",-80.73907234,28.35111271,,,,,,
3163,COCOA,BREVARD,,,,PUBLIC SCHOOL,,,,,,,,,"-80.74787466,28.36845005",-80.74787466,28.36845005,,,,,,
3164,COCOA,BREVARD,,,,PUBLIC SCHOOL,,,,,,,,,"-80.76906371,28.38310111",-80.76906371,28.38310111,,,,,,
3165,COCOA,BREVARD,,,,PUBLIC SCHOOL,,,,,,,,,"-80.82739998,28.47670001",-80.82739998,28.47670001,,,,,,
3166,COCOA,BREVARD,,,,PUBLIC SCHOOL,,,,,,,,,"-80.80020002,28.46630000",-80.80020002,28.4663,,,,,,
3167,COCOA,BREVARD,,,,PUBLIC SCHOOL,,,,,,,,,"-80.78434082,28.44927946",-80.78434082,28.44927946,,,,,,
3168,COCOA,BREVARD,,,,PUBLIC SCHOOL,,,,,,,,,"-80.76010002,28.43840001",-80.76010002,28.43840001,,,,,,
3171,COCOA,BREVARD,,,,PUBLIC SCHOOL,,,,,,,,,"-80.82544944,28.47976907",-80.82544944,28.47976907,,,,,,
3172,PALM BAY,BREVARD,,,,PUBLIC SCHOOL,,,,,,,,,"-80.63233609,27.94961498",-80.63233609,27.94961498,,,,,,
3173,PALM BAY,BREVARD,,,,PUBLIC SCHOOL,,,,,,,,,"-80.71909998,28.02910000",-80.71909998,28.0291,,,,,,
3174,PALM BAY,BREVARD,,,,PUBLIC SCHOOL,,,,,,,,,"-80.61102443,28.03390450",-80.61102443,28.0339045,,,,,,
3175,PALM BAY,BREVARD,,,,PUBLIC SCHOOL,,,,,,,,,"-80.69800002,27.98720002",-80.69800002,27.98720002,,,,,,
3176,PALM BAY,BREVARD,,,,PUBLIC SCHOOL,,,,,,,,,"-80.66060000,27.98850001",-80.6606,27.98850001,,,,,,
3177,PALM BAY,BREVARD,,,,PUBLIC SCHOOL,,,,,,,,,"-80.62319999,27.96920001",-80.62319999,27.96920001,,,,,,
3178,PALM BAY,BREVARD,,,,PUBLIC SCHOOL,,,,,,,,,"-80.62559876,27.90893705",-80.62559876,27.90893705,,,,,,
3179,PALM BAY,BREVARD,,,,PUBLIC SCHOOL,,,,,,,,,"-80.61430001,28.03449998",-80.61430001,28.03449998,,,,,,
3181,PALM BAY,BREVARD,,,,PUBLIC SCHOOL,,,,,,,,,"-80.74370948,28.00230463",-80.74370948,28.00230463,,,,,,
3182,PALM BAY,BREVARD,,,,PUBLIC SCHOOL,,,,,,,,,"-80.67471118,27.94379701",-80.67471118,27.94379701,,,,,,
3183,PALM BAY,BREVARD,,,,PUBLIC SCHOOL,,,,,,,,,"-80.63843876,27.96767585",-80.63843876,27.96767585,,,,,,
3184,PALM BAY,BREVARD,,,,PUBLIC SCHOOL,,,,,,,,,"-80.64364475,28.02936683",-80.64364475,28.02936683,,,,,,
3185,PALM BAY,BREVARD,,,,PUBLIC SCHOOL,,,,,,,,,"-80.65879999,28.02560001",-80.65879999,28.02560001,,,,,,
3186,PALM BAY,BREVARD,,,,PUBLIC SCHOOL,,,,,,,,,"-80.65786481,27.95395158",-80.65786481,27.95395158,,,,,,
3187,PALM BAY,BREVARD,,,,PUBLIC SCHOOL,,,,,,,,,"-80.66050000,27.99039999",-80.6605,27.99039999,,,,,,
3188,PALM BAY,BREVARD,,,,PUBLIC SCHOOL,,,,,,,,,"-80.61610000,28.03416258",-80.6161,28.03416258,,,,,,
3189,PALM BAY,BREVARD,,,,PUBLIC SCHOOL,,,,,,,,,"-80.67516597,27.95104839",-80.67516597,27.95104839,,,,,,
3190,PALM BAY,BREVARD,,,,PUBLIC SCHOOL,,,,,,,,,"-80.61979999,28.00390002",-80.61979999,28.00390002,,,,,,
3191,PALM BAY,BREVARD,,,,PUBLIC SCHOOL,,,,,,,,,"-80.62296887,27.99772507",-80.62296887,27.99772507,,,,,,
3192,PALM BAY,BREVARD,,,,PUBLIC SCHOOL,,,,,,,,,"-80.59109999,28.02860000",-80.59109999,28.0286,,,,,,
3193,PALM BAY,BREVARD,,,,PUBLIC SCHOOL,,,,,,,,,"-80.67429999,28.00930000",-80.67429999,28.0093,,,,,,
3194,SATELLITE BEACH,BREVARD,,,,PUBLIC SCHOOL,,,,,,,,,"-80.60242641,28.18617278",-80.60242641,28.18617278,,,,,,
3195,SATELLITE BEACH,BREVARD,,,,PUBLIC SCHOOL,,,,,,,,,"-80.59242877,28.14969983",-80.59242877,28.14969983,,,,,,
3196,SATELLITE BEACH,BREVARD,,,,PUBLIC SCHOOL,,,,,,,,,"-80.59695574,28.18391243",-80.59695574,28.18391243,,,,,,
3197,SATELLITE BEACH,BREVARD,,,,PUBLIC SCHOOL,,,,,,,,,"-80.60231582,28.17166940",-80.60231582,28.1716694,,,,,,
3198,SATELLITE BEACH,BREVARD,,,,PUBLIC SCHOOL,,,,,,,,,"-80.60420001,28.20289999",-80.60420001,28.20289999,,,,,,
3199,SATELLITE BEACH,BREVARD,,,,PUBLIC SCHOOL,,,,,,,,,"-80.59672745,28.18571994",-80.59672745,28.18571994,,,,,,
3200,MERRITT ISLAND,BREVARD,,,,PUBLIC SCHOOL,,,,,,,,,"-80.70280002,28.36169999",-80.70280002,28.36169999,,,,,,
3201,MERRITT ISLAND,BREVARD,,,,PUBLIC SCHOOL,,,,,,,,,"-80.67089998,28.39860001",-80.67089998,28.39860001,,,,,,
3202,MERRITT ISLAND,BREVARD,,,,PUBLIC SCHOOL,,,,,,,,,"-80.69489998,28.34160002",-80.69489998,28.34160002,,,,,,
3203,MERRITT ISLAND,BREVARD,,,,PUBLIC SCHOOL,,,,,,,,,"-80.68680001,28.33479999",-80.68680001,28.33479999,,,,,,
3204,MERRITT ISLAND,BREVARD,,,,PUBLIC SCHOOL,,,,,,,,,"-80.69930000,28.39439998",-80.6993,28.39439998,,,,,,
3205,MERRITT ISLAND,BREVARD,,,,PUBLIC SCHOOL,,,,,,,,,"-80.69959045,28.37705922",-80.69959045,28.37705922,,,,,,
3206,MERRITT ISLAND,BREVARD,,,,PUBLIC SCHOOL,,,,,,,,,"-80.69650000,28.36180001",-80.6965,28.36180001,,,,,,
3207,MERRITT ISLAND,BREVARD,,,,PUBLIC SCHOOL,,,,,,,,,"-80.66940000,28.37790000",-80.6694,28.3779,,,,,,
3208,COCOA BEACH,BREVARD,,,,PUBLIC SCHOOL,,,,,,,,,"-80.63058076,28.31772893",-80.63058076,28.31772893,,,,,,
3209,COCOA BEACH,BREVARD,,,,PUBLIC SCHOOL,,,,,,,,,"-80.62303951,28.36010552",-80.62303951,28.36010552,,,,,,
3210,COCOA BEACH,BREVARD,,,,PUBLIC SCHOOL,,,,,,,,,"-80.62726570,28.31756882",-80.6272657,28.31756882,,,,,,
3211,COCOA BEACH,BREVARD,,,,PUBLIC SCHOOL,,,,,,,,,"-80.61279998,28.31059998",-80.61279998,28.31059998,,,,,,
3212,MELBOURNE,BREVARD,,,,PUBLIC SCHOOL,,,,,,,,,"-80.73671313,28.24865322",-80.73671313,28.24865322,,,,,,
3213,MELBOURNE,BREVARD,,,,PUBLIC SCHOOL,,,,,,,,,"-80.60360000,28.06289999",-80.6036,28.06289999,,,,,,
3215,MELBOURNE,BREVARD,,,,PUBLIC SCHOOL,,,,,,,,,"-80.64159998,28.12110000",-80.64159998,28.1211,,,,,,
3216,MELBOURNE,BREVARD,,,,PUBLIC SCHOOL,,,,,,,,,"-80.66405579,28.11711534",-80.66405579,28.11711534,,,,,,
3217,MELBOURNE,BREVARD,,,,PUBLIC SCHOOL,,,,,,,,,"-80.62959999,28.06370001",-80.62959999,28.06370001,,,,,,
3218,MELBOURNE,BREVARD,,,,PUBLIC SCHOOL,,,,,,,,,"-80.61801136,28.04873360",-80.61801136,28.0487336,,,,,,
3219,MELBOURNE,BREVARD,,,,PUBLIC SCHOOL,,,,,,,,,"-80.62361096,28.08725761",-80.62361096,28.08725761,,,,,,
3220,MELBOURNE,BREVARD,,,,PUBLIC SCHOOL,,,,,,,,,"-80.67085604,28.14263250",-80.67085604,28.1426325,,,,,,
3221,MELBOURNE,BREVARD,,,,PUBLIC SCHOOL,,,,,,,,,"-80.66363798,28.06214525",-80.66363798,28.06214525,,,,,,
3222,MELBOURNE,BREVARD,,,,PUBLIC SCHOOL,,,,,,,,,"-80.67024815,28.07386260",-80.67024815,28.0738626,,,,,,
3223,MELBOURNE,BREVARD,,,,PUBLIC SCHOOL,,,,,,,,,"-80.66430005,28.17088890",-80.66430005,28.1708889,,,,,,
3224,MELBOURNE,BREVARD,,,,PUBLIC SCHOOL,,,,,,,,,"-80.65399999,28.14250000",-80.65399999,28.1425,,,,,,
3225,MELBOURNE,BREVARD,,,,PUBLIC SCHOOL,,,,,,,,,"-80.65419999,28.12990001",-80.65419999,28.12990001,,,,,,
3226,MELBOURNE,BREVARD,,,,PUBLIC SCHOOL,,,,,,,,,"-80.61994064,28.09023338",-80.61994064,28.09023338,,,,,,
3227,MELBOURNE,BREVARD,,,,PUBLIC SCHOOL,,,,,,,,,"-80.66901010,28.06201809",-80.6690101,28.06201809,,,,,,
3228,MELBOURNE,BREVARD,,,,PUBLIC SCHOOL,,,,,,,,,"-80.67369999,28.17850002",-80.67369999,28.17850002,,,,,,
3229,MELBOURNE,BREVARD,,,,PUBLIC SCHOOL,,,,,,,,,"-80.71370001,28.23169999",-80.71370001,28.23169999,,,,,,
3230,MELBOURNE,BREVARD,,,,PUBLIC SCHOOL,,,,,,,,,"-80.64760738,28.13046757",-80.64760738,28.13046757,,,,,,
3231,MELBOURNE,BREVARD,,,,PUBLIC SCHOOL,,,,,,,,,"-80.64542972,28.14116808",-80.64542972,28.14116808,,,,,,
3234,MELBOURNE,BREVARD,,,,PUBLIC SCHOOL,,,,,,,,,"-80.67214486,28.08596499",-80.67214486,28.08596499,,,,,,
3235,MELBOURNE,BREVARD,,,,PUBLIC SCHOOL,,,,,,,,,"-80.71239999,28.12129999",-80.71239999,28.12129999,,,,,,
3236,MELBOURNE,BREVARD,,,,PUBLIC SCHOOL,,,,,,,,,"-80.72391353,28.22136343",-80.72391353,28.22136343,,,,,,
3237,MELBOURNE,BREVARD,,,,PUBLIC SCHOOL,,,,,,,,,"-80.67099998,28.13060001",-80.67099998,28.13060001,,,,,,
3238,MELBOURNE,BREVARD,,,,PUBLIC SCHOOL,,,,,,,,,"-80.62681232,28.10780030",-80.62681232,28.1078003,,,,,,
3239,MELBOURNE,BREVARD,,,,PUBLIC SCHOOL,,,,,,,,,"-80.67950000,28.21430002",-80.6795,28.21430002,,,,,,
3240,MELBOURNE,BREVARD,,,,PUBLIC SCHOOL,,,,,,,,,"-80.73591380,28.25234965",-80.7359138,28.25234965,,,,,,
3241,MIMS,BREVARD,,,,PUBLIC SCHOOL,,,,,,,,,"-80.84695618,28.66816861",-80.84695618,28.66816861,,,,,,
3242,MIMS,BREVARD,,,,PUBLIC SCHOOL,,,,,,,,,"-80.85800001,28.70209999",-80.85800001,28.70209999,,,,,,
3243,MELBOURNE BEACH,BREVARD,,,,PUBLIC SCHOOL,,,,,,,,,"-80.55529998,28.05430000",-80.55529998,28.0543,,,,,,
3244,SCOTTSMOOR,BREVARD,,,,PUBLIC SCHOOL,,,,,,,,,"-80.86921507,28.77064042",-80.86921507,28.77064042,,,,,,
3245,VIERA,BREVARD,,,,PUBLIC SCHOOL,,,,,,,,,"-80.74514223,28.25783895",-80.74514223,28.25783895,,,,,,
3246,INDIALANTIC,BREVARD,,,,PUBLIC SCHOOL,,,,,,,,,"-80.57459998,28.10190000",-80.57459998,28.1019,,,,,,
3247,INDIALANTIC,BREVARD,,,,PUBLIC SCHOOL,,,,,,,,,"-80.57342843,28.10047515",-80.57342843,28.10047515,,,,,,
3248,WEST MELBOURNE,BREVARD,,,,PUBLIC SCHOOL,,,,,,,,,"-80.66737877,28.06186407",-80.66737877,28.06186407,,,,,,
3249,WEST MELBOURNE,BREVARD,,,,PUBLIC SCHOOL,,,,,,,,,"-80.65137850,28.04172974",-80.6513785,28.04172974,,,,,,
3250,PLANTATION,BROWARD,,,,PUBLIC SCHOOL,,,,,,,,,"-80.24150937,26.14639995",-80.24150937,26.14639995,,,,,,
3251,PLANTATION,BROWARD,,,,PUBLIC SCHOOL,,,,,,,,,"-80.20210669,26.11390454",-80.20210669,26.11390454,,,,,,
3252,PLANTATION,BROWARD,,,,PUBLIC SCHOOL,,,,,,,,,"-80.25620376,26.10453627",-80.25620376,26.10453627,,,,,,
3253,DANIA,BROWARD,,,,PUBLIC SCHOOL,,,,,,,,,"-80.15072416,26.05625775",-80.15072416,26.05625775,,,,,,
3254,DANIA,BROWARD,,,,PUBLIC SCHOOL,,,,,,,,,"-80.14221621,26.04671215",-80.14221621,26.04671215,,,,,,
3255,DANIA,BROWARD,,,,PUBLIC SCHOOL,,,,,,,,,"-80.13782881,26.03634909",-80.13782881,26.03634909,,,,,,
3256,HALLANDALE,BROWARD,,,,PUBLIC SCHOOL,,,,,,,,,"-80.15414504,25.99135587",-80.15414504,25.99135587,,,,,,
3257,HALLANDALE,BROWARD,,,,PUBLIC SCHOOL,,,,,,,,,"-80.16184045,25.99370763",-80.16184045,25.99370763,,,,,,
3258,HALLANDALE,BROWARD,,,,PUBLIC SCHOOL,,,,,,,,,"-80.15295296,25.98383271",-80.15295296,25.98383271,,,,,,
3260,HALLANDALE,BROWARD,,,,PUBLIC SCHOOL,,,,,,,,,"-80.16443724,25.99274477",-80.16443724,25.99274477,,,,,,
3261,HALLANDALE,BROWARD,,,,PUBLIC SCHOOL,,,,,,,,,"-80.16157444,25.97733887",-80.16157444,25.97733887,,,,,,
3262,HALLANDALE,BROWARD,,,,PUBLIC SCHOOL,,,,,,,,,"-80.16261672,25.98056615",-80.16261672,25.98056615,,,,,,
3264,COOPER CITY,BROWARD,,,,PUBLIC SCHOOL,,,,,,,,,"-80.27938892,26.03398343",-80.27938892,26.03398343,,,,,,
3265,COOPER CITY,BROWARD,,,,PUBLIC SCHOOL,,,,,,,,,"-80.31462516,26.03956593",-80.31462516,26.03956593,,,,,,
3266,MIRAMAR,BROWARD,,,,PUBLIC SCHOOL,,,,,,,,,"-80.36812805,25.97022326",-80.36812805,25.97022326,,,,,,
3267,MIRAMAR,BROWARD,,,,PUBLIC SCHOOL,,,,,,,,,"-80.24020090,25.98532676",-80.2402009,25.98532676,,,,,,
3268,MIRAMAR,BROWARD,,,,PUBLIC SCHOOL,,,,,,,,,"-80.34477350,25.96223357",-80.3447735,25.96223357,,,,,,
3269,MIRAMAR,BROWARD,,,,PUBLIC SCHOOL,,,,,,,,,"-80.32891888,25.98611593",-80.32891888,25.98611593,,,,,,
3270,MIRAMAR,BROWARD,,,,PUBLIC SCHOOL,,,,,,,,,"-80.24902064,25.97976631",-80.24902064,25.97976631,,,,,,
3271,FT LAUDERDALE,BROWARD,,,,PUBLIC SCHOOL,,,,,,,,,"-80.17919073,26.10600807",-80.17919073,26.10600807,,,,,,
3272,FT LAUDERDALE,BROWARD,,,,PUBLIC SCHOOL,,,,,,,,,"-80.19925608,26.04755553",-80.19925608,26.04755553,,,,,,
3273,FT LAUDERDALE,BROWARD,,,,PUBLIC SCHOOL,,,,,,,,,"-80.17183728,26.18704260",-80.17183728,26.1870426,,,,,,
3274,NORTH LAUDERDALE,BROWARD,,,,PUBLIC SCHOOL,,,,,,,,,"-80.20670735,26.20486462",-80.20670735,26.20486462,,,,,,
3275,LAUDERHILL,BROWARD,,,,PUBLIC SCHOOL,,,,,,,,,"-80.19585925,26.14456858",-80.19585925,26.14456858,,,,,,
3277,CORAL SPRINGS,BROWARD,,,,PUBLIC SCHOOL,,,,,,,,,"-80.20735975,26.27235745",-80.20735975,26.27235745,,,,,,
3278,CORAL SPRINGS,BROWARD,,,,PUBLIC SCHOOL,,,,,,,,,"-80.26797516,26.23221374",-80.26797516,26.23221374,,,,,,
3279,DEERFIELD BEACH,BROWARD,,,,PUBLIC SCHOOL,,,,,,,,,"-80.16070711,26.31621342",-80.16070711,26.31621342,,,,,,
3280,DEERFIELD BEACH,BROWARD,,,,PUBLIC SCHOOL,,,,,,,,,"-80.09471721,26.32000802",-80.09471721,26.32000802,,,,,,
3281,DEERFIELD BEACH,BROWARD,,,,PUBLIC SCHOOL,,,,,,,,,"-80.10670963,26.30959180",-80.10670963,26.3095918,,,,,,
3282,DEERFIELD BEACH,BROWARD,,,,PUBLIC SCHOOL,,,,,,,,,"-80.09786174,26.30990236",-80.09786174,26.30990236,,,,,,
3283,WILTON MANORS,BROWARD,,,,PUBLIC SCHOOL,,,,,,,,,"-80.14823989,26.16316086",-80.14823989,26.16316086,,,,,,
3285,LAUDERDALE LAKES,BROWARD,,,,PUBLIC SCHOOL,,,,,,,,,"-80.20151882,26.18444270",-80.20151882,26.1844427,,,,,,
3286,DAVIE,BROWARD,,,,PUBLIC SCHOOL,,,,,,,,,"-80.24820344,26.04061565",-80.24820344,26.04061565,,,,,,
3287,DAVIE,BROWARD,,,,PUBLIC SCHOOL,,,,,,,,,"-80.24684827,26.07949551",-80.24684827,26.07949551,,,,,,
3288,ALTHA,CALHOUN,,,,PUBLIC SCHOOL,,,,,,,,,"-85.18183594,30.44961658",-85.18183594,30.44961658,,,,,,
3289,ALTHA,CALHOUN,,,,PUBLIC SCHOOL,,,,,,,,,"-85.12661659,30.57298565",-85.12661659,30.57298565,,,,,,
3290,PORT CHARLOTTE,CHARLOTTE,,,,PUBLIC SCHOOL,,,,,,,,,"-82.08706804,27.00353845",-82.08706804,27.00353845,,,,,,
3291,PORT CHARLOTTE,CHARLOTTE,,,,PUBLIC SCHOOL,,,,,,,,,"-82.12506732,26.98596874",-82.12506732,26.98596874,,,,,,
3292,PORT CHARLOTTE,CHARLOTTE,,,,PUBLIC SCHOOL,,,,,,,,,"-82.07703649,26.96903731",-82.07703649,26.96903731,,,,,,
3293,PORT CHARLOTTE,CHARLOTTE,,,,PUBLIC SCHOOL,,,,,,,,,"-82.23523152,26.94122255",-82.23523152,26.94122255,,,,,,
3294,PORT CHARLOTTE,CHARLOTTE,,,,PUBLIC SCHOOL,,,,,,,,,"-82.06505885,27.01134612",-82.06505885,27.01134612,,,,,,
3295,PORT CHARLOTTE,CHARLOTTE,,,,PUBLIC SCHOOL,,,,,,,,,"-82.15071182,27.00492858",-82.15071182,27.00492858,,,,,,
3296,PORT CHARLOTTE,CHARLOTTE,,,,PUBLIC SCHOOL,,,,,,,,,"-82.07500088,26.96939127",-82.07500088,26.96939127,,,,,,
3297,PORT CHARLOTTE,CHARLOTTE,,,,PUBLIC SCHOOL,,,,,,,,,"-82.16236325,27.00269470",-82.16236325,27.0026947,,,,,,
3298,PORT CHARLOTTE,CHARLOTTE,,,,PUBLIC SCHOOL,,,,,,,,,"-82.14524446,27.00633973",-82.14524446,27.00633973,,,,,,
3299,PORT CHARLOTTE,CHARLOTTE,,,,PUBLIC SCHOOL,,,,,,,,,"-82.11210534,27.02198256",-82.11210534,27.02198256,,,,,,
3300,PORT CHARLOTTE,CHARLOTTE,,,,PUBLIC SCHOOL,,,,,,,,,"-82.07631363,27.00037219",-82.07631363,27.00037219,,,,,,
3301,PORT CHARLOTTE,CHARLOTTE,,,,PUBLIC SCHOOL,,,,,,,,,"-82.14623868,27.00552530",-82.14623868,27.0055253,,,,,,
3302,ENGLEWOOD,CHARLOTTE,,,,PUBLIC SCHOOL,,,,,,,,,"-82.28409815,26.91421836",-82.28409815,26.91421836,,,,,,
3303,ENGLEWOOD,CHARLOTTE,,,,PUBLIC SCHOOL,,,,,,,,,"-82.28698357,26.91355592",-82.28698357,26.91355592,,,,,,
3304,ENGLEWOOD,CHARLOTTE,,,,PUBLIC SCHOOL,,,,,,,,,"-82.33162279,26.92674388",-82.33162279,26.92674388,,,,,,
3305,CRYSTAL RIVER,CITRUS,,,,PUBLIC SCHOOL,,,,,,,,,"-82.57973460,28.90592252",-82.5797346,28.90592252,,,,,,
3306,CRYSTAL RIVER,CITRUS,,,,PUBLIC SCHOOL,,,,,,,,,"-82.64607257,28.90274994",-82.64607257,28.90274994,,,,,,
3307,CRYSTAL RIVER,CITRUS,,,,PUBLIC SCHOOL,,,,,,,,,"-82.57800649,28.90027720",-82.57800649,28.9002772,,,,,,
3308,CRYSTAL RIVER,CITRUS,,,,PUBLIC SCHOOL,,,,,,,,,"-82.58829050,28.90104598",-82.5882905,28.90104598,,,,,,
3309,INVERNESS,CITRUS,,,,PUBLIC SCHOOL,,,,,,,,,"-82.33728500,28.83421658",-82.337285,28.83421658,,,,,,
3310,INVERNESS,CITRUS,,,,PUBLIC SCHOOL,,,,,,,,,"-82.34151003,28.84627381",-82.34151003,28.84627381,,,,,,
3311,INVERNESS,CITRUS,,,,PUBLIC SCHOOL,,,,,,,,,"-82.34305923,28.83555431",-82.34305923,28.83555431,,,,,,
3312,INVERNESS,CITRUS,,,,PUBLIC SCHOOL,,,,,,,,,"-82.35180527,28.82404235",-82.35180527,28.82404235,,,,,,
3313,INVERNESS,CITRUS,,,,PUBLIC SCHOOL,,,,,,,,,"-82.33724728,28.83332221",-82.33724728,28.83332221,,,,,,
3314,INVERNESS,CITRUS,,,,PUBLIC SCHOOL,,,,,,,,,"-82.34592000,28.83519717",-82.34592,28.83519717,,,,,,
3315,HOMOSASSA,CITRUS,,,,PUBLIC SCHOOL,,,,,,,,,"-82.61495864,28.78251188",-82.61495864,28.78251188,,,,,,
3316,HOMOSASSA,CITRUS,,,,PUBLIC SCHOOL,,,,,,,,,"-82.53688278,28.84897863",-82.53688278,28.84897863,,,,,,
3317,LECANTO,CITRUS,,,,PUBLIC SCHOOL,,,,,,,,,"-82.49720779,28.81847324",-82.49720779,28.81847324,,,,,,
3318,LECANTO,CITRUS,,,,PUBLIC SCHOOL,,,,,,,,,"-82.49738935,28.82521291",-82.49738935,28.82521291,,,,,,
3319,LECANTO,CITRUS,,,,PUBLIC SCHOOL,,,,,,,,,"-82.48138166,28.84474023",-82.48138166,28.84474023,,,,,,
3320,LECANTO,CITRUS,,,,PUBLIC SCHOOL,,,,,,,,,"-82.49874308,28.82417131",-82.49874308,28.82417131,,,,,,
3321,LECANTO,CITRUS,,,,PUBLIC SCHOOL,,,,,,,,,"-82.49619527,28.82466575",-82.49619527,28.82466575,,,,,,
3322,LECANTO,CITRUS,,,,PUBLIC SCHOOL,,,,,,,,,"-82.49885038,28.82552683",-82.49885038,28.82552683,,,,,,
3323,FLORAL CITY,CITRUS,,,,PUBLIC SCHOOL,,,,,,,,,"-82.29395954,28.75179083",-82.29395954,28.75179083,,,,,,
3324,FLORAL CITY,CITRUS,,,,PUBLIC SCHOOL,,,,,,,,,"-82.32207365,28.74586965",-82.32207365,28.74586965,,,,,,
3325,DUNNELLON,CITRUS,,,,PUBLIC SCHOOL,,,,,,,,,"-82.49428147,28.98079228",-82.49428147,28.98079228,,,,,,
3326,DUNNELLON,CITRUS,,,,PUBLIC SCHOOL,,,,,,,,,"-82.43338888,28.97381486",-82.43338888,28.97381486,,,,,,
3327,DUNNELLON,CITRUS,,,,PUBLIC SCHOOL,,,,,,,,,"-82.43824859,28.97385179",-82.43824859,28.97385179,,,,,,
3328,HERNANDO,CITRUS,,,,PUBLIC SCHOOL,,,,,,,,,"-82.44447523,28.90495401",-82.44447523,28.90495401,,,,,,
3329,HERNANDO,CITRUS,,,,PUBLIC SCHOOL,,,,,,,,,"-82.38440307,28.89658914",-82.38440307,28.89658914,,,,,,
3330,ORANGE PARK,CLAY,,,,PUBLIC SCHOOL,,,,,,,,,"-81.74632558,30.15060164",-81.74632558,30.15060164,,,,,,
3331,ORANGE PARK,CLAY,,,,PUBLIC SCHOOL,,,,,,,,,"-81.70543803,30.16473846",-81.70543803,30.16473846,,,,,,
3332,ORANGE PARK,CLAY,,,,PUBLIC SCHOOL,,,,,,,,,"-81.74840349,30.17780462",-81.74840349,30.17780462,,,,,,
3333,ORANGE PARK,CLAY,,,,PUBLIC SCHOOL,,,,,,,,,"-81.70427527,30.17264665",-81.70427527,30.17264665,,,,,,
3334,ORANGE PARK,CLAY,,,,PUBLIC SCHOOL,,,,,,,,,"-81.69967961,30.10012013",-81.69967961,30.10012013,,,,,,
3335,ORANGE PARK,CLAY,,,,PUBLIC SCHOOL,,,,,,,,,"-81.74413878,30.16343772",-81.74413878,30.16343772,,,,,,
3336,ORANGE PARK,CLAY,,,,PUBLIC SCHOOL,,,,,,,,,"-81.78696119,30.13438086",-81.78696119,30.13438086,,,,,,
3337,ORANGE PARK,CLAY,,,,PUBLIC SCHOOL,,,,,,,,,"-81.71275535,30.16952507",-81.71275535,30.16952507,,,,,,
3338,ORANGE PARK,CLAY,,,,PUBLIC SCHOOL,,,,,,,,,"-81.72247722,30.16380453",-81.72247722,30.16380453,,,,,,
3339,ORANGE PARK,CLAY,,,,PUBLIC SCHOOL,,,,,,,,,"-81.74313352,30.16326214",-81.74313352,30.16326214,,,,,,
3340,ORANGE PARK,CLAY,,,,PUBLIC SCHOOL,,,,,,,,,"-81.72766620,30.16803589",-81.7276662,30.16803589,,,,,,
3341,ORANGE PARK,CLAY,,,,PUBLIC SCHOOL,,,,,,,,,"-81.78792610,30.17643894",-81.7879261,30.17643894,,,,,,
3342,ORANGE PARK,CLAY,,,,PUBLIC SCHOOL,,,,,,,,,"-81.71166776,30.08713372",-81.71166776,30.08713372,,,,,,
3343,ORANGE PARK,CLAY,,,,PUBLIC SCHOOL,,,,,,,,,"-81.72094428,30.08407898",-81.72094428,30.08407898,,,,,,
3344,ORANGE PARK,CLAY,,,,PUBLIC SCHOOL,,,,,,,,,"-81.72619998,30.11410001",-81.72619998,30.11410001,,,,,,
3345,ORANGE PARK,CLAY,,,,PUBLIC SCHOOL,,,,,,,,,"-81.79357084,30.13283776",-81.79357084,30.13283776,,,,,,
3346,ORANGE PARK,CLAY,,,,PUBLIC SCHOOL,,,,,,,,,"-81.82035422,30.17954868",-81.82035422,30.17954868,,,,,,
3347,ORANGE PARK,CLAY,,,,PUBLIC SCHOOL,,,,,,,,,"-81.74450002,30.15010000",-81.74450002,30.1501,,,,,,
3349,ORANGE PARK,CLAY,,,,PUBLIC SCHOOL,,,,,,,,,"-81.73493472,30.17387842",-81.73493472,30.17387842,,,,,,
3350,ORANGE PARK,CLAY,,,,PUBLIC SCHOOL,,,,,,,,,"-81.72550785,30.15850669",-81.72550785,30.15850669,,,,,,
3351,KEYSTONE HEIGHTS,CLAY,,,,PUBLIC SCHOOL,,,,,,,,,"-82.03739944,29.77920376",-82.03739944,29.77920376,,,,,,
3352,KEYSTONE HEIGHTS,CLAY,,,,PUBLIC SCHOOL,,,,,,,,,"-81.92324745,29.81798927",-81.92324745,29.81798927,,,,,,
3353,KEYSTONE HEIGHTS,CLAY,,,,PUBLIC SCHOOL,,,,,,,,,"-82.04217330,29.77939580",-82.0421733,29.7793958,,,,,,
3354,JACKSONVILLE,CLAY,,,,PUBLIC SCHOOL,,,,,,,,,"-82.00775760,30.14468602",-82.0077576,30.14468602,,,,,,
3355,NAPLES,COLLIER,,,,PUBLIC SCHOOL,,,,,,,,,"-81.75831772,26.22071493",-81.75831772,26.22071493,,,,,,
3356,NAPLES,COLLIER,,,,PUBLIC SCHOOL,,,,,,,,,"-81.76356775,26.14110464",-81.76356775,26.14110464,,,,,,
3357,NAPLES,COLLIER,,,,PUBLIC SCHOOL,,,,,,,,,"-81.76624158,26.30134903",-81.76624158,26.30134903,,,,,,
3358,NAPLES,COLLIER,,,,PUBLIC SCHOOL,,,,,,,,,"-81.76738961,26.25741608",-81.76738961,26.25741608,,,,,,
3359,NAPLES,COLLIER,,,,PUBLIC SCHOOL,,,,,,,,,"-81.57760677,26.29581676",-81.57760677,26.29581676,,,,,,
3360,NAPLES,COLLIER,,,,PUBLIC SCHOOL,,,,,,,,,"-81.75870000,26.14130002",-81.7587,26.14130002,,,,,,
3361,NAPLES,COLLIER,,,,PUBLIC SCHOOL,,,,,,,,,"-81.67920001,26.04579999",-81.67920001,26.04579999,,,,,,
3362,NAPLES,COLLIER,,,,PUBLIC SCHOOL,,,,,,,,,"-81.69071323,26.10536349",-81.69071323,26.10536349,,,,,,
3363,NAPLES,COLLIER,,,,PUBLIC SCHOOL,,,,,,,,,"-81.76143105,26.21655295",-81.76143105,26.21655295,,,,,,
3364,NAPLES,COLLIER,,,,PUBLIC SCHOOL,,,,,,,,,"-81.52590074,26.26530514",-81.52590074,26.26530514,,,,,,
3365,NAPLES,COLLIER,,,,PUBLIC SCHOOL,,,,,,,,,"-81.71764316,26.08799936",-81.71764316,26.08799936,,,,,,
3366,NAPLES,COLLIER,,,,PUBLIC SCHOOL,,,,,,,,,"-81.76504557,26.13964979",-81.76504557,26.13964979,,,,,,
3368,NAPLES,COLLIER,,,,PUBLIC SCHOOL,,,,,,,,,"-81.81099998,26.27439999",-81.81099998,26.27439999,,,,,,
3369,NAPLES,COLLIER,,,,PUBLIC SCHOOL,,,,,,,,,"-81.76956214,26.13367994",-81.76956214,26.13367994,,,,,,
3370,NAPLES,COLLIER,,,,PUBLIC SCHOOL,,,,,,,,,"-81.78750000,26.21440000",-81.7875,26.2144,,,,,,
3371,NAPLES,COLLIER,,,,PUBLIC SCHOOL,,,,,,,,,"-81.76530731,26.10830483",-81.76530731,26.10830483,,,,,,
3372,NAPLES,COLLIER,,,,PUBLIC SCHOOL,,,,,,,,,"-81.79281949,26.16553754",-81.79281949,26.16553754,,,,,,
3373,NAPLES,COLLIER,,,,PUBLIC SCHOOL,,,,,,,,,"-81.76779429,26.29546769",-81.76779429,26.29546769,,,,,,
3374,NAPLES,COLLIER,,,,PUBLIC SCHOOL,,,,,,,,,"-81.79866192,26.14479654",-81.79866192,26.14479654,,,,,,
3376,NAPLES,COLLIER,,,,PUBLIC SCHOOL,,,,,,,,,"-81.70739488,26.27119304",-81.70739488,26.27119304,,,,,,
3377,NAPLES,COLLIER,,,,PUBLIC SCHOOL,,,,,,,,,"-81.79449924,26.17247574",-81.79449924,26.17247574,,,,,,
3378,NAPLES,COLLIER,,,,PUBLIC SCHOOL,,,,,,,,,"-81.54693769,26.21009995",-81.54693769,26.21009995,,,,,,
3379,NAPLES,COLLIER,,,,PUBLIC SCHOOL,,,,,,,,,"-81.69809998,26.17840000",-81.69809998,26.1784,,,,,,
3380,NAPLES,COLLIER,,,,PUBLIC SCHOOL,,,,,,,,,"-81.75809344,26.21812357",-81.75809344,26.21812357,,,,,,
3381,NAPLES,COLLIER,,,,PUBLIC SCHOOL,,,,,,,,,"-81.70105205,26.16717316",-81.70105205,26.16717316,,,,,,
3382,NAPLES,COLLIER,,,,PUBLIC SCHOOL,,,,,,,,,"-81.67720717,26.04619480",-81.67720717,26.0461948,,,,,,
3383,NAPLES,COLLIER,,,,PUBLIC SCHOOL,,,,,,,,,"-81.67219346,26.22790453",-81.67219346,26.22790453,,,,,,
3384,NAPLES,COLLIER,,,,PUBLIC SCHOOL,,,,,,,,,"-81.73349999,26.24230000",-81.73349999,26.2423,,,,,,
3385,NAPLES,COLLIER,,,,PUBLIC SCHOOL,,,,,,,,,"-81.76527682,26.15461188",-81.76527682,26.15461188,,,,,,
3386,NAPLES,COLLIER,,,,PUBLIC SCHOOL,,,,,,,,,"-81.76384902,26.12915570",-81.76384902,26.1291557,,,,,,
3387,NAPLES,COLLIER,,,,PUBLIC SCHOOL,,,,,,,,,"-81.54834903,26.34058642",-81.54834903,26.34058642,,,,,,
3388,NAPLES,COLLIER,,,,PUBLIC SCHOOL,,,,,,,,,"-81.69081305,26.26508882",-81.69081305,26.26508882,,,,,,
3389,NAPLES,COLLIER,,,,PUBLIC SCHOOL,,,,,,,,,"-81.76953776,26.18090150",-81.76953776,26.1809015,,,,,,
3391,NAPLES,COLLIER,,,,PUBLIC SCHOOL,,,,,,,,,"-81.80500001,26.21030000",-81.80500001,26.2103,,,,,,
3392,NAPLES,COLLIER,,,,PUBLIC SCHOOL,,,,,,,,,"-81.52373988,26.26519514",-81.52373988,26.26519514,,,,,,
3394,NAPLES,COLLIER,,,,PUBLIC SCHOOL,,,,,,,,,"-81.71513070,26.14510025",-81.7151307,26.14510025,,,,,,
3395,NAPLES,COLLIER,,,,PUBLIC SCHOOL,,,,,,,,,"-81.58758217,26.29442194",-81.58758217,26.29442194,,,,,,
3396,NAPLES,COLLIER,,,,PUBLIC SCHOOL,,,,,,,,,"-81.70550000,26.19139999",-81.7055,26.19139999,,,,,,
3397,NAPLES,COLLIER,,,,PUBLIC SCHOOL,,,,,,,,,"-81.69392713,26.16878756",-81.69392713,26.16878756,,,,,,
3398,NAPLES,COLLIER,,,,PUBLIC SCHOOL,,,,,,,,,"-81.70587715,26.17794422",-81.70587715,26.17794422,,,,,,
3401,NAPLES,COLLIER,,,,PUBLIC SCHOOL,,,,,,,,,"-81.77079516,26.24186700",-81.77079516,26.241867,,,,,,
3402,NAPLES,COLLIER,,,,PUBLIC SCHOOL,,,,,,,,,"-81.58567419,26.29440717",-81.58567419,26.29440717,,,,,,
3403,NAPLES,COLLIER,,,,PUBLIC SCHOOL,,,,,,,,,"-81.71718476,26.08260481",-81.71718476,26.08260481,,,,,,
3404,NAPLES,COLLIER,,,,PUBLIC SCHOOL,,,,,,,,,"-81.71019566,26.26982988",-81.71019566,26.26982988,,,,,,
3405,IMMOKALEE,COLLIER,,,,PUBLIC SCHOOL,,,,,,,,,"-81.39541348,26.40365601",-81.39541348,26.40365601,,,,,,
3406,IMMOKALEE,COLLIER,,,,PUBLIC SCHOOL,,,,,,,,,"-81.42514871,26.42654105",-81.42514871,26.42654105,,,,,,
3407,IMMOKALEE,COLLIER,,,,PUBLIC SCHOOL,,,,,,,,,"-81.42087167,26.40825016",-81.42087167,26.40825016,,,,,,
3408,IMMOKALEE,COLLIER,,,,PUBLIC SCHOOL,,,,,,,,,"-81.42660000,26.42480000",-81.4266,26.4248,,,,,,
3410,IMMOKALEE,COLLIER,,,,PUBLIC SCHOOL,,,,,,,,,"-81.43292250,26.43202108",-81.4329225,26.43202108,,,,,,
3411,IMMOKALEE,COLLIER,,,,PUBLIC SCHOOL,,,,,,,,,"-81.42882701,26.43241404",-81.42882701,26.43241404,,,,,,
3412,IMMOKALEE,COLLIER,,,,PUBLIC SCHOOL,,,,,,,,,"-81.45993319,26.43453555",-81.45993319,26.43453555,,,,,,
3413,IMMOKALEE,COLLIER,,,,PUBLIC SCHOOL,,,,,,,,,"-81.42375419,26.42440930",-81.42375419,26.4244093,,,,,,
3414,IMMOKALEE,COLLIER,,,,PUBLIC SCHOOL,,,,,,,,,"-81.42684673,26.41412701",-81.42684673,26.41412701,,,,,,
3415,IMMOKALEE,COLLIER,,,,PUBLIC SCHOOL,,,,,,,,,"-81.45912338,26.44178753",-81.45912338,26.44178753,,,,,,
3416,IMMOKALEE,COLLIER,,,,PUBLIC SCHOOL,,,,,,,,,"-81.42093573,26.42000345",-81.42093573,26.42000345,,,,,,
3418,MARCO ISLAND,COLLIER,,,,PUBLIC SCHOOL,,,,,,,,,"-81.71035414,25.94094436",-81.71035414,25.94094436,,,,,,
3419,MARCO ISLAND,COLLIER,,,,PUBLIC SCHOOL,,,,,,,,,"-81.71082664,25.92449532",-81.71082664,25.92449532,,,,,,
3420,MARCO ISLAND,COLLIER,,,,PUBLIC SCHOOL,,,,,,,,,"-81.71065116,25.93944442",-81.71065116,25.93944442,,,,,,
3421,OCHOPEE,COLLIER,,,,PUBLIC SCHOOL,,,,,,,,,"-81.38638125,25.86378939",-81.38638125,25.86378939,,,,,,
3422,OCHOPEE,COLLIER,,,,PUBLIC SCHOOL,,,,,,,,,"-81.26464577,25.94024518",-81.26464577,25.94024518,,,,,,
3423,LAKE CITY,COLUMBIA,,,,PUBLIC SCHOOL,,,,,,,,,"-82.69876543,30.15329794",-82.69876543,30.15329794,,,,,,
3424,LAKE CITY,COLUMBIA,,,,PUBLIC SCHOOL,,,,,,,,,"-82.64945081,30.17002451",-82.64945081,30.17002451,,,,,,
3425,LAKE CITY,COLUMBIA,,,,PUBLIC SCHOOL,,,,,,,,,"-82.63566803,30.14791955",-82.63566803,30.14791955,,,,,,
3426,LAKE CITY,COLUMBIA,,,,PUBLIC SCHOOL,,,,,,,,,"-82.64297758,30.18841722",-82.64297758,30.18841722,,,,,,
3427,LAKE CITY,COLUMBIA,,,,PUBLIC SCHOOL,,,,,,,,,"-82.73826131,30.17543310",-82.73826131,30.1754331,,,,,,
3428,LAKE CITY,COLUMBIA,,,,PUBLIC SCHOOL,,,,,,,,,"-82.64183020,30.21743456",-82.6418302,30.21743456,,,,,,
3429,LAKE CITY,COLUMBIA,,,,PUBLIC SCHOOL,,,,,,,,,"-82.62879105,30.20061526",-82.62879105,30.20061526,,,,,,
3430,LAKE CITY,COLUMBIA,,,,PUBLIC SCHOOL,,,,,,,,,"-82.62814461,30.18119978",-82.62814461,30.18119978,,,,,,
3431,LAKE CITY,COLUMBIA,,,,PUBLIC SCHOOL,,,,,,,,,"-82.75120252,30.19429113",-82.75120252,30.19429113,,,,,,
3432,LAKE CITY,COLUMBIA,,,,PUBLIC SCHOOL,,,,,,,,,"-82.65653550,30.19474868",-82.6565355,30.19474868,,,,,,
3433,LAKE CITY,COLUMBIA,,,,PUBLIC SCHOOL,,,,,,,,,"-82.64163056,30.18895294",-82.64163056,30.18895294,,,,,,
3434,LAKE CITY,COLUMBIA,,,,PUBLIC SCHOOL,,,,,,,,,"-82.60601108,30.18479229",-82.60601108,30.18479229,,,,,,
3436,LAKE CITY,COLUMBIA,,,,PUBLIC SCHOOL,,,,,,,,,"-82.64210046,30.18841535",-82.64210046,30.18841535,,,,,,
3437,LAKE CITY,COLUMBIA,,,,PUBLIC SCHOOL,,,,,,,,,"-82.65443890,30.17846185",-82.6544389,30.17846185,,,,,,
3438,LAKE CITY,COLUMBIA,,,,PUBLIC SCHOOL,,,,,,,,,"-82.62534711,30.18512548",-82.62534711,30.18512548,,,,,,
3439,LAKE CITY,COLUMBIA,,,,PUBLIC SCHOOL,,,,,,,,,"-82.68001163,30.07328208",-82.68001163,30.07328208,,,,,,
3440,LAKE CITY,COLUMBIA,,,,PUBLIC SCHOOL,,,,,,,,,"-82.69580487,30.07967249",-82.69580487,30.07967249,,,,,,
3441,FORT WHITE,COLUMBIA,,,,PUBLIC SCHOOL,,,,,,,,,"-82.71143147,29.93031183",-82.71143147,29.93031183,,,,,,
3442,FORT WHITE,COLUMBIA,,,,PUBLIC SCHOOL,,,,,,,,,"-82.71304108,29.92679971",-82.71304108,29.92679971,,,,,,
3443,ARCADIA,DESOTO,,,,PUBLIC SCHOOL,,,,,,,,,"-81.88309998,27.15310002",-81.88309998,27.15310002,,,,,,
3444,ARCADIA,DESOTO,,,,PUBLIC SCHOOL,,,,,,,,,"-81.86372189,27.22254380",-81.86372189,27.2225438,,,,,,
3445,ARCADIA,DESOTO,,,,PUBLIC SCHOOL,,,,,,,,,"-81.86276819,27.22042984",-81.86276819,27.22042984,,,,,,
3446,ARCADIA,DESOTO,,,,PUBLIC SCHOOL,,,,,,,,,"-81.86859569,27.22500756",-81.86859569,27.22500756,,,,,,
3447,ARCADIA,DESOTO,,,,PUBLIC SCHOOL,,,,,,,,,"-81.86312015,27.22102310",-81.86312015,27.2210231,,,,,,
3448,ARCADIA,DESOTO,,,,PUBLIC SCHOOL,,,,,,,,,"-81.85061141,27.22304843",-81.85061141,27.22304843,,,,,,
3449,ARCADIA,DESOTO,,,,PUBLIC SCHOOL,,,,,,,,,"-81.84848154,27.21601953",-81.84848154,27.21601953,,,,,,
3450,ARCADIA,DESOTO,,,,PUBLIC SCHOOL,,,,,,,,,"-81.83919998,27.22260001",-81.83919998,27.22260001,,,,,,
3452,ARCADIA,DESOTO,,,,PUBLIC SCHOOL,,,,,,,,,"-81.84894570,27.22189059",-81.8489457,27.22189059,,,,,,
3453,ARCADIA,DESOTO,,,,PUBLIC SCHOOL,,,,,,,,,"-81.98893037,27.11136818",-81.98893037,27.11136818,,,,,,
3454,ARCADIA,DESOTO,,,,PUBLIC SCHOOL,,,,,,,,,"-81.85156591,27.21499048",-81.85156591,27.21499048,,,,,,
3455,OLD TOWN,DIXIE,,,,PUBLIC SCHOOL,,,,,,,,,"-82.97805228,29.59198953",-82.97805228,29.59198953,,,,,,
3456,CROSS CITY,DIXIE,,,,PUBLIC SCHOOL,,,,,,,,,"-83.13279063,29.63760373",-83.13279063,29.63760373,,,,,,
3458,CROSS CITY,DIXIE,,,,PUBLIC SCHOOL,,,,,,,,,"-83.12999578,29.62169368",-83.12999578,29.62169368,,,,,,
3459,CROSS CITY,DIXIE,,,,PUBLIC SCHOOL,,,,,,,,,"-83.13031431,29.62419001",-83.13031431,29.62419001,,,,,,
3460,CROSS CITY,DIXIE,,,,PUBLIC SCHOOL,,,,,,,,,"-83.12366648,29.63949742",-83.12366648,29.63949742,,,,,,
3462,NEPTUNE BEACH,DUVAL,,,,PUBLIC SCHOOL,,,,,,,,,"-81.41354232,30.31645293",-81.41354232,30.31645293,,,,,,
3463,NEPTUNE BEACH,DUVAL,,,,PUBLIC SCHOOL,,,,,,,,,"-81.40132024,30.30864237",-81.40132024,30.30864237,,,,,,
3464,JACKSONVILLE BEACH,DUVAL,,,,PUBLIC SCHOOL,,,,,,,,,"-81.39657964,30.30661656",-81.39657964,30.30661656,,,,,,
3465,JACKSONVILLE BEACH,DUVAL,,,,PUBLIC SCHOOL,,,,,,,,,"-81.40010959,30.27052914",-81.40010959,30.27052914,,,,,,
3466,JACKSONVILLE BEACH,DUVAL,,,,PUBLIC SCHOOL,,,,,,,,,"-81.40083217,30.30580697",-81.40083217,30.30580697,,,,,,
3467,JACKSONVILLE BEACH,DUVAL,,,,PUBLIC SCHOOL,,,,,,,,,"-81.40049969,30.28387892",-81.40049969,30.28387892,,,,,,
3468,ATLANTIC BEACH,DUVAL,,,,PUBLIC SCHOOL,,,,,,,,,"-81.42794981,30.39385801",-81.42794981,30.39385801,,,,,,
3469,ATLANTIC BEACH,DUVAL,,,,PUBLIC SCHOOL,,,,,,,,,"-81.41851166,30.36290930",-81.41851166,30.3629093,,,,,,
3470,ATLANTIC BEACH,DUVAL,,,,PUBLIC SCHOOL,,,,,,,,,"-81.40090816,30.32755472",-81.40090816,30.32755472,,,,,,
3471,ATLANTIC BEACH,DUVAL,,,,PUBLIC SCHOOL,,,,,,,,,"-81.41353662,30.36264185",-81.41353662,30.36264185,,,,,,
3472,ATLANTIC BEACH,DUVAL,,,,PUBLIC SCHOOL,,,,,,,,,"-81.40702709,30.37297060",-81.40702709,30.3729706,,,,,,
3473,Jacksonville,DUVAL,,,,PUBLIC SCHOOL,,,,,,,,,"-81.67157542,30.36632973",-81.67157542,30.36632973,,,,,,
3474,CANTONMENT,ESCAMBIA,,,,PUBLIC SCHOOL,,,,,,,,,"-87.32413772,30.62443578",-87.32413772,30.62443578,,,,,,
3475,CANTONMENT,ESCAMBIA,,,,PUBLIC SCHOOL,,,,,,,,,"-87.30092793,30.57568357",-87.30092793,30.57568357,,,,,,
3476,CANTONMENT,ESCAMBIA,,,,PUBLIC SCHOOL,,,,,,,,,"-87.34278078,30.57997485",-87.34278078,30.57997485,,,,,,
3477,CANTONMENT,ESCAMBIA,,,,PUBLIC SCHOOL,,,,,,,,,"-87.28833319,30.58349863",-87.28833319,30.58349863,,,,,,
3478,GULF BREEZE,ESCAMBIA,,,,PUBLIC SCHOOL,,,,,,,,,"-87.11510823,30.33742249",-87.11510823,30.33742249,,,,,,
3479,CENTURY,ESCAMBIA,,,,PUBLIC SCHOOL,,,,,,,,,"-87.40662578,30.96680871",-87.40662578,30.96680871,,,,,,
3480,CENTURY,ESCAMBIA,,,,PUBLIC SCHOOL,,,,,,,,,"-87.42910723,30.96349338",-87.42910723,30.96349338,,,,,,
3481,CENTURY,ESCAMBIA,,,,PUBLIC SCHOOL,,,,,,,,,"-87.32659628,30.96411284",-87.32659628,30.96411284,,,,,,
3482,CENTURY,ESCAMBIA,,,,PUBLIC SCHOOL,,,,,,,,,"-87.26511375,30.96745248",-87.26511375,30.96745248,,,,,,
3483,MOLINO,ESCAMBIA,,,,PUBLIC SCHOOL,,,,,,,,,"-87.36242909,30.74050824",-87.36242909,30.74050824,,,,,,
3484,WALNUT HILL,ESCAMBIA,,,,PUBLIC SCHOOL,,,,,,,,,"-87.47664287,30.89823245",-87.47664287,30.89823245,,,,,,
3485,PALM COAST,FLAGLER,,,,PUBLIC SCHOOL,,,,,,,,,"-81.22438411,29.53180458",-81.22438411,29.53180458,,,,,,
3486,PALM COAST,FLAGLER,,,,PUBLIC SCHOOL,,,,,,,,,"-81.25664715,29.57840867",-81.25664715,29.57840867,,,,,,
3487,PALM COAST,FLAGLER,,,,PUBLIC SCHOOL,,,,,,,,,"-81.24034721,29.55251069",-81.24034721,29.55251069,,,,,,
3488,PALM COAST,FLAGLER,,,,PUBLIC SCHOOL,,,,,,,,,"-81.22399761,29.52934351",-81.22399761,29.52934351,,,,,,
3489,PALM COAST,FLAGLER,,,,PUBLIC SCHOOL,,,,,,,,,"-81.25882817,29.58327875",-81.25882817,29.58327875,,,,,,
3490,PALM COAST,FLAGLER,,,,PUBLIC SCHOOL,,,,,,,,,"-81.22735402,29.57002595",-81.22735402,29.57002595,,,,,,
3491,PALM COAST,FLAGLER,,,,PUBLIC SCHOOL,,,,,,,,,"-81.20311625,29.47608444",-81.20311625,29.47608444,,,,,,
3492,PALM COAST,FLAGLER,,,,PUBLIC SCHOOL,,,,,,,,,"-81.24554027,29.47341912",-81.24554027,29.47341912,,,,,,
3493,PALM COAST,FLAGLER,,,,PUBLIC SCHOOL,,,,,,,,,"-81.19722438,29.48851797",-81.19722438,29.48851797,,,,,,
3494,PALM COAST,FLAGLER,,,,PUBLIC SCHOOL,,,,,,,,,"-81.23473405,29.60161170",-81.23473405,29.6016117,,,,,,
3495,PALM COAST,FLAGLER,,,,PUBLIC SCHOOL,,,,,,,,,"-81.25254708,29.50179182",-81.25254708,29.50179182,,,,,,
3496,BUNNELL,FLAGLER,,,,PUBLIC SCHOOL,,,,,,,,,"-81.21129793,29.47622826",-81.21129793,29.47622826,,,,,,
3497,BUNNELL,FLAGLER,,,,PUBLIC SCHOOL,,,,,,,,,"-81.25567567,29.47191371",-81.25567567,29.47191371,,,,,,
3498,FLAGLER BEACH,FLAGLER,,,,PUBLIC SCHOOL,,,,,,,,,"-81.17595728,29.47326645",-81.17595728,29.47326645,,,,,,
3499,EASTPOINT,FRANKLIN,,,,PUBLIC SCHOOL,,,,,,,,,"-84.87609510,29.74317182",-84.8760951,29.74317182,,,,,,
3501,EASTPOINT,FRANKLIN,,,,PUBLIC SCHOOL,,,,,,,,,"-84.87636759,29.74390884",-84.87636759,29.74390884,,,,,,
3502,EASTPOINT,FRANKLIN,,,,PUBLIC SCHOOL,,,,,,,,,"-84.81708183,29.76690083",-84.81708183,29.76690083,,,,,,
3503,APALACHICOLA,FRANKLIN,,,,PUBLIC SCHOOL,,,,,,,,,"-84.99210002,29.72200002",-84.99210002,29.72200002,,,,,,
3504,QUINCY,GADSDEN,,,,PUBLIC SCHOOL,,,,,,,,,"-84.56149892,30.56206307",-84.56149892,30.56206307,,,,,,
3505,QUINCY,GADSDEN,,,,PUBLIC SCHOOL,,,,,,,,,"-84.57746743,30.57760493",-84.57746743,30.57760493,,,,,,
3506,QUINCY,GADSDEN,,,,PUBLIC SCHOOL,,,,,,,,,"-84.65681658,30.60586346",-84.65681658,30.60586346,,,,,,
3507,QUINCY,GADSDEN,,,,PUBLIC SCHOOL,,,,,,,,,"-84.58042192,30.58055210",-84.58042192,30.5805521,,,,,,
3509,QUINCY,GADSDEN,,,,PUBLIC SCHOOL,,,,,,,,,"-84.59383667,30.59155263",-84.59383667,30.59155263,,,,,,
3510,QUINCY,GADSDEN,,,,PUBLIC SCHOOL,,,,,,,,,"-84.60146134,30.59141828",-84.60146134,30.59141828,,,,,,
3511,QUINCY,GADSDEN,,,,PUBLIC SCHOOL,,,,,,,,,"-84.58019005,30.57535069",-84.58019005,30.57535069,,,,,,
3513,QUINCY,GADSDEN,,,,PUBLIC SCHOOL,,,,,,,,,"-84.58261054,30.59158476",-84.58261054,30.59158476,,,,,,
3514,QUINCY,GADSDEN,,,,PUBLIC SCHOOL,,,,,,,,,"-84.73393705,30.56669722",-84.73393705,30.56669722,,,,,,
3516,QUINCY,GADSDEN,,,,PUBLIC SCHOOL,,,,,,,,,"-84.73606656,30.56993755",-84.73606656,30.56993755,,,,,,
3517,QUINCY,GADSDEN,,,,PUBLIC SCHOOL,,,,,,,,,"-84.57889761,30.57655978",-84.57889761,30.57655978,,,,,,
3518,QUINCY,GADSDEN,,,,PUBLIC SCHOOL,,,,,,,,,"-84.60684703,30.65877354",-84.60684703,30.65877354,,,,,,
3519,QUINCY,GADSDEN,,,,PUBLIC SCHOOL,,,,,,,,,"-84.58884086,30.58240996",-84.58884086,30.58240996,,,,,,
3520,QUINCY,GADSDEN,,,,PUBLIC SCHOOL,,,,,,,,,"-84.57888924,30.57763287",-84.57888924,30.57763287,,,,,,
3521,HAVANA,GADSDEN,,,,PUBLIC SCHOOL,,,,,,,,,"-84.39956090,30.62322631",-84.3995609,30.62322631,,,,,,
3522,HAVANA,GADSDEN,,,,PUBLIC SCHOOL,,,,,,,,,"-84.41908616,30.61450297",-84.41908616,30.61450297,,,,,,
3523,HAVANA,GADSDEN,,,,PUBLIC SCHOOL,,,,,,,,,"-84.49069014,30.55408781",-84.49069014,30.55408781,,,,,,
3524,CHATTAHOOCHEE,GADSDEN,,,,PUBLIC SCHOOL,,,,,,,,,"-84.84134719,30.70661195",-84.84134719,30.70661195,,,,,,
3525,CHATTAHOOCHEE,GADSDEN,,,,PUBLIC SCHOOL,,,,,,,,,"-84.83401298,30.70001822",-84.83401298,30.70001822,,,,,,
3526,BELL,GILCHRIST,,,,PUBLIC SCHOOL,,,,,,,,,"-82.85420934,29.75149225",-82.85420934,29.75149225,,,,,,
3527,BELL,GILCHRIST,,,,PUBLIC SCHOOL,,,,,,,,,"-82.86014315,29.75167486",-82.86014315,29.75167486,,,,,,
3528,TRENTON,GILCHRIST,,,,PUBLIC SCHOOL,,,,,,,,,"-82.82939581,29.61467417",-82.82939581,29.61467417,,,,,,
3529,TRENTON,GILCHRIST,,,,PUBLIC SCHOOL,,,,,,,,,"-82.82077893,29.62025593",-82.82077893,29.62025593,,,,,,
3530,TRENTON,GILCHRIST,,,,PUBLIC SCHOOL,,,,,,,,,"-82.81931575,29.61968251",-82.81931575,29.61968251,,,,,,
3531,MOORE HAVEN,GLADES,,,,PUBLIC SCHOOL,,,,,,,,,"-81.10329777,26.83070808",-81.10329777,26.83070808,,,,,,
3532,MOORE HAVEN,GLADES,,,,PUBLIC SCHOOL,,,,,,,,,"-81.44159386,26.80639777",-81.44159386,26.80639777,,,,,,
3533,MOORE HAVEN,GLADES,,,,PUBLIC SCHOOL,,,,,,,,,"-81.09972643,26.83168214",-81.09972643,26.83168214,,,,,,
3534,MOORE HAVEN,GLADES,,,,PUBLIC SCHOOL,,,,,,,,,"-81.10156718,26.83151285",-81.10156718,26.83151285,,,,,,
3536,MOORE HAVEN,GLADES,,,,PUBLIC SCHOOL,,,,,,,,,"-81.10194431,26.83088676",-81.10194431,26.83088676,,,,,,
3538,OKEECHOBEE,GLADES,,,,PUBLIC SCHOOL,,,,,,,,,"-81.08347347,27.08433711",-81.08347347,27.08433711,,,,,,
3539,PORT SAINT JOE,GULF,,,,PUBLIC SCHOOL,,,,,,,,,"-85.29019984,29.78863657",-85.29019984,29.78863657,,,,,,
3540,PORT SAINT JOE,GULF,,,,PUBLIC SCHOOL,,,,,,,,,"-85.29137307,29.78755468",-85.29137307,29.78755468,,,,,,
3541,PORT SAINT JOE,GULF,,,,PUBLIC SCHOOL,,,,,,,,,"-85.29139856,29.78715494",-85.29139856,29.78715494,,,,,,
3542,PORT SAINT JOE,GULF,,,,PUBLIC SCHOOL,,,,,,,,,"-85.29241712,29.79401896",-85.29241712,29.79401896,,,,,,
3543,WEWAHITCHKA,GULF,,,,PUBLIC SCHOOL,,,,,,,,,"-85.19454122,30.10526048",-85.19454122,30.10526048,,,,,,
3544,WEWAHITCHKA,GULF,,,,PUBLIC SCHOOL,,,,,,,,,"-85.19064654,30.10384295",-85.19064654,30.10384295,,,,,,
3545,JASPER,HAMILTON,,,,PUBLIC SCHOOL,,,,,,,,,"-82.93575566,30.47726213",-82.93575566,30.47726213,,,,,,
3547,JASPER,HAMILTON,,,,PUBLIC SCHOOL,,,,,,,,,"-82.95906304,30.52471707",-82.95906304,30.52471707,,,,,,
3548,JASPER,HAMILTON,,,,PUBLIC SCHOOL,,,,,,,,,"-82.98439910,30.52337641",-82.9843991,30.52337641,,,,,,
3550,WHITE SPRINGS,HAMILTON,,,,PUBLIC SCHOOL,,,,,,,,,"-82.75309314,30.32884307",-82.75309314,30.32884307,,,,,,
3551,JENNINGS,HAMILTON,,,,PUBLIC SCHOOL,,,,,,,,,"-83.10008277,30.60066797",-83.10008277,30.60066797,,,,,,
3552,WAUCHULA,HARDEE,,,,PUBLIC SCHOOL,,,,,,,,,"-81.82232009,27.58592634",-81.82232009,27.58592634,,,,,,
3554,WAUCHULA,HARDEE,,,,PUBLIC SCHOOL,,,,,,,,,"-81.81614706,27.56108401",-81.81614706,27.56108401,,,,,,
3555,WAUCHULA,HARDEE,,,,PUBLIC SCHOOL,,,,,,,,,"-81.83466318,27.52855354",-81.83466318,27.52855354,,,,,,
3556,WAUCHULA,HARDEE,,,,PUBLIC SCHOOL,,,,,,,,,"-81.81414258,27.55787468",-81.81414258,27.55787468,,,,,,
3557,WAUCHULA,HARDEE,,,,PUBLIC SCHOOL,,,,,,,,,"-81.82143947,27.54529302",-81.82143947,27.54529302,,,,,,
3558,WAUCHULA,HARDEE,,,,PUBLIC SCHOOL,,,,,,,,,"-81.81896916,27.54234832",-81.81896916,27.54234832,,,,,,
3559,BOWLING GREEN,HARDEE,,,,PUBLIC SCHOOL,,,,,,,,,"-81.82138888,27.63557442",-81.82138888,27.63557442,,,,,,
3560,ZOLFO SPRINGS,HARDEE,,,,PUBLIC SCHOOL,,,,,,,,,"-81.78327756,27.49732713",-81.78327756,27.49732713,,,,,,
3561,ZOLFO SPRINGS,HARDEE,,,,PUBLIC SCHOOL,,,,,,,,,"-81.78569864,27.49521954",-81.78569864,27.49521954,,,,,,
3562,CLEWISTON,HENDRY,,,,PUBLIC SCHOOL,,,,,,,,,"-80.93368612,26.74442555",-80.93368612,26.74442555,,,,,,
3563,CLEWISTON,HENDRY,,,,PUBLIC SCHOOL,,,,,,,,,"-80.92825686,26.75648129",-80.92825686,26.75648129,,,,,,
3564,CLEWISTON,HENDRY,,,,PUBLIC SCHOOL,,,,,,,,,"-80.92782475,26.75655621",-80.92782475,26.75655621,,,,,,
3565,CLEWISTON,HENDRY,,,,PUBLIC SCHOOL,,,,,,,,,"-80.93496833,26.74440998",-80.93496833,26.74440998,,,,,,
3566,CLEWISTON,HENDRY,,,,PUBLIC SCHOOL,,,,,,,,,"-80.94157253,26.75541128",-80.94157253,26.75541128,,,,,,
3567,CLEWISTON,HENDRY,,,,PUBLIC SCHOOL,,,,,,,,,"-80.93118382,26.74534948",-80.93118382,26.74534948,,,,,,
3568,CLEWISTON,HENDRY,,,,PUBLIC SCHOOL,,,,,,,,,"-80.92395253,26.74113459",-80.92395253,26.74113459,,,,,,
3569,LABELLE,HENDRY,,,,PUBLIC SCHOOL,,,,,,,,,"-81.42649068,26.74501639",-81.42649068,26.74501639,,,,,,
3570,LABELLE,HENDRY,,,,PUBLIC SCHOOL,,,,,,,,,"-81.36913379,26.75192086",-81.36913379,26.75192086,,,,,,
3571,LABELLE,HENDRY,,,,PUBLIC SCHOOL,,,,,,,,,"-81.41264400,26.75211420",-81.412644,26.7521142,,,,,,
3572,LABELLE,HENDRY,,,,PUBLIC SCHOOL,,,,,,,,,"-81.39906621,26.74894347",-81.39906621,26.74894347,,,,,,
3573,LABELLE,HENDRY,,,,PUBLIC SCHOOL,,,,,,,,,"-81.43790582,26.76144659",-81.43790582,26.76144659,,,,,,
3574,LABELLE,HENDRY,,,,PUBLIC SCHOOL,,,,,,,,,"-81.43943662,26.76584195",-81.43943662,26.76584195,,,,,,
3575,LABELLE,HENDRY,,,,PUBLIC SCHOOL,,,,,,,,,"-81.44055712,26.74769302",-81.44055712,26.74769302,,,,,,
3578,BROOKSVILLE,HERNANDO,,,,PUBLIC SCHOOL,,,,,,,,,"-82.54972532,28.60343823",-82.54972532,28.60343823,,,,,,
3579,BROOKSVILLE,HERNANDO,,,,PUBLIC SCHOOL,,,,,,,,,"-82.37929163,28.54350757",-82.37929163,28.54350757,,,,,,
3580,BROOKSVILLE,HERNANDO,,,,PUBLIC SCHOOL,,,,,,,,,"-82.37780616,28.56464795",-82.37780616,28.56464795,,,,,,
3581,BROOKSVILLE,HERNANDO,,,,PUBLIC SCHOOL,,,,,,,,,"-82.48909998,28.56419999",-82.48909998,28.56419999,,,,,,
3582,BROOKSVILLE,HERNANDO,,,,PUBLIC SCHOOL,,,,,,,,,"-82.37694644,28.53356091",-82.37694644,28.53356091,,,,,,
3583,BROOKSVILLE,HERNANDO,,,,PUBLIC SCHOOL,,,,,,,,,"-82.49594552,28.56460893",-82.49594552,28.56460893,,,,,,
3584,BROOKSVILLE,HERNANDO,,,,PUBLIC SCHOOL,,,,,,,,,"-82.37525189,28.43728297",-82.37525189,28.43728297,,,,,,
3586,BROOKSVILLE,HERNANDO,,,,PUBLIC SCHOOL,,,,,,,,,"-82.38142344,28.56416274",-82.38142344,28.56416274,,,,,,
3587,BROOKSVILLE,HERNANDO,,,,PUBLIC SCHOOL,,,,,,,,,"-82.41381268,28.59114130",-82.41381268,28.5911413,,,,,,
3588,BROOKSVILLE,HERNANDO,,,,PUBLIC SCHOOL,,,,,,,,,"-82.46329938,28.49036493",-82.46329938,28.49036493,,,,,,
3589,BROOKSVILLE,HERNANDO,,,,PUBLIC SCHOOL,,,,,,,,,"-82.37769586,28.56640228",-82.37769586,28.56640228,,,,,,
3590,BROOKSVILLE,HERNANDO,,,,PUBLIC SCHOOL,,,,,,,,,"-82.46338419,28.48828038",-82.46338419,28.48828038,,,,,,
3592,BROOKSVILLE,HERNANDO,,,,PUBLIC SCHOOL,,,,,,,,,"-82.29164210,28.52966000",-82.2916421,28.52966,,,,,,
3593,BROOKSVILLE,HERNANDO,,,,PUBLIC SCHOOL,,,,,,,,,"-82.37769665,28.56871790",-82.37769665,28.5687179,,,,,,
3594,BROOKSVILLE,HERNANDO,,,,PUBLIC SCHOOL,,,,,,,,,"-82.54975944,28.60019007",-82.54975944,28.60019007,,,,,,
3596,BROOKSVILLE,HERNANDO,,,,PUBLIC SCHOOL,,,,,,,,,"-82.37639594,28.56482235",-82.37639594,28.56482235,,,,,,
3597,BROOKSVILLE,HERNANDO,,,,PUBLIC SCHOOL,,,,,,,,,"-82.48545093,28.56474844",-82.48545093,28.56474844,,,,,,
3598,SPRING HILL,HERNANDO,,,,PUBLIC SCHOOL,,,,,,,,,"-82.50208845,28.49569406",-82.50208845,28.49569406,,,,,,
3599,SPRING HILL,HERNANDO,,,,PUBLIC SCHOOL,,,,,,,,,"-82.52011173,28.51453692",-82.52011173,28.51453692,,,,,,
3600,SPRING HILL,HERNANDO,,,,PUBLIC SCHOOL,,,,,,,,,"-82.56444787,28.51115046",-82.56444787,28.51115046,,,,,,
3601,SPRING HILL,HERNANDO,,,,PUBLIC SCHOOL,,,,,,,,,"-82.55299514,28.49023524",-82.55299514,28.49023524,,,,,,
3602,SPRING HILL,HERNANDO,,,,PUBLIC SCHOOL,,,,,,,,,"-82.54575008,28.48947712",-82.54575008,28.48947712,,,,,,
3603,SPRING HILL,HERNANDO,,,,PUBLIC SCHOOL,,,,,,,,,"-82.53757746,28.43702820",-82.53757746,28.4370282,,,,,,
3604,SPRING HILL,HERNANDO,,,,PUBLIC SCHOOL,,,,,,,,,"-82.58673231,28.46163233",-82.58673231,28.46163233,,,,,,
3605,SPRING HILL,HERNANDO,,,,PUBLIC SCHOOL,,,,,,,,,"-82.48740707,28.48980617",-82.48740707,28.48980617,,,,,,
3606,SPRING HILL,HERNANDO,,,,PUBLIC SCHOOL,,,,,,,,,"-82.62634904,28.45272063",-82.62634904,28.45272063,,,,,,
3607,SPRING HILL,HERNANDO,,,,PUBLIC SCHOOL,,,,,,,,,"-82.50944597,28.47974502",-82.50944597,28.47974502,,,,,,
3608,SPRING HILL,HERNANDO,,,,PUBLIC SCHOOL,,,,,,,,,"-82.54221536,28.48190643",-82.54221536,28.48190643,,,,,,
3610,SPRINGHILL,HERNANDO,,,,PUBLIC SCHOOL,,,,,,,,,"-82.53551205,28.46284103",-82.53551205,28.46284103,,,,,,
3611,SEBRING,HIGHLANDS,,,,PUBLIC SCHOOL,,,,,,,,,"-81.42042050,27.50134740",-81.4204205,27.5013474,,,,,,
3612,SEBRING,HIGHLANDS,,,,PUBLIC SCHOOL,,,,,,,,,"-81.51478575,27.51634814",-81.51478575,27.51634814,,,,,,
3613,SEBRING,HIGHLANDS,,,,PUBLIC SCHOOL,,,,,,,,,"-81.43551015,27.46750997",-81.43551015,27.46750997,,,,,,
3614,SEBRING,HIGHLANDS,,,,PUBLIC SCHOOL,,,,,,,,,"-81.43226574,27.48117414",-81.43226574,27.48117414,,,,,,
3615,SEBRING,HIGHLANDS,,,,PUBLIC SCHOOL,,,,,,,,,"-81.43668889,27.49828094",-81.43668889,27.49828094,,,,,,
3616,SEBRING,HIGHLANDS,,,,PUBLIC SCHOOL,,,,,,,,,"-81.44459910,27.50717831",-81.4445991,27.50717831,,,,,,
3617,SEBRING,HIGHLANDS,,,,PUBLIC SCHOOL,,,,,,,,,"-81.44469325,27.42178564",-81.44469325,27.42178564,,,,,,
3619,SEBRING,HIGHLANDS,,,,PUBLIC SCHOOL,,,,,,,,,"-81.51273276,27.53732202",-81.51273276,27.53732202,,,,,,
3620,SEBRING,HIGHLANDS,,,,PUBLIC SCHOOL,,,,,,,,,"-81.43155795,27.48724688",-81.43155795,27.48724688,,,,,,
3621,SEBRING,HIGHLANDS,,,,PUBLIC SCHOOL,,,,,,,,,"-81.42467203,27.47793644",-81.42467203,27.47793644,,,,,,
3622,LAKE PLACID,HIGHLANDS,,,,PUBLIC SCHOOL,,,,,,,,,"-81.37279070,27.29409090",-81.3727907,27.2940909,,,,,,
3623,LAKE PLACID,HIGHLANDS,,,,PUBLIC SCHOOL,,,,,,,,,"-81.36971914,27.29432966",-81.36971914,27.29432966,,,,,,
3624,LAKE PLACID,HIGHLANDS,,,,PUBLIC SCHOOL,,,,,,,,,"-81.37308228,27.29599008",-81.37308228,27.29599008,,,,,,
3625,LAKE PLACID,HIGHLANDS,,,,PUBLIC SCHOOL,,,,,,,,,"-81.32622793,27.26870484",-81.32622793,27.26870484,,,,,,
3626,AVON PARK,HIGHLANDS,,,,PUBLIC SCHOOL,,,,,,,,,"-81.48784830,27.59432658",-81.4878483,27.59432658,,,,,,
3627,AVON PARK,HIGHLANDS,,,,PUBLIC SCHOOL,,,,,,,,,"-81.50143058,27.59166213",-81.50143058,27.59166213,,,,,,
3628,AVON PARK,HIGHLANDS,,,,PUBLIC SCHOOL,,,,,,,,,"-81.49658261,27.55001176",-81.49658261,27.55001176,,,,,,
3629,AVON PARK,HIGHLANDS,,,,PUBLIC SCHOOL,,,,,,,,,"-81.49532204,27.60753306",-81.49532204,27.60753306,,,,,,
3630,AVON PARK,HIGHLANDS,,,,PUBLIC SCHOOL,,,,,,,,,"-81.50985663,27.60251603",-81.50985663,27.60251603,,,,,,
3631,TAMPA,HILLSBOROUGH,,,,PUBLIC SCHOOL,,,,,,,,,"-82.54089999,28.06840000",-82.54089999,28.0684,,,,,,
3632,TAMPA,HILLSBOROUGH,,,,PUBLIC SCHOOL,,,,,,,,,"-82.38600000,28.02130002",-82.386,28.02130002,,,,,,
3633,TAMPA,HILLSBOROUGH,,,,PUBLIC SCHOOL,,,,,,,,,"-82.34081833,27.96876644",-82.34081833,27.96876644,,,,,,
3634,TAMPA,HILLSBOROUGH,,,,PUBLIC SCHOOL,,,,,,,,,"-82.51898261,27.95733599",-82.51898261,27.95733599,,,,,,
3635,TAMPA,HILLSBOROUGH,,,,PUBLIC SCHOOL,,,,,,,,,"-82.44434825,28.05338186",-82.44434825,28.05338186,,,,,,
3636,TAMPA,HILLSBOROUGH,,,,PUBLIC SCHOOL,,,,,,,,,"-82.50160612,28.02741793",-82.50160612,28.02741793,,,,,,
3637,TAMPA,HILLSBOROUGH,,,,PUBLIC SCHOOL,,,,,,,,,"-82.41497908,28.00570284",-82.41497908,28.00570284,,,,,,
3638,TAMPA,HILLSBOROUGH,,,,PUBLIC SCHOOL,,,,,,,,,"-82.46609279,28.03501686",-82.46609279,28.03501686,,,,,,
3639,TAMPA,HILLSBOROUGH,,,,PUBLIC SCHOOL,,,,,,,,,"-82.51850000,27.99740000",-82.5185,27.9974,,,,,,
3640,TAMPA,HILLSBOROUGH,,,,PUBLIC SCHOOL,,,,,,,,,"-82.51833529,28.01916015",-82.51833529,28.01916015,,,,,,
3641,TAMPA,HILLSBOROUGH,,,,PUBLIC SCHOOL,,,,,,,,,"-82.45739999,27.96660002",-82.45739999,27.96660002,,,,,,
3642,TAMPA,HILLSBOROUGH,,,,PUBLIC SCHOOL,,,,,,,,,"-82.46290235,27.96798876",-82.46290235,27.96798876,,,,,,
3643,TAMPA,HILLSBOROUGH,,,,PUBLIC SCHOOL,,,,,,,,,"-82.46411782,28.04224366",-82.46411782,28.04224366,,,,,,
3644,TAMPA,HILLSBOROUGH,,,,PUBLIC SCHOOL,,,,,,,,,"-82.51090719,27.98090424",-82.51090719,27.98090424,,,,,,
3645,TAMPA,HILLSBOROUGH,,,,PUBLIC SCHOOL,,,,,,,,,"-82.40453711,28.05370444",-82.40453711,28.05370444,,,,,,
3646,TAMPA,HILLSBOROUGH,,,,PUBLIC SCHOOL,,,,,,,,,"-82.52660002,27.86280001",-82.52660002,27.86280001,,,,,,
3647,TAMPA,HILLSBOROUGH,,,,PUBLIC SCHOOL,,,,,,,,,"-82.39099562,28.03470453",-82.39099562,28.03470453,,,,,,
3648,TAMPA,HILLSBOROUGH,,,,PUBLIC SCHOOL,,,,,,,,,"-82.33235152,27.99062422",-82.33235152,27.99062422,,,,,,
3649,TAMPA,HILLSBOROUGH,,,,PUBLIC SCHOOL,,,,,,,,,"-82.40477224,28.05660416",-82.40477224,28.05660416,,,,,,
3650,TAMPA,HILLSBOROUGH,,,,PUBLIC SCHOOL,,,,,,,,,"-82.41055935,28.03041482",-82.41055935,28.03041482,,,,,,
3651,TAMPA,HILLSBOROUGH,,,,PUBLIC SCHOOL,,,,,,,,,"-82.47960781,27.99333250",-82.47960781,27.9933325,,,,,,
3652,TAMPA,HILLSBOROUGH,,,,PUBLIC SCHOOL,,,,,,,,,"-82.37269998,28.04760000",-82.37269998,28.0476,,,,,,
3653,TAMPA,HILLSBOROUGH,,,,PUBLIC SCHOOL,,,,,,,,,"-82.43423836,28.03028540",-82.43423836,28.0302854,,,,,,
3654,TAMPA,HILLSBOROUGH,,,,PUBLIC SCHOOL,,,,,,,,,"-82.28565166,28.14654647",-82.28565166,28.14654647,,,,,,
3655,TAMPA,HILLSBOROUGH,,,,PUBLIC SCHOOL,,,,,,,,,"-82.35477192,28.15889534",-82.35477192,28.15889534,,,,,,
3656,TAMPA,HILLSBOROUGH,,,,PUBLIC SCHOOL,,,,,,,,,"-82.40399999,28.05580001",-82.40399999,28.05580001,,,,,,
3657,TAMPA,HILLSBOROUGH,,,,PUBLIC SCHOOL,,,,,,,,,"-82.60212432,28.01750943",-82.60212432,28.01750943,,,,,,
3658,TAMPA,HILLSBOROUGH,,,,PUBLIC SCHOOL,,,,,,,,,"-82.46770133,27.93919138",-82.46770133,27.93919138,,,,,,
3659,TAMPA,HILLSBOROUGH,,,,PUBLIC SCHOOL,,,,,,,,,"-82.43737114,27.99674232",-82.43737114,27.99674232,,,,,,
3660,TAMPA,HILLSBOROUGH,,,,PUBLIC SCHOOL,,,,,,,,,"-82.46889114,28.08890851",-82.46889114,28.08890851,,,,,,
3661,TAMPA,HILLSBOROUGH,,,,PUBLIC SCHOOL,,,,,,,,,"-82.41179301,27.99321473",-82.41179301,27.99321473,,,,,,
3662,TAMPA,HILLSBOROUGH,,,,PUBLIC SCHOOL,,,,,,,,,"-82.40649151,27.96782342",-82.40649151,27.96782342,,,,,,
3663,TAMPA,HILLSBOROUGH,,,,PUBLIC SCHOOL,,,,,,,,,"-82.44060000,27.97490002",-82.4406,27.97490002,,,,,,
3664,TAMPA,HILLSBOROUGH,,,,PUBLIC SCHOOL,,,,,,,,,"-82.59730552,28.03043080",-82.59730552,28.0304308,,,,,,
3665,TAMPA,HILLSBOROUGH,,,,PUBLIC SCHOOL,,,,,,,,,"-82.38495306,28.13362345",-82.38495306,28.13362345,,,,,,
3666,TAMPA,HILLSBOROUGH,,,,PUBLIC SCHOOL,,,,,,,,,"-82.51877988,28.01235308",-82.51877988,28.01235308,,,,,,
3667,TAMPA,HILLSBOROUGH,,,,PUBLIC SCHOOL,,,,,,,,,"-82.42909512,27.94890769",-82.42909512,27.94890769,,,,,,
3668,TAMPA,HILLSBOROUGH,,,,PUBLIC SCHOOL,,,,,,,,,"-82.43829379,27.98065562",-82.43829379,27.98065562,,,,,,
3669,TAMPA,HILLSBOROUGH,,,,PUBLIC SCHOOL,,,,,,,,,"-82.49760001,27.91660001",-82.49760001,27.91660001,,,,,,
3670,TAMPA,HILLSBOROUGH,,,,PUBLIC SCHOOL,,,,,,,,,"-82.56189999,28.00210001",-82.56189999,28.00210001,,,,,,
3671,TAMPA,HILLSBOROUGH,,,,PUBLIC SCHOOL,,,,,,,,,"-82.49415705,27.97462066",-82.49415705,27.97462066,,,,,,
3672,TAMPA,HILLSBOROUGH,,,,PUBLIC SCHOOL,,,,,,,,,"-82.58017161,28.08010127",-82.58017161,28.08010127,,,,,,
3674,TAMPA,HILLSBOROUGH,,,,PUBLIC SCHOOL,,,,,,,,,"-82.44989835,27.95843599",-82.44989835,27.95843599,,,,,,
3675,TAMPA,HILLSBOROUGH,,,,PUBLIC SCHOOL,,,,,,,,,"-82.47766320,27.95740459",-82.4776632,27.95740459,,,,,,
3676,TAMPA,HILLSBOROUGH,,,,PUBLIC SCHOOL,,,,,,,,,"-82.52070001,27.90639999",-82.52070001,27.90639999,,,,,,
3677,TAMPA,HILLSBOROUGH,,,,PUBLIC SCHOOL,,,,,,,,,"-82.41541222,27.99647534",-82.41541222,27.99647534,,,,,,
3678,TAMPA,HILLSBOROUGH,,,,PUBLIC SCHOOL,,,,,,,,,"-82.59673549,28.05373652",-82.59673549,28.05373652,,,,,,
3679,TAMPA,HILLSBOROUGH,,,,PUBLIC SCHOOL,,,,,,,,,"-82.46550001,27.97010002",-82.46550001,27.97010002,,,,,,
3680,TAMPA,HILLSBOROUGH,,,,PUBLIC SCHOOL,,,,,,,,,"-82.48670217,28.03024453",-82.48670217,28.03024453,,,,,,
3682,TAMPA,HILLSBOROUGH,,,,PUBLIC SCHOOL,,,,,,,,,"-82.55971516,28.01351649",-82.55971516,28.01351649,,,,,,
3683,TAMPA,HILLSBOROUGH,,,,PUBLIC SCHOOL,,,,,,,,,"-82.51790001,27.92750001",-82.51790001,27.92750001,,,,,,
3684,TAMPA,HILLSBOROUGH,,,,PUBLIC SCHOOL,,,,,,,,,"-82.43573002,28.00754449",-82.43573002,28.00754449,,,,,,
3685,TAMPA,HILLSBOROUGH,,,,PUBLIC SCHOOL,,,,,,,,,"-82.43000176,27.98252453",-82.43000176,27.98252453,,,,,,
3686,TAMPA,HILLSBOROUGH,,,,PUBLIC SCHOOL,,,,,,,,,"-82.49059998,27.94290000",-82.49059998,27.9429,,,,,,
3687,TAMPA,HILLSBOROUGH,,,,PUBLIC SCHOOL,,,,,,,,,"-82.45587298,28.04863410",-82.45587298,28.0486341,,,,,,
3688,TAMPA,HILLSBOROUGH,,,,PUBLIC SCHOOL,,,,,,,,,"-82.40888554,28.01021251",-82.40888554,28.01021251,,,,,,
3689,TAMPA,HILLSBOROUGH,,,,PUBLIC SCHOOL,,,,,,,,,"-82.52278943,27.87689872",-82.52278943,27.87689872,,,,,,
3690,TAMPA,HILLSBOROUGH,,,,PUBLIC SCHOOL,,,,,,,,,"-82.34090660,27.96743131",-82.3409066,27.96743131,,,,,,
3691,TAMPA,HILLSBOROUGH,,,,PUBLIC SCHOOL,,,,,,,,,"-82.37171808,27.93645974",-82.37171808,27.93645974,,,,,,
3692,TAMPA,HILLSBOROUGH,,,,PUBLIC SCHOOL,,,,,,,,,"-82.45996335,28.03669154",-82.45996335,28.03669154,,,,,,
3693,TAMPA,HILLSBOROUGH,,,,PUBLIC SCHOOL,,,,,,,,,"-82.44977882,27.95176351",-82.44977882,27.95176351,,,,,,
3694,TAMPA,HILLSBOROUGH,,,,PUBLIC SCHOOL,,,,,,,,,"-82.45274558,27.94837346",-82.45274558,27.94837346,,,,,,
3695,TAMPA,HILLSBOROUGH,,,,PUBLIC SCHOOL,,,,,,,,,"-82.44149999,27.98779999",-82.44149999,27.98779999,,,,,,
3696,TAMPA,HILLSBOROUGH,,,,PUBLIC SCHOOL,,,,,,,,,"-82.41648507,27.96982130",-82.41648507,27.9698213,,,,,,
3697,TAMPA,HILLSBOROUGH,,,,PUBLIC SCHOOL,,,,,,,,,"-82.54820001,28.10619999",-82.54820001,28.10619999,,,,,,
3698,TAMPA,HILLSBOROUGH,,,,PUBLIC SCHOOL,,,,,,,,,"-82.57340983,28.07637418",-82.57340983,28.07637418,,,,,,
3699,TAMPA,HILLSBOROUGH,,,,PUBLIC SCHOOL,,,,,,,,,"-82.46701947,27.95840827",-82.46701947,27.95840827,,,,,,
3700,TAMPA,HILLSBOROUGH,,,,PUBLIC SCHOOL,,,,,,,,,"-82.39200664,28.11349889",-82.39200664,28.11349889,,,,,,
3701,TAMPA,HILLSBOROUGH,,,,PUBLIC SCHOOL,,,,,,,,,"-82.43215459,27.99050871",-82.43215459,27.99050871,,,,,,
3702,TAMPA,HILLSBOROUGH,,,,PUBLIC SCHOOL,,,,,,,,,"-82.45489998,28.00369999",-82.45489998,28.00369999,,,,,,
3703,TAMPA,HILLSBOROUGH,,,,PUBLIC SCHOOL,,,,,,,,,"-82.37779403,27.90016628",-82.37779403,27.90016628,,,,,,
3705,TAMPA,HILLSBOROUGH,,,,PUBLIC SCHOOL,,,,,,,,,"-82.52300002,28.09819999",-82.52300002,28.09819999,,,,,,
3706,TAMPA,HILLSBOROUGH,,,,PUBLIC SCHOOL,,,,,,,,,"-82.49275573,27.95804372",-82.49275573,27.95804372,,,,,,
3707,TAMPA,HILLSBOROUGH,,,,PUBLIC SCHOOL,,,,,,,,,"-82.54731067,27.99843671",-82.54731067,27.99843671,,,,,,
3708,TAMPA,HILLSBOROUGH,,,,PUBLIC SCHOOL,,,,,,,,,"-82.38220000,27.91490001",-82.3822,27.91490001,,,,,,
3709,TAMPA,HILLSBOROUGH,,,,PUBLIC SCHOOL,,,,,,,,,"-82.43764992,27.99573911",-82.43764992,27.99573911,,,,,,
3710,TAMPA,HILLSBOROUGH,,,,PUBLIC SCHOOL,,,,,,,,,"-82.36650002,27.89309998",-82.36650002,27.89309998,,,,,,
3711,TAMPA,HILLSBOROUGH,,,,PUBLIC SCHOOL,,,,,,,,,"-82.45643731,28.05931327",-82.45643731,28.05931327,,,,,,
3712,TAMPA,HILLSBOROUGH,,,,PUBLIC SCHOOL,,,,,,,,,"-82.38024276,27.96961893",-82.38024276,27.96961893,,,,,,
3713,TAMPA,HILLSBOROUGH,,,,PUBLIC SCHOOL,,,,,,,,,"-82.35025729,28.16847870",-82.35025729,28.1684787,,,,,,
3714,TAMPA,HILLSBOROUGH,,,,PUBLIC SCHOOL,,,,,,,,,"-82.34772268,28.16761380",-82.34772268,28.1676138,,,,,,
3715,TAMPA,HILLSBOROUGH,,,,PUBLIC SCHOOL,,,,,,,,,"-82.38580000,27.94100002",-82.3858,27.94100002,,,,,,
3716,TAMPA,HILLSBOROUGH,,,,PUBLIC SCHOOL,,,,,,,,,"-82.49558266,28.06966813",-82.49558266,28.06966813,,,,,,
3717,TAMPA,HILLSBOROUGH,,,,PUBLIC SCHOOL,,,,,,,,,"-82.48760000,27.96119999",-82.4876,27.96119999,,,,,,
3718,TAMPA,HILLSBOROUGH,,,,PUBLIC SCHOOL,,,,,,,,,"-82.45590001,27.99150001",-82.45590001,27.99150001,,,,,,
3719,TAMPA,HILLSBOROUGH,,,,PUBLIC SCHOOL,,,,,,,,,"-82.53269600,28.04564153",-82.532696,28.04564153,,,,,,
3720,TAMPA,HILLSBOROUGH,,,,PUBLIC SCHOOL,,,,,,,,,"-82.61210002,28.03850001",-82.61210002,28.03850001,,,,,,
3721,TAMPA,HILLSBOROUGH,,,,PUBLIC SCHOOL,,,,,,,,,"-82.56780778,28.03550009",-82.56780778,28.03550009,,,,,,
3722,TAMPA,HILLSBOROUGH,,,,PUBLIC SCHOOL,,,,,,,,,"-82.42332166,27.98693470",-82.42332166,27.9869347,,,,,,
3723,TAMPA,HILLSBOROUGH,,,,PUBLIC SCHOOL,,,,,,,,,"-82.38452892,27.98829721",-82.38452892,27.98829721,,,,,,
3725,TAMPA,HILLSBOROUGH,,,,PUBLIC SCHOOL,,,,,,,,,"-82.37537035,28.00794842",-82.37537035,28.00794842,,,,,,
3726,TAMPA,HILLSBOROUGH,,,,PUBLIC SCHOOL,,,,,,,,,"-82.43412970,28.04641511",-82.4341297,28.04641511,,,,,,
3727,TAMPA,HILLSBOROUGH,,,,PUBLIC SCHOOL,,,,,,,,,"-82.56540002,27.98790001",-82.56540002,27.98790001,,,,,,
3728,TAMPA,HILLSBOROUGH,,,,PUBLIC SCHOOL,,,,,,,,,"-82.43416101,28.07042857",-82.43416101,28.07042857,,,,,,
3729,TAMPA,HILLSBOROUGH,,,,PUBLIC SCHOOL,,,,,,,,,"-82.51990644,27.95375873",-82.51990644,27.95375873,,,,,,
3730,TAMPA,HILLSBOROUGH,,,,PUBLIC SCHOOL,,,,,,,,,"-82.53580001,28.08390002",-82.53580001,28.08390002,,,,,,
3731,TAMPA,HILLSBOROUGH,,,,PUBLIC SCHOOL,,,,,,,,,"-82.50343868,27.92380584",-82.50343868,27.92380584,,,,,,
3733,TAMPA,HILLSBOROUGH,,,,PUBLIC SCHOOL,,,,,,,,,"-82.42728897,27.99688227",-82.42728897,27.99688227,,,,,,
3734,TAMPA,HILLSBOROUGH,,,,PUBLIC SCHOOL,,,,,,,,,"-82.43607501,28.00939582",-82.43607501,28.00939582,,,,,,
3735,TAMPA,HILLSBOROUGH,,,,PUBLIC SCHOOL,,,,,,,,,"-82.48321303,28.00449669",-82.48321303,28.00449669,,,,,,
3736,TAMPA,HILLSBOROUGH,,,,PUBLIC SCHOOL,,,,,,,,,"-82.43191047,28.03305836",-82.43191047,28.03305836,,,,,,
3738,TAMPA,HILLSBOROUGH,,,,PUBLIC SCHOOL,,,,,,,,,"-82.44588626,27.96290600",-82.44588626,27.962906,,,,,,
3739,TAMPA,HILLSBOROUGH,,,,PUBLIC SCHOOL,,,,,,,,,"-82.44165468,28.05224199",-82.44165468,28.05224199,,,,,,
3740,TAMPA,HILLSBOROUGH,,,,PUBLIC SCHOOL,,,,,,,,,"-82.56220001,28.00129998",-82.56220001,28.00129998,,,,,,
3741,TAMPA,HILLSBOROUGH,,,,PUBLIC SCHOOL,,,,,,,,,"-82.36460313,28.15203854",-82.36460313,28.15203854,,,,,,
3742,TAMPA,HILLSBOROUGH,,,,PUBLIC SCHOOL,,,,,,,,,"-82.48313907,27.98728307",-82.48313907,27.98728307,,,,,,
3743,TAMPA,HILLSBOROUGH,,,,PUBLIC SCHOOL,,,,,,,,,"-82.50338598,28.10049691",-82.50338598,28.10049691,,,,,,
3744,TAMPA,HILLSBOROUGH,,,,PUBLIC SCHOOL,,,,,,,,,"-82.46170000,27.96379999",-82.4617,27.96379999,,,,,,
3745,TAMPA,HILLSBOROUGH,,,,PUBLIC SCHOOL,,,,,,,,,"-82.47747622,27.95904653",-82.47747622,27.95904653,,,,,,
3746,TAMPA,HILLSBOROUGH,,,,PUBLIC SCHOOL,,,,,,,,,"-82.47355470,27.98234646",-82.4735547,27.98234646,,,,,,
3747,TAMPA,HILLSBOROUGH,,,,PUBLIC SCHOOL,,,,,,,,,"-82.45229977,27.94922939",-82.45229977,27.94922939,,,,,,
3749,TAMPA,HILLSBOROUGH,,,,PUBLIC SCHOOL,,,,,,,,,"-82.51880108,27.95594821",-82.51880108,27.95594821,,,,,,
3750,TAMPA,HILLSBOROUGH,,,,PUBLIC SCHOOL,,,,,,,,,"-82.48454289,28.03007672",-82.48454289,28.03007672,,,,,,
3751,TAMPA,HILLSBOROUGH,,,,PUBLIC SCHOOL,,,,,,,,,"-82.43426247,27.99940151",-82.43426247,27.99940151,,,,,,
3752,TAMPA,HILLSBOROUGH,,,,PUBLIC SCHOOL,,,,,,,,,"-82.41019184,28.02629960",-82.41019184,28.0262996,,,,,,
3755,TAMPA,HILLSBOROUGH,,,,PUBLIC SCHOOL,,,,,,,,,"-82.50950265,27.98091187",-82.50950265,27.98091187,,,,,,
3756,TAMPA,HILLSBOROUGH,,,,PUBLIC SCHOOL,,,,,,,,,"-82.47000000,27.93760000",-82.47,27.9376,,,,,,
3757,TAMPA,HILLSBOROUGH,,,,PUBLIC SCHOOL,,,,,,,,,"-82.63454622,28.07240879",-82.63454622,28.07240879,,,,,,
3758,TAMPA,HILLSBOROUGH,,,,PUBLIC SCHOOL,,,,,,,,,"-82.40657170,27.99204150",-82.4065717,27.9920415,,,,,,
3759,TAMPA,HILLSBOROUGH,,,,PUBLIC SCHOOL,,,,,,,,,"-82.57572347,28.01416819",-82.57572347,28.01416819,,,,,,
3760,TAMPA,HILLSBOROUGH,,,,PUBLIC SCHOOL,,,,,,,,,"-82.50926771,27.89996889",-82.50926771,27.89996889,,,,,,
3761,TAMPA,HILLSBOROUGH,,,,PUBLIC SCHOOL,,,,,,,,,"-82.31777050,28.15718702",-82.3177705,28.15718702,,,,,,
3762,TAMPA,HILLSBOROUGH,,,,PUBLIC SCHOOL,,,,,,,,,"-82.32987574,28.14094662",-82.32987574,28.14094662,,,,,,
3764,TAMPA,HILLSBOROUGH,,,,PUBLIC SCHOOL,,,,,,,,,"-82.38580000,28.09769998",-82.3858,28.09769998,,,,,,
3765,TAMPA,HILLSBOROUGH,,,,PUBLIC SCHOOL,,,,,,,,,"-82.50878783,27.93276656",-82.50878783,27.93276656,,,,,,
3766,TAMPA,HILLSBOROUGH,,,,PUBLIC SCHOOL,,,,,,,,,"-82.45660467,27.98764161",-82.45660467,27.98764161,,,,,,
3767,TAMPA,HILLSBOROUGH,,,,PUBLIC SCHOOL,,,,,,,,,"-82.43326845,28.02964406",-82.43326845,28.02964406,,,,,,
3768,TAMPA,HILLSBOROUGH,,,,PUBLIC SCHOOL,,,,,,,,,"-82.43753787,27.99823005",-82.43753787,27.99823005,,,,,,
3770,TAMPA,HILLSBOROUGH,,,,PUBLIC SCHOOL,,,,,,,,,"-82.48789999,28.02870002",-82.48789999,28.02870002,,,,,,
3771,TAMPA,HILLSBOROUGH,,,,PUBLIC SCHOOL,,,,,,,,,"-82.47379462,27.95965596",-82.47379462,27.95965596,,,,,,
3773,TAMPA,HILLSBOROUGH,,,,PUBLIC SCHOOL,,,,,,,,,"-82.44668739,28.02625051",-82.44668739,28.02625051,,,,,,
3774,TAMPA,HILLSBOROUGH,,,,PUBLIC SCHOOL,,,,,,,,,"-82.43846141,27.97915481",-82.43846141,27.97915481,,,,,,
3775,TAMPA,HILLSBOROUGH,,,,PUBLIC SCHOOL,,,,,,,,,"-82.51488834,27.92981668",-82.51488834,27.92981668,,,,,,
3776,TAMPA,HILLSBOROUGH,,,,PUBLIC SCHOOL,,,,,,,,,"-82.52475856,27.87686712",-82.52475856,27.87686712,,,,,,
3777,TAMPA,HILLSBOROUGH,,,,PUBLIC SCHOOL,,,,,,,,,"-82.60418458,28.02269286",-82.60418458,28.02269286,,,,,,
3779,TAMPA,HILLSBOROUGH,,,,PUBLIC SCHOOL,,,,,,,,,"-82.45964895,27.98169560",-82.45964895,27.9816956,,,,,,
3780,TAMPA,HILLSBOROUGH,,,,PUBLIC SCHOOL,,,,,,,,,"-82.63281884,28.07261925",-82.63281884,28.07261925,,,,,,
3781,TAMPA,HILLSBOROUGH,,,,PUBLIC SCHOOL,,,,,,,,,"-82.49840000,28.00779999",-82.4984,28.00779999,,,,,,
3782,TAMPA,HILLSBOROUGH,,,,PUBLIC SCHOOL,,,,,,,,,"-82.43599392,27.99723841",-82.43599392,27.99723841,,,,,,
3783,TAMPA,HILLSBOROUGH,,,,PUBLIC SCHOOL,,,,,,,,,"-82.43151994,28.07157256",-82.43151994,28.07157256,,,,,,
3784,TAMPA,HILLSBOROUGH,,,,PUBLIC SCHOOL,,,,,,,,,"-82.34179755,27.96673405",-82.34179755,27.96673405,,,,,,
3785,TAMPA,HILLSBOROUGH,,,,PUBLIC SCHOOL,,,,,,,,,"-82.57315307,28.07796534",-82.57315307,28.07796534,,,,,,
3786,TAMPA,HILLSBOROUGH,,,,PUBLIC SCHOOL,,,,,,,,,"-82.47908041,27.84724733",-82.47908041,27.84724733,,,,,,
3787,TAMPA,HILLSBOROUGH,,,,PUBLIC SCHOOL,,,,,,,,,"-82.43611251,27.97474441",-82.43611251,27.97474441,,,,,,
3788,TAMPA,HILLSBOROUGH,,,,PUBLIC SCHOOL,,,,,,,,,"-82.46399998,27.98839999",-82.46399998,27.98839999,,,,,,
3789,TAMPA,HILLSBOROUGH,,,,PUBLIC SCHOOL,,,,,,,,,"-82.47138285,27.96000184",-82.47138285,27.96000184,,,,,,
3791,TAMPA,HILLSBOROUGH,,,,PUBLIC SCHOOL,,,,,,,,,"-82.35778464,27.91023260",-82.35778464,27.9102326,,,,,,
3792,TAMPA,HILLSBOROUGH,,,,PUBLIC SCHOOL,,,,,,,,,"-82.48790000,27.88919999",-82.4879,27.88919999,,,,,,
3793,TAMPA,HILLSBOROUGH,,,,PUBLIC SCHOOL,,,,,,,,,"-82.32418043,28.14099652",-82.32418043,28.14099652,,,,,,
3794,TAMPA,HILLSBOROUGH,,,,PUBLIC SCHOOL,,,,,,,,,"-82.41014604,27.99119856",-82.41014604,27.99119856,,,,,,
3795,TAMPA,HILLSBOROUGH,,,,PUBLIC SCHOOL,,,,,,,,,"-82.57420424,27.99253875",-82.57420424,27.99253875,,,,,,
3796,TAMPA,HILLSBOROUGH,,,,PUBLIC SCHOOL,,,,,,,,,"-82.43719999,27.95720000",-82.43719999,27.9572,,,,,,
3797,TAMPA,HILLSBOROUGH,,,,PUBLIC SCHOOL,,,,,,,,,"-82.39240000,28.00950002",-82.3924,28.00950002,,,,,,
3798,TAMPA,HILLSBOROUGH,,,,PUBLIC SCHOOL,,,,,,,,,"-82.45906587,27.98951736",-82.45906587,27.98951736,,,,,,
3799,TAMPA,HILLSBOROUGH,,,,PUBLIC SCHOOL,,,,,,,,,"-82.51538326,27.87477205",-82.51538326,27.87477205,,,,,,
3800,TAMPA,HILLSBOROUGH,,,,PUBLIC SCHOOL,,,,,,,,,"-82.34216327,27.96755568",-82.34216327,27.96755568,,,,,,
3801,TAMPA,HILLSBOROUGH,,,,PUBLIC SCHOOL,,,,,,,,,"-82.46714418,28.04234913",-82.46714418,28.04234913,,,,,,
3802,TAMPA,HILLSBOROUGH,,,,PUBLIC SCHOOL,,,,,,,,,"-82.59226763,28.04546290",-82.59226763,28.0454629,,,,,,
3803,TAMPA,HILLSBOROUGH,,,,PUBLIC SCHOOL,,,,,,,,,"-82.49938981,28.05223433",-82.49938981,28.05223433,,,,,,
3804,TAMPA,HILLSBOROUGH,,,,PUBLIC SCHOOL,,,,,,,,,"-82.46071205,27.96258247",-82.46071205,27.96258247,,,,,,
3805,TAMPA,HILLSBOROUGH,,,,PUBLIC SCHOOL,,,,,,,,,"-82.37640832,28.05299283",-82.37640832,28.05299283,,,,,,
3806,TAMPA,HILLSBOROUGH,,,,PUBLIC SCHOOL,,,,,,,,,"-82.54836922,28.04115626",-82.54836922,28.04115626,,,,,,
3807,TAMPA,HILLSBOROUGH,,,,PUBLIC SCHOOL,,,,,,,,,"-82.61649560,28.06740808",-82.6164956,28.06740808,,,,,,
3808,TAMPA,HILLSBOROUGH,,,,PUBLIC SCHOOL,,,,,,,,,"-82.35736082,27.91282248",-82.35736082,27.91282248,,,,,,
3809,TAMPA,HILLSBOROUGH,,,,PUBLIC SCHOOL,,,,,,,,,"-82.36956659,27.93825067",-82.36956659,27.93825067,,,,,,
3810,TAMPA,HILLSBOROUGH,,,,PUBLIC SCHOOL,,,,,,,,,"-82.47827083,28.05760214",-82.47827083,28.05760214,,,,,,
3811,TAMPA,HILLSBOROUGH,,,,PUBLIC SCHOOL,,,,,,,,,"-82.50305215,27.88272003",-82.50305215,27.88272003,,,,,,
3812,TAMPA,HILLSBOROUGH,,,,PUBLIC SCHOOL,,,,,,,,,"-82.51450984,27.99796878",-82.51450984,27.99796878,,,,,,
3813,TAMPA,HILLSBOROUGH,,,,PUBLIC SCHOOL,,,,,,,,,"-82.45280001,28.01400002",-82.45280001,28.01400002,,,,,,
3814,TAMPA,HILLSBOROUGH,,,,PUBLIC SCHOOL,,,,,,,,,"-82.38311702,28.13324314",-82.38311702,28.13324314,,,,,,
3815,TAMPA,HILLSBOROUGH,,,,PUBLIC SCHOOL,,,,,,,,,"-82.41052034,27.99280300",-82.41052034,27.992803,,,,,,
3816,TAMPA,HILLSBOROUGH,,,,PUBLIC SCHOOL,,,,,,,,,"-82.43310001,27.98410001",-82.43310001,27.98410001,,,,,,
3817,TAMPA,HILLSBOROUGH,,,,PUBLIC SCHOOL,,,,,,,,,"-82.43628224,27.93537711",-82.43628224,27.93537711,,,,,,
3818,SEFFNER,HILLSBOROUGH,,,,PUBLIC SCHOOL,,,,,,,,,"-82.32755925,28.02623106",-82.32755925,28.02623106,,,,,,
3819,SEFFNER,HILLSBOROUGH,,,,PUBLIC SCHOOL,,,,,,,,,"-82.28430997,27.97314742",-82.28430997,27.97314742,,,,,,
3820,SEFFNER,HILLSBOROUGH,,,,PUBLIC SCHOOL,,,,,,,,,"-82.28570000,28.02290000",-82.2857,28.0229,,,,,,
3821,SEFFNER,HILLSBOROUGH,,,,PUBLIC SCHOOL,,,,,,,,,"-82.27270652,27.98229069",-82.27270652,27.98229069,,,,,,
3822,SEFFNER,HILLSBOROUGH,,,,PUBLIC SCHOOL,,,,,,,,,"-82.27898659,27.99724245",-82.27898659,27.99724245,,,,,,
3823,SEFFNER,HILLSBOROUGH,,,,PUBLIC SCHOOL,,,,,,,,,"-82.30395214,27.98273291",-82.30395214,27.98273291,,,,,,
3824,SEFFNER,HILLSBOROUGH,,,,PUBLIC SCHOOL,,,,,,,,,"-82.28493123,28.00777767",-82.28493123,28.00777767,,,,,,
3825,SEFFNER,HILLSBOROUGH,,,,PUBLIC SCHOOL,,,,,,,,,"-82.27883129,28.00804471",-82.27883129,28.00804471,,,,,,
3827,SEFFNER,HILLSBOROUGH,,,,PUBLIC SCHOOL,,,,,,,,,"-82.28134648,27.99668448",-82.28134648,27.99668448,,,,,,
3828,SEFFNER,HILLSBOROUGH,,,,PUBLIC SCHOOL,,,,,,,,,"-82.29595473,28.00538945",-82.29595473,28.00538945,,,,,,
3829,SEFFNER,HILLSBOROUGH,,,,PUBLIC SCHOOL,,,,,,,,,"-82.27613020,27.96616162",-82.2761302,27.96616162,,,,,,
3830,RUSKIN,HILLSBOROUGH,,,,PUBLIC SCHOOL,,,,,,,,,"-82.40451602,27.72237782",-82.40451602,27.72237782,,,,,,
3831,RUSKIN,HILLSBOROUGH,,,,PUBLIC SCHOOL,,,,,,,,,"-82.47242137,27.67202432",-82.47242137,27.67202432,,,,,,
3833,RUSKIN,HILLSBOROUGH,,,,PUBLIC SCHOOL,,,,,,,,,"-82.40038871,27.72206155",-82.40038871,27.72206155,,,,,,
3835,RUSKIN,HILLSBOROUGH,,,,PUBLIC SCHOOL,,,,,,,,,"-82.43264521,27.71230283",-82.43264521,27.71230283,,,,,,
3836,BRANDON,HILLSBOROUGH,,,,PUBLIC SCHOOL,,,,,,,,,"-82.29982428,27.94392679",-82.29982428,27.94392679,,,,,,
3837,BRANDON,HILLSBOROUGH,,,,PUBLIC SCHOOL,,,,,,,,,"-82.31953441,27.95873186",-82.31953441,27.95873186,,,,,,
3838,BRANDON,HILLSBOROUGH,,,,PUBLIC SCHOOL,,,,,,,,,"-82.29515425,27.89800626",-82.29515425,27.89800626,,,,,,
3839,BRANDON,HILLSBOROUGH,,,,PUBLIC SCHOOL,,,,,,,,,"-82.29122665,27.94326758",-82.29122665,27.94326758,,,,,,
3840,BRANDON,HILLSBOROUGH,,,,PUBLIC SCHOOL,,,,,,,,,"-82.27590825,27.90689468",-82.27590825,27.90689468,,,,,,
3841,BRANDON,HILLSBOROUGH,,,,PUBLIC SCHOOL,,,,,,,,,"-82.28058555,27.95155620",-82.28058555,27.9515562,,,,,,
3842,BRANDON,HILLSBOROUGH,,,,PUBLIC SCHOOL,,,,,,,,,"-82.30094353,27.95740183",-82.30094353,27.95740183,,,,,,
3843,BRANDON,HILLSBOROUGH,,,,PUBLIC SCHOOL,,,,,,,,,"-82.27248191,27.91683448",-82.27248191,27.91683448,,,,,,
3844,BRANDON,HILLSBOROUGH,,,,PUBLIC SCHOOL,,,,,,,,,"-82.27689999,27.94230000",-82.27689999,27.9423,,,,,,
3846,BRANDON,HILLSBOROUGH,,,,PUBLIC SCHOOL,,,,,,,,,"-82.30757849,27.91536813",-82.30757849,27.91536813,,,,,,
3847,PLANT CITY,HILLSBOROUGH,,,,PUBLIC SCHOOL,,,,,,,,,"-82.12930026,28.02799317",-82.12930026,28.02799317,,,,,,
3848,PLANT CITY,HILLSBOROUGH,,,,PUBLIC SCHOOL,,,,,,,,,"-82.12514939,28.00705437",-82.12514939,28.00705437,,,,,,
3849,PLANT CITY,HILLSBOROUGH,,,,PUBLIC SCHOOL,,,,,,,,,"-82.14660001,28.01829999",-82.14660001,28.01829999,,,,,,
3850,PLANT CITY,HILLSBOROUGH,,,,PUBLIC SCHOOL,,,,,,,,,"-82.12780021,27.99088629",-82.12780021,27.99088629,,,,,,
3851,PLANT CITY,HILLSBOROUGH,,,,PUBLIC SCHOOL,,,,,,,,,"-82.12361515,28.00265076",-82.12361515,28.00265076,,,,,,
3852,PLANT CITY,HILLSBOROUGH,,,,PUBLIC SCHOOL,,,,,,,,,"-82.17580453,28.05018351",-82.17580453,28.05018351,,,,,,
3853,PLANT CITY,HILLSBOROUGH,,,,PUBLIC SCHOOL,,,,,,,,,"-82.13249088,28.03961271",-82.13249088,28.03961271,,,,,,
3854,PLANT CITY,HILLSBOROUGH,,,,PUBLIC SCHOOL,,,,,,,,,"-82.07129515,27.97369165",-82.07129515,27.97369165,,,,,,
3855,PLANT CITY,HILLSBOROUGH,,,,PUBLIC SCHOOL,,,,,,,,,"-82.13830022,27.96616951",-82.13830022,27.96616951,,,,,,
3856,PLANT CITY,HILLSBOROUGH,,,,PUBLIC SCHOOL,,,,,,,,,"-82.14363758,28.01770804",-82.14363758,28.01770804,,,,,,
3858,PLANT CITY,HILLSBOROUGH,,,,PUBLIC SCHOOL,,,,,,,,,"-82.13464781,28.00442810",-82.13464781,28.0044281,,,,,,
3859,PLANT CITY,HILLSBOROUGH,,,,PUBLIC SCHOOL,,,,,,,,,"-82.17226834,27.88894774",-82.17226834,27.88894774,,,,,,
3860,PLANT CITY,HILLSBOROUGH,,,,PUBLIC SCHOOL,,,,,,,,,"-82.17087217,27.94744067",-82.17087217,27.94744067,,,,,,
3861,PLANT CITY,HILLSBOROUGH,,,,PUBLIC SCHOOL,,,,,,,,,"-82.17130002,27.94350000",-82.17130002,27.9435,,,,,,
3863,PLANT CITY,HILLSBOROUGH,,,,PUBLIC SCHOOL,,,,,,,,,"-82.15529998,28.07560002",-82.15529998,28.07560002,,,,,,
3864,PLANT CITY,HILLSBOROUGH,,,,PUBLIC SCHOOL,,,,,,,,,"-82.11350001,28.01280000",-82.11350001,28.0128,,,,,,
3865,PLANT CITY,HILLSBOROUGH,,,,PUBLIC SCHOOL,,,,,,,,,"-82.16969998,27.97720002",-82.16969998,27.97720002,,,,,,
3867,PLANT CITY,HILLSBOROUGH,,,,PUBLIC SCHOOL,,,,,,,,,"-82.12006669,28.02043294",-82.12006669,28.02043294,,,,,,
3869,PLANT CITY,HILLSBOROUGH,,,,PUBLIC SCHOOL,,,,,,,,,"-82.10828337,28.01578103",-82.10828337,28.01578103,,,,,,
3870,GIBSONTON,HILLSBOROUGH,,,,PUBLIC SCHOOL,,,,,,,,,"-82.36547591,27.79313539",-82.36547591,27.79313539,,,,,,
3871,GIBSONTON,HILLSBOROUGH,,,,PUBLIC SCHOOL,,,,,,,,,"-82.36972559,27.79538928",-82.36972559,27.79538928,,,,,,
3872,GIBSONTON,HILLSBOROUGH,,,,PUBLIC SCHOOL,,,,,,,,,"-82.36879998,27.84939998",-82.36879998,27.84939998,,,,,,
3873,GIBSONTON,HILLSBOROUGH,,,,PUBLIC SCHOOL,,,,,,,,,"-82.36316404,27.79360478",-82.36316404,27.79360478,,,,,,
3874,RIVERVIEW,HILLSBOROUGH,,,,PUBLIC SCHOOL,,,,,,,,,"-82.27273059,27.85333560",-82.27273059,27.8533356,,,,,,
3875,RIVERVIEW,HILLSBOROUGH,,,,PUBLIC SCHOOL,,,,,,,,,"-82.27980000,27.84789998",-82.2798,27.84789998,,,,,,
3876,RIVERVIEW,HILLSBOROUGH,,,,PUBLIC SCHOOL,,,,,,,,,"-82.35664359,27.87723248",-82.35664359,27.87723248,,,,,,
3877,RIVERVIEW,HILLSBOROUGH,,,,PUBLIC SCHOOL,,,,,,,,,"-82.28889686,27.80265807",-82.28889686,27.80265807,,,,,,
3878,RIVERVIEW,HILLSBOROUGH,,,,PUBLIC SCHOOL,,,,,,,,,"-82.32352257,27.80053670",-82.32352257,27.8005367,,,,,,
3879,RIVERVIEW,HILLSBOROUGH,,,,PUBLIC SCHOOL,,,,,,,,,"-82.31658255,27.81120683",-82.31658255,27.81120683,,,,,,
3880,RIVERVIEW,HILLSBOROUGH,,,,PUBLIC SCHOOL,,,,,,,,,"-82.31788562,27.88951184",-82.31788562,27.88951184,,,,,,
3881,RIVERVIEW,HILLSBOROUGH,,,,PUBLIC SCHOOL,,,,,,,,,"-82.30916779,27.88843236",-82.30916779,27.88843236,,,,,,
3882,RIVERVIEW,HILLSBOROUGH,,,,PUBLIC SCHOOL,,,,,,,,,"-82.27293956,27.85268232",-82.27293956,27.85268232,,,,,,
3883,RIVERVIEW,HILLSBOROUGH,,,,PUBLIC SCHOOL,,,,,,,,,"-82.25781167,27.84939072",-82.25781167,27.84939072,,,,,,
3884,RIVERVIEW,HILLSBOROUGH,,,,PUBLIC SCHOOL,,,,,,,,,"-82.27109591,27.85416022",-82.27109591,27.85416022,,,,,,
3885,RIVERVIEW,HILLSBOROUGH,,,,PUBLIC SCHOOL,,,,,,,,,"-82.33275671,27.85446760",-82.33275671,27.8544676,,,,,,
3886,RIVERVIEW,HILLSBOROUGH,,,,PUBLIC SCHOOL,,,,,,,,,"-82.25695826,27.84874017",-82.25695826,27.84874017,,,,,,
3887,RIVERVIEW,HILLSBOROUGH,,,,PUBLIC SCHOOL,,,,,,,,,"-82.32451115,27.87479330",-82.32451115,27.8747933,,,,,,
3888,RIVERVIEW,HILLSBOROUGH,,,,PUBLIC SCHOOL,,,,,,,,,"-82.33715688,27.91908072",-82.33715688,27.91908072,,,,,,
3889,RIVERVIEW,HILLSBOROUGH,,,,PUBLIC SCHOOL,,,,,,,,,"-82.35332710,27.88535163",-82.3533271,27.88535163,,,,,,
3890,RIVERVIEW,HILLSBOROUGH,,,,PUBLIC SCHOOL,,,,,,,,,"-82.32927442,27.88702586",-82.32927442,27.88702586,,,,,,
3891,RIVERVIEW,HILLSBOROUGH,,,,PUBLIC SCHOOL,,,,,,,,,"-82.29670001,27.84469998",-82.29670001,27.84469998,,,,,,
3892,RIVERVIEW,HILLSBOROUGH,,,,PUBLIC SCHOOL,,,,,,,,,"-82.31270000,27.85170002",-82.3127,27.85170002,,,,,,
3894,RIVERVIEW,HILLSBOROUGH,,,,PUBLIC SCHOOL,,,,,,,,,"-82.31923711,27.83360938",-82.31923711,27.83360938,,,,,,
3895,ODESSA,HILLSBOROUGH,,,,PUBLIC SCHOOL,,,,,,,,,"-82.57420659,28.11337494",-82.57420659,28.11337494,,,,,,
3896,ODESSA,HILLSBOROUGH,,,,PUBLIC SCHOOL,,,,,,,,,"-82.57657092,28.11206459",-82.57657092,28.11206459,,,,,,
3897,DOVER,HILLSBOROUGH,,,,PUBLIC SCHOOL,,,,,,,,,"-82.23782481,28.02005907",-82.23782481,28.02005907,,,,,,
3898,DOVER,HILLSBOROUGH,,,,PUBLIC SCHOOL,,,,,,,,,"-82.20434954,27.90770053",-82.20434954,27.90770053,,,,,,
3899,DOVER,HILLSBOROUGH,,,,PUBLIC SCHOOL,,,,,,,,,"-82.23587561,28.02289745",-82.23587561,28.02289745,,,,,,
3900,DOVER,HILLSBOROUGH,,,,PUBLIC SCHOOL,,,,,,,,,"-82.21024878,27.99079131",-82.21024878,27.99079131,,,,,,
3901,DOVER,HILLSBOROUGH,,,,PUBLIC SCHOOL,,,,,,,,,"-82.21086739,27.98922767",-82.21086739,27.98922767,,,,,,
3902,LITHIA,HILLSBOROUGH,,,,PUBLIC SCHOOL,,,,,,,,,"-82.23246724,27.84926755",-82.23246724,27.84926755,,,,,,
3903,LITHIA,HILLSBOROUGH,,,,PUBLIC SCHOOL,,,,,,,,,"-82.20596777,27.85948263",-82.20596777,27.85948263,,,,,,
3904,LITHIA,HILLSBOROUGH,,,,PUBLIC SCHOOL,,,,,,,,,"-82.14707404,27.84894272",-82.14707404,27.84894272,,,,,,
3905,LITHIA,HILLSBOROUGH,,,,PUBLIC SCHOOL,,,,,,,,,"-82.21910443,27.84223085",-82.21910443,27.84223085,,,,,,
3906,LITHIA,HILLSBOROUGH,,,,PUBLIC SCHOOL,,,,,,,,,"-82.20673686,27.85658560",-82.20673686,27.8565856,,,,,,
3907,WIMAUMA,HILLSBOROUGH,,,,PUBLIC SCHOOL,,,,,,,,,"-82.30166502,27.71006582",-82.30166502,27.71006582,,,,,,
3908,WIMAUMA,HILLSBOROUGH,,,,PUBLIC SCHOOL,,,,,,,,,"-82.32128635,27.65428584",-82.32128635,27.65428584,,,,,,
3909,WIMAUMA,HILLSBOROUGH,,,,PUBLIC SCHOOL,,,,,,,,,"-82.36142006,27.66327573",-82.36142006,27.66327573,,,,,,
3910,WIMAUMA,HILLSBOROUGH,,,,PUBLIC SCHOOL,,,,,,,,,"-82.36096544,27.66359605",-82.36096544,27.66359605,,,,,,
3911,WIMAUMA,HILLSBOROUGH,,,,PUBLIC SCHOOL,,,,,,,,,"-82.32057121,27.71738691",-82.32057121,27.71738691,,,,,,
3912,LUTZ,HILLSBOROUGH,,,,PUBLIC SCHOOL,,,,,,,,,"-82.53281420,28.16116541",-82.5328142,28.16116541,,,,,,
3913,LUTZ,HILLSBOROUGH,,,,PUBLIC SCHOOL,,,,,,,,,"-82.44779998,28.12710000",-82.44779998,28.1271,,,,,,
3914,LUTZ,HILLSBOROUGH,,,,PUBLIC SCHOOL,,,,,,,,,"-82.43999999,28.08090002",-82.43999999,28.08090002,,,,,,
3915,LUTZ,HILLSBOROUGH,,,,PUBLIC SCHOOL,,,,,,,,,"-82.46245588,28.13265802",-82.46245588,28.13265802,,,,,,
3916,LUTZ,HILLSBOROUGH,,,,PUBLIC SCHOOL,,,,,,,,,"-82.45902562,28.14728685",-82.45902562,28.14728685,,,,,,
3917,LUTZ,HILLSBOROUGH,,,,PUBLIC SCHOOL,,,,,,,,,"-82.50530000,28.13819998",-82.5053,28.13819998,,,,,,
3918,LUTZ,HILLSBOROUGH,,,,PUBLIC SCHOOL,,,,,,,,,"-82.46243980,28.13265163",-82.4624398,28.13265163,,,,,,
3919,LUTZ,HILLSBOROUGH,,,,PUBLIC SCHOOL,,,,,,,,,"-82.53385506,28.15879143",-82.53385506,28.15879143,,,,,,
3920,LUTZ,HILLSBOROUGH,,,,PUBLIC SCHOOL,,,,,,,,,"-82.53131159,28.15669064",-82.53131159,28.15669064,,,,,,
3921,LUTZ,HILLSBOROUGH,,,,PUBLIC SCHOOL,,,,,,,,,"-82.45046280,28.10393803",-82.4504628,28.10393803,,,,,,
3922,TEMPLE TERRACE,HILLSBOROUGH,,,,PUBLIC SCHOOL,,,,,,,,,"-82.39451323,28.04394171",-82.39451323,28.04394171,,,,,,
3923,TEMPLE TERRACE,HILLSBOROUGH,,,,PUBLIC SCHOOL,,,,,,,,,"-82.38872819,28.04432564",-82.38872819,28.04432564,,,,,,
3924,THONOTOSASSA,HILLSBOROUGH,,,,PUBLIC SCHOOL,,,,,,,,,"-82.32655812,28.05179188",-82.32655812,28.05179188,,,,,,
3925,THONOTOSASSA,HILLSBOROUGH,,,,PUBLIC SCHOOL,,,,,,,,,"-82.34409616,28.05529955",-82.34409616,28.05529955,,,,,,
3926,THONOTOSASSA,HILLSBOROUGH,,,,PUBLIC SCHOOL,,,,,,,,,"-82.31170001,28.05149999",-82.31170001,28.05149999,,,,,,
3927,THONOTOSASSA,HILLSBOROUGH,,,,PUBLIC SCHOOL,,,,,,,,,"-82.32508345,28.04699509",-82.32508345,28.04699509,,,,,,
3928,APOLLO BEACH,HILLSBOROUGH,,,,PUBLIC SCHOOL,,,,,,,,,"-82.40200001,27.77490000",-82.40200001,27.7749,,,,,,
3929,APOLLO BEACH,HILLSBOROUGH,,,,PUBLIC SCHOOL,,,,,,,,,"-82.36915133,27.78122257",-82.36915133,27.78122257,,,,,,
3930,VALRICO,HILLSBOROUGH,,,,PUBLIC SCHOOL,,,,,,,,,"-82.22320620,27.87772765",-82.2232062,27.87772765,,,,,,
3931,VALRICO,HILLSBOROUGH,,,,PUBLIC SCHOOL,,,,,,,,,"-82.24369628,27.92978770",-82.24369628,27.9297877,,,,,,
3932,VALRICO,HILLSBOROUGH,,,,PUBLIC SCHOOL,,,,,,,,,"-82.24150000,27.91410002",-82.2415,27.91410002,,,,,,
3933,VALRICO,HILLSBOROUGH,,,,PUBLIC SCHOOL,,,,,,,,,"-82.24056822,27.87478795",-82.24056822,27.87478795,,,,,,
3934,VALRICO,HILLSBOROUGH,,,,PUBLIC SCHOOL,,,,,,,,,"-82.23010077,27.90716908",-82.23010077,27.90716908,,,,,,
3935,VALRICO,HILLSBOROUGH,,,,PUBLIC SCHOOL,,,,,,,,,"-82.25526640,27.89492110",-82.2552664,27.8949211,,,,,,
3936,VALRICO,HILLSBOROUGH,,,,PUBLIC SCHOOL,,,,,,,,,"-82.24884658,27.88828931",-82.24884658,27.88828931,,,,,,
3937,SUN CITY CENTER,HILLSBOROUGH,,,,PUBLIC SCHOOL,,,,,,,,,"-82.36957147,27.73985234",-82.36957147,27.73985234,,,,,,
3938,SUN CITY CENTER,HILLSBOROUGH,,,,PUBLIC SCHOOL,,,,,,,,,"-82.36733762,27.73974844",-82.36733762,27.73974844,,,,,,
3939,GRACEVILLE,HOLMES,,,,PUBLIC SCHOOL,,,,,,,,,"-85.57544777,30.95418441",-85.57544777,30.95418441,,,,,,
3940,PONCE DE LEON,HOLMES,,,,PUBLIC SCHOOL,,,,,,,,,"-85.95881288,30.74164648",-85.95881288,30.74164648,,,,,,
3941,PONCE DE LEON,HOLMES,,,,PUBLIC SCHOOL,,,,,,,,,"-85.95953266,30.74481025",-85.95953266,30.74481025,,,,,,
3942,BONIFAY,HOLMES,,,,PUBLIC SCHOOL,,,,,,,,,"-85.69380543,30.78603975",-85.69380543,30.78603975,,,,,,
3943,BONIFAY,HOLMES,,,,PUBLIC SCHOOL,,,,,,,,,"-85.68324831,30.79447693",-85.68324831,30.79447693,,,,,,
3944,BONIFAY,HOLMES,,,,PUBLIC SCHOOL,,,,,,,,,"-85.67187928,30.79246382",-85.67187928,30.79246382,,,,,,
3945,BONIFAY,HOLMES,,,,PUBLIC SCHOOL,,,,,,,,,"-85.68288606,30.80486912",-85.68288606,30.80486912,,,,,,
3946,BONIFAY,HOLMES,,,,PUBLIC SCHOOL,,,,,,,,,"-85.73849999,30.92580001",-85.73849999,30.92580001,,,,,,
3947,FELLSMERE,INDIAN RIVER,,,,PUBLIC SCHOOL,,,,,,,,,"-80.60460519,27.76981020",-80.60460519,27.7698102,,,,,,
3948,VERO BEACH,INDIAN RIVER,,,,PUBLIC SCHOOL,,,,,,,,,"-80.42306486,27.67014580",-80.42306486,27.6701458,,,,,,
3949,VERO BEACH,INDIAN RIVER,,,,PUBLIC SCHOOL,,,,,,,,,"-80.46630538,27.74256044",-80.46630538,27.74256044,,,,,,
3950,VERO BEACH,INDIAN RIVER,,,,PUBLIC SCHOOL,,,,,,,,,"-80.40482886,27.64491296",-80.40482886,27.64491296,,,,,,
3951,VERO BEACH,INDIAN RIVER,,,,PUBLIC SCHOOL,,,,,,,,,"-80.45173671,27.61190606",-80.45173671,27.61190606,,,,,,
3952,VERO BEACH,INDIAN RIVER,,,,PUBLIC SCHOOL,,,,,,,,,"-80.40012282,27.63592700",-80.40012282,27.635927,,,,,,
3953,VERO BEACH,INDIAN RIVER,,,,PUBLIC SCHOOL,,,,,,,,,"-80.40362584,27.58248710",-80.40362584,27.5824871,,,,,,
3954,VERO BEACH,INDIAN RIVER,,,,PUBLIC SCHOOL,,,,,,,,,"-80.43721163,27.61804643",-80.43721163,27.61804643,,,,,,
3955,VERO BEACH,INDIAN RIVER,,,,PUBLIC SCHOOL,,,,,,,,,"-80.41373129,27.67809436",-80.41373129,27.67809436,,,,,,
3956,VERO BEACH,INDIAN RIVER,,,,PUBLIC SCHOOL,,,,,,,,,"-80.40312629,27.62467741",-80.40312629,27.62467741,,,,,,
3958,VERO BEACH,INDIAN RIVER,,,,PUBLIC SCHOOL,,,,,,,,,"-80.42035189,27.71454376",-80.42035189,27.71454376,,,,,,
3959,VERO BEACH,INDIAN RIVER,,,,PUBLIC SCHOOL,,,,,,,,,"-80.45179680,27.63300949",-80.4517968,27.63300949,,,,,,
3960,VERO BEACH,INDIAN RIVER,,,,PUBLIC SCHOOL,,,,,,,,,"-80.36570627,27.65429831",-80.36570627,27.65429831,,,,,,
3961,VERO BEACH,INDIAN RIVER,,,,PUBLIC SCHOOL,,,,,,,,,"-80.42862354,27.67236564",-80.42862354,27.67236564,,,,,,
3962,VERO BEACH,INDIAN RIVER,,,,PUBLIC SCHOOL,,,,,,,,,"-80.50880474,27.74742149",-80.50880474,27.74742149,,,,,,
3963,VERO BEACH,INDIAN RIVER,,,,PUBLIC SCHOOL,,,,,,,,,"-80.39084576,27.56820993",-80.39084576,27.56820993,,,,,,
3964,VERO BEACH,INDIAN RIVER,,,,PUBLIC SCHOOL,,,,,,,,,"-80.42550002,27.63179999",-80.42550002,27.63179999,,,,,,
3965,VERO BEACH,INDIAN RIVER,,,,PUBLIC SCHOOL,,,,,,,,,"-80.40415603,27.62997824",-80.40415603,27.62997824,,,,,,
3966,VERO BEACH,INDIAN RIVER,,,,PUBLIC SCHOOL,,,,,,,,,"-80.38400001,27.56830002",-80.38400001,27.56830002,,,,,,
3967,VERO BEACH,INDIAN RIVER,,,,PUBLIC SCHOOL,,,,,,,,,"-80.40407086,27.59588961",-80.40407086,27.59588961,,,,,,
3968,VERO BEACH,INDIAN RIVER,,,,PUBLIC SCHOOL,,,,,,,,,"-80.41529999,27.60800000",-80.41529999,27.608,,,,,,
3969,VERO BEACH,INDIAN RIVER,,,,PUBLIC SCHOOL,,,,,,,,,"-80.45115000,27.63389988",-80.45115,27.63389988,,,,,,
3971,VERO BEACH,INDIAN RIVER,,,,PUBLIC SCHOOL,,,,,,,,,"-80.45662626,27.69895131",-80.45662626,27.69895131,,,,,,
3972,VERO BEACH,INDIAN RIVER,,,,PUBLIC SCHOOL,,,,,,,,,"-80.41386139,27.67617597",-80.41386139,27.67617597,,,,,,
3973,SEBASTIAN,INDIAN RIVER,,,,PUBLIC SCHOOL,,,,,,,,,"-80.51354183,27.75784753",-80.51354183,27.75784753,,,,,,
3974,SEBASTIAN,INDIAN RIVER,,,,PUBLIC SCHOOL,,,,,,,,,"-80.46316416,27.76292867",-80.46316416,27.76292867,,,,,,
3975,SEBASTIAN,INDIAN RIVER,,,,PUBLIC SCHOOL,,,,,,,,,"-80.47686180,27.80415584",-80.4768618,27.80415584,,,,,,
3976,SEBASTIAN,INDIAN RIVER,,,,PUBLIC SCHOOL,,,,,,,,,"-80.43836366,27.75532520",-80.43836366,27.7553252,,,,,,
3977,SEBASTIAN,INDIAN RIVER,,,,PUBLIC SCHOOL,,,,,,,,,"-80.48307501,27.78919294",-80.48307501,27.78919294,,,,,,
3978,SEBASTIAN,INDIAN RIVER,,,,PUBLIC SCHOOL,,,,,,,,,"-80.51778357,27.76892539",-80.51778357,27.76892539,,,,,,
3979,MARIANNA,JACKSON,,,,PUBLIC SCHOOL,,,,,,,,,"-85.18941939,30.71268876",-85.18941939,30.71268876,,,,,,
3980,MARIANNA,JACKSON,,,,PUBLIC SCHOOL,,,,,,,,,"-85.24147206,30.78584316",-85.24147206,30.78584316,,,,,,
3981,MARIANNA,JACKSON,,,,PUBLIC SCHOOL,,,,,,,,,"-85.21590983,30.78006211",-85.21590983,30.78006211,,,,,,
3982,MARIANNA,JACKSON,,,,PUBLIC SCHOOL,,,,,,,,,"-85.17434615,30.83145155",-85.17434615,30.83145155,,,,,,
3983,MARIANNA,JACKSON,,,,PUBLIC SCHOOL,,,,,,,,,"-85.23837054,30.78312022",-85.23837054,30.78312022,,,,,,
3984,MARIANNA,JACKSON,,,,PUBLIC SCHOOL,,,,,,,,,"-85.23998485,30.78129051",-85.23998485,30.78129051,,,,,,
3985,MARIANNA,JACKSON,,,,PUBLIC SCHOOL,,,,,,,,,"-85.19992329,30.81087641",-85.19992329,30.81087641,,,,,,
3986,MARIANNA,JACKSON,,,,PUBLIC SCHOOL,,,,,,,,,"-85.25202309,30.76671636",-85.25202309,30.76671636,,,,,,
3987,MARIANNA,JACKSON,,,,PUBLIC SCHOOL,,,,,,,,,"-85.26005569,30.76226086",-85.26005569,30.76226086,,,,,,
3988,COTTONDALE,JACKSON,,,,PUBLIC SCHOOL,,,,,,,,,"-85.37419998,30.79280001",-85.37419998,30.79280001,,,,,,
3989,COTTONDALE,JACKSON,,,,PUBLIC SCHOOL,,,,,,,,,"-85.36669509,30.79303452",-85.36669509,30.79303452,,,,,,
3990,GRACEVILLE,JACKSON,,,,PUBLIC SCHOOL,,,,,,,,,"-85.50684388,30.97250633",-85.50684388,30.97250633,,,,,,
3991,GRACEVILLE,JACKSON,,,,PUBLIC SCHOOL,,,,,,,,,"-85.51858734,30.95656665",-85.51858734,30.95656665,,,,,,
3992,GRACEVILLE,JACKSON,,,,PUBLIC SCHOOL,,,,,,,,,"-85.49424393,30.95151657",-85.49424393,30.95151657,,,,,,
3993,SNEADS,JACKSON,,,,PUBLIC SCHOOL,,,,,,,,,"-84.94123501,30.70482321",-84.94123501,30.70482321,,,,,,
3994,SNEADS,JACKSON,,,,PUBLIC SCHOOL,,,,,,,,,"-84.92167005,30.70945535",-84.92167005,30.70945535,,,,,,
3995,GRAND RIDGE,JACKSON,,,,PUBLIC SCHOOL,,,,,,,,,"-85.01793551,30.70760651",-85.01793551,30.70760651,,,,,,
3996,MALONE,JACKSON,,,,PUBLIC SCHOOL,,,,,,,,,"-85.16523649,30.95417318",-85.16523649,30.95417318,,,,,,
3997,MONTICELLO,JEFFERSON,,,,PUBLIC SCHOOL,,,,,,,,,"-83.88560252,30.54534854",-83.88560252,30.54534854,,,,,,
3999,MONTICELLO,JEFFERSON,,,,PUBLIC SCHOOL,,,,,,,,,"-83.86270844,30.55196305",-83.86270844,30.55196305,,,,,,
4001,MONTICELLO,JEFFERSON,,,,PUBLIC SCHOOL,,,,,,,,,"-83.87885122,30.49090730",-83.87885122,30.4909073,,,,,,
4003,MAYO,LAFAYETTE,,,,PUBLIC SCHOOL,,,,,,,,,"-83.16856888,30.05471088",-83.16856888,30.05471088,,,,,,
4006,MAYO,LAFAYETTE,,,,PUBLIC SCHOOL,,,,,,,,,"-83.16458749,30.05571094",-83.16458749,30.05571094,,,,,,
4007,EUSTIS,LAKE,,,,PUBLIC SCHOOL,,,,,,,,,"-81.69028206,28.83355976",-81.69028206,28.83355976,,,,,,
4008,EUSTIS,LAKE,,,,PUBLIC SCHOOL,,,,,,,,,"-81.68964250,28.83866804",-81.6896425,28.83866804,,,,,,
4009,EUSTIS,LAKE,,,,PUBLIC SCHOOL,,,,,,,,,"-81.64614690,28.85945601",-81.6461469,28.85945601,,,,,,
4010,EUSTIS,LAKE,,,,PUBLIC SCHOOL,,,,,,,,,"-81.67220000,28.84690000",-81.6722,28.8469,,,,,,
4011,EUSTIS,LAKE,,,,PUBLIC SCHOOL,,,,,,,,,"-81.52554074,28.85831417",-81.52554074,28.85831417,,,,,,
4013,EUSTIS,LAKE,,,,PUBLIC SCHOOL,,,,,,,,,"-81.66818852,28.87534276",-81.66818852,28.87534276,,,,,,
4014,EUSTIS,LAKE,,,,PUBLIC SCHOOL,,,,,,,,,"-81.69794334,28.82697673",-81.69794334,28.82697673,,,,,,
4015,EUSTIS,LAKE,,,,PUBLIC SCHOOL,,,,,,,,,"-81.67782457,28.85115259",-81.67782457,28.85115259,,,,,,
4016,CLERMONT,LAKE,,,,PUBLIC SCHOOL,,,,,,,,,"-81.71451727,28.53925337",-81.71451727,28.53925337,,,,,,
4017,CLERMONT,LAKE,,,,PUBLIC SCHOOL,,,,,,,,,"-81.74104908,28.58000635",-81.74104908,28.58000635,,,,,,
4018,CLERMONT,LAKE,,,,PUBLIC SCHOOL,,,,,,,,,"-81.72000048,28.53894400",-81.72000048,28.538944,,,,,,
4019,CLERMONT,LAKE,,,,PUBLIC SCHOOL,,,,,,,,,"-81.72938530,28.58401989",-81.7293853,28.58401989,,,,,,
4020,CLERMONT,LAKE,,,,PUBLIC SCHOOL,,,,,,,,,"-81.70540505,28.51409228",-81.70540505,28.51409228,,,,,,
4021,CLERMONT,LAKE,,,,PUBLIC SCHOOL,,,,,,,,,"-81.75552398,28.55883424",-81.75552398,28.55883424,,,,,,
4022,CLERMONT,LAKE,,,,PUBLIC SCHOOL,,,,,,,,,"-81.75708397,28.55937612",-81.75708397,28.55937612,,,,,,
4023,CLERMONT,LAKE,,,,PUBLIC SCHOOL,,,,,,,,,"-81.72089799,28.58108923",-81.72089799,28.58108923,,,,,,
4024,CLERMONT,LAKE,,,,PUBLIC SCHOOL,,,,,,,,,"-81.74654659,28.55212631",-81.74654659,28.55212631,,,,,,
4025,CLERMONT,LAKE,,,,PUBLIC SCHOOL,,,,,,,,,"-81.72201779,28.52487315",-81.72201779,28.52487315,,,,,,
4026,CLERMONT,LAKE,,,,PUBLIC SCHOOL,,,,,,,,,"-81.78668861,28.49527201",-81.78668861,28.49527201,,,,,,
4027,CLERMONT,LAKE,,,,PUBLIC SCHOOL,,,,,,,,,"-81.70403762,28.50082303",-81.70403762,28.50082303,,,,,,
4028,CLERMONT,LAKE,,,,PUBLIC SCHOOL,,,,,,,,,"-81.68770662,28.40493780",-81.68770662,28.4049378,,,,,,
4029,LADY LAKE,LAKE,,,,PUBLIC SCHOOL,,,,,,,,,"-81.93558485,28.93005227",-81.93558485,28.93005227,,,,,,
4030,LEESBURG,LAKE,,,,PUBLIC SCHOOL,,,,,,,,,"-81.89506617,28.82704723",-81.89506617,28.82704723,,,,,,
4031,LEESBURG,LAKE,,,,PUBLIC SCHOOL,,,,,,,,,"-81.88043266,28.81316433",-81.88043266,28.81316433,,,,,,
4032,LEESBURG,LAKE,,,,PUBLIC SCHOOL,,,,,,,,,"-81.89930998,28.80135691",-81.89930998,28.80135691,,,,,,
4033,LEESBURG,LAKE,,,,PUBLIC SCHOOL,,,,,,,,,"-81.78038439,28.84550770",-81.78038439,28.8455077,,,,,,
4034,LEESBURG,LAKE,,,,PUBLIC SCHOOL,,,,,,,,,"-81.78257818,28.84229492",-81.78257818,28.84229492,,,,,,
4035,LEESBURG,LAKE,,,,PUBLIC SCHOOL,,,,,,,,,"-81.88280000,28.82940001",-81.8828,28.82940001,,,,,,
4036,LEESBURG,LAKE,,,,PUBLIC SCHOOL,,,,,,,,,"-81.91880087,28.82601623",-81.91880087,28.82601623,,,,,,
4037,LEESBURG,LAKE,,,,PUBLIC SCHOOL,,,,,,,,,"-81.89705383,28.80179580",-81.89705383,28.8017958,,,,,,
4038,LEESBURG,LAKE,,,,PUBLIC SCHOOL,,,,,,,,,"-81.89645018,28.83756600",-81.89645018,28.837566,,,,,,
4039,LEESBURG,LAKE,,,,PUBLIC SCHOOL,,,,,,,,,"-81.88869816,28.80768335",-81.88869816,28.80768335,,,,,,
4040,MOUNT DORA,LAKE,,,,PUBLIC SCHOOL,,,,,,,,,"-81.63476147,28.80261286",-81.63476147,28.80261286,,,,,,
4041,MOUNT DORA,LAKE,,,,PUBLIC SCHOOL,,,,,,,,,"-81.59408561,28.80540156",-81.59408561,28.80540156,,,,,,
4042,MOUNT DORA,LAKE,,,,PUBLIC SCHOOL,,,,,,,,,"-81.63109114,28.80881780",-81.63109114,28.8088178,,,,,,
4043,MOUNT DORA,LAKE,,,,PUBLIC SCHOOL,,,,,,,,,"-81.67591600,28.81245013",-81.675916,28.81245013,,,,,,
4044,GROVELAND,LAKE,,,,PUBLIC SCHOOL,,,,,,,,,"-81.81653138,28.57416628",-81.81653138,28.57416628,,,,,,
4045,GROVELAND,LAKE,,,,PUBLIC SCHOOL,,,,,,,,,"-81.85518029,28.55679573",-81.85518029,28.55679573,,,,,,
4046,GROVELAND,LAKE,,,,PUBLIC SCHOOL,,,,,,,,,"-81.84633720,28.55370970",-81.8463372,28.5537097,,,,,,
4047,UMATILLA,LAKE,,,,PUBLIC SCHOOL,,,,,,,,,"-81.66428334,28.93050106",-81.66428334,28.93050106,,,,,,
4048,UMATILLA,LAKE,,,,PUBLIC SCHOOL,,,,,,,,,"-81.66010232,28.92880111",-81.66010232,28.92880111,,,,,,
4049,UMATILLA,LAKE,,,,PUBLIC SCHOOL,,,,,,,,,"-81.67193186,28.93735799",-81.67193186,28.93735799,,,,,,
4050,FRUITLAND PARK,LAKE,,,,PUBLIC SCHOOL,,,,,,,,,"-81.90975672,28.85979943",-81.90975672,28.85979943,,,,,,
4051,ASTATULA,LAKE,,,,PUBLIC SCHOOL,,,,,,,,,"-81.72587524,28.71106552",-81.72587524,28.71106552,,,,,,
4052,PAISLEY,LAKE,,,,PUBLIC SCHOOL,,,,,,,,,"-81.54178296,28.99539465",-81.54178296,28.99539465,,,,,,
4053,TAVARES,LAKE,,,,PUBLIC SCHOOL,,,,,,,,,"-81.72840247,28.80699005",-81.72840247,28.80699005,,,,,,
4054,TAVARES,LAKE,,,,PUBLIC SCHOOL,,,,,,,,,"-81.72920839,28.81154649",-81.72920839,28.81154649,,,,,,
4055,TAVARES,LAKE,,,,PUBLIC SCHOOL,,,,,,,,,"-81.72110278,28.81012611",-81.72110278,28.81012611,,,,,,
4057,TAVARES,LAKE,,,,PUBLIC SCHOOL,,,,,,,,,"-81.74056137,28.77066612",-81.74056137,28.77066612,,,,,,
4058,ALTOONA,LAKE,,,,PUBLIC SCHOOL,,,,,,,,,"-81.64683024,28.96982921",-81.64683024,28.96982921,,,,,,
4059,MASCOTTE,LAKE,,,,PUBLIC SCHOOL,,,,,,,,,"-81.88567552,28.57236029",-81.88567552,28.57236029,,,,,,
4060,HOWEY IN THE HILLS,LAKE,,,,PUBLIC SCHOOL,,,,,,,,,"-81.76879132,28.70431162",-81.76879132,28.70431162,,,,,,
4061,SORRENTO,LAKE,,,,PUBLIC SCHOOL,,,,,,,,,"-81.55015569,28.81602509",-81.55015569,28.81602509,,,,,,
4062,CAPE CORAL,LEE,,,,PUBLIC SCHOOL,,,,,,,,,"-82.01237606,26.58632859",-82.01237606,26.58632859,,,,,,
4063,CAPE CORAL,LEE,,,,PUBLIC SCHOOL,,,,,,,,,"-81.97711139,26.64521747",-81.97711139,26.64521747,,,,,,
4064,CAPE CORAL,LEE,,,,PUBLIC SCHOOL,,,,,,,,,"-81.97613139,26.60896932",-81.97613139,26.60896932,,,,,,
4065,CAPE CORAL,LEE,,,,PUBLIC SCHOOL,,,,,,,,,"-82.01650800,26.61826724",-82.016508,26.61826724,,,,,,
4066,CAPE CORAL,LEE,,,,PUBLIC SCHOOL,,,,,,,,,"-81.98887859,26.62197057",-81.98887859,26.62197057,,,,,,
4067,CAPE CORAL,LEE,,,,PUBLIC SCHOOL,,,,,,,,,"-81.92927200,26.72765200",-81.929272,26.727652,,,,,,
4068,CAPE CORAL,LEE,,,,PUBLIC SCHOOL,,,,,,,,,"-82.02249550,26.58805341",-82.0224955,26.58805341,,,,,,
4069,CAPE CORAL,LEE,,,,PUBLIC SCHOOL,,,,,,,,,"-81.94240936,26.64224281",-81.94240936,26.64224281,,,,,,
4070,CAPE CORAL,LEE,,,,PUBLIC SCHOOL,,,,,,,,,"-81.94889808,26.68525415",-81.94889808,26.68525415,,,,,,
4071,CAPE CORAL,LEE,,,,PUBLIC SCHOOL,,,,,,,,,"-82.03377945,26.64604305",-82.03377945,26.64604305,,,,,,
4072,CAPE CORAL,LEE,,,,PUBLIC SCHOOL,,,,,,,,,"-81.94194131,26.64366640",-81.94194131,26.6436664,,,,,,
4074,CAPE CORAL,LEE,,,,PUBLIC SCHOOL,,,,,,,,,"-81.98023713,26.58594095",-81.98023713,26.58594095,,,,,,
4075,CAPE CORAL,LEE,,,,PUBLIC SCHOOL,,,,,,,,,"-81.94924797,26.56802586",-81.94924797,26.56802586,,,,,,
4076,CAPE CORAL,LEE,,,,PUBLIC SCHOOL,,,,,,,,,"-81.98920500,26.62018146",-81.989205,26.62018146,,,,,,
4077,CAPE CORAL,LEE,,,,PUBLIC SCHOOL,,,,,,,,,"-82.01258571,26.58988994",-82.01258571,26.58988994,,,,,,
4078,CAPE CORAL,LEE,,,,PUBLIC SCHOOL,,,,,,,,,"-82.00610863,26.66099175",-82.00610863,26.66099175,,,,,,
4079,CAPE CORAL,LEE,,,,PUBLIC SCHOOL,,,,,,,,,"-82.01707425,26.62149258",-82.01707425,26.62149258,,,,,,
4080,CAPE CORAL,LEE,,,,PUBLIC SCHOOL,,,,,,,,,"-81.97683691,26.65909456",-81.97683691,26.65909456,,,,,,
4081,CAPE CORAL,LEE,,,,PUBLIC SCHOOL,,,,,,,,,"-81.97624573,26.65854939",-81.97624573,26.65854939,,,,,,
4082,CAPE CORAL,LEE,,,,PUBLIC SCHOOL,,,,,,,,,"-81.97574840,26.65682661",-81.9757484,26.65682661,,,,,,
4083,CAPE CORAL,LEE,,,,PUBLIC SCHOOL,,,,,,,,,"-81.97358498,26.61346724",-81.97358498,26.61346724,,,,,,
4084,CAPE CORAL,LEE,,,,PUBLIC SCHOOL,,,,,,,,,"-82.00552983,26.66493934",-82.00552983,26.66493934,,,,,,
4085,CAPE CORAL,LEE,,,,PUBLIC SCHOOL,,,,,,,,,"-81.95047396,26.68482341",-81.95047396,26.68482341,,,,,,
4086,CAPE CORAL,LEE,,,,PUBLIC SCHOOL,,,,,,,,,"-81.98529976,26.64672814",-81.98529976,26.64672814,,,,,,
4087,CAPE CORAL,LEE,,,,PUBLIC SCHOOL,,,,,,,,,"-82.01677840,26.58767382",-82.0167784,26.58767382,,,,,,
4088,CAPE CORAL,LEE,,,,PUBLIC SCHOOL,,,,,,,,,"-82.02269951,26.58667393",-82.02269951,26.58667393,,,,,,
4089,CAPE CORAL,LEE,,,,PUBLIC SCHOOL,,,,,,,,,"-81.98861541,26.61633902",-81.98861541,26.61633902,,,,,,
4090,FORT MYERS,LEE,,,,PUBLIC SCHOOL,,,,,,,,,"-81.75776200,26.55288568",-81.757762,26.55288568,,,,,,
4091,FORT MYERS,LEE,,,,PUBLIC SCHOOL,,,,,,,,,"-81.80830854,26.63331761",-81.80830854,26.63331761,,,,,,
4092,FORT MYERS,LEE,,,,PUBLIC SCHOOL,,,,,,,,,"-81.81665647,26.60272031",-81.81665647,26.60272031,,,,,,
4093,FORT MYERS,LEE,,,,PUBLIC SCHOOL,,,,,,,,,"-81.90154011,26.54080304",-81.90154011,26.54080304,,,,,,
4094,FORT MYERS,LEE,,,,PUBLIC SCHOOL,,,,,,,,,"-81.85795749,26.60493136",-81.85795749,26.60493136,,,,,,
4096,FORT MYERS,LEE,,,,PUBLIC SCHOOL,,,,,,,,,"-81.83912082,26.64701666",-81.83912082,26.64701666,,,,,,
4097,FORT MYERS,LEE,,,,PUBLIC SCHOOL,,,,,,,,,"-81.92607758,26.52148130",-81.92607758,26.5214813,,,,,,
4098,FORT MYERS,LEE,,,,PUBLIC SCHOOL,,,,,,,,,"-81.80532642,26.67758232",-81.80532642,26.67758232,,,,,,
4099,FORT MYERS,LEE,,,,PUBLIC SCHOOL,,,,,,,,,"-81.85403346,26.60397075",-81.85403346,26.60397075,,,,,,
4100,FORT MYERS,LEE,,,,PUBLIC SCHOOL,,,,,,,,,"-81.80668215,26.67020721",-81.80668215,26.67020721,,,,,,
4101,FORT MYERS,LEE,,,,PUBLIC SCHOOL,,,,,,,,,"-81.82037325,26.66980371",-81.82037325,26.66980371,,,,,,
4102,FORT MYERS,LEE,,,,PUBLIC SCHOOL,,,,,,,,,"-81.85357658,26.59969592",-81.85357658,26.59969592,,,,,,
4103,FORT MYERS,LEE,,,,PUBLIC SCHOOL,,,,,,,,,"-81.87751207,26.62794081",-81.87751207,26.62794081,,,,,,
4104,FORT MYERS,LEE,,,,PUBLIC SCHOOL,,,,,,,,,"-81.79522777,26.45540951",-81.79522777,26.45540951,,,,,,
4105,FORT MYERS,LEE,,,,PUBLIC SCHOOL,,,,,,,,,"-81.73561309,26.57730565",-81.73561309,26.57730565,,,,,,
4106,FORT MYERS,LEE,,,,PUBLIC SCHOOL,,,,,,,,,"-81.85504920,26.63319773",-81.8550492,26.63319773,,,,,,
4107,FORT MYERS,LEE,,,,PUBLIC SCHOOL,,,,,,,,,"-81.72417183,26.70648910",-81.72417183,26.7064891,,,,,,
4108,FORT MYERS,LEE,,,,PUBLIC SCHOOL,,,,,,,,,"-81.87483158,26.63294141",-81.87483158,26.63294141,,,,,,
4109,FORT MYERS,LEE,,,,PUBLIC SCHOOL,,,,,,,,,"-81.84678271,26.63613702",-81.84678271,26.63613702,,,,,,
4110,FORT MYERS,LEE,,,,PUBLIC SCHOOL,,,,,,,,,"-81.91367371,26.49762277",-81.91367371,26.49762277,,,,,,
4111,FORT MYERS,LEE,,,,PUBLIC SCHOOL,,,,,,,,,"-81.85194083,26.64327418",-81.85194083,26.64327418,,,,,,
4112,FORT MYERS,LEE,,,,PUBLIC SCHOOL,,,,,,,,,"-81.81630602,26.59952313",-81.81630602,26.59952313,,,,,,
4113,FORT MYERS,LEE,,,,PUBLIC SCHOOL,,,,,,,,,"-81.87159274,26.62075583",-81.87159274,26.62075583,,,,,,
4114,FORT MYERS,LEE,,,,PUBLIC SCHOOL,,,,,,,,,"-81.83444330,26.63293714",-81.8344433,26.63293714,,,,,,
4115,FORT MYERS,LEE,,,,PUBLIC SCHOOL,,,,,,,,,"-81.90187673,26.54474836",-81.90187673,26.54474836,,,,,,
4116,FORT MYERS,LEE,,,,PUBLIC SCHOOL,,,,,,,,,"-81.88263429,26.58028249",-81.88263429,26.58028249,,,,,,
4117,FORT MYERS,LEE,,,,PUBLIC SCHOOL,,,,,,,,,"-81.75196207,26.55721676",-81.75196207,26.55721676,,,,,,
4119,FORT MYERS,LEE,,,,PUBLIC SCHOOL,,,,,,,,,"-81.78973406,26.54109325",-81.78973406,26.54109325,,,,,,
4120,FORT MYERS,LEE,,,,PUBLIC SCHOOL,,,,,,,,,"-81.84873014,26.53784081",-81.84873014,26.53784081,,,,,,
4121,FORT MYERS,LEE,,,,PUBLIC SCHOOL,,,,,,,,,"-81.89050391,26.55138731",-81.89050391,26.55138731,,,,,,
4122,FORT MYERS,LEE,,,,PUBLIC SCHOOL,,,,,,,,,"-81.84379295,26.60803232",-81.84379295,26.60803232,,,,,,
4123,FORT MYERS,LEE,,,,PUBLIC SCHOOL,,,,,,,,,"-81.87662488,26.61609055",-81.87662488,26.61609055,,,,,,
4124,FORT MYERS,LEE,,,,PUBLIC SCHOOL,,,,,,,,,"-81.84641815,26.60785964",-81.84641815,26.60785964,,,,,,
4125,FORT MYERS,LEE,,,,PUBLIC SCHOOL,,,,,,,,,"-81.79082187,26.67235778",-81.79082187,26.67235778,,,,,,
4126,FORT MYERS,LEE,,,,PUBLIC SCHOOL,,,,,,,,,"-81.86813966,26.56888093",-81.86813966,26.56888093,,,,,,
4127,FORT MYERS,LEE,,,,PUBLIC SCHOOL,,,,,,,,,"-81.78536093,26.58474337",-81.78536093,26.58474337,,,,,,
4128,FORT MYERS,LEE,,,,PUBLIC SCHOOL,,,,,,,,,"-81.85378981,26.60356364",-81.85378981,26.60356364,,,,,,
4129,FORT MYERS,LEE,,,,PUBLIC SCHOOL,,,,,,,,,"-81.84819326,26.49141048",-81.84819326,26.49141048,,,,,,
4130,FORT MYERS,LEE,,,,PUBLIC SCHOOL,,,,,,,,,"-81.82562164,26.64751989",-81.82562164,26.64751989,,,,,,
4131,FORT MYERS,LEE,,,,PUBLIC SCHOOL,,,,,,,,,"-81.85107668,26.64401697",-81.85107668,26.64401697,,,,,,
4132,FORT MYERS,LEE,,,,PUBLIC SCHOOL,,,,,,,,,"-81.82761734,26.65471303",-81.82761734,26.65471303,,,,,,
4133,FORT MYERS,LEE,,,,PUBLIC SCHOOL,,,,,,,,,"-81.87617637,26.60334084",-81.87617637,26.60334084,,,,,,
4135,FORT MYERS,LEE,,,,PUBLIC SCHOOL,,,,,,,,,"-81.78945893,26.67341417",-81.78945893,26.67341417,,,,,,
4136,FORT MYERS,LEE,,,,PUBLIC SCHOOL,,,,,,,,,"-81.84355860,26.66122745",-81.8435586,26.66122745,,,,,,
4137,FORT MYERS,LEE,,,,PUBLIC SCHOOL,,,,,,,,,"-81.86472832,26.61946723",-81.86472832,26.61946723,,,,,,
4138,FORT MYERS,LEE,,,,PUBLIC SCHOOL,,,,,,,,,"-81.83640368,26.64717237",-81.83640368,26.64717237,,,,,,
4139,FORT MYERS,LEE,,,,PUBLIC SCHOOL,,,,,,,,,"-81.84414764,26.54127888",-81.84414764,26.54127888,,,,,,
4140,FORT MYERS,LEE,,,,PUBLIC SCHOOL,,,,,,,,,"-81.81526074,26.48636943",-81.81526074,26.48636943,,,,,,
4141,FORT MYERS,LEE,,,,PUBLIC SCHOOL,,,,,,,,,"-81.79590699,26.47228027",-81.79590699,26.47228027,,,,,,
4142,FORT MYERS BEACH,LEE,,,,PUBLIC SCHOOL,,,,,,,,,"-81.93883009,26.44870829",-81.93883009,26.44870829,,,,,,
4143,FORT MYERS BEACH,LEE,,,,PUBLIC SCHOOL,,,,,,,,,"-81.94897742,26.46039684",-81.94897742,26.46039684,,,,,,
4144,LEHIGH ACRES,LEE,,,,PUBLIC SCHOOL,,,,,,,,,"-81.63536584,26.59713590",-81.63536584,26.5971359,,,,,,
4145,LEHIGH ACRES,LEE,,,,PUBLIC SCHOOL,,,,,,,,,"-81.64876105,26.60852735",-81.64876105,26.60852735,,,,,,
4146,LEHIGH ACRES,LEE,,,,PUBLIC SCHOOL,,,,,,,,,"-81.60201721,26.55828989",-81.60201721,26.55828989,,,,,,
4147,LEHIGH ACRES,LEE,,,,PUBLIC SCHOOL,,,,,,,,,"-81.63246899,26.59815200",-81.63246899,26.598152,,,,,,
4148,LEHIGH ACRES,LEE,,,,PUBLIC SCHOOL,,,,,,,,,"-81.72655258,26.62203411",-81.72655258,26.62203411,,,,,,
4149,LEHIGH ACRES,LEE,,,,PUBLIC SCHOOL,,,,,,,,,"-81.71961700,26.62289600",-81.719617,26.622896,,,,,,
4150,LEHIGH ACRES,LEE,,,,PUBLIC SCHOOL,,,,,,,,,"-81.61497436,26.56902360",-81.61497436,26.5690236,,,,,,
4151,LEHIGH ACRES,LEE,,,,PUBLIC SCHOOL,,,,,,,,,"-81.69349809,26.64015139",-81.69349809,26.64015139,,,,,,
4152,LEHIGH ACRES,LEE,,,,PUBLIC SCHOOL,,,,,,,,,"-81.69333944,26.63709925",-81.69333944,26.63709925,,,,,,
4153,LEHIGH ACRES,LEE,,,,PUBLIC SCHOOL,,,,,,,,,"-81.68960736,26.61870154",-81.68960736,26.61870154,,,,,,
4154,LEHIGH ACRES,LEE,,,,PUBLIC SCHOOL,,,,,,,,,"-81.71808742,26.62931839",-81.71808742,26.62931839,,,,,,
4155,LEHIGH ACRES,LEE,,,,PUBLIC SCHOOL,,,,,,,,,"-81.62685753,26.60921627",-81.62685753,26.60921627,,,,,,
4156,BONITA SPRINGS,LEE,,,,PUBLIC SCHOOL,,,,,,,,,"-81.77317326,26.32939486",-81.77317326,26.32939486,,,,,,
4157,BONITA SPRINGS,LEE,,,,PUBLIC SCHOOL,,,,,,,,,"-81.80469822,26.36850980",-81.80469822,26.3685098,,,,,,
4158,BONITA SPRINGS,LEE,,,,PUBLIC SCHOOL,,,,,,,,,"-81.78571830,26.34660395",-81.7857183,26.34660395,,,,,,
4159,BONITA SPRINGS,LEE,,,,PUBLIC SCHOOL,,,,,,,,,"-81.79663164,26.36528800",-81.79663164,26.365288,,,,,,
4160,BONITA SPRINGS,LEE,,,,PUBLIC SCHOOL,,,,,,,,,"-81.77484000,26.33589978",-81.77484,26.33589978,,,,,,
4161,ALVA,LEE,,,,PUBLIC SCHOOL,,,,,,,,,"-81.72713626,26.69584473",-81.72713626,26.69584473,,,,,,
4162,ALVA,LEE,,,,PUBLIC SCHOOL,,,,,,,,,"-81.60975850,26.71672053",-81.6097585,26.71672053,,,,,,
4163,ALVA,LEE,,,,PUBLIC SCHOOL,,,,,,,,,"-81.70567777,26.70524122",-81.70567777,26.70524122,,,,,,
4164,ESTERO,LEE,,,,PUBLIC SCHOOL,,,,,,,,,"-81.79610663,26.42247109",-81.79610663,26.42247109,,,,,,
4165,ESTERO,LEE,,,,PUBLIC SCHOOL,,,,,,,,,"-81.75931703,26.43749675",-81.75931703,26.43749675,,,,,,
4166,NORTH FORT MYERS,LEE,,,,PUBLIC SCHOOL,,,,,,,,,"-81.84151073,26.71200287",-81.84151073,26.71200287,,,,,,
4167,NORTH FORT MYERS,LEE,,,,PUBLIC SCHOOL,,,,,,,,,"-81.88187658,26.70836164",-81.88187658,26.70836164,,,,,,
4168,NORTH FORT MYERS,LEE,,,,PUBLIC SCHOOL,,,,,,,,,"-81.91476718,26.69511736",-81.91476718,26.69511736,,,,,,
4169,NORTH FORT MYERS,LEE,,,,PUBLIC SCHOOL,,,,,,,,,"-81.91330922,26.66303768",-81.91330922,26.66303768,,,,,,
4170,NORTH FORT MYERS,LEE,,,,PUBLIC SCHOOL,,,,,,,,,"-81.88786279,26.68327980",-81.88786279,26.6832798,,,,,,
4171,NORTH FORT MYERS,LEE,,,,PUBLIC SCHOOL,,,,,,,,,"-81.91667257,26.66460385",-81.91667257,26.66460385,,,,,,
4172,NORTH FORT MYERS,LEE,,,,PUBLIC SCHOOL,,,,,,,,,"-81.90227578,26.65088951",-81.90227578,26.65088951,,,,,,
4173,BOKEELIA,LEE,,,,PUBLIC SCHOOL,,,,,,,,,"-82.11405752,26.61608632",-82.11405752,26.61608632,,,,,,
4174,BOCA GRANDE,LEE,,,,PUBLIC SCHOOL,,,,,,,,,"-82.26145124,26.74677984",-82.26145124,26.74677984,,,,,,
4175,SANIBEL,LEE,,,,PUBLIC SCHOOL,,,,,,,,,"-82.11651020,26.44734007",-82.1165102,26.44734007,,,,,,
4176,FT MYERS,LEE,,,,PUBLIC SCHOOL,,,,,,,,,"-81.87497226,26.59230309",-81.87497226,26.59230309,,,,,,
4177,TALLAHASSEE,LEON,,,,PUBLIC SCHOOL,,,,,,,,,"-84.29664245,30.45707774",-84.29664245,30.45707774,,,,,,
4178,TALLAHASSEE,LEON,,,,PUBLIC SCHOOL,,,,,,,,,"-84.33919843,30.44859310",-84.33919843,30.4485931,,,,,,
4180,TALLAHASSEE,LEON,,,,PUBLIC SCHOOL,,,,,,,,,"-84.33920000,30.49310000",-84.3392,30.4931,,,,,,
4181,TALLAHASSEE,LEON,,,,PUBLIC SCHOOL,,,,,,,,,"-84.21780018,30.43755752",-84.21780018,30.43755752,,,,,,
4182,TALLAHASSEE,LEON,,,,PUBLIC SCHOOL,,,,,,,,,"-84.23068263,30.46233991",-84.23068263,30.46233991,,,,,,
4183,TALLAHASSEE,LEON,,,,PUBLIC SCHOOL,,,,,,,,,"-84.22351820,30.41386304",-84.2235182,30.41386304,,,,,,
4184,TALLAHASSEE,LEON,,,,PUBLIC SCHOOL,,,,,,,,,"-84.26591959,30.45323000",-84.26591959,30.45323,,,,,,
4185,TALLAHASSEE,LEON,,,,PUBLIC SCHOOL,,,,,,,,,"-84.22391365,30.38482043",-84.22391365,30.38482043,,,,,,
4186,TALLAHASSEE,LEON,,,,PUBLIC SCHOOL,,,,,,,,,"-84.25677527,30.43207549",-84.25677527,30.43207549,,,,,,
4187,TALLAHASSEE,LEON,,,,PUBLIC SCHOOL,,,,,,,,,"-84.17956985,30.53037775",-84.17956985,30.53037775,,,,,,
4188,TALLAHASSEE,LEON,,,,PUBLIC SCHOOL,,,,,,,,,"-84.28237117,30.44554004",-84.28237117,30.44554004,,,,,,
4189,TALLAHASSEE,LEON,,,,PUBLIC SCHOOL,,,,,,,,,"-84.32210000,30.47600000",-84.3221,30.476,,,,,,
4190,TALLAHASSEE,LEON,,,,PUBLIC SCHOOL,,,,,,,,,"-84.28650000,30.46280000",-84.2865,30.4628,,,,,,
4191,TALLAHASSEE,LEON,,,,PUBLIC SCHOOL,,,,,,,,,"-84.26763255,30.39887498",-84.26763255,30.39887498,,,,,,
4192,TALLAHASSEE,LEON,,,,PUBLIC SCHOOL,,,,,,,,,"-84.18370000,30.44630000",-84.1837,30.4463,,,,,,
4193,TALLAHASSEE,LEON,,,,PUBLIC SCHOOL,,,,,,,,,"-84.34923157,30.44572337",-84.34923157,30.44572337,,,,,,
4194,TALLAHASSEE,LEON,,,,PUBLIC SCHOOL,,,,,,,,,"-84.29397719,30.41936534",-84.29397719,30.41936534,,,,,,
4195,TALLAHASSEE,LEON,,,,PUBLIC SCHOOL,,,,,,,,,"-84.30661502,30.45983120",-84.30661502,30.4598312,,,,,,
4196,TALLAHASSEE,LEON,,,,PUBLIC SCHOOL,,,,,,,,,"-84.26799710,30.40090319",-84.2679971,30.40090319,,,,,,
4197,TALLAHASSEE,LEON,,,,PUBLIC SCHOOL,,,,,,,,,"-84.23745366,30.42908029",-84.23745366,30.42908029,,,,,,
4198,TALLAHASSEE,LEON,,,,PUBLIC SCHOOL,,,,,,,,,"-84.51399193,30.43885919",-84.51399193,30.43885919,,,,,,
4199,TALLAHASSEE,LEON,,,,PUBLIC SCHOOL,,,,,,,,,"-84.24649218,30.31403214",-84.24649218,30.31403214,,,,,,
4200,TALLAHASSEE,LEON,,,,PUBLIC SCHOOL,,,,,,,,,"-84.33439895,30.44062385",-84.33439895,30.44062385,,,,,,
4201,TALLAHASSEE,LEON,,,,PUBLIC SCHOOL,,,,,,,,,"-84.29320000,30.48070000",-84.2932,30.4807,,,,,,
4202,TALLAHASSEE,LEON,,,,PUBLIC SCHOOL,,,,,,,,,"-84.27612324,30.55681801",-84.27612324,30.55681801,,,,,,
4203,TALLAHASSEE,LEON,,,,PUBLIC SCHOOL,,,,,,,,,"-84.26301550,30.40758561",-84.2630155,30.40758561,,,,,,
4205,TALLAHASSEE,LEON,,,,PUBLIC SCHOOL,,,,,,,,,"-84.34700000,30.51040000",-84.347,30.5104,,,,,,
4206,TALLAHASSEE,LEON,,,,PUBLIC SCHOOL,,,,,,,,,"-84.25581288,30.49140264",-84.25581288,30.49140264,,,,,,
4207,TALLAHASSEE,LEON,,,,PUBLIC SCHOOL,,,,,,,,,"-84.20494074,30.46704190",-84.20494074,30.4670419,,,,,,
4208,TALLAHASSEE,LEON,,,,PUBLIC SCHOOL,,,,,,,,,"-84.21130000,30.47480000",-84.2113,30.4748,,,,,,
4209,TALLAHASSEE,LEON,,,,PUBLIC SCHOOL,,,,,,,,,"-84.24100057,30.60825339",-84.24100057,30.60825339,,,,,,
4210,TALLAHASSEE,LEON,,,,PUBLIC SCHOOL,,,,,,,,,"-84.28340000,30.38340000",-84.2834,30.3834,,,,,,
4211,TALLAHASSEE,LEON,,,,PUBLIC SCHOOL,,,,,,,,,"-84.28839148,30.46240443",-84.28839148,30.46240443,,,,,,
4212,TALLAHASSEE,LEON,,,,PUBLIC SCHOOL,,,,,,,,,"-84.22420000,30.53820000",-84.2242,30.5382,,,,,,
4213,TALLAHASSEE,LEON,,,,PUBLIC SCHOOL,,,,,,,,,"-84.28824586,30.41314589",-84.28824586,30.41314589,,,,,,
4214,TALLAHASSEE,LEON,,,,PUBLIC SCHOOL,,,,,,,,,"-84.33420000,30.42670000",-84.3342,30.4267,,,,,,
4216,TALLAHASSEE,LEON,,,,PUBLIC SCHOOL,,,,,,,,,"-84.18200000,30.53120000",-84.182,30.5312,,,,,,
4218,TALLAHASSEE,LEON,,,,PUBLIC SCHOOL,,,,,,,,,"-84.21621288,30.43560985",-84.21621288,30.43560985,,,,,,
4219,TALLAHASSEE,LEON,,,,PUBLIC SCHOOL,,,,,,,,,"-84.33824296,30.41564486",-84.33824296,30.41564486,,,,,,
4220,TALLAHASSEE,LEON,,,,PUBLIC SCHOOL,,,,,,,,,"-84.31738764,30.43520196",-84.31738764,30.43520196,,,,,,
4221,TALLAHASSEE,LEON,,,,PUBLIC SCHOOL,,,,,,,,,"-84.25969624,30.45706373",-84.25969624,30.45706373,,,,,,
4222,TALLAHASSEE,LEON,,,,PUBLIC SCHOOL,,,,,,,,,"-84.25682662,30.50301986",-84.25682662,30.50301986,,,,,,
4223,TALLAHASSEE,LEON,,,,PUBLIC SCHOOL,,,,,,,,,"-84.21025905,30.57136752",-84.21025905,30.57136752,,,,,,
4224,TALLAHASSEE,LEON,,,,PUBLIC SCHOOL,,,,,,,,,"-84.30350146,30.41839619",-84.30350146,30.41839619,,,,,,
4225,TALLAHASSEE,LEON,,,,PUBLIC SCHOOL,,,,,,,,,"-84.12246284,30.43579127",-84.12246284,30.43579127,,,,,,
4226,TALLAHASSEE,LEON,,,,PUBLIC SCHOOL,,,,,,,,,"-84.26783593,30.45213866",-84.26783593,30.45213866,,,,,,
4227,TALLAHASSEE,LEON,,,,PUBLIC SCHOOL,,,,,,,,,"-84.21191166,30.43637600",-84.21191166,30.436376,,,,,,
4228,TALLAHASSEE,LEON,,,,PUBLIC SCHOOL,,,,,,,,,"-84.28693333,30.44488647",-84.28693333,30.44488647,,,,,,
4229,TALLAHASSEE,LEON,,,,PUBLIC SCHOOL,,,,,,,,,"-84.29560833,30.41179456",-84.29560833,30.41179456,,,,,,
4230,TALLAHASSEE,LEON,,,,PUBLIC SCHOOL,,,,,,,,,"-84.33247903,30.46676395",-84.33247903,30.46676395,,,,,,
4231,TALLAHASSEE,LEON,,,,PUBLIC SCHOOL,,,,,,,,,"-84.31666984,30.46122936",-84.31666984,30.46122936,,,,,,
4232,TALLAHASSEE,LEON,,,,PUBLIC SCHOOL,,,,,,,,,"-84.27559196,30.44559476",-84.27559196,30.44559476,,,,,,
4234,TALLAHASSEE,LEON,,,,PUBLIC SCHOOL,,,,,,,,,"-84.18141000,30.46089133",-84.18141,30.46089133,,,,,,
4235,TALLAHASSEE,LEON,,,,PUBLIC SCHOOL,,,,,,,,,"-84.22605647,30.58410587",-84.22605647,30.58410587,,,,,,
4236,TALLAHASSEE,LEON,,,,PUBLIC SCHOOL,,,,,,,,,"-84.33930437,30.45699240",-84.33930437,30.4569924,,,,,,
4237,BRONSON,LEVY,,,,PUBLIC SCHOOL,,,,,,,,,"-82.63471716,29.44682765",-82.63471716,29.44682765,,,,,,
4238,BRONSON,LEVY,,,,PUBLIC SCHOOL,,,,,,,,,"-82.63475714,29.45687655",-82.63475714,29.45687655,,,,,,
4239,BRONSON,LEVY,,,,PUBLIC SCHOOL,,,,,,,,,"-82.62844890,29.46223079",-82.6284489,29.46223079,,,,,,
4240,BRONSON,LEVY,,,,PUBLIC SCHOOL,,,,,,,,,"-82.62940330,29.46529407",-82.6294033,29.46529407,,,,,,
4241,WILLISTON,LEVY,,,,PUBLIC SCHOOL,,,,,,,,,"-82.42907260,29.39160864",-82.4290726,29.39160864,,,,,,
4242,WILLISTON,LEVY,,,,PUBLIC SCHOOL,,,,,,,,,"-82.44674610,29.37527912",-82.4467461,29.37527912,,,,,,
4243,WILLISTON,LEVY,,,,PUBLIC SCHOOL,,,,,,,,,"-82.45141374,29.38607665",-82.45141374,29.38607665,,,,,,
4244,WILLISTON,LEVY,,,,PUBLIC SCHOOL,,,,,,,,,"-82.45138580,29.38453407",-82.4513858,29.38453407,,,,,,
4245,CHIEFLAND,LEVY,,,,PUBLIC SCHOOL,,,,,,,,,"-82.86061807,29.48673093",-82.86061807,29.48673093,,,,,,
4246,CHIEFLAND,LEVY,,,,PUBLIC SCHOOL,,,,,,,,,"-82.87000140,29.48110132",-82.8700014,29.48110132,,,,,,
4247,CHIEFLAND,LEVY,,,,PUBLIC SCHOOL,,,,,,,,,"-82.88580272,29.53242815",-82.88580272,29.53242815,,,,,,
4248,CHIEFLAND,LEVY,,,,PUBLIC SCHOOL,,,,,,,,,"-82.87965462,29.50834915",-82.87965462,29.50834915,,,,,,
4249,CEDAR KEY,LEVY,,,,PUBLIC SCHOOL,,,,,,,,,"-83.03870937,29.13971958",-83.03870937,29.13971958,,,,,,
4250,INGLIS,LEVY,,,,PUBLIC SCHOOL,,,,,,,,,"-82.68992670,29.03824842",-82.6899267,29.03824842,,,,,,
4251,BRISTOL,LIBERTY,,,,PUBLIC SCHOOL,,,,,,,,,"-84.98134154,30.42598957",-84.98134154,30.42598957,,,,,,
4252,BRISTOL,LIBERTY,,,,PUBLIC SCHOOL,,,,,,,,,"-84.93991562,30.18462991",-84.93991562,30.18462991,,,,,,
4253,BRISTOL,LIBERTY,,,,PUBLIC SCHOOL,,,,,,,,,"-84.97588895,30.43094717",-84.97588895,30.43094717,,,,,,
4255,BRISTOL,LIBERTY,,,,PUBLIC SCHOOL,,,,,,,,,"-84.97736805,30.40001873",-84.97736805,30.40001873,,,,,,
4258,HOSFORD,LIBERTY,,,,PUBLIC SCHOOL,,,,,,,,,"-84.79792172,30.38883375",-84.79792172,30.38883375,,,,,,
4259,GREENVILLE,MADISON,,,,PUBLIC SCHOOL,,,,,,,,,"-83.61763516,30.45081367",-83.61763516,30.45081367,,,,,,
4260,GREENVILLE,MADISON,,,,PUBLIC SCHOOL,,,,,,,,,"-83.64093730,30.45882396",-83.6409373,30.45882396,,,,,,
4261,GREENVILLE,MADISON,,,,PUBLIC SCHOOL,,,,,,,,,"-83.61650961,30.45419820",-83.61650961,30.4541982,,,,,,
4262,MADISON,MADISON,,,,PUBLIC SCHOOL,,,,,,,,,"-83.42005572,30.47523479",-83.42005572,30.47523479,,,,,,
4263,MADISON,MADISON,,,,PUBLIC SCHOOL,,,,,,,,,"-83.40949559,30.47096179",-83.40949559,30.47096179,,,,,,
4264,MADISON,MADISON,,,,PUBLIC SCHOOL,,,,,,,,,"-83.44558007,30.47768975",-83.44558007,30.47768975,,,,,,
4265,MADISON,MADISON,,,,PUBLIC SCHOOL,,,,,,,,,"-83.45559947,30.47638178",-83.45559947,30.47638178,,,,,,
4266,MADISON,MADISON,,,,PUBLIC SCHOOL,,,,,,,,,"-83.45423600,30.48075179",-83.454236,30.48075179,,,,,,
4268,LEE,MADISON,,,,PUBLIC SCHOOL,,,,,,,,,"-83.30625579,30.42426324",-83.30625579,30.42426324,,,,,,
4269,PINETTA,MADISON,,,,PUBLIC SCHOOL,,,,,,,,,"-83.35145432,30.59438750",-83.35145432,30.5943875,,,,,,
4270,BRADENTON,MANATEE,,,,PUBLIC SCHOOL,,,,,,,,,"-82.61852727,27.46882004",-82.61852727,27.46882004,,,,,,
4271,BRADENTON,MANATEE,,,,PUBLIC SCHOOL,,,,,,,,,"-82.59334220,27.44358398",-82.5933422,27.44358398,,,,,,
4272,BRADENTON,MANATEE,,,,PUBLIC SCHOOL,,,,,,,,,"-82.59094645,27.43886612",-82.59094645,27.43886612,,,,,,
4273,BRADENTON,MANATEE,,,,PUBLIC SCHOOL,,,,,,,,,"-82.39307840,27.39840390",-82.3930784,27.3984039,,,,,,
4274,BRADENTON,MANATEE,,,,PUBLIC SCHOOL,,,,,,,,,"-82.56740295,27.48695323",-82.56740295,27.48695323,,,,,,
4275,BRADENTON,MANATEE,,,,PUBLIC SCHOOL,,,,,,,,,"-82.44605537,27.49027582",-82.44605537,27.49027582,,,,,,
4276,BRADENTON,MANATEE,,,,PUBLIC SCHOOL,,,,,,,,,"-82.39397269,27.42738855",-82.39397269,27.42738855,,,,,,
4277,BRADENTON,MANATEE,,,,PUBLIC SCHOOL,,,,,,,,,"-82.56470173,27.49485797",-82.56470173,27.49485797,,,,,,
4278,BRADENTON,MANATEE,,,,PUBLIC SCHOOL,,,,,,,,,"-82.60287339,27.49358995",-82.60287339,27.49358995,,,,,,
4279,BRADENTON,MANATEE,,,,PUBLIC SCHOOL,,,,,,,,,"-82.53145772,27.48264685",-82.53145772,27.48264685,,,,,,
4280,BRADENTON,MANATEE,,,,PUBLIC SCHOOL,,,,,,,,,"-82.56564057,27.47386480",-82.56564057,27.4738648,,,,,,
4281,BRADENTON,MANATEE,,,,PUBLIC SCHOOL,,,,,,,,,"-82.59009201,27.43213552",-82.59009201,27.43213552,,,,,,
4282,BRADENTON,MANATEE,,,,PUBLIC SCHOOL,,,,,,,,,"-82.64165515,27.51159917",-82.64165515,27.51159917,,,,,,
4283,BRADENTON,MANATEE,,,,PUBLIC SCHOOL,,,,,,,,,"-82.43565492,27.42984081",-82.43565492,27.42984081,,,,,,
4285,BRADENTON,MANATEE,,,,PUBLIC SCHOOL,,,,,,,,,"-82.55299953,27.42669865",-82.55299953,27.42669865,,,,,,
4286,BRADENTON,MANATEE,,,,PUBLIC SCHOOL,,,,,,,,,"-82.38645282,27.49781641",-82.38645282,27.49781641,,,,,,
4287,BRADENTON,MANATEE,,,,PUBLIC SCHOOL,,,,,,,,,"-82.63179999,27.47080000",-82.63179999,27.4708,,,,,,
4288,BRADENTON,MANATEE,,,,PUBLIC SCHOOL,,,,,,,,,"-82.44680689,27.48695568",-82.44680689,27.48695568,,,,,,
4289,BRADENTON,MANATEE,,,,PUBLIC SCHOOL,,,,,,,,,"-82.58004463,27.49112713",-82.58004463,27.49112713,,,,,,
4290,BRADENTON,MANATEE,,,,PUBLIC SCHOOL,,,,,,,,,"-82.59285094,27.44115016",-82.59285094,27.44115016,,,,,,
4291,BRADENTON,MANATEE,,,,PUBLIC SCHOOL,,,,,,,,,"-82.53968462,27.47566143",-82.53968462,27.47566143,,,,,,
4292,BRADENTON,MANATEE,,,,PUBLIC SCHOOL,,,,,,,,,"-82.58810023,27.46869839",-82.58810023,27.46869839,,,,,,
4293,BRADENTON,MANATEE,,,,PUBLIC SCHOOL,,,,,,,,,"-82.39450471,27.42479306",-82.39450471,27.42479306,,,,,,
4294,BRADENTON,MANATEE,,,,PUBLIC SCHOOL,,,,,,,,,"-82.61740000,27.46720001",-82.6174,27.46720001,,,,,,
4295,BRADENTON,MANATEE,,,,PUBLIC SCHOOL,,,,,,,,,"-82.54229840,27.47031410",-82.5422984,27.4703141,,,,,,
4296,BRADENTON,MANATEE,,,,PUBLIC SCHOOL,,,,,,,,,"-82.59433605,27.49124226",-82.59433605,27.49124226,,,,,,
4297,BRADENTON,MANATEE,,,,PUBLIC SCHOOL,,,,,,,,,"-82.53790490,27.49015352",-82.5379049,27.49015352,,,,,,
4298,BRADENTON,MANATEE,,,,PUBLIC SCHOOL,,,,,,,,,"-82.59435568,27.46757816",-82.59435568,27.46757816,,,,,,
4299,BRADENTON,MANATEE,,,,PUBLIC SCHOOL,,,,,,,,,"-82.59520517,27.44829111",-82.59520517,27.44829111,,,,,,
4300,BRADENTON,MANATEE,,,,PUBLIC SCHOOL,,,,,,,,,"-82.42247915,27.46174310",-82.42247915,27.4617431,,,,,,
4301,BRADENTON,MANATEE,,,,PUBLIC SCHOOL,,,,,,,,,"-82.54499998,27.49489999",-82.54499998,27.49489999,,,,,,
4302,BRADENTON,MANATEE,,,,PUBLIC SCHOOL,,,,,,,,,"-82.61296424,27.45973541",-82.61296424,27.45973541,,,,,,
4303,BRADENTON,MANATEE,,,,PUBLIC SCHOOL,,,,,,,,,"-82.63098710,27.50376942",-82.6309871,27.50376942,,,,,,
4304,BRADENTON,MANATEE,,,,PUBLIC SCHOOL,,,,,,,,,"-82.60107559,27.44648714",-82.60107559,27.44648714,,,,,,
4305,BRADENTON,MANATEE,,,,PUBLIC SCHOOL,,,,,,,,,"-82.55669413,27.43054462",-82.55669413,27.43054462,,,,,,
4306,BRADENTON,MANATEE,,,,PUBLIC SCHOOL,,,,,,,,,"-82.56670001,27.48299999",-82.56670001,27.48299999,,,,,,
4307,BRADENTON,MANATEE,,,,PUBLIC SCHOOL,,,,,,,,,"-82.59439131,27.46446422",-82.59439131,27.46446422,,,,,,
4308,BRADENTON,MANATEE,,,,PUBLIC SCHOOL,,,,,,,,,"-82.52685043,27.45941982",-82.52685043,27.45941982,,,,,,
4309,BRADENTON,MANATEE,,,,PUBLIC SCHOOL,,,,,,,,,"-82.55562816,27.46899229",-82.55562816,27.46899229,,,,,,
4310,BRADENTON,MANATEE,,,,PUBLIC SCHOOL,,,,,,,,,"-82.43801505,27.44356730",-82.43801505,27.4435673,,,,,,
4311,BRADENTON,MANATEE,,,,PUBLIC SCHOOL,,,,,,,,,"-82.43506432,27.43140635",-82.43506432,27.43140635,,,,,,
4312,BRADENTON,MANATEE,,,,PUBLIC SCHOOL,,,,,,,,,"-82.59438242,27.44224063",-82.59438242,27.44224063,,,,,,
4313,BRADENTON,MANATEE,,,,PUBLIC SCHOOL,,,,,,,,,"-82.63786359,27.50410030",-82.63786359,27.5041003,,,,,,
4314,BRADENTON,MANATEE,,,,PUBLIC SCHOOL,,,,,,,,,"-82.47180000,27.43159998",-82.4718,27.43159998,,,,,,
4315,BRADENTON,MANATEE,,,,PUBLIC SCHOOL,,,,,,,,,"-82.53737571,27.47779723",-82.53737571,27.47779723,,,,,,
4316,BRADENTON,MANATEE,,,,PUBLIC SCHOOL,,,,,,,,,"-82.48073562,27.45028858",-82.48073562,27.45028858,,,,,,
4317,BRADENTON,MANATEE,,,,PUBLIC SCHOOL,,,,,,,,,"-82.55133869,27.46794997",-82.55133869,27.46794997,,,,,,
4318,BRADENTON,MANATEE,,,,PUBLIC SCHOOL,,,,,,,,,"-82.59645674,27.47130416",-82.59645674,27.47130416,,,,,,
4319,BRADENTON,MANATEE,,,,PUBLIC SCHOOL,,,,,,,,,"-82.48813853,27.46793184",-82.48813853,27.46793184,,,,,,
4320,BRADENTON,MANATEE,,,,PUBLIC SCHOOL,,,,,,,,,"-82.55327858,27.42989820",-82.55327858,27.4298982,,,,,,
4321,BRADENTON,MANATEE,,,,PUBLIC SCHOOL,,,,,,,,,"-82.53687351,27.44849304",-82.53687351,27.44849304,,,,,,
4322,BRADENTON,MANATEE,,,,PUBLIC SCHOOL,,,,,,,,,"-82.43710936,27.48230203",-82.43710936,27.48230203,,,,,,
4323,BRADENTON,MANATEE,,,,PUBLIC SCHOOL,,,,,,,,,"-82.56140001,27.48729999",-82.56140001,27.48729999,,,,,,
4324,EAST BRADENTON,MANATEE,,,,PUBLIC SCHOOL,,,,,,,,,"-82.53494532,27.49055177",-82.53494532,27.49055177,,,,,,
4325,PALMETTO,MANATEE,,,,PUBLIC SCHOOL,,,,,,,,,"-82.58351533,27.52746388",-82.58351533,27.52746388,,,,,,
4326,PALMETTO,MANATEE,,,,PUBLIC SCHOOL,,,,,,,,,"-82.57463583,27.51807525",-82.57463583,27.51807525,,,,,,
4327,PALMETTO,MANATEE,,,,PUBLIC SCHOOL,,,,,,,,,"-82.55319999,27.51720000",-82.55319999,27.5172,,,,,,
4328,PALMETTO,MANATEE,,,,PUBLIC SCHOOL,,,,,,,,,"-82.48828066,27.57573686",-82.48828066,27.57573686,,,,,,
4329,PALMETTO,MANATEE,,,,PUBLIC SCHOOL,,,,,,,,,"-82.51475448,27.59745869",-82.51475448,27.59745869,,,,,,
4330,PALMETTO,MANATEE,,,,PUBLIC SCHOOL,,,,,,,,,"-82.58300728,27.52189896",-82.58300728,27.52189896,,,,,,
4331,PALMETTO,MANATEE,,,,PUBLIC SCHOOL,,,,,,,,,"-82.57805682,27.52980734",-82.57805682,27.52980734,,,,,,
4332,PALMETTO,MANATEE,,,,PUBLIC SCHOOL,,,,,,,,,"-82.55729998,27.56730002",-82.55729998,27.56730002,,,,,,
4333,PALMETTO,MANATEE,,,,PUBLIC SCHOOL,,,,,,,,,"-82.53684092,27.64347333",-82.53684092,27.64347333,,,,,,
4334,PALMETTO,MANATEE,,,,PUBLIC SCHOOL,,,,,,,,,"-82.55109998,27.53899998",-82.55109998,27.53899998,,,,,,
4335,PALMETTO,MANATEE,,,,PUBLIC SCHOOL,,,,,,,,,"-82.56201472,27.52676351",-82.56201472,27.52676351,,,,,,
4336,PALMETTO,MANATEE,,,,PUBLIC SCHOOL,,,,,,,,,"-82.49033010,27.57529566",-82.4903301,27.57529566,,,,,,
4337,PALMETTO,MANATEE,,,,PUBLIC SCHOOL,,,,,,,,,"-82.53578735,27.64124037",-82.53578735,27.64124037,,,,,,
4338,PALMETTO,MANATEE,,,,PUBLIC SCHOOL,,,,,,,,,"-82.52460589,27.52979320",-82.52460589,27.5297932,,,,,,
4339,SARASOTA,MANATEE,,,,PUBLIC SCHOOL,,,,,,,,,"-82.56615900,27.39602833",-82.566159,27.39602833,,,,,,
4340,SARASOTA,MANATEE,,,,PUBLIC SCHOOL,,,,,,,,,"-82.55180001,27.41370000",-82.55180001,27.4137,,,,,,
4341,SARASOTA,MANATEE,,,,PUBLIC SCHOOL,,,,,,,,,"-82.52073068,27.40492012",-82.52073068,27.40492012,,,,,,
4343,MYAKKA CITY,MANATEE,,,,PUBLIC SCHOOL,,,,,,,,,"-82.16164592,27.35150716",-82.16164592,27.35150716,,,,,,
4344,PARRISH,MANATEE,,,,PUBLIC SCHOOL,,,,,,,,,"-82.35549943,27.51027923",-82.35549943,27.51027923,,,,,,
4345,PARRISH,MANATEE,,,,PUBLIC SCHOOL,,,,,,,,,"-82.42359278,27.54393630",-82.42359278,27.5439363,,,,,,
4346,BRADENTON BEACH,MANATEE,,,,PUBLIC SCHOOL,,,,,,,,,"-82.71151734,27.50247261",-82.71151734,27.50247261,,,,,,
4347,LAKEWOOD RANCH,MANATEE,,,,PUBLIC SCHOOL,,,,,,,,,"-82.39467916,27.42869600",-82.39467916,27.428696,,,,,,
4348,BOWLING GREEN,MANATEE,,,,PUBLIC SCHOOL,,,,,,,,,"-82.12349425,27.58909305",-82.12349425,27.58909305,,,,,,
4349,OCALA,MARION,,,,PUBLIC SCHOOL,,,,,,,,,"-82.09306691,29.17219727",-82.09306691,29.17219727,,,,,,
4350,OCALA,MARION,,,,PUBLIC SCHOOL,,,,,,,,,"-82.12354819,29.21467912",-82.12354819,29.21467912,,,,,,
4351,OCALA,MARION,,,,PUBLIC SCHOOL,,,,,,,,,"-82.14319336,29.22949710",-82.14319336,29.2294971,,,,,,
4352,OCALA,MARION,,,,PUBLIC SCHOOL,,,,,,,,,"-82.17446349,29.19653458",-82.17446349,29.19653458,,,,,,
4353,OCALA,MARION,,,,PUBLIC SCHOOL,,,,,,,,,"-82.00600808,29.08251795",-82.00600808,29.08251795,,,,,,
4354,OCALA,MARION,,,,PUBLIC SCHOOL,,,,,,,,,"-82.11589683,29.18438381",-82.11589683,29.18438381,,,,,,
4355,OCALA,MARION,,,,PUBLIC SCHOOL,,,,,,,,,"-82.07539962,29.09807082",-82.07539962,29.09807082,,,,,,
4356,OCALA,MARION,,,,PUBLIC SCHOOL,,,,,,,,,"-82.12000460,29.16057063",-82.1200046,29.16057063,,,,,,
4357,OCALA,MARION,,,,PUBLIC SCHOOL,,,,,,,,,"-82.19489115,29.15029873",-82.19489115,29.15029873,,,,,,
4358,OCALA,MARION,,,,PUBLIC SCHOOL,,,,,,,,,"-82.17896387,29.17430405",-82.17896387,29.17430405,,,,,,
4359,OCALA,MARION,,,,PUBLIC SCHOOL,,,,,,,,,"-82.15122680,29.19076159",-82.1512268,29.19076159,,,,,,
4360,OCALA,MARION,,,,PUBLIC SCHOOL,,,,,,,,,"-82.19827564,29.08588830",-82.19827564,29.0858883,,,,,,
4361,OCALA,MARION,,,,PUBLIC SCHOOL,,,,,,,,,"-82.11457238,29.19274264",-82.11457238,29.19274264,,,,,,
4362,OCALA,MARION,,,,PUBLIC SCHOOL,,,,,,,,,"-82.13246735,29.18207387",-82.13246735,29.18207387,,,,,,
4363,OCALA,MARION,,,,PUBLIC SCHOOL,,,,,,,,,"-82.04926084,29.10178291",-82.04926084,29.10178291,,,,,,
4364,OCALA,MARION,,,,PUBLIC SCHOOL,,,,,,,,,"-82.08913285,29.07359018",-82.08913285,29.07359018,,,,,,
4365,OCALA,MARION,,,,PUBLIC SCHOOL,,,,,,,,,"-82.12289999,29.19220000",-82.12289999,29.1922,,,,,,
4366,OCALA,MARION,,,,PUBLIC SCHOOL,,,,,,,,,"-82.14666438,29.18420870",-82.14666438,29.1842087,,,,,,
4367,OCALA,MARION,,,,PUBLIC SCHOOL,,,,,,,,,"-82.08881969,29.06893542",-82.08881969,29.06893542,,,,,,
4368,OCALA,MARION,,,,PUBLIC SCHOOL,,,,,,,,,"-82.02838275,29.11525720",-82.02838275,29.1152572,,,,,,
4369,OCALA,MARION,,,,PUBLIC SCHOOL,,,,,,,,,"-82.19062360,29.00516643",-82.1906236,29.00516643,,,,,,
4370,OCALA,MARION,,,,PUBLIC SCHOOL,,,,,,,,,"-82.24967489,29.15461798",-82.24967489,29.15461798,,,,,,
4371,OCALA,MARION,,,,PUBLIC SCHOOL,,,,,,,,,"-82.06902990,29.16598764",-82.0690299,29.16598764,,,,,,
4372,OCALA,MARION,,,,PUBLIC SCHOOL,,,,,,,,,"-82.13663882,29.21644416",-82.13663882,29.21644416,,,,,,
4373,OCALA,MARION,,,,PUBLIC SCHOOL,,,,,,,,,"-82.08183786,29.24740538",-82.08183786,29.24740538,,,,,,
4374,OCALA,MARION,,,,PUBLIC SCHOOL,,,,,,,,,"-82.15725359,29.18142614",-82.15725359,29.18142614,,,,,,
4375,OCALA,MARION,,,,PUBLIC SCHOOL,,,,,,,,,"-82.19539510,29.03237244",-82.1953951,29.03237244,,,,,,
4376,OCALA,MARION,,,,PUBLIC SCHOOL,,,,,,,,,"-82.10112491,29.20266686",-82.10112491,29.20266686,,,,,,
4377,OCALA,MARION,,,,PUBLIC SCHOOL,,,,,,,,,"-81.97937664,29.07841562",-81.97937664,29.07841562,,,,,,
4378,OCALA,MARION,,,,PUBLIC SCHOOL,,,,,,,,,"-82.09496883,29.17399640",-82.09496883,29.1739964,,,,,,
4379,OCALA,MARION,,,,PUBLIC SCHOOL,,,,,,,,,"-82.13485869,29.12725149",-82.13485869,29.12725149,,,,,,
4380,OCALA,MARION,,,,PUBLIC SCHOOL,,,,,,,,,"-82.07346572,29.16265252",-82.07346572,29.16265252,,,,,,
4381,OCALA,MARION,,,,PUBLIC SCHOOL,,,,,,,,,"-82.19479706,29.08646483",-82.19479706,29.08646483,,,,,,
4382,OCALA,MARION,,,,PUBLIC SCHOOL,,,,,,,,,"-82.06735150,29.14234478",-82.0673515,29.14234478,,,,,,
4383,OCALA,MARION,,,,PUBLIC SCHOOL,,,,,,,,,"-82.19250000,29.28069999",-82.1925,29.28069999,,,,,,
4384,OCALA,MARION,,,,PUBLIC SCHOOL,,,,,,,,,"-82.15412313,29.19864177",-82.15412313,29.19864177,,,,,,
4385,OCALA,MARION,,,,PUBLIC SCHOOL,,,,,,,,,"-82.19395198,29.30102372",-82.19395198,29.30102372,,,,,,
4386,OCALA,MARION,,,,PUBLIC SCHOOL,,,,,,,,,"-82.01603897,29.12121831",-82.01603897,29.12121831,,,,,,
4387,OCALA,MARION,,,,PUBLIC SCHOOL,,,,,,,,,"-82.11112452,29.22577909",-82.11112452,29.22577909,,,,,,
4388,OCALA,MARION,,,,PUBLIC SCHOOL,,,,,,,,,"-82.17474978,29.19508921",-82.17474978,29.19508921,,,,,,
4390,OCALA,MARION,,,,PUBLIC SCHOOL,,,,,,,,,"-82.14796500,29.17833860",-82.147965,29.1783386,,,,,,
4391,OCALA,MARION,,,,PUBLIC SCHOOL,,,,,,,,,"-82.13233047,29.18372289",-82.13233047,29.18372289,,,,,,
4392,OCALA,MARION,,,,PUBLIC SCHOOL,,,,,,,,,"-82.19684544,29.00595026",-82.19684544,29.00595026,,,,,,
4393,OCALA,MARION,,,,PUBLIC SCHOOL,,,,,,,,,"-82.09867090,29.16520689",-82.0986709,29.16520689,,,,,,
4394,OCALA,MARION,,,,PUBLIC SCHOOL,,,,,,,,,"-82.13237176,29.18094538",-82.13237176,29.18094538,,,,,,
4395,OCALA,MARION,,,,PUBLIC SCHOOL,,,,,,,,,"-82.08603664,29.18143417",-82.08603664,29.18143417,,,,,,
4397,SILVER SPRINGS,MARION,,,,PUBLIC SCHOOL,,,,,,,,,"-81.91052463,29.20047040",-81.91052463,29.2004704,,,,,,
4398,MICANOPY,MARION,,,,PUBLIC SCHOOL,,,,,,,,,"-82.22410253,29.44630138",-82.22410253,29.44630138,,,,,,
4399,DUNNELLON,MARION,,,,PUBLIC SCHOOL,,,,,,,,,"-82.41779998,29.07730000",-82.41779998,29.0773,,,,,,
4400,DUNNELLON,MARION,,,,PUBLIC SCHOOL,,,,,,,,,"-82.46896599,29.05094661",-82.46896599,29.05094661,,,,,,
4401,DUNNELLON,MARION,,,,PUBLIC SCHOOL,,,,,,,,,"-82.44719998,29.15230001",-82.44719998,29.15230001,,,,,,
4402,DUNNELLON,MARION,,,,PUBLIC SCHOOL,,,,,,,,,"-82.41853808,29.07422738",-82.41853808,29.07422738,,,,,,
4403,ANTHONY,MARION,,,,PUBLIC SCHOOL,,,,,,,,,"-82.11051720,29.28902237",-82.1105172,29.28902237,,,,,,
4404,ANTHONY,MARION,,,,PUBLIC SCHOOL,,,,,,,,,"-82.10337334,29.33968580",-82.10337334,29.3396858,,,,,,
4405,WEIRSDALE,MARION,,,,PUBLIC SCHOOL,,,,,,,,,"-81.92980000,28.97850002",-81.9298,28.97850002,,,,,,
4406,SUMMERFIELD,MARION,,,,PUBLIC SCHOOL,,,,,,,,,"-81.98442025,28.99975573",-81.98442025,28.99975573,,,,,,
4407,SUMMERFIELD,MARION,,,,PUBLIC SCHOOL,,,,,,,,,"-82.01320607,29.00902318",-82.01320607,29.00902318,,,,,,
4408,BELLEVIEW,MARION,,,,PUBLIC SCHOOL,,,,,,,,,"-82.07951710,29.08305178",-82.0795171,29.08305178,,,,,,
4409,BELLEVIEW,MARION,,,,PUBLIC SCHOOL,,,,,,,,,"-82.05632461,29.05356812",-82.05632461,29.05356812,,,,,,
4410,REDDICK,MARION,,,,PUBLIC SCHOOL,,,,,,,,,"-82.20024064,29.36804482",-82.20024064,29.36804482,,,,,,
4411,CITRA,MARION,,,,PUBLIC SCHOOL,,,,,,,,,"-82.16255856,29.33229756",-82.16255856,29.33229756,,,,,,
4412,CITRA,MARION,,,,PUBLIC SCHOOL,,,,,,,,,"-82.13872217,29.33940863",-82.13872217,29.33940863,,,,,,
4413,FORT MC COY,MARION,,,,PUBLIC SCHOOL,,,,,,,,,"-81.96934889,29.38603755",-81.96934889,29.38603755,,,,,,
4414,PALM CITY,MARTIN,,,,PUBLIC SCHOOL,,,,,,,,,"-80.28073670,27.16400030",-80.2807367,27.1640003,,,,,,
4415,PALM CITY,MARTIN,,,,PUBLIC SCHOOL,,,,,,,,,"-80.27680000,27.17859999",-80.2768,27.17859999,,,,,,
4416,PALM CITY,MARTIN,,,,PUBLIC SCHOOL,,,,,,,,,"-80.29190947,27.16240918",-80.29190947,27.16240918,,,,,,
4417,PALM CITY,MARTIN,,,,PUBLIC SCHOOL,,,,,,,,,"-80.31715140,27.17503524",-80.3171514,27.17503524,,,,,,
4418,INDIANTOWN,MARTIN,,,,PUBLIC SCHOOL,,,,,,,,,"-80.46283962,27.02069413",-80.46283962,27.02069413,,,,,,
4420,INDIANTOWN,MARTIN,,,,PUBLIC SCHOOL,,,,,,,,,"-80.47548545,27.02087493",-80.47548545,27.02087493,,,,,,
4421,INDIANTOWN,MARTIN,,,,PUBLIC SCHOOL,,,,,,,,,"-80.46208555,27.02105794",-80.46208555,27.02105794,,,,,,
4422,INDIANTOWN,MARTIN,,,,PUBLIC SCHOOL,,,,,,,,,"-80.47666392,27.02283906",-80.47666392,27.02283906,,,,,,
4423,STUART,MARTIN,,,,PUBLIC SCHOOL,,,,,,,,,"-80.23271893,27.14239976",-80.23271893,27.14239976,,,,,,
4424,STUART,MARTIN,,,,PUBLIC SCHOOL,,,,,,,,,"-80.19394602,27.13478303",-80.19394602,27.13478303,,,,,,
4425,STUART,MARTIN,,,,PUBLIC SCHOOL,,,,,,,,,"-80.24994199,27.16946516",-80.24994199,27.16946516,,,,,,
4426,STUART,MARTIN,,,,PUBLIC SCHOOL,,,,,,,,,"-80.24302677,27.19229531",-80.24302677,27.19229531,,,,,,
4427,STUART,MARTIN,,,,PUBLIC SCHOOL,,,,,,,,,"-80.20081992,27.14353187",-80.20081992,27.14353187,,,,,,
4428,STUART,MARTIN,,,,PUBLIC SCHOOL,,,,,,,,,"-80.24661667,27.19604881",-80.24661667,27.19604881,,,,,,
4429,STUART,MARTIN,,,,PUBLIC SCHOOL,,,,,,,,,"-80.25896462,27.22533528",-80.25896462,27.22533528,,,,,,
4430,STUART,MARTIN,,,,PUBLIC SCHOOL,,,,,,,,,"-80.24274305,27.20002045",-80.24274305,27.20002045,,,,,,
4431,STUART,MARTIN,,,,PUBLIC SCHOOL,,,,,,,,,"-80.23236596,27.14104588",-80.23236596,27.14104588,,,,,,
4432,STUART,MARTIN,,,,PUBLIC SCHOOL,,,,,,,,,"-80.24469998,27.19689998",-80.24469998,27.19689998,,,,,,
4435,STUART,MARTIN,,,,PUBLIC SCHOOL,,,,,,,,,"-80.22036808,27.13591152",-80.22036808,27.13591152,,,,,,
4437,STUART,MARTIN,,,,PUBLIC SCHOOL,,,,,,,,,"-80.25282247,27.07695421",-80.25282247,27.07695421,,,,,,
4438,STUART,MARTIN,,,,PUBLIC SCHOOL,,,,,,,,,"-80.24049830,27.11943984",-80.2404983,27.11943984,,,,,,
4439,STUART,MARTIN,,,,PUBLIC SCHOOL,,,,,,,,,"-80.28229243,27.09066721",-80.28229243,27.09066721,,,,,,
4440,STUART,MARTIN,,,,PUBLIC SCHOOL,,,,,,,,,"-80.20711687,27.14625385",-80.20711687,27.14625385,,,,,,
4444,STUART,MARTIN,,,,PUBLIC SCHOOL,,,,,,,,,"-80.23536061,27.18953840",-80.23536061,27.1895384,,,,,,
4445,HOBE SOUND,MARTIN,,,,PUBLIC SCHOOL,,,,,,,,,"-80.12878902,27.06347504",-80.12878902,27.06347504,,,,,,
4446,HOBE SOUND,MARTIN,,,,PUBLIC SCHOOL,,,,,,,,,"-80.20285789,27.09857463",-80.20285789,27.09857463,,,,,,
4447,JENSEN BEACH,MARTIN,,,,PUBLIC SCHOOL,,,,,,,,,"-80.23469991,27.23515955",-80.23469991,27.23515955,,,,,,
4448,JENSEN BEACH,MARTIN,,,,PUBLIC SCHOOL,,,,,,,,,"-80.26652598,27.24073698",-80.26652598,27.24073698,,,,,,
4449,JENSEN BEACH,MARTIN,,,,PUBLIC SCHOOL,,,,,,,,,"-80.23328343,27.24345689",-80.23328343,27.24345689,,,,,,
4450,MIAMI,MIAMI-DADE,,,,PUBLIC SCHOOL,,,,,,,,,"-80.20334621,25.79604724",-80.20334621,25.79604724,,,,,,
4451,MIAMI,MIAMI-DADE,,,,PUBLIC SCHOOL,,,,,,,,,"-80.22704769,25.86777654",-80.22704769,25.86777654,,,,,,
4452,MIAMI,MIAMI-DADE,,,,PUBLIC SCHOOL,,,,,,,,,"-80.36759999,25.76580002",-80.36759999,25.76580002,,,,,,
4453,MIAMI,MIAMI-DADE,,,,PUBLIC SCHOOL,,,,,,,,,"-80.37151910,25.55566396",-80.3715191,25.55566396,,,,,,
4454,MIAMI,MIAMI-DADE,,,,PUBLIC SCHOOL,,,,,,,,,"-80.35584012,25.60243251",-80.35584012,25.60243251,,,,,,
4455,MIAMI,MIAMI-DADE,,,,PUBLIC SCHOOL,,,,,,,,,"-80.36227845,25.72380965",-80.36227845,25.72380965,,,,,,
4456,MIAMI,MIAMI-DADE,,,,PUBLIC SCHOOL,,,,,,,,,"-80.22754448,25.83038438",-80.22754448,25.83038438,,,,,,
4457,MIAMI,MIAMI-DADE,,,,PUBLIC SCHOOL,,,,,,,,,"-80.31789413,25.74876912",-80.31789413,25.74876912,,,,,,
4458,MIAMI,MIAMI-DADE,,,,PUBLIC SCHOOL,,,,,,,,,"-80.36259215,25.72516012",-80.36259215,25.72516012,,,,,,
4459,MIAMI,MIAMI-DADE,,,,PUBLIC SCHOOL,,,,,,,,,"-80.19399295,25.82922863",-80.19399295,25.82922863,,,,,,
4460,MIAMI,MIAMI-DADE,,,,PUBLIC SCHOOL,,,,,,,,,"-80.42625212,25.72959150",-80.42625212,25.7295915,,,,,,
4461,MIAMI,MIAMI-DADE,,,,PUBLIC SCHOOL,,,,,,,,,"-80.26360204,25.80398938",-80.26360204,25.80398938,,,,,,
4462,MIAMI,MIAMI-DADE,,,,PUBLIC SCHOOL,,,,,,,,,"-80.21514558,25.77959438",-80.21514558,25.77959438,,,,,,
4463,MIAMI,MIAMI-DADE,,,,PUBLIC SCHOOL,,,,,,,,,"-80.18864249,25.78994658",-80.18864249,25.78994658,,,,,,
4464,MIAMI,MIAMI-DADE,,,,PUBLIC SCHOOL,,,,,,,,,"-80.21119120,25.77243879",-80.2111912,25.77243879,,,,,,
4465,MIAMI,MIAMI-DADE,,,,PUBLIC SCHOOL,,,,,,,,,"-80.23280000,25.81830002",-80.2328,25.81830002,,,,,,
4466,MIAMI,MIAMI-DADE,,,,PUBLIC SCHOOL,,,,,,,,,"-80.35239679,25.68079361",-80.35239679,25.68079361,,,,,,
4467,MIAMI,MIAMI-DADE,,,,PUBLIC SCHOOL,,,,,,,,,"-80.33927451,25.75552883",-80.33927451,25.75552883,,,,,,
4468,MIAMI,MIAMI-DADE,,,,PUBLIC SCHOOL,,,,,,,,,"-80.36834429,25.67800076",-80.36834429,25.67800076,,,,,,
4470,MIAMI,MIAMI-DADE,,,,PUBLIC SCHOOL,,,,,,,,,"-80.18425548,25.91934564",-80.18425548,25.91934564,,,,,,
4471,MIAMI,MIAMI-DADE,,,,PUBLIC SCHOOL,,,,,,,,,"-80.18985750,25.80612173",-80.1898575,25.80612173,,,,,,
4472,MIAMI,MIAMI-DADE,,,,PUBLIC SCHOOL,,,,,,,,,"-80.42042098,25.72096866",-80.42042098,25.72096866,,,,,,
4474,MIAMI,MIAMI-DADE,,,,PUBLIC SCHOOL,,,,,,,,,"-80.37405972,25.66549808",-80.37405972,25.66549808,,,,,,
4475,MIAMI,MIAMI-DADE,,,,PUBLIC SCHOOL,,,,,,,,,"-80.42999999,25.67620002",-80.42999999,25.67620002,,,,,,
4476,MIAMI,MIAMI-DADE,,,,PUBLIC SCHOOL,,,,,,,,,"-80.21640908,25.95175916",-80.21640908,25.95175916,,,,,,
4477,MIAMI,MIAMI-DADE,,,,PUBLIC SCHOOL,,,,,,,,,"-80.19091821,25.81383131",-80.19091821,25.81383131,,,,,,
4478,MIAMI,MIAMI-DADE,,,,PUBLIC SCHOOL,,,,,,,,,"-80.22979998,25.81630000",-80.22979998,25.8163,,,,,,
4479,MIAMI,MIAMI-DADE,,,,PUBLIC SCHOOL,,,,,,,,,"-80.23600000,25.81960001",-80.236,25.81960001,,,,,,
4480,MIAMI,MIAMI-DADE,,,,PUBLIC SCHOOL,,,,,,,,,"-80.32209812,25.61946358",-80.32209812,25.61946358,,,,,,
4481,MIAMI,MIAMI-DADE,,,,PUBLIC SCHOOL,,,,,,,,,"-80.43718174,25.69095240",-80.43718174,25.6909524,,,,,,
4482,MIAMI,MIAMI-DADE,,,,PUBLIC SCHOOL,,,,,,,,,"-80.39042277,25.59922058",-80.39042277,25.59922058,,,,,,
4483,MIAMI,MIAMI-DADE,,,,PUBLIC SCHOOL,,,,,,,,,"-80.37656202,25.71653289",-80.37656202,25.71653289,,,,,,
4484,MIAMI,MIAMI-DADE,,,,PUBLIC SCHOOL,,,,,,,,,"-80.38630001,25.58030001",-80.38630001,25.58030001,,,,,,
4485,MIAMI,MIAMI-DADE,,,,PUBLIC SCHOOL,,,,,,,,,"-80.20194295,25.76974380",-80.20194295,25.7697438,,,,,,
4486,MIAMI,MIAMI-DADE,,,,PUBLIC SCHOOL,,,,,,,,,"-80.24178241,25.79310798",-80.24178241,25.79310798,,,,,,
4487,MIAMI,MIAMI-DADE,,,,PUBLIC SCHOOL,,,,,,,,,"-80.40058571,25.73974601",-80.40058571,25.73974601,,,,,,
4488,MIAMI,MIAMI-DADE,,,,PUBLIC SCHOOL,,,,,,,,,"-80.23517503,25.74339864",-80.23517503,25.74339864,,,,,,
4489,MIAMI,MIAMI-DADE,,,,PUBLIC SCHOOL,,,,,,,,,"-80.22668853,25.81076897",-80.22668853,25.81076897,,,,,,
4490,MIAMI,MIAMI-DADE,,,,PUBLIC SCHOOL,,,,,,,,,"-80.22879683,25.84409408",-80.22879683,25.84409408,,,,,,
4491,MIAMI,MIAMI-DADE,,,,PUBLIC SCHOOL,,,,,,,,,"-80.35420001,25.76970002",-80.35420001,25.76970002,,,,,,
4492,MIAMI,MIAMI-DADE,,,,PUBLIC SCHOOL,,,,,,,,,"-80.28726851,25.72998231",-80.28726851,25.72998231,,,,,,
4493,MIAMI,MIAMI-DADE,,,,PUBLIC SCHOOL,,,,,,,,,"-80.26676483,25.74140604",-80.26676483,25.74140604,,,,,,
4494,MIAMI,MIAMI-DADE,,,,PUBLIC SCHOOL,,,,,,,,,"-80.20585674,25.87876848",-80.20585674,25.87876848,,,,,,
4495,MIAMI,MIAMI-DADE,,,,PUBLIC SCHOOL,,,,,,,,,"-80.43709735,25.72904625",-80.43709735,25.72904625,,,,,,
4496,MIAMI,MIAMI-DADE,,,,PUBLIC SCHOOL,,,,,,,,,"-80.43579091,25.74239540",-80.43579091,25.7423954,,,,,,
4497,MIAMI,MIAMI-DADE,,,,PUBLIC SCHOOL,,,,,,,,,"-80.44893343,25.72005726",-80.44893343,25.72005726,,,,,,
4498,MIAMI,MIAMI-DADE,,,,PUBLIC SCHOOL,,,,,,,,,"-80.27292153,25.71934744",-80.27292153,25.71934744,,,,,,
4499,MIAMI,MIAMI-DADE,,,,PUBLIC SCHOOL,,,,,,,,,"-80.24526507,25.80733192",-80.24526507,25.80733192,,,,,,
4500,MIAMI,MIAMI-DADE,,,,PUBLIC SCHOOL,,,,,,,,,"-80.19338658,25.77631836",-80.19338658,25.77631836,,,,,,
4501,MIAMI,MIAMI-DADE,,,,PUBLIC SCHOOL,,,,,,,,,"-80.37208779,25.85257930",-80.37208779,25.8525793,,,,,,
4502,MIAMI,MIAMI-DADE,,,,PUBLIC SCHOOL,,,,,,,,,"-80.18960376,25.81388038",-80.18960376,25.81388038,,,,,,
4503,MIAMI,MIAMI-DADE,,,,PUBLIC SCHOOL,,,,,,,,,"-80.31863800,25.64377622",-80.318638,25.64377622,,,,,,
4504,MIAMI,MIAMI-DADE,,,,PUBLIC SCHOOL,,,,,,,,,"-80.22915712,25.86661035",-80.22915712,25.86661035,,,,,,
4505,MIAMI,MIAMI-DADE,,,,PUBLIC SCHOOL,,,,,,,,,"-80.39235580,25.73771837",-80.3923558,25.73771837,,,,,,
4506,MIAMI,MIAMI-DADE,,,,PUBLIC SCHOOL,,,,,,,,,"-80.45432948,25.71772383",-80.45432948,25.71772383,,,,,,
4507,MIAMI,MIAMI-DADE,,,,PUBLIC SCHOOL,,,,,,,,,"-80.16620495,25.92464154",-80.16620495,25.92464154,,,,,,
4508,MIAMI,MIAMI-DADE,,,,PUBLIC SCHOOL,,,,,,,,,"-80.35482012,25.60150672",-80.35482012,25.60150672,,,,,,
4509,MIAMI,MIAMI-DADE,,,,PUBLIC SCHOOL,,,,,,,,,"-80.34871923,25.57274696",-80.34871923,25.57274696,,,,,,
4510,MIAMI,MIAMI-DADE,,,,PUBLIC SCHOOL,,,,,,,,,"-80.21923443,25.82778149",-80.21923443,25.82778149,,,,,,
4511,MIAMI,MIAMI-DADE,,,,PUBLIC SCHOOL,,,,,,,,,"-80.24560583,25.73811191",-80.24560583,25.73811191,,,,,,
4512,MIAMI,MIAMI-DADE,,,,PUBLIC SCHOOL,,,,,,,,,"-80.17335747,25.97154294",-80.17335747,25.97154294,,,,,,
4513,MIAMI,MIAMI-DADE,,,,PUBLIC SCHOOL,,,,,,,,,"-80.31146938,25.81015139",-80.31146938,25.81015139,,,,,,
4514,MIAMI,MIAMI-DADE,,,,PUBLIC SCHOOL,,,,,,,,,"-80.38145984,25.75919395",-80.38145984,25.75919395,,,,,,
4515,MIAMI,MIAMI-DADE,,,,PUBLIC SCHOOL,,,,,,,,,"-80.40081636,25.66659416",-80.40081636,25.66659416,,,,,,
4516,MIAMI,MIAMI-DADE,,,,PUBLIC SCHOOL,,,,,,,,,"-80.37188926,25.65100830",-80.37188926,25.6510083,,,,,,
4517,MIAMI,MIAMI-DADE,,,,PUBLIC SCHOOL,,,,,,,,,"-80.18559801,25.93303682",-80.18559801,25.93303682,,,,,,
4518,MIAMI,MIAMI-DADE,,,,PUBLIC SCHOOL,,,,,,,,,"-80.20060585,25.78520874",-80.20060585,25.78520874,,,,,,
4520,MIAMI,MIAMI-DADE,,,,PUBLIC SCHOOL,,,,,,,,,"-80.40560881,25.74476200",-80.40560881,25.744762,,,,,,
4521,MIAMI,MIAMI-DADE,,,,PUBLIC SCHOOL,,,,,,,,,"-80.37510246,25.79827347",-80.37510246,25.79827347,,,,,,
4522,MIAMI,MIAMI-DADE,,,,PUBLIC SCHOOL,,,,,,,,,"-80.37290903,25.69828196",-80.37290903,25.69828196,,,,,,
4523,MIAMI,MIAMI-DADE,,,,PUBLIC SCHOOL,,,,,,,,,"-80.32330002,25.76839999",-80.32330002,25.76839999,,,,,,
4524,MIAMI,MIAMI-DADE,,,,PUBLIC SCHOOL,,,,,,,,,"-80.29470791,25.83085222",-80.29470791,25.83085222,,,,,,
4525,MIAMI,MIAMI-DADE,,,,PUBLIC SCHOOL,,,,,,,,,"-80.23010530,25.77674088",-80.2301053,25.77674088,,,,,,
4526,MIAMI,MIAMI-DADE,,,,PUBLIC SCHOOL,,,,,,,,,"-80.23559268,25.86902233",-80.23559268,25.86902233,,,,,,
4527,MIAMI,MIAMI-DADE,,,,PUBLIC SCHOOL,,,,,,,,,"-80.20950321,25.80651495",-80.20950321,25.80651495,,,,,,
4528,MIAMI,MIAMI-DADE,,,,PUBLIC SCHOOL,,,,,,,,,"-80.22667397,25.80522108",-80.22667397,25.80522108,,,,,,
4529,MIAMI,MIAMI-DADE,,,,PUBLIC SCHOOL,,,,,,,,,"-80.29446111,25.74142564",-80.29446111,25.74142564,,,,,,
4530,MIAMI,MIAMI-DADE,,,,PUBLIC SCHOOL,,,,,,,,,"-80.34655566,25.74427171",-80.34655566,25.74427171,,,,,,
4531,MIAMI,MIAMI-DADE,,,,PUBLIC SCHOOL,,,,,,,,,"-80.21383211,25.77231685",-80.21383211,25.77231685,,,,,,
4532,MIAMI,MIAMI-DADE,,,,PUBLIC SCHOOL,,,,,,,,,"-80.37039999,25.61390002",-80.37039999,25.61390002,,,,,,
4533,MIAMI,MIAMI-DADE,,,,PUBLIC SCHOOL,,,,,,,,,"-80.20211272,25.80416631",-80.20211272,25.80416631,,,,,,
4534,MIAMI,MIAMI-DADE,,,,PUBLIC SCHOOL,,,,,,,,,"-80.36698290,25.62127957",-80.3669829,25.62127957,,,,,,
4535,MIAMI,MIAMI-DADE,,,,PUBLIC SCHOOL,,,,,,,,,"-80.36172001,25.76947199",-80.36172001,25.76947199,,,,,,
4536,MIAMI,MIAMI-DADE,,,,PUBLIC SCHOOL,,,,,,,,,"-80.38286206,25.82756730",-80.38286206,25.8275673,,,,,,
4537,MIAMI,MIAMI-DADE,,,,PUBLIC SCHOOL,,,,,,,,,"-80.44497185,25.69333552",-80.44497185,25.69333552,,,,,,
4538,MIAMI,MIAMI-DADE,,,,PUBLIC SCHOOL,,,,,,,,,"-80.27552042,25.70435491",-80.27552042,25.70435491,,,,,,
4539,MIAMI,MIAMI-DADE,,,,PUBLIC SCHOOL,,,,,,,,,"-80.37409700,25.67516282",-80.374097,25.67516282,,,,,,
4540,MIAMI,MIAMI-DADE,,,,PUBLIC SCHOOL,,,,,,,,,"-80.40837641,25.59536778",-80.40837641,25.59536778,,,,,,
4541,MIAMI,MIAMI-DADE,,,,PUBLIC SCHOOL,,,,,,,,,"-80.44977104,25.67637685",-80.44977104,25.67637685,,,,,,
4542,MIAMI,MIAMI-DADE,,,,PUBLIC SCHOOL,,,,,,,,,"-80.23643480,25.76506278",-80.2364348,25.76506278,,,,,,
4543,MIAMI,MIAMI-DADE,,,,PUBLIC SCHOOL,,,,,,,,,"-80.20239217,25.94651590",-80.20239217,25.9465159,,,,,,
4545,MIAMI,MIAMI-DADE,,,,PUBLIC SCHOOL,,,,,,,,,"-80.31544116,25.66010439",-80.31544116,25.66010439,,,,,,
4546,MIAMI,MIAMI-DADE,,,,PUBLIC SCHOOL,,,,,,,,,"-80.42277531,25.60093347",-80.42277531,25.60093347,,,,,,
4548,MIAMI,MIAMI-DADE,,,,PUBLIC SCHOOL,,,,,,,,,"-80.20545081,25.84494872",-80.20545081,25.84494872,,,,,,
4549,MIAMI,MIAMI-DADE,,,,PUBLIC SCHOOL,,,,,,,,,"-80.20223723,25.85671583",-80.20223723,25.85671583,,,,,,
4550,MIAMI,MIAMI-DADE,,,,PUBLIC SCHOOL,,,,,,,,,"-80.35392690,25.79496730",-80.3539269,25.7949673,,,,,,
4551,MIAMI,MIAMI-DADE,,,,PUBLIC SCHOOL,,,,,,,,,"-80.22831528,25.86225392",-80.22831528,25.86225392,,,,,,
4552,MIAMI,MIAMI-DADE,,,,PUBLIC SCHOOL,,,,,,,,,"-80.21670144,25.81825146",-80.21670144,25.81825146,,,,,,
4554,MIAMI,MIAMI-DADE,,,,PUBLIC SCHOOL,,,,,,,,,"-80.30579998,25.71389999",-80.30579998,25.71389999,,,,,,
4555,MIAMI,MIAMI-DADE,,,,PUBLIC SCHOOL,,,,,,,,,"-80.40590948,25.71240511",-80.40590948,25.71240511,,,,,,
4556,MIAMI,MIAMI-DADE,,,,PUBLIC SCHOOL,,,,,,,,,"-80.38940916,25.76711433",-80.38940916,25.76711433,,,,,,
4557,MIAMI,MIAMI-DADE,,,,PUBLIC SCHOOL,,,,,,,,,"-80.43070001,25.73290000",-80.43070001,25.7329,,,,,,
4558,MIAMI,MIAMI-DADE,,,,PUBLIC SCHOOL,,,,,,,,,"-80.39501676,25.70152960",-80.39501676,25.7015296,,,,,,
4560,MIAMI,MIAMI-DADE,,,,PUBLIC SCHOOL,,,,,,,,,"-80.33260002,25.77580000",-80.33260002,25.7758,,,,,,
4561,MIAMI,MIAMI-DADE,,,,PUBLIC SCHOOL,,,,,,,,,"-80.14954042,25.94821557",-80.14954042,25.94821557,,,,,,
4562,MIAMI,MIAMI-DADE,,,,PUBLIC SCHOOL,,,,,,,,,"-80.25171889,25.73962683",-80.25171889,25.73962683,,,,,,
4564,MIAMI,MIAMI-DADE,,,,PUBLIC SCHOOL,,,,,,,,,"-80.21459998,25.84940000",-80.21459998,25.8494,,,,,,
4565,MIAMI,MIAMI-DADE,,,,PUBLIC SCHOOL,,,,,,,,,"-80.38047950,25.85129142",-80.3804795,25.85129142,,,,,,
4566,MIAMI,MIAMI-DADE,,,,PUBLIC SCHOOL,,,,,,,,,"-80.24196732,25.83282155",-80.24196732,25.83282155,,,,,,
4567,MIAMI,MIAMI-DADE,,,,PUBLIC SCHOOL,,,,,,,,,"-80.24396259,25.84838311",-80.24396259,25.84838311,,,,,,
4568,MIAMI,MIAMI-DADE,,,,PUBLIC SCHOOL,,,,,,,,,"-80.19895741,25.80506720",-80.19895741,25.8050672,,,,,,
4569,MIAMI,MIAMI-DADE,,,,PUBLIC SCHOOL,,,,,,,,,"-80.20010209,25.83162709",-80.20010209,25.83162709,,,,,,
4570,MIAMI,MIAMI-DADE,,,,PUBLIC SCHOOL,,,,,,,,,"-80.29270001,25.75640000",-80.29270001,25.7564,,,,,,
4571,MIAMI,MIAMI-DADE,,,,PUBLIC SCHOOL,,,,,,,,,"-80.38090000,25.56439999",-80.3809,25.56439999,,,,,,
4572,MIAMI,MIAMI-DADE,,,,PUBLIC SCHOOL,,,,,,,,,"-80.24812023,25.76690029",-80.24812023,25.76690029,,,,,,
4573,MIAMI,MIAMI-DADE,,,,PUBLIC SCHOOL,,,,,,,,,"-80.25359860,25.84987489",-80.2535986,25.84987489,,,,,,
4574,MIAMI,MIAMI-DADE,,,,PUBLIC SCHOOL,,,,,,,,,"-80.22622151,25.79961565",-80.22622151,25.79961565,,,,,,
4576,MIAMI,MIAMI-DADE,,,,PUBLIC SCHOOL,,,,,,,,,"-80.40546076,25.72249084",-80.40546076,25.72249084,,,,,,
4577,MIAMI,MIAMI-DADE,,,,PUBLIC SCHOOL,,,,,,,,,"-80.23128292,25.82596887",-80.23128292,25.82596887,,,,,,
4578,MIAMI,MIAMI-DADE,,,,PUBLIC SCHOOL,,,,,,,,,"-80.36665748,25.72733324",-80.36665748,25.72733324,,,,,,
4579,MIAMI,MIAMI-DADE,,,,PUBLIC SCHOOL,,,,,,,,,"-80.27139999,25.71649999",-80.27139999,25.71649999,,,,,,
4580,MIAMI,MIAMI-DADE,,,,PUBLIC SCHOOL,,,,,,,,,"-80.31847318,25.76103298",-80.31847318,25.76103298,,,,,,
4581,MIAMI,MIAMI-DADE,,,,PUBLIC SCHOOL,,,,,,,,,"-80.21482517,25.76978926",-80.21482517,25.76978926,,,,,,
4582,MIAMI,MIAMI-DADE,,,,PUBLIC SCHOOL,,,,,,,,,"-80.21334436,25.77112301",-80.21334436,25.77112301,,,,,,
4583,MIAMI,MIAMI-DADE,,,,PUBLIC SCHOOL,,,,,,,,,"-80.28932000,25.70774924",-80.28932,25.70774924,,,,,,
4584,MIAMI,MIAMI-DADE,,,,PUBLIC SCHOOL,,,,,,,,,"-80.18662868,25.87059488",-80.18662868,25.87059488,,,,,,
4585,MIAMI,MIAMI-DADE,,,,PUBLIC SCHOOL,,,,,,,,,"-80.35629673,25.63000024",-80.35629673,25.63000024,,,,,,
4586,MIAMI,MIAMI-DADE,,,,PUBLIC SCHOOL,,,,,,,,,"-80.33827282,25.72288946",-80.33827282,25.72288946,,,,,,
4587,MIAMI,MIAMI-DADE,,,,PUBLIC SCHOOL,,,,,,,,,"-80.37812734,25.66818585",-80.37812734,25.66818585,,,,,,
4588,MIAMI,MIAMI-DADE,,,,PUBLIC SCHOOL,,,,,,,,,"-80.14942703,25.97040858",-80.14942703,25.97040858,,,,,,
4589,MIAMI,MIAMI-DADE,,,,PUBLIC SCHOOL,,,,,,,,,"-80.19823397,25.77738504",-80.19823397,25.77738504,,,,,,
4591,MIAMI,MIAMI-DADE,,,,PUBLIC SCHOOL,,,,,,,,,"-80.39000001,25.59049998",-80.39000001,25.59049998,,,,,,
4592,MIAMI,MIAMI-DADE,,,,PUBLIC SCHOOL,,,,,,,,,"-80.26310798,25.73369237",-80.26310798,25.73369237,,,,,,
4593,MIAMI,MIAMI-DADE,,,,PUBLIC SCHOOL,,,,,,,,,"-80.39878035,25.72148259",-80.39878035,25.72148259,,,,,,
4594,MIAMI,MIAMI-DADE,,,,PUBLIC SCHOOL,,,,,,,,,"-80.21332553,25.85833821",-80.21332553,25.85833821,,,,,,
4595,MIAMI,MIAMI-DADE,,,,PUBLIC SCHOOL,,,,,,,,,"-80.25903406,25.72720214",-80.25903406,25.72720214,,,,,,
4596,MIAMI,MIAMI-DADE,,,,PUBLIC SCHOOL,,,,,,,,,"-80.23045806,25.86580475",-80.23045806,25.86580475,,,,,,
4597,MIAMI,MIAMI-DADE,,,,PUBLIC SCHOOL,,,,,,,,,"-80.26643716,25.77413265",-80.26643716,25.77413265,,,,,,
4598,MIAMI,MIAMI-DADE,,,,PUBLIC SCHOOL,,,,,,,,,"-80.42558231,25.69259691",-80.42558231,25.69259691,,,,,,
4601,MIAMI,MIAMI-DADE,,,,PUBLIC SCHOOL,,,,,,,,,"-80.34766930,25.70960448",-80.3476693,25.70960448,,,,,,
4602,MIAMI,MIAMI-DADE,,,,PUBLIC SCHOOL,,,,,,,,,"-80.35128821,25.75748185",-80.35128821,25.75748185,,,,,,
4603,MIAMI,MIAMI-DADE,,,,PUBLIC SCHOOL,,,,,,,,,"-80.44282428,25.67792858",-80.44282428,25.67792858,,,,,,
4604,MIAMI,MIAMI-DADE,,,,PUBLIC SCHOOL,,,,,,,,,"-80.19813122,25.79348472",-80.19813122,25.79348472,,,,,,
4605,MIAMI,MIAMI-DADE,,,,PUBLIC SCHOOL,,,,,,,,,"-80.24158491,25.80620357",-80.24158491,25.80620357,,,,,,
4607,MIAMI,MIAMI-DADE,,,,PUBLIC SCHOOL,,,,,,,,,"-80.22730000,25.95550000",-80.2273,25.9555,,,,,,
4608,MIAMI,MIAMI-DADE,,,,PUBLIC SCHOOL,,,,,,,,,"-80.38026292,25.66728138",-80.38026292,25.66728138,,,,,,
4609,MIAMI,MIAMI-DADE,,,,PUBLIC SCHOOL,,,,,,,,,"-80.23593962,25.77108580",-80.23593962,25.7710858,,,,,,
4611,MIAMI,MIAMI-DADE,,,,PUBLIC SCHOOL,,,,,,,,,"-80.21372131,25.83888922",-80.21372131,25.83888922,,,,,,
4612,MIAMI,MIAMI-DADE,,,,PUBLIC SCHOOL,,,,,,,,,"-80.45253306,25.66519900",-80.45253306,25.665199,,,,,,
4613,MIAMI,MIAMI-DADE,,,,PUBLIC SCHOOL,,,,,,,,,"-80.38030001,25.60379999",-80.38030001,25.60379999,,,,,,
4614,MIAMI,MIAMI-DADE,,,,PUBLIC SCHOOL,,,,,,,,,"-80.21260002,25.80460001",-80.21260002,25.80460001,,,,,,
4615,MIAMI,MIAMI-DADE,,,,PUBLIC SCHOOL,,,,,,,,,"-80.25770001,25.75420002",-80.25770001,25.75420002,,,,,,
4617,MIAMI,MIAMI-DADE,,,,PUBLIC SCHOOL,,,,,,,,,"-80.34409851,25.71884781",-80.34409851,25.71884781,,,,,,
4618,MIAMI,MIAMI-DADE,,,,PUBLIC SCHOOL,,,,,,,,,"-80.15496494,25.96639160",-80.15496494,25.9663916,,,,,,
4619,MIAMI,MIAMI-DADE,,,,PUBLIC SCHOOL,,,,,,,,,"-80.18615124,25.90912825",-80.18615124,25.90912825,,,,,,
4621,MIAMI,MIAMI-DADE,,,,PUBLIC SCHOOL,,,,,,,,,"-80.40513832,25.70160569",-80.40513832,25.70160569,,,,,,
4623,MIAMI,MIAMI-DADE,,,,PUBLIC SCHOOL,,,,,,,,,"-80.22037184,25.80945097",-80.22037184,25.80945097,,,,,,
4624,MIAMI,MIAMI-DADE,,,,PUBLIC SCHOOL,,,,,,,,,"-80.24462314,25.72699178",-80.24462314,25.72699178,,,,,,
4625,MIAMI,MIAMI-DADE,,,,PUBLIC SCHOOL,,,,,,,,,"-80.18214996,25.90065883",-80.18214996,25.90065883,,,,,,
4626,MIAMI,MIAMI-DADE,,,,PUBLIC SCHOOL,,,,,,,,,"-80.17290674,25.89125820",-80.17290674,25.8912582,,,,,,
4627,MIAMI,MIAMI-DADE,,,,PUBLIC SCHOOL,,,,,,,,,"-80.31260001,25.65249998",-80.31260001,25.65249998,,,,,,
4628,MIAMI,MIAMI-DADE,,,,PUBLIC SCHOOL,,,,,,,,,,,,,,,,,
4629,MIAMI,MIAMI-DADE,,,,PUBLIC SCHOOL,,,,,,,,,"-80.22010001,25.93420001",-80.22010001,25.93420001,,,,,,
4631,MIAMI,MIAMI-DADE,,,,PUBLIC SCHOOL,,,,,,,,,"-80.22631631,25.83051858",-80.22631631,25.83051858,,,,,,
4633,MIAMI,MIAMI-DADE,,,,PUBLIC SCHOOL,,,,,,,,,"-80.45260315,25.63175921",-80.45260315,25.63175921,,,,,,
4634,MIAMI,MIAMI-DADE,,,,PUBLIC SCHOOL,,,,,,,,,"-80.20813645,25.79471917",-80.20813645,25.79471917,,,,,,
4635,MIAMI,MIAMI-DADE,,,,PUBLIC SCHOOL,,,,,,,,,"-80.21869998,25.81770000",-80.21869998,25.8177,,,,,,
4636,MIAMI,MIAMI-DADE,,,,PUBLIC SCHOOL,,,,,,,,,"-80.37676275,25.72920592",-80.37676275,25.72920592,,,,,,
4637,MIAMI,MIAMI-DADE,,,,PUBLIC SCHOOL,,,,,,,,,"-80.19921396,25.77732760",-80.19921396,25.7773276,,,,,,
4639,MIAMI,MIAMI-DADE,,,,PUBLIC SCHOOL,,,,,,,,,"-80.30084182,25.70260171",-80.30084182,25.70260171,,,,,,
4640,MIAMI,MIAMI-DADE,,,,PUBLIC SCHOOL,,,,,,,,,"-80.19756084,25.88550024",-80.19756084,25.88550024,,,,,,
4642,MIAMI,MIAMI-DADE,,,,PUBLIC SCHOOL,,,,,,,,,"-80.31334219,25.65494858",-80.31334219,25.65494858,,,,,,
4644,MIAMI,MIAMI-DADE,,,,PUBLIC SCHOOL,,,,,,,,,"-80.20919386,25.79065847",-80.20919386,25.79065847,,,,,,
4645,MIAMI,MIAMI-DADE,,,,PUBLIC SCHOOL,,,,,,,,,"-80.17860774,25.92965532",-80.17860774,25.92965532,,,,,,
4646,MIAMI,MIAMI-DADE,,,,PUBLIC SCHOOL,,,,,,,,,"-80.19526217,25.78997306",-80.19526217,25.78997306,,,,,,
4647,MIAMI,MIAMI-DADE,,,,PUBLIC SCHOOL,,,,,,,,,"-80.21760068,25.75373098",-80.21760068,25.75373098,,,,,,
4648,MIAMI,MIAMI-DADE,,,,PUBLIC SCHOOL,,,,,,,,,"-80.21079439,25.77320559",-80.21079439,25.77320559,,,,,,
4649,MIAMI,MIAMI-DADE,,,,PUBLIC SCHOOL,,,,,,,,,"-80.33107495,25.75580981",-80.33107495,25.75580981,,,,,,
4650,MIAMI,MIAMI-DADE,,,,PUBLIC SCHOOL,,,,,,,,,"-80.32440314,25.73719096",-80.32440314,25.73719096,,,,,,
4651,MIAMI,MIAMI-DADE,,,,PUBLIC SCHOOL,,,,,,,,,"-80.20469401,25.83167572",-80.20469401,25.83167572,,,,,,
4652,MIAMI,MIAMI-DADE,,,,PUBLIC SCHOOL,,,,,,,,,"-80.21829163,25.78805394",-80.21829163,25.78805394,,,,,,
4653,MIAMI,MIAMI-DADE,,,,PUBLIC SCHOOL,,,,,,,,,"-80.19104870,25.78893699",-80.1910487,25.78893699,,,,,,
4655,MIAMI,MIAMI-DADE,,,,PUBLIC SCHOOL,,,,,,,,,"-80.36950536,25.69286154",-80.36950536,25.69286154,,,,,,
4657,MIAMI,MIAMI-DADE,,,,PUBLIC SCHOOL,,,,,,,,,"-80.24632662,25.87698478",-80.24632662,25.87698478,,,,,,
4658,MIAMI,MIAMI-DADE,,,,PUBLIC SCHOOL,,,,,,,,,"-80.19431440,25.89786452",-80.1943144,25.89786452,,,,,,
4659,MIAMI,MIAMI-DADE,,,,PUBLIC SCHOOL,,,,,,,,,"-80.28465981,25.82345875",-80.28465981,25.82345875,,,,,,
4660,MIAMI,MIAMI-DADE,,,,PUBLIC SCHOOL,,,,,,,,,"-80.20989513,25.83559489",-80.20989513,25.83559489,,,,,,
4661,MIAMI,MIAMI-DADE,,,,PUBLIC SCHOOL,,,,,,,,,"-80.22816875,25.83940315",-80.22816875,25.83940315,,,,,,
4662,MIAMI,MIAMI-DADE,,,,PUBLIC SCHOOL,,,,,,,,,"-80.19208025,25.79495225",-80.19208025,25.79495225,,,,,,
4663,MIAMI,MIAMI-DADE,,,,PUBLIC SCHOOL,,,,,,,,,"-80.18315629,25.89668903",-80.18315629,25.89668903,,,,,,
4664,MIAMI,MIAMI-DADE,,,,PUBLIC SCHOOL,,,,,,,,,"-80.23443950,25.89055880",-80.2344395,25.8905588,,,,,,
4667,MIAMI,MIAMI-DADE,,,,PUBLIC SCHOOL,,,,,,,,,"-80.35480001,25.77140000",-80.35480001,25.7714,,,,,,
4668,MIAMI,MIAMI-DADE,,,,PUBLIC SCHOOL,,,,,,,,,"-80.35070001,25.66999998",-80.35070001,25.66999998,,,,,,
4669,MIAMI,MIAMI-DADE,,,,PUBLIC SCHOOL,,,,,,,,,"-80.22810284,25.76208888",-80.22810284,25.76208888,,,,,,
4670,MIAMI,MIAMI-DADE,,,,PUBLIC SCHOOL,,,,,,,,,"-80.13639548,25.94998524",-80.13639548,25.94998524,,,,,,
4671,MIAMI,MIAMI-DADE,,,,PUBLIC SCHOOL,,,,,,,,,"-80.20912636,25.91282081",-80.20912636,25.91282081,,,,,,
4672,MIAMI,MIAMI-DADE,,,,PUBLIC SCHOOL,,,,,,,,,"-80.36158859,25.65462652",-80.36158859,25.65462652,,,,,,
4673,MIAMI,MIAMI-DADE,,,,PUBLIC SCHOOL,,,,,,,,,"-80.23006818,25.77854906",-80.23006818,25.77854906,,,,,,
4674,MIAMI,MIAMI-DADE,,,,PUBLIC SCHOOL,,,,,,,,,"-80.23492842,25.83656523",-80.23492842,25.83656523,,,,,,
4675,MIAMI,MIAMI-DADE,,,,PUBLIC SCHOOL,,,,,,,,,"-80.22329537,25.95132153",-80.22329537,25.95132153,,,,,,
4676,MIAMI,MIAMI-DADE,,,,PUBLIC SCHOOL,,,,,,,,,"-80.26522296,25.77298004",-80.26522296,25.77298004,,,,,,
4677,MIAMI,MIAMI-DADE,,,,PUBLIC SCHOOL,,,,,,,,,"-80.30244097,25.83302849",-80.30244097,25.83302849,,,,,,
4678,MIAMI,MIAMI-DADE,,,,PUBLIC SCHOOL,,,,,,,,,"-80.19434734,25.79493980",-80.19434734,25.7949398,,,,,,
4679,MIAMI,MIAMI-DADE,,,,PUBLIC SCHOOL,,,,,,,,,"-80.17390785,25.78529715",-80.17390785,25.78529715,,,,,,
4680,MIAMI,MIAMI-DADE,,,,PUBLIC SCHOOL,,,,,,,,,"-80.22586177,25.83956567",-80.22586177,25.83956567,,,,,,
4681,MIAMI,MIAMI-DADE,,,,PUBLIC SCHOOL,,,,,,,,,"-80.36643843,25.72343175",-80.36643843,25.72343175,,,,,,
4682,MIAMI,MIAMI-DADE,,,,PUBLIC SCHOOL,,,,,,,,,"-80.40637909,25.69539156",-80.40637909,25.69539156,,,,,,
4683,MIAMI,MIAMI-DADE,,,,PUBLIC SCHOOL,,,,,,,,,"-80.14445415,25.91575208",-80.14445415,25.91575208,,,,,,
4684,MIAMI,MIAMI-DADE,,,,PUBLIC SCHOOL,,,,,,,,,"-80.19434217,25.90735312",-80.19434217,25.90735312,,,,,,
4685,MIAMI,MIAMI-DADE,,,,PUBLIC SCHOOL,,,,,,,,,"-80.44224330,25.67422530",-80.4422433,25.6742253,,,,,,
4686,MIAMI,MIAMI-DADE,,,,PUBLIC SCHOOL,,,,,,,,,"-80.35569608,25.58801422",-80.35569608,25.58801422,,,,,,
4687,MIAMI,MIAMI-DADE,,,,PUBLIC SCHOOL,,,,,,,,,"-80.20231712,25.79113471",-80.20231712,25.79113471,,,,,,
4688,MIAMI,MIAMI-DADE,,,,PUBLIC SCHOOL,,,,,,,,,"-80.33211501,25.80402221",-80.33211501,25.80402221,,,,,,
4690,MIAMI,MIAMI-DADE,,,,PUBLIC SCHOOL,,,,,,,,,"-80.16507152,25.90510022",-80.16507152,25.90510022,,,,,,
4691,MIAMI,MIAMI-DADE,,,,PUBLIC SCHOOL,,,,,,,,,"-80.16456058,25.92355255",-80.16456058,25.92355255,,,,,,
4692,MIAMI,MIAMI-DADE,,,,PUBLIC SCHOOL,,,,,,,,,"-80.36649999,25.68289999",-80.36649999,25.68289999,,,,,,
4693,MIAMI,MIAMI-DADE,,,,PUBLIC SCHOOL,,,,,,,,,"-80.22719076,25.75421124",-80.22719076,25.75421124,,,,,,
4694,MIAMI,MIAMI-DADE,,,,PUBLIC SCHOOL,,,,,,,,,"-80.20413752,25.80580291",-80.20413752,25.80580291,,,,,,
4695,MIAMI,MIAMI-DADE,,,,PUBLIC SCHOOL,,,,,,,,,"-80.18455938,25.90092433",-80.18455938,25.90092433,,,,,,
4696,MIAMI,MIAMI-DADE,,,,PUBLIC SCHOOL,,,,,,,,,"-80.32442265,25.68484692",-80.32442265,25.68484692,,,,,,
4698,MIAMI,MIAMI-DADE,,,,PUBLIC SCHOOL,,,,,,,,,"-80.34899999,25.58699998",-80.34899999,25.58699998,,,,,,
4699,MIAMI,MIAMI-DADE,,,,PUBLIC SCHOOL,,,,,,,,,"-80.15420381,25.96399463",-80.15420381,25.96399463,,,,,,
4703,MIAMI,MIAMI-DADE,,,,PUBLIC SCHOOL,,,,,,,,,"-80.25273306,25.77933597",-80.25273306,25.77933597,,,,,,
4705,MIAMI,MIAMI-DADE,,,,PUBLIC SCHOOL,,,,,,,,,"-80.35389999,25.57929998",-80.35389999,25.57929998,,,,,,
4706,MIAMI,MIAMI-DADE,,,,PUBLIC SCHOOL,,,,,,,,,"-80.37570001,25.58650001",-80.37570001,25.58650001,,,,,,
4707,MIAMI,MIAMI-DADE,,,,PUBLIC SCHOOL,,,,,,,,,"-80.40720001,25.74700001",-80.40720001,25.74700001,,,,,,
4708,MIAMI,MIAMI-DADE,,,,PUBLIC SCHOOL,,,,,,,,,"-80.21575011,25.86983751",-80.21575011,25.86983751,,,,,,
4709,MIAMI,MIAMI-DADE,,,,PUBLIC SCHOOL,,,,,,,,,"-80.23990900,25.80749333",-80.239909,25.80749333,,,,,,
4710,MIAMI,MIAMI-DADE,,,,PUBLIC SCHOOL,,,,,,,,,"-80.35748320,25.70973264",-80.3574832,25.70973264,,,,,,
4711,MIAMI,MIAMI-DADE,,,,PUBLIC SCHOOL,,,,,,,,,"-80.36070002,25.61230001",-80.36070002,25.61230001,,,,,,
4713,MIAMI,MIAMI-DADE,,,,PUBLIC SCHOOL,,,,,,,,,"-80.30293135,25.71425162",-80.30293135,25.71425162,,,,,,
4714,MIAMI,MIAMI-DADE,,,,PUBLIC SCHOOL,,,,,,,,,"-80.19915284,25.96668374",-80.19915284,25.96668374,,,,,,
4716,MIAMI,MIAMI-DADE,,,,PUBLIC SCHOOL,,,,,,,,,"-80.25420001,25.72610001",-80.25420001,25.72610001,,,,,,
4717,MIAMI,MIAMI-DADE,,,,PUBLIC SCHOOL,,,,,,,,,"-80.39600668,25.75165342",-80.39600668,25.75165342,,,,,,
4718,MIAMI,MIAMI-DADE,,,,PUBLIC SCHOOL,,,,,,,,,"-80.23863497,25.77993081",-80.23863497,25.77993081,,,,,,
4719,MIAMI,MIAMI-DADE,,,,PUBLIC SCHOOL,,,,,,,,,"-80.33149879,25.66046028",-80.33149879,25.66046028,,,,,,
4721,MIAMI,MIAMI-DADE,,,,PUBLIC SCHOOL,,,,,,,,,"-80.36713687,25.79215775",-80.36713687,25.79215775,,,,,,
4722,MIAMI,MIAMI-DADE,,,,PUBLIC SCHOOL,,,,,,,,,"-80.42619999,25.72160000",-80.42619999,25.7216,,,,,,
4723,MIAMI,MIAMI-DADE,,,,PUBLIC SCHOOL,,,,,,,,,"-80.20480641,25.83578932",-80.20480641,25.83578932,,,,,,
4724,MIAMI,MIAMI-DADE,,,,PUBLIC SCHOOL,,,,,,,,,"-80.33579998,25.61509998",-80.33579998,25.61509998,,,,,,
4725,MIAMI,MIAMI-DADE,,,,PUBLIC SCHOOL,,,,,,,,,"-80.25907531,25.72518151",-80.25907531,25.72518151,,,,,,
4726,MIAMI,MIAMI-DADE,,,,PUBLIC SCHOOL,,,,,,,,,"-80.28489998,25.67640002",-80.28489998,25.67640002,,,,,,
4727,MIAMI,MIAMI-DADE,,,,PUBLIC SCHOOL,,,,,,,,,"-80.43442168,25.71562008",-80.43442168,25.71562008,,,,,,
4728,MIAMI,MIAMI-DADE,,,,PUBLIC SCHOOL,,,,,,,,,"-80.24309539,25.72888492",-80.24309539,25.72888492,,,,,,
4729,MIAMI,MIAMI-DADE,,,,PUBLIC SCHOOL,,,,,,,,,"-80.24743116,25.82134394",-80.24743116,25.82134394,,,,,,
4730,MIAMI,MIAMI-DADE,,,,PUBLIC SCHOOL,,,,,,,,,"-80.25619162,25.75695341",-80.25619162,25.75695341,,,,,,
4731,MIAMI,MIAMI-DADE,,,,PUBLIC SCHOOL,,,,,,,,,"-80.43671705,25.68163744",-80.43671705,25.68163744,,,,,,
4732,MIAMI,MIAMI-DADE,,,,PUBLIC SCHOOL,,,,,,,,,"-80.34690944,25.74275308",-80.34690944,25.74275308,,,,,,
4733,MIAMI,MIAMI-DADE,,,,PUBLIC SCHOOL,,,,,,,,,"-80.35309998,25.73320001",-80.35309998,25.73320001,,,,,,
4736,MIAMI,MIAMI-DADE,,,,PUBLIC SCHOOL,,,,,,,,,"-80.30529998,25.72039999",-80.30529998,25.72039999,,,,,,
4737,MIAMI,MIAMI-DADE,,,,PUBLIC SCHOOL,,,,,,,,,"-80.36435633,25.82084256",-80.36435633,25.82084256,,,,,,
4738,MIAMI,MIAMI-DADE,,,,PUBLIC SCHOOL,,,,,,,,,"-80.18063061,25.85486361",-80.18063061,25.85486361,,,,,,
4739,MIAMI,MIAMI-DADE,,,,PUBLIC SCHOOL,,,,,,,,,"-80.44884627,25.63359471",-80.44884627,25.63359471,,,,,,
4740,MIAMI,MIAMI-DADE,,,,PUBLIC SCHOOL,,,,,,,,,"-80.30566182,25.74866887",-80.30566182,25.74866887,,,,,,
4741,MIAMI,MIAMI-DADE,,,,PUBLIC SCHOOL,,,,,,,,,"-80.14557041,25.91423811",-80.14557041,25.91423811,,,,,,
4743,MIAMI,MIAMI-DADE,,,,PUBLIC SCHOOL,,,,,,,,,"-80.22017964,25.89502848",-80.22017964,25.89502848,,,,,,
4744,MIAMI,MIAMI-DADE,,,,PUBLIC SCHOOL,,,,,,,,,"-80.20869998,25.90980000",-80.20869998,25.9098,,,,,,
4745,MIAMI,MIAMI-DADE,,,,PUBLIC SCHOOL,,,,,,,,,"-80.17464184,25.96671932",-80.17464184,25.96671932,,,,,,
4746,MIAMI,MIAMI-DADE,,,,PUBLIC SCHOOL,,,,,,,,,"-80.34449953,25.71687197",-80.34449953,25.71687197,,,,,,
4747,MIAMI,MIAMI-DADE,,,,PUBLIC SCHOOL,,,,,,,,,"-80.15823883,25.73902623",-80.15823883,25.73902623,,,,,,
4749,MIAMI,MIAMI-DADE,,,,PUBLIC SCHOOL,,,,,,,,,"-80.24305915,25.77994734",-80.24305915,25.77994734,,,,,,
4751,MIAMI,MIAMI-DADE,,,,PUBLIC SCHOOL,,,,,,,,,"-80.42967822,25.62963841",-80.42967822,25.62963841,,,,,,
4753,MIAMI,MIAMI-DADE,,,,PUBLIC SCHOOL,,,,,,,,,"-80.19879998,25.82100002",-80.19879998,25.82100002,,,,,,
4755,MIAMI,MIAMI-DADE,,,,PUBLIC SCHOOL,,,,,,,,,"-80.20317945,25.88112145",-80.20317945,25.88112145,,,,,,
4756,MIAMI,MIAMI-DADE,,,,PUBLIC SCHOOL,,,,,,,,,"-80.36589103,25.56752753",-80.36589103,25.56752753,,,,,,
4757,MIAMI,MIAMI-DADE,,,,PUBLIC SCHOOL,,,,,,,,,"-80.33549998,25.59099998",-80.33549998,25.59099998,,,,,,
4758,MIAMI,MIAMI-DADE,,,,PUBLIC SCHOOL,,,,,,,,,"-80.41201379,25.74971666",-80.41201379,25.74971666,,,,,,
4759,MIAMI,MIAMI-DADE,,,,PUBLIC SCHOOL,,,,,,,,,"-80.23745849,25.82154937",-80.23745849,25.82154937,,,,,,
4760,MIAMI,MIAMI-DADE,,,,PUBLIC SCHOOL,,,,,,,,,"-80.35880962,25.63314311",-80.35880962,25.63314311,,,,,,
4761,MIAMI,MIAMI-DADE,,,,PUBLIC SCHOOL,,,,,,,,,"-80.21997463,25.87907905",-80.21997463,25.87907905,,,,,,
4762,MIAMI,MIAMI-DADE,,,,PUBLIC SCHOOL,,,,,,,,,"-80.33050000,25.57109999",-80.3305,25.57109999,,,,,,
4765,MIAMI,MIAMI-DADE,,,,PUBLIC SCHOOL,,,,,,,,,"-80.29425697,25.76651889",-80.29425697,25.76651889,,,,,,
4766,MIAMI,MIAMI-DADE,,,,PUBLIC SCHOOL,,,,,,,,,"-80.32238915,25.62984157",-80.32238915,25.62984157,,,,,,
4767,MIAMI,MIAMI-DADE,,,,PUBLIC SCHOOL,,,,,,,,,"-80.38000134,25.56590535",-80.38000134,25.56590535,,,,,,
4768,MIAMI,MIAMI-DADE,,,,PUBLIC SCHOOL,,,,,,,,,"-80.17000000,25.94000002",-80.17,25.94000002,,,,,,
4769,MIAMI,MIAMI-DADE,,,,PUBLIC SCHOOL,,,,,,,,,"-80.27446000,25.81246731",-80.27446,25.81246731,,,,,,
4770,MIAMI,MIAMI-DADE,,,,PUBLIC SCHOOL,,,,,,,,,"-80.45135661,25.71176441",-80.45135661,25.71176441,,,,,,
4771,MIAMI,MIAMI-DADE,,,,PUBLIC SCHOOL,,,,,,,,,"-80.23150707,25.87645238",-80.23150707,25.87645238,,,,,,
4772,MIAMI,MIAMI-DADE,,,,PUBLIC SCHOOL,,,,,,,,,"-80.20513943,25.77016734",-80.20513943,25.77016734,,,,,,
4773,MIAMI,MIAMI-DADE,,,,PUBLIC SCHOOL,,,,,,,,,"-80.21882065,25.95258891",-80.21882065,25.95258891,,,,,,
4774,MIAMI,MIAMI-DADE,,,,PUBLIC SCHOOL,,,,,,,,,"-80.41244032,25.67890272",-80.41244032,25.67890272,,,,,,
4775,MIAMI,MIAMI-DADE,,,,PUBLIC SCHOOL,,,,,,,,,"-80.28061639,25.77205315",-80.28061639,25.77205315,,,,,,
4776,MIAMI,MIAMI-DADE,,,,PUBLIC SCHOOL,,,,,,,,,"-80.43875975,25.74367359",-80.43875975,25.74367359,,,,,,
4777,MIAMI,MIAMI-DADE,,,,PUBLIC SCHOOL,,,,,,,,,"-80.23884900,25.85034763",-80.238849,25.85034763,,,,,,
4780,MIAMI,MIAMI-DADE,,,,PUBLIC SCHOOL,,,,,,,,,"-80.38806123,25.76852741",-80.38806123,25.76852741,,,,,,
4782,MIAMI,MIAMI-DADE,,,,PUBLIC SCHOOL,,,,,,,,,"-80.33050001,25.56440002",-80.33050001,25.56440002,,,,,,
4784,MIAMI,MIAMI-DADE,,,,PUBLIC SCHOOL,,,,,,,,,"-80.37532680,25.63732528",-80.3753268,25.63732528,,,,,,
4785,MIAMI,MIAMI-DADE,,,,PUBLIC SCHOOL,,,,,,,,,"-80.23226730,25.89098245",-80.2322673,25.89098245,,,,,,
4786,MIAMI,MIAMI-DADE,,,,PUBLIC SCHOOL,,,,,,,,,"-80.22419998,25.94570000",-80.22419998,25.9457,,,,,,
4787,MIAMI,MIAMI-DADE,,,,PUBLIC SCHOOL,,,,,,,,,"-80.23632037,25.76655000",-80.23632037,25.76655,,,,,,
4788,MIAMI,MIAMI-DADE,,,,PUBLIC SCHOOL,,,,,,,,,"-80.27435534,25.81545351",-80.27435534,25.81545351,,,,,,
4790,MIAMI,MIAMI-DADE,,,,PUBLIC SCHOOL,,,,,,,,,"-80.21749998,25.83980000",-80.21749998,25.8398,,,,,,
4791,MIAMI,MIAMI-DADE,,,,PUBLIC SCHOOL,,,,,,,,,"-80.25280000,25.85229998",-80.2528,25.85229998,,,,,,
4793,MIAMI,MIAMI-DADE,,,,PUBLIC SCHOOL,,,,,,,,,"-80.45891717,25.67427348",-80.45891717,25.67427348,,,,,,
4795,MIAMI,MIAMI-DADE,,,,PUBLIC SCHOOL,,,,,,,,,"-80.19444365,25.76191347",-80.19444365,25.76191347,,,,,,
4796,MIAMI,MIAMI-DADE,,,,PUBLIC SCHOOL,,,,,,,,,"-80.39054538,25.66903336",-80.39054538,25.66903336,,,,,,
4798,MIAMI,MIAMI-DADE,,,,PUBLIC SCHOOL,,,,,,,,,"-80.20543228,25.78562362",-80.20543228,25.78562362,,,,,,
4799,MIAMI,MIAMI-DADE,,,,PUBLIC SCHOOL,,,,,,,,,"-80.44143175,25.70417265",-80.44143175,25.70417265,,,,,,
4800,MIAMI,MIAMI-DADE,,,,PUBLIC SCHOOL,,,,,,,,,"-80.21595129,25.83631078",-80.21595129,25.83631078,,,,,,
4801,MIAMI,MIAMI-DADE,,,,PUBLIC SCHOOL,,,,,,,,,"-80.36761067,25.71475229",-80.36761067,25.71475229,,,,,,
4803,MIAMI,MIAMI-DADE,,,,PUBLIC SCHOOL,,,,,,,,,"-80.17531368,25.93001389",-80.17531368,25.93001389,,,,,,
4805,MIAMI,MIAMI-DADE,,,,PUBLIC SCHOOL,,,,,,,,,"-80.35949923,25.62977834",-80.35949923,25.62977834,,,,,,
4806,MIAMI,MIAMI-DADE,,,,PUBLIC SCHOOL,,,,,,,,,"-80.35790001,25.69130002",-80.35790001,25.69130002,,,,,,
4807,MIAMI,MIAMI-DADE,,,,PUBLIC SCHOOL,,,,,,,,,"-80.18699944,25.83678130",-80.18699944,25.8367813,,,,,,
4809,MIAMI,MIAMI-DADE,,,,PUBLIC SCHOOL,,,,,,,,,"-80.33370419,25.74120555",-80.33370419,25.74120555,,,,,,
4810,HOMESTEAD,MIAMI-DADE,,,,PUBLIC SCHOOL,,,,,,,,,"-80.45050596,25.46047447",-80.45050596,25.46047447,,,,,,
4811,HOMESTEAD,MIAMI-DADE,,,,PUBLIC SCHOOL,,,,,,,,,"-80.37863307,25.54192985",-80.37863307,25.54192985,,,,,,
4812,HOMESTEAD,MIAMI-DADE,,,,PUBLIC SCHOOL,,,,,,,,,"-80.43521079,25.45132124",-80.43521079,25.45132124,,,,,,
4813,HOMESTEAD,MIAMI-DADE,,,,PUBLIC SCHOOL,,,,,,,,,"-80.50692767,25.49633418",-80.50692767,25.49633418,,,,,,
4814,HOMESTEAD,MIAMI-DADE,,,,PUBLIC SCHOOL,,,,,,,,,"-80.45178288,25.53705410",-80.45178288,25.5370541,,,,,,
4815,HOMESTEAD,MIAMI-DADE,,,,PUBLIC SCHOOL,,,,,,,,,"-80.48260700,25.47567612",-80.482607,25.47567612,,,,,,
4816,HOMESTEAD,MIAMI-DADE,,,,PUBLIC SCHOOL,,,,,,,,,"-80.47809020,25.48596648",-80.4780902,25.48596648,,,,,,
4817,HOMESTEAD,MIAMI-DADE,,,,PUBLIC SCHOOL,,,,,,,,,"-80.45895910,25.44965563",-80.4589591,25.44965563,,,,,,
4818,HOMESTEAD,MIAMI-DADE,,,,PUBLIC SCHOOL,,,,,,,,,"-80.47525301,25.47745124",-80.47525301,25.47745124,,,,,,
4819,HOMESTEAD,MIAMI-DADE,,,,PUBLIC SCHOOL,,,,,,,,,"-80.47505634,25.46733190",-80.47505634,25.4673319,,,,,,
4820,HOMESTEAD,MIAMI-DADE,,,,PUBLIC SCHOOL,,,,,,,,,"-80.47472336,25.47442469",-80.47472336,25.47442469,,,,,,
4821,HOMESTEAD,MIAMI-DADE,,,,PUBLIC SCHOOL,,,,,,,,,"-80.45261215,25.53918708",-80.45261215,25.53918708,,,,,,
4822,HOMESTEAD,MIAMI-DADE,,,,PUBLIC SCHOOL,,,,,,,,,"-80.37787902,25.55092620",-80.37787902,25.5509262,,,,,,
4824,HOMESTEAD,MIAMI-DADE,,,,PUBLIC SCHOOL,,,,,,,,,"-80.41731249,25.51492416",-80.41731249,25.51492416,,,,,,
4827,HOMESTEAD,MIAMI-DADE,,,,PUBLIC SCHOOL,,,,,,,,,"-80.48322328,25.47281203",-80.48322328,25.47281203,,,,,,
4828,HOMESTEAD,MIAMI-DADE,,,,PUBLIC SCHOOL,,,,,,,,,"-80.49074064,25.48325821",-80.49074064,25.48325821,,,,,,
4829,HOMESTEAD,MIAMI-DADE,,,,PUBLIC SCHOOL,,,,,,,,,"-80.48401778,25.46315419",-80.48401778,25.46315419,,,,,,
4830,HOMESTEAD,MIAMI-DADE,,,,PUBLIC SCHOOL,,,,,,,,,"-80.40602312,25.49932436",-80.40602312,25.49932436,,,,,,
4831,HOMESTEAD,MIAMI-DADE,,,,PUBLIC SCHOOL,,,,,,,,,"-80.48077451,25.48197604",-80.48077451,25.48197604,,,,,,
4832,HOMESTEAD,MIAMI-DADE,,,,PUBLIC SCHOOL,,,,,,,,,"-80.48600945,25.45228353",-80.48600945,25.45228353,,,,,,
4833,HOMESTEAD,MIAMI-DADE,,,,PUBLIC SCHOOL,,,,,,,,,"-80.43370797,25.49896427",-80.43370797,25.49896427,,,,,,
4834,HOMESTEAD,MIAMI-DADE,,,,PUBLIC SCHOOL,,,,,,,,,"-80.41904211,25.47935931",-80.41904211,25.47935931,,,,,,
4835,HOMESTEAD,MIAMI-DADE,,,,PUBLIC SCHOOL,,,,,,,,,"-80.44610198,25.48094766",-80.44610198,25.48094766,,,,,,
4836,HOMESTEAD,MIAMI-DADE,,,,PUBLIC SCHOOL,,,,,,,,,"-80.49509579,25.46359903",-80.49509579,25.46359903,,,,,,
4837,HOMESTEAD,MIAMI-DADE,,,,PUBLIC SCHOOL,,,,,,,,,"-80.48090755,25.37243204",-80.48090755,25.37243204,,,,,,
4838,HOMESTEAD,MIAMI-DADE,,,,PUBLIC SCHOOL,,,,,,,,,"-80.46600922,25.49445336",-80.46600922,25.49445336,,,,,,
4839,HOMESTEAD,MIAMI-DADE,,,,PUBLIC SCHOOL,,,,,,,,,"-80.48903100,25.44716311",-80.489031,25.44716311,,,,,,
4840,HOMESTEAD,MIAMI-DADE,,,,PUBLIC SCHOOL,,,,,,,,,"-80.49272332,25.44665324",-80.49272332,25.44665324,,,,,,
4841,HOMESTEAD,MIAMI-DADE,,,,PUBLIC SCHOOL,,,,,,,,,"-80.44518881,25.47210798",-80.44518881,25.47210798,,,,,,
4843,HOMESTEAD,MIAMI-DADE,,,,PUBLIC SCHOOL,,,,,,,,,"-80.45974742,25.50134733",-80.45974742,25.50134733,,,,,,
4845,HOMESTEAD,MIAMI-DADE,,,,PUBLIC SCHOOL,,,,,,,,,"-80.42379644,25.49688948",-80.42379644,25.49688948,,,,,,
4846,HOMESTEAD,MIAMI-DADE,,,,PUBLIC SCHOOL,,,,,,,,,"-80.39226255,25.50557696",-80.39226255,25.50557696,,,,,,
4848,HOMESTEAD,MIAMI-DADE,,,,PUBLIC SCHOOL,,,,,,,,,"-80.37116903,25.54891939",-80.37116903,25.54891939,,,,,,
4849,HOMESTEAD,MIAMI-DADE,,,,PUBLIC SCHOOL,,,,,,,,,"-80.39347235,25.54151073",-80.39347235,25.54151073,,,,,,
4851,HOMESTEAD,MIAMI-DADE,,,,PUBLIC SCHOOL,,,,,,,,,"-80.41853772,25.52122494",-80.41853772,25.52122494,,,,,,
4852,HOMESTEAD,MIAMI-DADE,,,,PUBLIC SCHOOL,,,,,,,,,"-80.47835464,25.48560137",-80.47835464,25.48560137,,,,,,
4853,HOMESTEAD,MIAMI-DADE,,,,PUBLIC SCHOOL,,,,,,,,,"-80.39889885,25.51522559",-80.39889885,25.51522559,,,,,,
4854,HOMESTEAD,MIAMI-DADE,,,,PUBLIC SCHOOL,,,,,,,,,"-80.46735395,25.47486678",-80.46735395,25.47486678,,,,,,
4855,HOMESTEAD,MIAMI-DADE,,,,PUBLIC SCHOOL,,,,,,,,,"-80.46749141,25.48028367",-80.46749141,25.48028367,,,,,,
4856,HOMESTEAD,MIAMI-DADE,,,,PUBLIC SCHOOL,,,,,,,,,"-80.47346502,25.46210563",-80.47346502,25.46210563,,,,,,
4857,HOMESTEAD,MIAMI-DADE,,,,PUBLIC SCHOOL,,,,,,,,,"-80.48073470,25.47500932",-80.4807347,25.47500932,,,,,,
4858,HOMESTEAD,MIAMI-DADE,,,,PUBLIC SCHOOL,,,,,,,,,"-80.39067368,25.50802733",-80.39067368,25.50802733,,,,,,
4859,HOMESTEAD,MIAMI-DADE,,,,PUBLIC SCHOOL,,,,,,,,,"-80.44546488,25.47821758",-80.44546488,25.47821758,,,,,,
4862,NORTH MIAMI BEACH,MIAMI-DADE,,,,PUBLIC SCHOOL,,,,,,,,,"-80.12322477,25.94518678",-80.12322477,25.94518678,,,,,,
4863,NORTH MIAMI BEACH,MIAMI-DADE,,,,PUBLIC SCHOOL,,,,,,,,,"-80.14703700,25.91651959",-80.147037,25.91651959,,,,,,
4864,MIAMI GARDENS,MIAMI-DADE,,,,PUBLIC SCHOOL,,,,,,,,,"-80.27666080,25.93873935",-80.2766608,25.93873935,,,,,,
4865,MIAMI GARDENS,MIAMI-DADE,,,,PUBLIC SCHOOL,,,,,,,,,"-80.25926152,25.94702710",-80.25926152,25.9470271,,,,,,
4866,MIAMI GARDENS,MIAMI-DADE,,,,PUBLIC SCHOOL,,,,,,,,,"-80.23168677,25.91651604",-80.23168677,25.91651604,,,,,,
4868,MIAMI GARDENS,MIAMI-DADE,,,,PUBLIC SCHOOL,,,,,,,,,"-80.25733670,25.94127611",-80.2573367,25.94127611,,,,,,
4869,OPA LOCKA,MIAMI-DADE,,,,PUBLIC SCHOOL,,,,,,,,,"-80.23440000,25.93549998",-80.2344,25.93549998,,,,,,
4870,OPA LOCKA,MIAMI-DADE,,,,PUBLIC SCHOOL,,,,,,,,,"-80.25132046,25.94004182",-80.25132046,25.94004182,,,,,,
4871,OPA LOCKA,MIAMI-DADE,,,,PUBLIC SCHOOL,,,,,,,,,"-80.27086684,25.93313855",-80.27086684,25.93313855,,,,,,
4872,OPA LOCKA,MIAMI-DADE,,,,PUBLIC SCHOOL,,,,,,,,,"-80.23985702,25.93480229",-80.23985702,25.93480229,,,,,,
4873,OPA LOCKA,MIAMI-DADE,,,,PUBLIC SCHOOL,,,,,,,,,"-80.25518323,25.96356046",-80.25518323,25.96356046,,,,,,
4874,OPA LOCKA,MIAMI-DADE,,,,PUBLIC SCHOOL,,,,,,,,,"-80.28508025,25.94021824",-80.28508025,25.94021824,,,,,,
4875,OPA LOCKA,MIAMI-DADE,,,,PUBLIC SCHOOL,,,,,,,,,"-80.24517028,25.89590801",-80.24517028,25.89590801,,,,,,
4876,OPA LOCKA,MIAMI-DADE,,,,PUBLIC SCHOOL,,,,,,,,,"-80.24366453,25.93652664",-80.24366453,25.93652664,,,,,,
4877,OPA LOCKA,MIAMI-DADE,,,,PUBLIC SCHOOL,,,,,,,,,"-80.26236573,25.94650676",-80.26236573,25.94650676,,,,,,
4878,OPA LOCKA,MIAMI-DADE,,,,PUBLIC SCHOOL,,,,,,,,,"-80.27214915,25.92111763",-80.27214915,25.92111763,,,,,,
4879,OPA LOCKA,MIAMI-DADE,,,,PUBLIC SCHOOL,,,,,,,,,"-80.23830015,25.92039689",-80.23830015,25.92039689,,,,,,
4881,OPA LOCKA,MIAMI-DADE,,,,PUBLIC SCHOOL,,,,,,,,,"-80.26257027,25.94556886",-80.26257027,25.94556886,,,,,,
4882,OPA LOCKA,MIAMI-DADE,,,,PUBLIC SCHOOL,,,,,,,,,"-80.24016968,25.90394691",-80.24016968,25.90394691,,,,,,
4883,OPA LOCKA,MIAMI-DADE,,,,PUBLIC SCHOOL,,,,,,,,,"-80.23173055,25.91466800",-80.23173055,25.914668,,,,,,
4884,OPA LOCKA,MIAMI-DADE,,,,PUBLIC SCHOOL,,,,,,,,,"-80.23907880,25.96520116",-80.2390788,25.96520116,,,,,,
4885,OPA LOCKA,MIAMI-DADE,,,,PUBLIC SCHOOL,,,,,,,,,"-80.24843000,25.90436406",-80.24843,25.90436406,,,,,,
4886,OPA LOCKA,MIAMI-DADE,,,,PUBLIC SCHOOL,,,,,,,,,"-80.27769868,25.96161965",-80.27769868,25.96161965,,,,,,
4887,OPA LOCKA,MIAMI-DADE,,,,PUBLIC SCHOOL,,,,,,,,,"-80.27971062,25.95603115",-80.27971062,25.95603115,,,,,,
4888,OPA LOCKA,MIAMI-DADE,,,,PUBLIC SCHOOL,,,,,,,,,"-80.28783863,25.95006672",-80.28783863,25.95006672,,,,,,
4889,OPA LOCKA,MIAMI-DADE,,,,PUBLIC SCHOOL,,,,,,,,,"-80.27511290,25.95010491",-80.2751129,25.95010491,,,,,,
4890,OPA LOCKA,MIAMI-DADE,,,,PUBLIC SCHOOL,,,,,,,,,"-80.25273255,25.94836862",-80.25273255,25.94836862,,,,,,
4891,OPA LOCKA,MIAMI-DADE,,,,PUBLIC SCHOOL,,,,,,,,,"-80.24750000,25.92480002",-80.2475,25.92480002,,,,,,
4892,OPA LOCKA,MIAMI-DADE,,,,PUBLIC SCHOOL,,,,,,,,,"-80.27177452,25.91739912",-80.27177452,25.91739912,,,,,,
4893,OPA LOCKA,MIAMI-DADE,,,,PUBLIC SCHOOL,,,,,,,,,"-80.25224428,25.93467533",-80.25224428,25.93467533,,,,,,
4894,OPA LOCKA,MIAMI-DADE,,,,PUBLIC SCHOOL,,,,,,,,,"-80.28255815,25.94114482",-80.28255815,25.94114482,,,,,,
4895,OPA LOCKA,MIAMI-DADE,,,,PUBLIC SCHOOL,,,,,,,,,"-80.23807267,25.94586607",-80.23807267,25.94586607,,,,,,
4896,OPA LOCKA,MIAMI-DADE,,,,PUBLIC SCHOOL,,,,,,,,,"-80.25524938,25.89644211",-80.25524938,25.89644211,,,,,,
4897,OPA LOCKA,MIAMI-DADE,,,,PUBLIC SCHOOL,,,,,,,,,"-80.28284361,25.93373028",-80.28284361,25.93373028,,,,,,
4898,OPA LOCKA,MIAMI-DADE,,,,PUBLIC SCHOOL,,,,,,,,,"-80.24467478,25.91226563",-80.24467478,25.91226563,,,,,,
4899,HIALEAH,MIAMI-DADE,,,,PUBLIC SCHOOL,,,,,,,,,"-80.35695348,25.89102790",-80.35695348,25.8910279,,,,,,
4900,HIALEAH,MIAMI-DADE,,,,PUBLIC SCHOOL,,,,,,,,,"-80.31651151,25.89025132",-80.31651151,25.89025132,,,,,,
4901,HIALEAH,MIAMI-DADE,,,,PUBLIC SCHOOL,,,,,,,,,"-80.35527365,25.89976085",-80.35527365,25.89976085,,,,,,
4902,HIALEAH,MIAMI-DADE,,,,PUBLIC SCHOOL,,,,,,,,,"-80.31611666,25.87793449",-80.31611666,25.87793449,,,,,,
4903,HIALEAH,MIAMI-DADE,,,,PUBLIC SCHOOL,,,,,,,,,"-80.30823909,25.93946970",-80.30823909,25.9394697,,,,,,
4904,HIALEAH,MIAMI-DADE,,,,PUBLIC SCHOOL,,,,,,,,,"-80.30256252,25.84393690",-80.30256252,25.8439369,,,,,,
4905,HIALEAH,MIAMI-DADE,,,,PUBLIC SCHOOL,,,,,,,,,"-80.27860137,25.86585475",-80.27860137,25.86585475,,,,,,
4906,HIALEAH,MIAMI-DADE,,,,PUBLIC SCHOOL,,,,,,,,,"-80.27229998,25.86120001",-80.27229998,25.86120001,,,,,,
4907,HIALEAH,MIAMI-DADE,,,,PUBLIC SCHOOL,,,,,,,,,"-80.26834509,25.87762526",-80.26834509,25.87762526,,,,,,
4908,HIALEAH,MIAMI-DADE,,,,PUBLIC SCHOOL,,,,,,,,,"-80.29734643,25.92916118",-80.29734643,25.92916118,,,,,,
4909,HIALEAH,MIAMI-DADE,,,,PUBLIC SCHOOL,,,,,,,,,"-80.34909656,25.93555155",-80.34909656,25.93555155,,,,,,
4910,HIALEAH,MIAMI-DADE,,,,PUBLIC SCHOOL,,,,,,,,,"-80.29520000,25.91600001",-80.2952,25.91600001,,,,,,
4911,HIALEAH,MIAMI-DADE,,,,PUBLIC SCHOOL,,,,,,,,,"-80.32353305,25.86201948",-80.32353305,25.86201948,,,,,,
4912,HIALEAH,MIAMI-DADE,,,,PUBLIC SCHOOL,,,,,,,,,"-80.30727122,25.89499284",-80.30727122,25.89499284,,,,,,
4913,HIALEAH,MIAMI-DADE,,,,PUBLIC SCHOOL,,,,,,,,,"-80.26733505,25.85314501",-80.26733505,25.85314501,,,,,,
4915,HIALEAH,MIAMI-DADE,,,,PUBLIC SCHOOL,,,,,,,,,"-80.32314261,25.93924543",-80.32314261,25.93924543,,,,,,
4916,HIALEAH,MIAMI-DADE,,,,PUBLIC SCHOOL,,,,,,,,,"-80.30287176,25.94391750",-80.30287176,25.9439175,,,,,,
4918,HIALEAH,MIAMI-DADE,,,,PUBLIC SCHOOL,,,,,,,,,"-80.27040267,25.82889074",-80.27040267,25.82889074,,,,,,
4919,HIALEAH,MIAMI-DADE,,,,PUBLIC SCHOOL,,,,,,,,,"-80.30900326,25.90313077",-80.30900326,25.90313077,,,,,,
4920,HIALEAH,MIAMI-DADE,,,,PUBLIC SCHOOL,,,,,,,,,"-80.29953787,25.86191135",-80.29953787,25.86191135,,,,,,
4921,HIALEAH,MIAMI-DADE,,,,PUBLIC SCHOOL,,,,,,,,,"-80.34900779,25.88798437",-80.34900779,25.88798437,,,,,,
4922,HIALEAH,MIAMI-DADE,,,,PUBLIC SCHOOL,,,,,,,,,"-80.33406900,25.93383531",-80.334069,25.93383531,,,,,,
4924,HIALEAH,MIAMI-DADE,,,,PUBLIC SCHOOL,,,,,,,,,"-80.35534309,25.89829549",-80.35534309,25.89829549,,,,,,
4925,HIALEAH,MIAMI-DADE,,,,PUBLIC SCHOOL,,,,,,,,,"-80.29338997,25.84881760",-80.29338997,25.8488176,,,,,,
4926,HIALEAH,MIAMI-DADE,,,,PUBLIC SCHOOL,,,,,,,,,"-80.29721427,25.84296411",-80.29721427,25.84296411,,,,,,
4927,HIALEAH,MIAMI-DADE,,,,PUBLIC SCHOOL,,,,,,,,,"-80.36046571,25.88354629",-80.36046571,25.88354629,,,,,,
4928,HIALEAH,MIAMI-DADE,,,,PUBLIC SCHOOL,,,,,,,,,"-80.34842959,25.88010669",-80.34842959,25.88010669,,,,,,
4930,HIALEAH,MIAMI-DADE,,,,PUBLIC SCHOOL,,,,,,,,,"-80.32997763,25.87442351",-80.32997763,25.87442351,,,,,,
4931,HIALEAH,MIAMI-DADE,,,,PUBLIC SCHOOL,,,,,,,,,"-80.34246942,25.93107478",-80.34246942,25.93107478,,,,,,
4932,HIALEAH,MIAMI-DADE,,,,PUBLIC SCHOOL,,,,,,,,,"-80.30496221,25.87389239",-80.30496221,25.87389239,,,,,,
4933,HIALEAH,MIAMI-DADE,,,,PUBLIC SCHOOL,,,,,,,,,"-80.33210561,25.87438271",-80.33210561,25.87438271,,,,,,
4934,HIALEAH,MIAMI-DADE,,,,PUBLIC SCHOOL,,,,,,,,,"-80.29421115,25.88308285",-80.29421115,25.88308285,,,,,,
4935,HIALEAH,MIAMI-DADE,,,,PUBLIC SCHOOL,,,,,,,,,"-80.32527118,25.89343054",-80.32527118,25.89343054,,,,,,
4936,HIALEAH,MIAMI-DADE,,,,PUBLIC SCHOOL,,,,,,,,,"-80.34395147,25.90372363",-80.34395147,25.90372363,,,,,,
4937,HIALEAH,MIAMI-DADE,,,,PUBLIC SCHOOL,,,,,,,,,"-80.26831459,25.87693964",-80.26831459,25.87693964,,,,,,
4938,HIALEAH,MIAMI-DADE,,,,PUBLIC SCHOOL,,,,,,,,,"-80.27641371,25.82677080",-80.27641371,25.8267708,,,,,,
4939,HIALEAH,MIAMI-DADE,,,,PUBLIC SCHOOL,,,,,,,,,"-80.34524377,25.93109660",-80.34524377,25.9310966,,,,,,
4940,HIALEAH,MIAMI-DADE,,,,PUBLIC SCHOOL,,,,,,,,,"-80.29499070,25.85130948",-80.2949907,25.85130948,,,,,,
4942,HIALEAH,MIAMI-DADE,,,,PUBLIC SCHOOL,,,,,,,,,"-80.29499290,25.84037782",-80.2949929,25.84037782,,,,,,
4943,HIALEAH,MIAMI-DADE,,,,PUBLIC SCHOOL,,,,,,,,,"-80.28085462,25.88024618",-80.28085462,25.88024618,,,,,,
4944,HIALEAH,MIAMI-DADE,,,,PUBLIC SCHOOL,,,,,,,,,"-80.33345250,25.95159706",-80.3334525,25.95159706,,,,,,
4945,HIALEAH,MIAMI-DADE,,,,PUBLIC SCHOOL,,,,,,,,,"-80.33563083,25.89128652",-80.33563083,25.89128652,,,,,,
4946,HIALEAH,MIAMI-DADE,,,,PUBLIC SCHOOL,,,,,,,,,"-80.30649999,25.87590002",-80.30649999,25.87590002,,,,,,
4948,HIALEAH,MIAMI-DADE,,,,PUBLIC SCHOOL,,,,,,,,,"-80.29684086,25.89038768",-80.29684086,25.89038768,,,,,,
4950,HIALEAH,MIAMI-DADE,,,,PUBLIC SCHOOL,,,,,,,,,"-80.29417180,25.83934941",-80.2941718,25.83934941,,,,,,
4952,HIALEAH,MIAMI-DADE,,,,PUBLIC SCHOOL,,,,,,,,,"-80.30570002,25.91830001",-80.30570002,25.91830001,,,,,,
4953,HIALEAH,MIAMI-DADE,,,,PUBLIC SCHOOL,,,,,,,,,"-80.35320211,25.87944381",-80.35320211,25.87944381,,,,,,
4954,HIALEAH,MIAMI-DADE,,,,PUBLIC SCHOOL,,,,,,,,,"-80.32175182,25.85973932",-80.32175182,25.85973932,,,,,,
4955,HIALEAH,MIAMI-DADE,,,,PUBLIC SCHOOL,,,,,,,,,"-80.31946026,25.85841856",-80.31946026,25.85841856,,,,,,
4957,HIALEAH,MIAMI-DADE,,,,PUBLIC SCHOOL,,,,,,,,,"-80.33166472,25.94857524",-80.33166472,25.94857524,,,,,,
4959,HIALEAH,MIAMI-DADE,,,,PUBLIC SCHOOL,,,,,,,,,"-80.32822467,25.91740980",-80.32822467,25.9174098,,,,,,
4960,HIALEAH,MIAMI-DADE,,,,PUBLIC SCHOOL,,,,,,,,,"-80.34854123,25.88133547",-80.34854123,25.88133547,,,,,,
4961,MIAMI-DADE,MIAMI-DADE,,,,PUBLIC SCHOOL,,,,,,,,,,,,,,,,,
4966,CUTLER BAY,MIAMI-DADE,,,,PUBLIC SCHOOL,,,,,,,,,"-80.34690039,25.59552624",-80.34690039,25.59552624,,,,,,
4967,CUTLER BAY,MIAMI-DADE,,,,PUBLIC SCHOOL,,,,,,,,,"-80.32508386,25.58539520",-80.32508386,25.5853952,,,,,,
4968,MIAMI BEACH,MIAMI-DADE,,,,PUBLIC SCHOOL,,,,,,,,,"-80.13913726,25.77295135",-80.13913726,25.77295135,,,,,,
4969,MIAMI BEACH,MIAMI-DADE,,,,PUBLIC SCHOOL,,,,,,,,,"-80.13479998,25.81469999",-80.13479998,25.81469999,,,,,,
4970,MIAMI BEACH,MIAMI-DADE,,,,PUBLIC SCHOOL,,,,,,,,,"-80.13216301,25.79953506",-80.13216301,25.79953506,,,,,,
4971,MIAMI BEACH,MIAMI-DADE,,,,PUBLIC SCHOOL,,,,,,,,,"-80.14045132,25.81343307",-80.14045132,25.81343307,,,,,,
4972,MIAMI BEACH,MIAMI-DADE,,,,PUBLIC SCHOOL,,,,,,,,,"-80.13359092,25.78644073",-80.13359092,25.78644073,,,,,,
4973,MIAMI BEACH,MIAMI-DADE,,,,PUBLIC SCHOOL,,,,,,,,,,,,,,,,,
4974,MIAMI BEACH,MIAMI-DADE,,,,PUBLIC SCHOOL,,,,,,,,,"-80.14724321,25.84652873",-80.14724321,25.84652873,,,,,,
4975,MIAMI BEACH,MIAMI-DADE,,,,PUBLIC SCHOOL,,,,,,,,,"-80.13239015,25.78621121",-80.13239015,25.78621121,,,,,,
4976,MIAMI BEACH,MIAMI-DADE,,,,PUBLIC SCHOOL,,,,,,,,,"-80.13206340,25.88460244",-80.1320634,25.88460244,,,,,,
4977,MIAMI BEACH,MIAMI-DADE,,,,PUBLIC SCHOOL,,,,,,,,,"-80.13115188,25.81451281",-80.13115188,25.81451281,,,,,,
4978,MIAMI BEACH,MIAMI-DADE,,,,PUBLIC SCHOOL,,,,,,,,,"-80.12651743,25.86170184",-80.12651743,25.86170184,,,,,,
4979,MIAMI BEACH,MIAMI-DADE,,,,PUBLIC SCHOOL,,,,,,,,,"-80.12356637,25.87149212",-80.12356637,25.87149212,,,,,,
4980,MIAMI BEACH,MIAMI-DADE,,,,PUBLIC SCHOOL,,,,,,,,,"-80.13829946,25.81539998",-80.13829946,25.81539998,,,,,,
4982,CORAL GABLES,MIAMI-DADE,,,,PUBLIC SCHOOL,,,,,,,,,"-80.28441031,25.70704629",-80.28441031,25.70704629,,,,,,
4983,DORAL,MIAMI-DADE,,,,PUBLIC SCHOOL,,,,,,,,,"-80.37655615,25.79822656",-80.37655615,25.79822656,,,,,,
4985,HIALEAH GARDENS,MIAMI-DADE,,,,PUBLIC SCHOOL,,,,,,,,,"-80.32640316,25.86913805",-80.32640316,25.86913805,,,,,,
4986,HIALEAH GARDENS,MIAMI-DADE,,,,PUBLIC SCHOOL,,,,,,,,,,,,,,,,,
4987,HIALEAH GARDENS,MIAMI-DADE,,,,PUBLIC SCHOOL,,,,,,,,,"-80.32781810,25.86912388",-80.3278181,25.86912388,,,,,,
4988,HIALEAH  GARDENS,MIAMI-DADE,,,,PUBLIC SCHOOL,,,,,,,,,"-80.32569929,25.86845231",-80.32569929,25.86845231,,,,,,
4991,MIAMI DADE,MIAMI-DADE,,,,PUBLIC SCHOOL,,,,,,,,,,,,,,,,,
4992,KEY BISCAYNE,MIAMI-DADE,,,,PUBLIC SCHOOL,,,,,,,,,"-80.16639999,25.73930002",-80.16639999,25.73930002,,,,,,
4993,KEY BISCAYNE,MIAMI-DADE,,,,PUBLIC SCHOOL,,,,,,,,,"-80.16654366,25.69037140",-80.16654366,25.6903714,,,,,,
4994,Coral Gables,MIAMI-DADE,,,,PUBLIC SCHOOL,,,,,,,,,"-80.27361963,25.72122864",-80.27361963,25.72122864,,,,,,
4995,FLORIDA CITY,MIAMI-DADE,,,,PUBLIC SCHOOL,,,,,,,,,"-80.49418107,25.43997152",-80.49418107,25.43997152,,,,,,
4996,FLORIDA CITY,MIAMI-DADE,,,,PUBLIC SCHOOL,,,,,,,,,"-80.48409161,25.44702633",-80.48409161,25.44702633,,,,,,
4998,Miami,MIAMI-DADE,,,,PUBLIC SCHOOL,,,,,,,,,"-80.36924256,25.68225237",-80.36924256,25.68225237,,,,,,
4999,WEST MIAMI,MIAMI-DADE,,,,PUBLIC SCHOOL,,,,,,,,,"-80.29063262,25.75653369",-80.29063262,25.75653369,,,,,,
5000,MIAMI LAKES,MIAMI-DADE,,,,PUBLIC SCHOOL,,,,,,,,,,,,,,,,,
5001,NORTH MIAMI,MIAMI-DADE,,,,PUBLIC SCHOOL,,,,,,,,,"-80.13962483,25.91022662",-80.13962483,25.91022662,,,,,,
5002,Miami-Dade,MIAMI-DADE,,,,PUBLIC SCHOOL,,,,,,,,,"-80.42222101,25.62282996",-80.42222101,25.62282996,,,,,,
5003,KEY WEST,MONROE,,,,PUBLIC SCHOOL,,,,,,,,,"-81.79819431,24.56390138",-81.79819431,24.56390138,,,,,,
5005,KEY WEST,MONROE,,,,PUBLIC SCHOOL,,,,,,,,,"-81.77304268,24.57943064",-81.77304268,24.57943064,,,,,,
5007,KEY WEST,MONROE,,,,PUBLIC SCHOOL,,,,,,,,,"-81.78929743,24.55282288",-81.78929743,24.55282288,,,,,,
5008,KEY WEST,MONROE,,,,PUBLIC SCHOOL,,,,,,,,,"-81.78664014,24.55706924",-81.78664014,24.55706924,,,,,,
5009,KEY WEST,MONROE,,,,PUBLIC SCHOOL,,,,,,,,,"-81.74393942,24.58251936",-81.74393942,24.58251936,,,,,,
5010,KEY WEST,MONROE,,,,PUBLIC SCHOOL,,,,,,,,,"-81.76605398,24.56395098",-81.76605398,24.56395098,,,,,,
5011,KEY WEST,MONROE,,,,PUBLIC SCHOOL,,,,,,,,,"-81.74556704,24.58124682",-81.74556704,24.58124682,,,,,,
5012,KEY WEST,MONROE,,,,PUBLIC SCHOOL,,,,,,,,,"-81.75131286,24.57653759",-81.75131286,24.57653759,,,,,,
5014,KEY WEST,MONROE,,,,PUBLIC SCHOOL,,,,,,,,,"-81.77687477,24.55480517",-81.77687477,24.55480517,,,,,,
5015,TAVERNIER,MONROE,,,,PUBLIC SCHOOL,,,,,,,,,"-80.51223490,25.01340502",-80.5122349,25.01340502,,,,,,
5016,TAVERNIER,MONROE,,,,PUBLIC SCHOOL,,,,,,,,,"-80.53800939,24.99398314",-80.53800939,24.99398314,,,,,,
5017,TAVERNIER,MONROE,,,,PUBLIC SCHOOL,,,,,,,,,"-80.54089928,24.99245963",-80.54089928,24.99245963,,,,,,
5018,KEY LARGO,MONROE,,,,PUBLIC SCHOOL,,,,,,,,,"-80.38822097,25.15364931",-80.38822097,25.15364931,,,,,,
5019,Sugarloaf Key,MONROE,,,,PUBLIC SCHOOL,,,,,,,,,"-81.53019684,24.66096505",-81.53019684,24.66096505,,,,,,
5020,ISLAMORADA,MONROE,,,,PUBLIC SCHOOL,,,,,,,,,"-80.57185626,24.95802487",-80.57185626,24.95802487,,,,,,
5021,MARATHON,MONROE,,,,PUBLIC SCHOOL,,,,,,,,,"-81.07792837,24.70382915",-81.07792837,24.70382915,,,,,,
5022,MARATHON,MONROE,,,,PUBLIC SCHOOL,,,,,,,,,"-81.09427320,24.71289131",-81.0942732,24.71289131,,,,,,
5023,BIG PINE KEY,MONROE,,,,PUBLIC SCHOOL,,,,,,,,,"-81.36001096,24.66824328",-81.36001096,24.66824328,,,,,,
5024,FERNANDINA BEACH,NASSAU,,,,PUBLIC SCHOOL,,,,,,,,,"-81.45737025,30.65735352",-81.45737025,30.65735352,,,,,,
5025,FERNANDINA BEACH,NASSAU,,,,PUBLIC SCHOOL,,,,,,,,,"-81.45239683,30.63755965",-81.45239683,30.63755965,,,,,,
5026,FERNANDINA BEACH,NASSAU,,,,PUBLIC SCHOOL,,,,,,,,,"-81.44531622,30.66530467",-81.44531622,30.66530467,,,,,,
5027,FERNANDINA BEACH,NASSAU,,,,PUBLIC SCHOOL,,,,,,,,,"-81.44629062,30.66274216",-81.44629062,30.66274216,,,,,,
5028,FERNANDINA BEACH,NASSAU,,,,PUBLIC SCHOOL,,,,,,,,,"-81.45510612,30.67217461",-81.45510612,30.67217461,,,,,,
5029,FERNANDINA BEACH,NASSAU,,,,PUBLIC SCHOOL,,,,,,,,,"-81.45442345,30.67199241",-81.45442345,30.67199241,,,,,,
5030,YULEE,NASSAU,,,,PUBLIC SCHOOL,,,,,,,,,"-81.58010584,30.61046405",-81.58010584,30.61046405,,,,,,
5031,YULEE,NASSAU,,,,PUBLIC SCHOOL,,,,,,,,,"-81.57633178,30.61183363",-81.57633178,30.61183363,,,,,,
5032,YULEE,NASSAU,,,,PUBLIC SCHOOL,,,,,,,,,"-81.60840346,30.64167833",-81.60840346,30.64167833,,,,,,
5033,YULEE,NASSAU,,,,PUBLIC SCHOOL,,,,,,,,,"-81.58666886,30.63157904",-81.58666886,30.63157904,,,,,,
5034,YULEE,NASSAU,,,,PUBLIC SCHOOL,,,,,,,,,"-81.62505421,30.60938966",-81.62505421,30.60938966,,,,,,
5035,BRYCEVILLE,NASSAU,,,,PUBLIC SCHOOL,,,,,,,,,"-81.94006446,30.38594345",-81.94006446,30.38594345,,,,,,
5036,CALLAHAN,NASSAU,,,,PUBLIC SCHOOL,,,,,,,,,"-81.88301032,30.55174443",-81.88301032,30.55174443,,,,,,
5037,CALLAHAN,NASSAU,,,,PUBLIC SCHOOL,,,,,,,,,"-81.83105308,30.56156839",-81.83105308,30.56156839,,,,,,
5038,CALLAHAN,NASSAU,,,,PUBLIC SCHOOL,,,,,,,,,"-81.83981107,30.56995985",-81.83981107,30.56995985,,,,,,
5039,CALLAHAN,NASSAU,,,,PUBLIC SCHOOL,,,,,,,,,"-81.83150002,30.55790002",-81.83150002,30.55790002,,,,,,
5040,HILLIARD,NASSAU,,,,PUBLIC SCHOOL,,,,,,,,,"-81.92707615,30.68778544",-81.92707615,30.68778544,,,,,,
5041,HILLIARD,NASSAU,,,,PUBLIC SCHOOL,,,,,,,,,"-81.93212791,30.69269369",-81.93212791,30.69269369,,,,,,
5042,CRESTVIEW,OKALOOSA,,,,PUBLIC SCHOOL,,,,,,,,,"-86.54350001,30.77200001",-86.54350001,30.77200001,,,,,,
5043,CRESTVIEW,OKALOOSA,,,,PUBLIC SCHOOL,,,,,,,,,"-86.56980748,30.77046649",-86.56980748,30.77046649,,,,,,
5044,CRESTVIEW,OKALOOSA,,,,PUBLIC SCHOOL,,,,,,,,,"-86.53643555,30.73664660",-86.53643555,30.7366466,,,,,,
5045,CRESTVIEW,OKALOOSA,,,,PUBLIC SCHOOL,,,,,,,,,"-86.52230473,30.69918394",-86.52230473,30.69918394,,,,,,
5046,CRESTVIEW,OKALOOSA,,,,PUBLIC SCHOOL,,,,,,,,,"-86.53856554,30.73668118",-86.53856554,30.73668118,,,,,,
5049,CRESTVIEW,OKALOOSA,,,,PUBLIC SCHOOL,,,,,,,,,"-86.57713985,30.78118856",-86.57713985,30.78118856,,,,,,
5050,CRESTVIEW,OKALOOSA,,,,PUBLIC SCHOOL,,,,,,,,,"-86.57105402,30.76950749",-86.57105402,30.76950749,,,,,,
5051,CRESTVIEW,OKALOOSA,,,,PUBLIC SCHOOL,,,,,,,,,"-86.56218845,30.79390492",-86.56218845,30.79390492,,,,,,
5052,CRESTVIEW,OKALOOSA,,,,PUBLIC SCHOOL,,,,,,,,,"-86.61095625,30.71382712",-86.61095625,30.71382712,,,,,,
5055,CRESTVIEW,OKALOOSA,,,,PUBLIC SCHOOL,,,,,,,,,"-86.56383116,30.75413109",-86.56383116,30.75413109,,,,,,
5056,CRESTVIEW,OKALOOSA,,,,PUBLIC SCHOOL,,,,,,,,,"-86.56015010,30.78970116",-86.5601501,30.78970116,,,,,,
5057,NICEVILLE,OKALOOSA,,,,PUBLIC SCHOOL,,,,,,,,,"-86.49463866,30.52715692",-86.49463866,30.52715692,,,,,,
5058,NICEVILLE,OKALOOSA,,,,PUBLIC SCHOOL,,,,,,,,,"-86.41852411,30.49041425",-86.41852411,30.49041425,,,,,,
5059,NICEVILLE,OKALOOSA,,,,PUBLIC SCHOOL,,,,,,,,,"-86.47549353,30.52153911",-86.47549353,30.52153911,,,,,,
5060,NICEVILLE,OKALOOSA,,,,PUBLIC SCHOOL,,,,,,,,,"-86.47671468,30.52030114",-86.47671468,30.52030114,,,,,,
5061,NICEVILLE,OKALOOSA,,,,PUBLIC SCHOOL,,,,,,,,,"-86.46247334,30.51346355",-86.46247334,30.51346355,,,,,,
5062,NICEVILLE,OKALOOSA,,,,PUBLIC SCHOOL,,,,,,,,,"-86.47552914,30.53839235",-86.47552914,30.53839235,,,,,,
5063,MARY ESTHER,OKALOOSA,,,,PUBLIC SCHOOL,,,,,,,,,"-86.72970042,30.41333263",-86.72970042,30.41333263,,,,,,
5064,MARY ESTHER,OKALOOSA,,,,PUBLIC SCHOOL,,,,,,,,,"-86.65749554,30.41061142",-86.65749554,30.41061142,,,,,,
5065,FORT WALTON BEACH,OKALOOSA,,,,PUBLIC SCHOOL,,,,,,,,,"-86.59783509,30.42057397",-86.59783509,30.42057397,,,,,,
5066,FORT WALTON BEACH,OKALOOSA,,,,PUBLIC SCHOOL,,,,,,,,,"-86.64919596,30.42111316",-86.64919596,30.42111316,,,,,,
5067,FORT WALTON BEACH,OKALOOSA,,,,PUBLIC SCHOOL,,,,,,,,,"-86.60740371,30.45837989",-86.60740371,30.45837989,,,,,,
5068,FORT WALTON BEACH,OKALOOSA,,,,PUBLIC SCHOOL,,,,,,,,,"-86.60039135,30.41071510",-86.60039135,30.4107151,,,,,,
5069,FORT WALTON BEACH,OKALOOSA,,,,PUBLIC SCHOOL,,,,,,,,,"-86.64049999,30.41220001",-86.64049999,30.41220001,,,,,,
5070,FORT WALTON BEACH,OKALOOSA,,,,PUBLIC SCHOOL,,,,,,,,,"-86.60327002,30.40481397",-86.60327002,30.40481397,,,,,,
5071,FORT WALTON BEACH,OKALOOSA,,,,PUBLIC SCHOOL,,,,,,,,,"-86.63198539,30.43701624",-86.63198539,30.43701624,,,,,,
5072,FORT WALTON BEACH,OKALOOSA,,,,PUBLIC SCHOOL,,,,,,,,,"-86.63605104,30.45595577",-86.63605104,30.45595577,,,,,,
5073,FORT WALTON BEACH,OKALOOSA,,,,PUBLIC SCHOOL,,,,,,,,,"-86.62612381,30.46249455",-86.62612381,30.46249455,,,,,,
5074,FORT WALTON BEACH,OKALOOSA,,,,PUBLIC SCHOOL,,,,,,,,,"-86.61855671,30.45062678",-86.61855671,30.45062678,,,,,,
5075,FORT WALTON BEACH,OKALOOSA,,,,PUBLIC SCHOOL,,,,,,,,,"-86.60717999,30.40638800",-86.60717999,30.406388,,,,,,
5076,FORT WALTON BEACH,OKALOOSA,,,,PUBLIC SCHOOL,,,,,,,,,"-86.62295122,30.44751935",-86.62295122,30.44751935,,,,,,
5077,FORT WALTON BEACH,OKALOOSA,,,,PUBLIC SCHOOL,,,,,,,,,"-86.63284958,30.45462200",-86.63284958,30.454622,,,,,,
5078,FORT WALTON BEACH,OKALOOSA,,,,PUBLIC SCHOOL,,,,,,,,,"-86.63853039,30.42093132",-86.63853039,30.42093132,,,,,,
5079,FORT WALTON BEACH,OKALOOSA,,,,PUBLIC SCHOOL,,,,,,,,,"-86.63844964,30.41219717",-86.63844964,30.41219717,,,,,,
5080,FORT WALTON BEACH,OKALOOSA,,,,PUBLIC SCHOOL,,,,,,,,,"-86.61485081,30.46859105",-86.61485081,30.46859105,,,,,,
5081,FORT WALTON BEACH,OKALOOSA,,,,PUBLIC SCHOOL,,,,,,,,,"-86.63424738,30.41890001",-86.63424738,30.41890001,,,,,,
5082,VALPARAISO,OKALOOSA,,,,PUBLIC SCHOOL,,,,,,,,,"-86.49304267,30.49285182",-86.49304267,30.49285182,,,,,,
5083,VALPARAISO,OKALOOSA,,,,PUBLIC SCHOOL,,,,,,,,,"-86.50201600,30.51244236",-86.502016,30.51244236,,,,,,
5084,BAKER,OKALOOSA,,,,PUBLIC SCHOOL,,,,,,,,,"-86.67890000,30.79360000",-86.6789,30.7936,,,,,,
5085,SHALIMAR,OKALOOSA,,,,PUBLIC SCHOOL,,,,,,,,,"-86.58649999,30.46170002",-86.58649999,30.46170002,,,,,,
5086,SHALIMAR,OKALOOSA,,,,PUBLIC SCHOOL,,,,,,,,,"-86.57499156,30.44959509",-86.57499156,30.44959509,,,,,,
5087,SHALIMAR,OKALOOSA,,,,PUBLIC SCHOOL,,,,,,,,,"-86.58231168,30.44734401",-86.58231168,30.44734401,,,,,,
5088,LAUREL HILL,OKALOOSA,,,,PUBLIC SCHOOL,,,,,,,,,"-86.46223251,30.95859108",-86.46223251,30.95859108,,,,,,
5089,DESTIN,OKALOOSA,,,,PUBLIC SCHOOL,,,,,,,,,"-86.49190002,30.40160000",-86.49190002,30.4016,,,,,,
5090,DESTIN,OKALOOSA,,,,PUBLIC SCHOOL,,,,,,,,,"-86.42520000,30.39909998",-86.4252,30.39909998,,,,,,
5091,EGLIN AFB,OKALOOSA,,,,PUBLIC SCHOOL,,,,,,,,,"-86.54537401,30.46744973",-86.54537401,30.46744973,,,,,,
5092,OKEECHOBEE,OKEECHOBEE,,,,PUBLIC SCHOOL,,,,,,,,,"-80.83164976,27.23647181",-80.83164976,27.23647181,,,,,,
5093,OKEECHOBEE,OKEECHOBEE,,,,PUBLIC SCHOOL,,,,,,,,,"-80.82844088,27.26842612",-80.82844088,27.26842612,,,,,,
5094,OKEECHOBEE,OKEECHOBEE,,,,PUBLIC SCHOOL,,,,,,,,,"-80.79064722,27.23767577",-80.79064722,27.23767577,,,,,,
5095,OKEECHOBEE,OKEECHOBEE,,,,PUBLIC SCHOOL,,,,,,,,,"-80.77602520,27.39406529",-80.7760252,27.39406529,,,,,,
5096,OKEECHOBEE,OKEECHOBEE,,,,PUBLIC SCHOOL,,,,,,,,,"-80.83889068,27.27009761",-80.83889068,27.27009761,,,,,,
5097,OKEECHOBEE,OKEECHOBEE,,,,PUBLIC SCHOOL,,,,,,,,,"-80.87128151,27.26941757",-80.87128151,27.26941757,,,,,,
5098,OKEECHOBEE,OKEECHOBEE,,,,PUBLIC SCHOOL,,,,,,,,,"-80.82244502,27.30604065",-80.82244502,27.30604065,,,,,,
5099,OKEECHOBEE,OKEECHOBEE,,,,PUBLIC SCHOOL,,,,,,,,,"-80.83766036,27.21910075",-80.83766036,27.21910075,,,,,,
5100,OKEECHOBEE,OKEECHOBEE,,,,PUBLIC SCHOOL,,,,,,,,,"-80.83837841,27.27377886",-80.83837841,27.27377886,,,,,,
5101,OKEECHOBEE,OKEECHOBEE,,,,PUBLIC SCHOOL,,,,,,,,,"-80.82019578,27.30713030",-80.82019578,27.3071303,,,,,,
5102,OKEECHOBEE,OKEECHOBEE,,,,PUBLIC SCHOOL,,,,,,,,,"-80.83514218,27.23734648",-80.83514218,27.23734648,,,,,,
5103,OKEECHOBEE,OKEECHOBEE,,,,PUBLIC SCHOOL,,,,,,,,,"-80.83821157,27.26632705",-80.83821157,27.26632705,,,,,,
5104,OKEECHOBEE,OKEECHOBEE,,,,PUBLIC SCHOOL,,,,,,,,,"-80.83162485,27.23726998",-80.83162485,27.23726998,,,,,,
5105,OKEECHOBEE,OKEECHOBEE,,,,PUBLIC SCHOOL,,,,,,,,,"-80.83528150,27.22062915",-80.8352815,27.22062915,,,,,,
5106,ORLANDO,ORANGE,,,,PUBLIC SCHOOL,,,,,,,,,"-81.21301284,28.57737070",-81.21301284,28.5773707,,,,,,
5107,ORLANDO,ORANGE,,,,PUBLIC SCHOOL,,,,,,,,,"-81.17580958,28.53501922",-81.17580958,28.53501922,,,,,,
5108,ORLANDO,ORANGE,,,,PUBLIC SCHOOL,,,,,,,,,"-81.39786155,28.36834585",-81.39786155,28.36834585,,,,,,
5109,ORLANDO,ORANGE,,,,PUBLIC SCHOOL,,,,,,,,,"-81.14781225,28.52695498",-81.14781225,28.52695498,,,,,,
5110,ORLANDO,ORANGE,,,,PUBLIC SCHOOL,,,,,,,,,"-81.44887568,28.45711531",-81.44887568,28.45711531,,,,,,
5111,ORLANDO,ORANGE,,,,PUBLIC SCHOOL,,,,,,,,,"-81.29771542,28.50031619",-81.29771542,28.50031619,,,,,,
5112,ORLANDO,ORANGE,,,,PUBLIC SCHOOL,,,,,,,,,"-81.24595972,28.36688302",-81.24595972,28.36688302,,,,,,
5113,ORLANDO,ORANGE,,,,PUBLIC SCHOOL,,,,,,,,,"-81.49557468,28.54563451",-81.49557468,28.54563451,,,,,,
5114,ORLANDO,ORANGE,,,,PUBLIC SCHOOL,,,,,,,,,"-81.23419299,28.43598361",-81.23419299,28.43598361,,,,,,
5115,ORLANDO,ORANGE,,,,PUBLIC SCHOOL,,,,,,,,,"-81.21788496,28.54506141",-81.21788496,28.54506141,,,,,,
5116,ORLANDO,ORANGE,,,,PUBLIC SCHOOL,,,,,,,,,"-81.45683416,28.57712247",-81.45683416,28.57712247,,,,,,
5117,ORLANDO,ORANGE,,,,PUBLIC SCHOOL,,,,,,,,,"-81.31106665,28.54645054",-81.31106665,28.54645054,,,,,,
5118,ORLANDO,ORANGE,,,,PUBLIC SCHOOL,,,,,,,,,"-81.40891038,28.53389302",-81.40891038,28.53389302,,,,,,
5119,ORLANDO,ORANGE,,,,PUBLIC SCHOOL,,,,,,,,,"-81.41284856,28.57351610",-81.41284856,28.5735161,,,,,,
5120,ORLANDO,ORANGE,,,,PUBLIC SCHOOL,,,,,,,,,"-81.49795734,28.50234590",-81.49795734,28.5023459,,,,,,
5121,ORLANDO,ORANGE,,,,PUBLIC SCHOOL,,,,,,,,,"-81.45720957,28.35748442",-81.45720957,28.35748442,,,,,,
5122,ORLANDO,ORANGE,,,,PUBLIC SCHOOL,,,,,,,,,"-81.41289220,28.41607742",-81.4128922,28.41607742,,,,,,
5123,ORLANDO,ORANGE,,,,PUBLIC SCHOOL,,,,,,,,,"-81.42839723,28.61183886",-81.42839723,28.61183886,,,,,,
5124,ORLANDO,ORANGE,,,,PUBLIC SCHOOL,,,,,,,,,"-81.13081109,28.55670574",-81.13081109,28.55670574,,,,,,
5125,ORLANDO,ORANGE,,,,PUBLIC SCHOOL,,,,,,,,,"-81.36528167,28.51904297",-81.36528167,28.51904297,,,,,,
5126,ORLANDO,ORANGE,,,,PUBLIC SCHOOL,,,,,,,,,"-81.27630201,28.55504374",-81.27630201,28.55504374,,,,,,
5127,ORLANDO,ORANGE,,,,PUBLIC SCHOOL,,,,,,,,,"-81.34693750,28.56562553",-81.3469375,28.56562553,,,,,,
5128,ORLANDO,ORANGE,,,,PUBLIC SCHOOL,,,,,,,,,"-81.41620001,28.47159999",-81.41620001,28.47159999,,,,,,
5129,ORLANDO,ORANGE,,,,PUBLIC SCHOOL,,,,,,,,,"-81.33440226,28.50521298",-81.33440226,28.50521298,,,,,,
5131,ORLANDO,ORANGE,,,,PUBLIC SCHOOL,,,,,,,,,"-81.18291199,28.58439991",-81.18291199,28.58439991,,,,,,
5132,ORLANDO,ORANGE,,,,PUBLIC SCHOOL,,,,,,,,,"-81.39706477,28.58424246",-81.39706477,28.58424246,,,,,,
5133,ORLANDO,ORANGE,,,,PUBLIC SCHOOL,,,,,,,,,"-81.36714610,28.49507603",-81.3671461,28.49507603,,,,,,
5134,ORLANDO,ORANGE,,,,PUBLIC SCHOOL,,,,,,,,,"-81.42694261,28.47159010",-81.42694261,28.4715901,,,,,,
5135,ORLANDO,ORANGE,,,,PUBLIC SCHOOL,,,,,,,,,"-81.36733487,28.47373442",-81.36733487,28.47373442,,,,,,
5136,ORLANDO,ORANGE,,,,PUBLIC SCHOOL,,,,,,,,,"-81.41120453,28.51248484",-81.41120453,28.51248484,,,,,,
5137,ORLANDO,ORANGE,,,,PUBLIC SCHOOL,,,,,,,,,"-81.44867011,28.57985636",-81.44867011,28.57985636,,,,,,
5138,ORLANDO,ORANGE,,,,PUBLIC SCHOOL,,,,,,,,,"-81.49298723,28.46933117",-81.49298723,28.46933117,,,,,,
5139,ORLANDO,ORANGE,,,,PUBLIC SCHOOL,,,,,,,,,"-81.43485510,28.36753381",-81.4348551,28.36753381,,,,,,
5140,ORLANDO,ORANGE,,,,PUBLIC SCHOOL,,,,,,,,,"-81.27171445,28.47430415",-81.27171445,28.47430415,,,,,,
5141,ORLANDO,ORANGE,,,,PUBLIC SCHOOL,,,,,,,,,"-81.32048497,28.52478971",-81.32048497,28.52478971,,,,,,
5142,ORLANDO,ORANGE,,,,PUBLIC SCHOOL,,,,,,,,,"-81.47739096,28.58097103",-81.47739096,28.58097103,,,,,,
5143,ORLANDO,ORANGE,,,,PUBLIC SCHOOL,,,,,,,,,"-81.27410000,28.50450002",-81.2741,28.50450002,,,,,,
5144,ORLANDO,ORANGE,,,,PUBLIC SCHOOL,,,,,,,,,"-81.16275118,28.51106899",-81.16275118,28.51106899,,,,,,
5145,ORLANDO,ORANGE,,,,PUBLIC SCHOOL,,,,,,,,,"-81.38788000,28.44963000",-81.38788,28.44963,,,,,,
5146,ORLANDO,ORANGE,,,,PUBLIC SCHOOL,,,,,,,,,"-81.37915188,28.46112746",-81.37915188,28.46112746,,,,,,
5147,ORLANDO,ORANGE,,,,PUBLIC SCHOOL,,,,,,,,,"-81.38378240,28.55032136",-81.3837824,28.55032136,,,,,,
5148,ORLANDO,ORANGE,,,,PUBLIC SCHOOL,,,,,,,,,"-81.44934579,28.57098173",-81.44934579,28.57098173,,,,,,
5149,ORLANDO,ORANGE,,,,PUBLIC SCHOOL,,,,,,,,,"-81.35108475,28.53094136",-81.35108475,28.53094136,,,,,,
5150,ORLANDO,ORANGE,,,,PUBLIC SCHOOL,,,,,,,,,"-81.39531723,28.46449395",-81.39531723,28.46449395,,,,,,
5151,ORLANDO,ORANGE,,,,PUBLIC SCHOOL,,,,,,,,,"-81.28309571,28.49111416",-81.28309571,28.49111416,,,,,,
5152,ORLANDO,ORANGE,,,,PUBLIC SCHOOL,,,,,,,,,"-81.44429370,28.48562264",-81.4442937,28.48562264,,,,,,
5153,ORLANDO,ORANGE,,,,PUBLIC SCHOOL,,,,,,,,,"-81.39169999,28.54229999",-81.39169999,28.54229999,,,,,,
5154,ORLANDO,ORANGE,,,,PUBLIC SCHOOL,,,,,,,,,"-81.47090557,28.56077208",-81.47090557,28.56077208,,,,,,
5155,ORLANDO,ORANGE,,,,PUBLIC SCHOOL,,,,,,,,,"-81.39769986,28.45686106",-81.39769986,28.45686106,,,,,,
5156,ORLANDO,ORANGE,,,,PUBLIC SCHOOL,,,,,,,,,"-81.21561466,28.57812682",-81.21561466,28.57812682,,,,,,
5157,ORLANDO,ORANGE,,,,PUBLIC SCHOOL,,,,,,,,,"-81.40679119,28.54845608",-81.40679119,28.54845608,,,,,,
5158,ORLANDO,ORANGE,,,,PUBLIC SCHOOL,,,,,,,,,"-81.50617482,28.49807391",-81.50617482,28.49807391,,,,,,
5159,ORLANDO,ORANGE,,,,PUBLIC SCHOOL,,,,,,,,,"-81.48304361,28.55686609",-81.48304361,28.55686609,,,,,,
5160,ORLANDO,ORANGE,,,,PUBLIC SCHOOL,,,,,,,,,"-81.27269717,28.51187252",-81.27269717,28.51187252,,,,,,
5161,ORLANDO,ORANGE,,,,PUBLIC SCHOOL,,,,,,,,,"-81.45293853,28.51700984",-81.45293853,28.51700984,,,,,,
5162,ORLANDO,ORANGE,,,,PUBLIC SCHOOL,,,,,,,,,"-81.34496757,28.37100419",-81.34496757,28.37100419,,,,,,
5163,ORLANDO,ORANGE,,,,PUBLIC SCHOOL,,,,,,,,,"-81.32960399,28.48369664",-81.32960399,28.48369664,,,,,,
5164,ORLANDO,ORANGE,,,,PUBLIC SCHOOL,,,,,,,,,"-81.36222223,28.39361111",-81.36222223,28.39361111,,,,,,
5165,ORLANDO,ORANGE,,,,PUBLIC SCHOOL,,,,,,,,,"-81.44061870,28.60423027",-81.4406187,28.60423027,,,,,,
5166,ORLANDO,ORANGE,,,,PUBLIC SCHOOL,,,,,,,,,"-81.34691766,28.54899417",-81.34691766,28.54899417,,,,,,
5167,ORLANDO,ORANGE,,,,PUBLIC SCHOOL,,,,,,,,,"-81.39863023,28.60305086",-81.39863023,28.60305086,,,,,,
5168,ORLANDO,ORANGE,,,,PUBLIC SCHOOL,,,,,,,,,"-81.16335403,28.55333333",-81.16335403,28.55333333,,,,,,
5169,ORLANDO,ORANGE,,,,PUBLIC SCHOOL,,,,,,,,,"-81.14897593,28.51119711",-81.14897593,28.51119711,,,,,,
5170,ORLANDO,ORANGE,,,,PUBLIC SCHOOL,,,,,,,,,"-81.38072435,28.38544144",-81.38072435,28.38544144,,,,,,
5171,ORLANDO,ORANGE,,,,PUBLIC SCHOOL,,,,,,,,,"-81.39045832,28.52599597",-81.39045832,28.52599597,,,,,,
5172,ORLANDO,ORANGE,,,,PUBLIC SCHOOL,,,,,,,,,"-81.36545334,28.55076200",-81.36545334,28.550762,,,,,,
5173,ORLANDO,ORANGE,,,,PUBLIC SCHOOL,,,,,,,,,"-81.47687984,28.46936253",-81.47687984,28.46936253,,,,,,
5174,ORLANDO,ORANGE,,,,PUBLIC SCHOOL,,,,,,,,,"-81.31171681,28.51789512",-81.31171681,28.51789512,,,,,,
5175,ORLANDO,ORANGE,,,,PUBLIC SCHOOL,,,,,,,,,"-81.38800785,28.54647356",-81.38800785,28.54647356,,,,,,
5176,ORLANDO,ORANGE,,,,PUBLIC SCHOOL,,,,,,,,,"-81.21737165,28.40925819",-81.21737165,28.40925819,,,,,,
5177,ORLANDO,ORANGE,,,,PUBLIC SCHOOL,,,,,,,,,"-81.50491721,28.49194834",-81.50491721,28.49194834,,,,,,
5178,ORLANDO,ORANGE,,,,PUBLIC SCHOOL,,,,,,,,,"-81.30180000,28.53099998",-81.3018,28.53099998,,,,,,
5179,ORLANDO,ORANGE,,,,PUBLIC SCHOOL,,,,,,,,,"-81.36257054,28.37142936",-81.36257054,28.37142936,,,,,,
5180,ORLANDO,ORANGE,,,,PUBLIC SCHOOL,,,,,,,,,"-81.20869163,28.57262194",-81.20869163,28.57262194,,,,,,
5181,ORLANDO,ORANGE,,,,PUBLIC SCHOOL,,,,,,,,,"-81.23534471,28.51650805",-81.23534471,28.51650805,,,,,,
5182,ORLANDO,ORANGE,,,,PUBLIC SCHOOL,,,,,,,,,"-81.42062029,28.50269631",-81.42062029,28.50269631,,,,,,
5183,ORLANDO,ORANGE,,,,PUBLIC SCHOOL,,,,,,,,,"-81.48740725,28.56843447",-81.48740725,28.56843447,,,,,,
5184,ORLANDO,ORANGE,,,,PUBLIC SCHOOL,,,,,,,,,"-81.20094456,28.58002846",-81.20094456,28.58002846,,,,,,
5185,ORLANDO,ORANGE,,,,PUBLIC SCHOOL,,,,,,,,,"-81.39856432,28.60497666",-81.39856432,28.60497666,,,,,,
5186,ORLANDO,ORANGE,,,,PUBLIC SCHOOL,,,,,,,,,"-81.35463820,28.49806488",-81.3546382,28.49806488,,,,,,
5187,ORLANDO,ORANGE,,,,PUBLIC SCHOOL,,,,,,,,,"-81.35849832,28.42599701",-81.35849832,28.42599701,,,,,,
5188,ORLANDO,ORANGE,,,,PUBLIC SCHOOL,,,,,,,,,"-81.29592631,28.57301492",-81.29592631,28.57301492,,,,,,
5189,ORLANDO,ORANGE,,,,PUBLIC SCHOOL,,,,,,,,,"-81.29661487,28.56010413",-81.29661487,28.56010413,,,,,,
5190,ORLANDO,ORANGE,,,,PUBLIC SCHOOL,,,,,,,,,"-81.32754852,28.53779831",-81.32754852,28.53779831,,,,,,
5191,ORLANDO,ORANGE,,,,PUBLIC SCHOOL,,,,,,,,,"-81.40370730,28.57789562",-81.4037073,28.57789562,,,,,,
5192,ORLANDO,ORANGE,,,,PUBLIC SCHOOL,,,,,,,,,"-81.25980001,28.48990002",-81.25980001,28.48990002,,,,,,
5193,ORLANDO,ORANGE,,,,PUBLIC SCHOOL,,,,,,,,,"-81.34398025,28.39425287",-81.34398025,28.39425287,,,,,,
5194,ORLANDO,ORANGE,,,,PUBLIC SCHOOL,,,,,,,,,"-81.50599546,28.43423587",-81.50599546,28.43423587,,,,,,
5195,ORLANDO,ORANGE,,,,PUBLIC SCHOOL,,,,,,,,,"-81.44293359,28.62435771",-81.44293359,28.62435771,,,,,,
5196,ORLANDO,ORANGE,,,,PUBLIC SCHOOL,,,,,,,,,"-81.46279613,28.58606462",-81.46279613,28.58606462,,,,,,
5197,ORLANDO,ORANGE,,,,PUBLIC SCHOOL,,,,,,,,,"-81.47484721,28.53797904",-81.47484721,28.53797904,,,,,,
5198,ORLANDO,ORANGE,,,,PUBLIC SCHOOL,,,,,,,,,"-81.25789883,28.47446931",-81.25789883,28.47446931,,,,,,
5199,ORLANDO,ORANGE,,,,PUBLIC SCHOOL,,,,,,,,,"-81.41233744,28.61214182",-81.41233744,28.61214182,,,,,,
5200,ORLANDO,ORANGE,,,,PUBLIC SCHOOL,,,,,,,,,"-81.46283931,28.59534541",-81.46283931,28.59534541,,,,,,
5201,ORLANDO,ORANGE,,,,PUBLIC SCHOOL,,,,,,,,,"-81.21921728,28.58563117",-81.21921728,28.58563117,,,,,,
5202,ORLANDO,ORANGE,,,,PUBLIC SCHOOL,,,,,,,,,"-81.37707729,28.46117107",-81.37707729,28.46117107,,,,,,
5203,ORLANDO,ORANGE,,,,PUBLIC SCHOOL,,,,,,,,,"-81.39782576,28.49762681",-81.39782576,28.49762681,,,,,,
5204,ORLANDO,ORANGE,,,,PUBLIC SCHOOL,,,,,,,,,"-81.35939999,28.52010000",-81.35939999,28.5201,,,,,,
5205,ORLANDO,ORANGE,,,,PUBLIC SCHOOL,,,,,,,,,"-81.42233924,28.52928500",-81.42233924,28.529285,,,,,,
5206,ORLANDO,ORANGE,,,,PUBLIC SCHOOL,,,,,,,,,"-81.39169922,28.58180276",-81.39169922,28.58180276,,,,,,
5207,ORLANDO,ORANGE,,,,PUBLIC SCHOOL,,,,,,,,,"-81.49020000,28.46160002",-81.4902,28.46160002,,,,,,
5208,ORLANDO,ORANGE,,,,PUBLIC SCHOOL,,,,,,,,,"-81.29484287,28.52530110",-81.29484287,28.5253011,,,,,,
5209,ORLANDO,ORANGE,,,,PUBLIC SCHOOL,,,,,,,,,"-81.46777823,28.51901101",-81.46777823,28.51901101,,,,,,
5210,ORLANDO,ORANGE,,,,PUBLIC SCHOOL,,,,,,,,,"-81.31586120,28.49598401",-81.3158612,28.49598401,,,,,,
5211,ORLANDO,ORANGE,,,,PUBLIC SCHOOL,,,,,,,,,"-81.43070389,28.35927154",-81.43070389,28.35927154,,,,,,
5212,ORLANDO,ORANGE,,,,PUBLIC SCHOOL,,,,,,,,,"-81.45660843,28.56010017",-81.45660843,28.56010017,,,,,,
5213,ORLANDO,ORANGE,,,,PUBLIC SCHOOL,,,,,,,,,"-81.50447629,28.60008168",-81.50447629,28.60008168,,,,,,
5214,ORLANDO,ORANGE,,,,PUBLIC SCHOOL,,,,,,,,,"-81.37848744,28.38210112",-81.37848744,28.38210112,,,,,,
5215,ORLANDO,ORANGE,,,,PUBLIC SCHOOL,,,,,,,,,"-81.39009848,28.57941059",-81.39009848,28.57941059,,,,,,
5216,ORLANDO,ORANGE,,,,PUBLIC SCHOOL,,,,,,,,,"-81.43799998,28.54410000",-81.43799998,28.5441,,,,,,
5217,ORLANDO,ORANGE,,,,PUBLIC SCHOOL,,,,,,,,,"-81.43081322,28.46677048",-81.43081322,28.46677048,,,,,,
5218,ORLANDO,ORANGE,,,,PUBLIC SCHOOL,,,,,,,,,"-81.36708946,28.54524262",-81.36708946,28.54524262,,,,,,
5219,ORLANDO,ORANGE,,,,PUBLIC SCHOOL,,,,,,,,,"-81.19238960,28.54224567",-81.1923896,28.54224567,,,,,,
5220,ORLANDO,ORANGE,,,,PUBLIC SCHOOL,,,,,,,,,"-81.47461871,28.54067581",-81.47461871,28.54067581,,,,,,
5221,ORLANDO,ORANGE,,,,PUBLIC SCHOOL,,,,,,,,,"-81.41482863,28.54049105",-81.41482863,28.54049105,,,,,,
5222,ORLANDO,ORANGE,,,,PUBLIC SCHOOL,,,,,,,,,"-81.44710962,28.59024370",-81.44710962,28.5902437,,,,,,
5223,ORLANDO,ORANGE,,,,PUBLIC SCHOOL,,,,,,,,,"-81.43174560,28.56647037",-81.4317456,28.56647037,,,,,,
5224,ORLANDO,ORANGE,,,,PUBLIC SCHOOL,,,,,,,,,"-81.34438950,28.44913151",-81.3443895,28.44913151,,,,,,
5225,ORLANDO,ORANGE,,,,PUBLIC SCHOOL,,,,,,,,,"-81.39998255,28.53327895",-81.39998255,28.53327895,,,,,,
5226,ORLANDO,ORANGE,,,,PUBLIC SCHOOL,,,,,,,,,"-81.16703334,28.59548303",-81.16703334,28.59548303,,,,,,
5227,ORLANDO,ORANGE,,,,PUBLIC SCHOOL,,,,,,,,,"-81.26950615,28.54579658",-81.26950615,28.54579658,,,,,,
5228,ORLANDO,ORANGE,,,,PUBLIC SCHOOL,,,,,,,,,"-81.24561501,28.38080725",-81.24561501,28.38080725,,,,,,
5229,ORLANDO,ORANGE,,,,PUBLIC SCHOOL,,,,,,,,,"-81.30802355,28.48551792",-81.30802355,28.48551792,,,,,,
5230,ORLANDO,ORANGE,,,,PUBLIC SCHOOL,,,,,,,,,"-81.31371606,28.54585565",-81.31371606,28.54585565,,,,,,
5231,ORLANDO,ORANGE,,,,PUBLIC SCHOOL,,,,,,,,,"-81.42702095,28.36145514",-81.42702095,28.36145514,,,,,,
5232,ORLANDO,ORANGE,,,,PUBLIC SCHOOL,,,,,,,,,"-81.32801059,28.50174206",-81.32801059,28.50174206,,,,,,
5233,ORLANDO,ORANGE,,,,PUBLIC SCHOOL,,,,,,,,,"-81.37557860,28.50645286",-81.3755786,28.50645286,,,,,,
5234,ORLANDO,ORANGE,,,,PUBLIC SCHOOL,,,,,,,,,"-81.40125164,28.60448671",-81.40125164,28.60448671,,,,,,
5235,ORLANDO,ORANGE,,,,PUBLIC SCHOOL,,,,,,,,,"-81.12296926,28.57665958",-81.12296926,28.57665958,,,,,,
5236,ORLANDO,ORANGE,,,,PUBLIC SCHOOL,,,,,,,,,"-81.35933680,28.56071683",-81.3593368,28.56071683,,,,,,
5237,ORLANDO,ORANGE,,,,PUBLIC SCHOOL,,,,,,,,,"-81.38370983,28.57180833",-81.38370983,28.57180833,,,,,,
5238,ORLANDO,ORANGE,,,,PUBLIC SCHOOL,,,,,,,,,"-81.42274610,28.46966103",-81.4227461,28.46966103,,,,,,
5239,ORLANDO,ORANGE,,,,PUBLIC SCHOOL,,,,,,,,,"-81.12989937,28.56462251",-81.12989937,28.56462251,,,,,,
5240,ORLANDO,ORANGE,,,,PUBLIC SCHOOL,,,,,,,,,"-81.38475132,28.54978841",-81.38475132,28.54978841,,,,,,
5241,ORLANDO,ORANGE,,,,PUBLIC SCHOOL,,,,,,,,,"-81.35417798,28.53905550",-81.35417798,28.5390555,,,,,,
5242,ORLANDO,ORANGE,,,,PUBLIC SCHOOL,,,,,,,,,"-81.42227754,28.62126445",-81.42227754,28.62126445,,,,,,
5243,ORLANDO,ORANGE,,,,PUBLIC SCHOOL,,,,,,,,,"-81.37439137,28.35474223",-81.37439137,28.35474223,,,,,,
5244,ORLANDO,ORANGE,,,,PUBLIC SCHOOL,,,,,,,,,"-81.24565716,28.56728838",-81.24565716,28.56728838,,,,,,
5245,ORLANDO,ORANGE,,,,PUBLIC SCHOOL,,,,,,,,,"-81.42349878,28.38386967",-81.42349878,28.38386967,,,,,,
5246,ORLANDO,ORANGE,,,,PUBLIC SCHOOL,,,,,,,,,"-81.48747568,28.60464838",-81.48747568,28.60464838,,,,,,
5247,ORLANDO,ORANGE,,,,PUBLIC SCHOOL,,,,,,,,,"-81.30334901,28.53068007",-81.30334901,28.53068007,,,,,,
5248,ORLANDO,ORANGE,,,,PUBLIC SCHOOL,,,,,,,,,"-81.41758423,28.41501934",-81.41758423,28.41501934,,,,,,
5249,ORLANDO,ORANGE,,,,PUBLIC SCHOOL,,,,,,,,,"-81.33235399,28.56672845",-81.33235399,28.56672845,,,,,,
5250,ORLANDO,ORANGE,,,,PUBLIC SCHOOL,,,,,,,,,"-81.40720001,28.48040000",-81.40720001,28.4804,,,,,,
5251,ORLANDO,ORANGE,,,,PUBLIC SCHOOL,,,,,,,,,"-81.26198971,28.42185522",-81.26198971,28.42185522,,,,,,
5252,ORLANDO,ORANGE,,,,PUBLIC SCHOOL,,,,,,,,,"-81.25339390,28.58752156",-81.2533939,28.58752156,,,,,,
5253,ORLANDO,ORANGE,,,,PUBLIC SCHOOL,,,,,,,,,"-81.45870741,28.54174977",-81.45870741,28.54174977,,,,,,
5254,ORLANDO,ORANGE,,,,PUBLIC SCHOOL,,,,,,,,,"-81.43140000,28.57709998",-81.4314,28.57709998,,,,,,
5255,ORLANDO,ORANGE,,,,PUBLIC SCHOOL,,,,,,,,,"-81.49487459,28.58004529",-81.49487459,28.58004529,,,,,,
5256,ORLANDO,ORANGE,,,,PUBLIC SCHOOL,,,,,,,,,"-81.42131843,28.47063408",-81.42131843,28.47063408,,,,,,
5257,ORLANDO,ORANGE,,,,PUBLIC SCHOOL,,,,,,,,,"-81.36926289,28.53559494",-81.36926289,28.53559494,,,,,,
5258,ORLANDO,ORANGE,,,,PUBLIC SCHOOL,,,,,,,,,"-81.42010576,28.63339369",-81.42010576,28.63339369,,,,,,
5259,ORLANDO,ORANGE,,,,PUBLIC SCHOOL,,,,,,,,,"-81.49380133,28.52054142",-81.49380133,28.52054142,,,,,,
5261,ORLANDO,ORANGE,,,,PUBLIC SCHOOL,,,,,,,,,"-81.16296461,28.54981996",-81.16296461,28.54981996,,,,,,
5262,ORLANDO,ORANGE,,,,PUBLIC SCHOOL,,,,,,,,,"-81.30214265,28.55367647",-81.30214265,28.55367647,,,,,,
5263,ORLANDO,ORANGE,,,,PUBLIC SCHOOL,,,,,,,,,"-81.15318891,28.52620481",-81.15318891,28.52620481,,,,,,
5264,ORLANDO,ORANGE,,,,PUBLIC SCHOOL,,,,,,,,,"-81.40631805,28.51199417",-81.40631805,28.51199417,,,,,,
5265,ORLANDO,ORANGE,,,,PUBLIC SCHOOL,,,,,,,,,"-81.36505105,28.51447593",-81.36505105,28.51447593,,,,,,
5266,ORLANDO,ORANGE,,,,PUBLIC SCHOOL,,,,,,,,,"-81.49277681,28.41185957",-81.49277681,28.41185957,,,,,,
5268,ORLANDO,ORANGE,,,,PUBLIC SCHOOL,,,,,,,,,"-81.19268888,28.58171412",-81.19268888,28.58171412,,,,,,
5269,ORLANDO,ORANGE,,,,PUBLIC SCHOOL,,,,,,,,,"-81.39444026,28.51045035",-81.39444026,28.51045035,,,,,,
5270,ORLANDO,ORANGE,,,,PUBLIC SCHOOL,,,,,,,,,"-81.37709083,28.54423773",-81.37709083,28.54423773,,,,,,
5271,ORLANDO,ORANGE,,,,PUBLIC SCHOOL,,,,,,,,,"-81.24928497,28.57144877",-81.24928497,28.57144877,,,,,,
5272,ORLANDO,ORANGE,,,,PUBLIC SCHOOL,,,,,,,,,"-81.33840954,28.44225714",-81.33840954,28.44225714,,,,,,
5273,ORLANDO,ORANGE,,,,PUBLIC SCHOOL,,,,,,,,,"-81.35236221,28.51016071",-81.35236221,28.51016071,,,,,,
5274,ORLANDO,ORANGE,,,,PUBLIC SCHOOL,,,,,,,,,"-81.41858716,28.40771403",-81.41858716,28.40771403,,,,,,
5275,ORLANDO,ORANGE,,,,PUBLIC SCHOOL,,,,,,,,,"-81.49400812,28.48369315",-81.49400812,28.48369315,,,,,,
5277,ORLANDO,ORANGE,,,,PUBLIC SCHOOL,,,,,,,,,"-81.25383747,28.52527248",-81.25383747,28.52527248,,,,,,
5278,ORLANDO,ORANGE,,,,PUBLIC SCHOOL,,,,,,,,,"-81.22269708,28.50812807",-81.22269708,28.50812807,,,,,,
5279,ORLANDO,ORANGE,,,,PUBLIC SCHOOL,,,,,,,,,"-81.34890014,28.35495562",-81.34890014,28.35495562,,,,,,
5280,ORLANDO,ORANGE,,,,PUBLIC SCHOOL,,,,,,,,,"-81.38624284,28.47119399",-81.38624284,28.47119399,,,,,,
5281,ORLANDO,ORANGE,,,,PUBLIC SCHOOL,,,,,,,,,"-81.43569999,28.52580000",-81.43569999,28.5258,,,,,,
5282,ORLANDO,ORANGE,,,,PUBLIC SCHOOL,,,,,,,,,"-81.49094662,28.58328615",-81.49094662,28.58328615,,,,,,
5283,ORLANDO,ORANGE,,,,PUBLIC SCHOOL,,,,,,,,,"-81.22726846,28.55512404",-81.22726846,28.55512404,,,,,,
5284,ORLANDO,ORANGE,,,,PUBLIC SCHOOL,,,,,,,,,"-81.47354862,28.47728628",-81.47354862,28.47728628,,,,,,
5285,ORLANDO,ORANGE,,,,PUBLIC SCHOOL,,,,,,,,,"-81.26810001,28.50180000",-81.26810001,28.5018,,,,,,
5286,ORLANDO,ORANGE,,,,PUBLIC SCHOOL,,,,,,,,,"-81.20183845,28.56310285",-81.20183845,28.56310285,,,,,,
5287,ORLANDO,ORANGE,,,,PUBLIC SCHOOL,,,,,,,,,"-81.38258630,28.45391301",-81.3825863,28.45391301,,,,,,
5288,ORLANDO,ORANGE,,,,PUBLIC SCHOOL,,,,,,,,,"-81.43300931,28.52417862",-81.43300931,28.52417862,,,,,,
5289,ORLANDO,ORANGE,,,,PUBLIC SCHOOL,,,,,,,,,"-81.41683497,28.52777116",-81.41683497,28.52777116,,,,,,
5290,ORLANDO,ORANGE,,,,PUBLIC SCHOOL,,,,,,,,,"-81.15234408,28.49987069",-81.15234408,28.49987069,,,,,,
5291,ORLANDO,ORANGE,,,,PUBLIC SCHOOL,,,,,,,,,"-81.32535266,28.52747603",-81.32535266,28.52747603,,,,,,
5292,ORLANDO,ORANGE,,,,PUBLIC SCHOOL,,,,,,,,,"-81.47248298,28.56745530",-81.47248298,28.5674553,,,,,,
5293,MAITLAND,ORANGE,,,,PUBLIC SCHOOL,,,,,,,,,"-81.34417241,28.63456102",-81.34417241,28.63456102,,,,,,
5294,MAITLAND,ORANGE,,,,PUBLIC SCHOOL,,,,,,,,,"-81.38178296,28.61455591",-81.38178296,28.61455591,,,,,,
5295,MAITLAND,ORANGE,,,,PUBLIC SCHOOL,,,,,,,,,"-81.34393115,28.63275245",-81.34393115,28.63275245,,,,,,
5296,MAITLAND,ORANGE,,,,PUBLIC SCHOOL,,,,,,,,,"-81.36430410,28.61307794",-81.3643041,28.61307794,,,,,,
5297,MAITLAND,ORANGE,,,,PUBLIC SCHOOL,,,,,,,,,"-81.37176803,28.63154009",-81.37176803,28.63154009,,,,,,
5298,WINTER GARDEN,ORANGE,,,,PUBLIC SCHOOL,,,,,,,,,"-81.57584650,28.56810697",-81.5758465,28.56810697,,,,,,
5299,WINTER GARDEN,ORANGE,,,,PUBLIC SCHOOL,,,,,,,,,"-81.60775478,28.55791761",-81.60775478,28.55791761,,,,,,
5300,WINTER GARDEN,ORANGE,,,,PUBLIC SCHOOL,,,,,,,,,"-81.56057587,28.59164394",-81.56057587,28.59164394,,,,,,
5301,WINTER GARDEN,ORANGE,,,,PUBLIC SCHOOL,,,,,,,,,"-81.61177361,28.51354538",-81.61177361,28.51354538,,,,,,
5302,WINTER GARDEN,ORANGE,,,,PUBLIC SCHOOL,,,,,,,,,"-81.61350358,28.48037264",-81.61350358,28.48037264,,,,,,
5303,WINTER GARDEN,ORANGE,,,,PUBLIC SCHOOL,,,,,,,,,"-81.57160621,28.55951273",-81.57160621,28.55951273,,,,,,
5304,WINTER GARDEN,ORANGE,,,,PUBLIC SCHOOL,,,,,,,,,"-81.56078865,28.59287158",-81.56078865,28.59287158,,,,,,
5305,WINTER GARDEN,ORANGE,,,,PUBLIC SCHOOL,,,,,,,,,"-81.60330728,28.56499537",-81.60330728,28.56499537,,,,,,
5306,WINTER GARDEN,ORANGE,,,,PUBLIC SCHOOL,,,,,,,,,"-81.60273061,28.53737784",-81.60273061,28.53737784,,,,,,
5307,WINTER GARDEN,ORANGE,,,,PUBLIC SCHOOL,,,,,,,,,"-81.58300278,28.57071723",-81.58300278,28.57071723,,,,,,
5308,WINTER GARDEN,ORANGE,,,,PUBLIC SCHOOL,,,,,,,,,"-81.62199513,28.55425335",-81.62199513,28.55425335,,,,,,
5309,WINTER GARDEN,ORANGE,,,,PUBLIC SCHOOL,,,,,,,,,"-81.56806203,28.56136605",-81.56806203,28.56136605,,,,,,
5310,WINTER GARDEN,ORANGE,,,,PUBLIC SCHOOL,,,,,,,,,"-81.60120044,28.53724133",-81.60120044,28.53724133,,,,,,
5311,WINTER GARDEN,ORANGE,,,,PUBLIC SCHOOL,,,,,,,,,"-81.56751341,28.54041832",-81.56751341,28.54041832,,,,,,
5312,OCOEE,ORANGE,,,,PUBLIC SCHOOL,,,,,,,,,"-81.55754288,28.59999349",-81.55754288,28.59999349,,,,,,
5313,OCOEE,ORANGE,,,,PUBLIC SCHOOL,,,,,,,,,"-81.53467556,28.52535044",-81.53467556,28.52535044,,,,,,
5314,OCOEE,ORANGE,,,,PUBLIC SCHOOL,,,,,,,,,"-81.51436568,28.57107785",-81.51436568,28.57107785,,,,,,
5315,OCOEE,ORANGE,,,,PUBLIC SCHOOL,,,,,,,,,"-81.54252190,28.56653527",-81.5425219,28.56653527,,,,,,
5316,OCOEE,ORANGE,,,,PUBLIC SCHOOL,,,,,,,,,"-81.53620430,28.53951564",-81.5362043,28.53951564,,,,,,
5317,OCOEE,ORANGE,,,,PUBLIC SCHOOL,,,,,,,,,"-81.54141951,28.56486944",-81.54141951,28.56486944,,,,,,
5318,GOTHA,ORANGE,,,,PUBLIC SCHOOL,,,,,,,,,"-81.51889374,28.54816918",-81.51889374,28.54816918,,,,,,
5319,GOTHA,ORANGE,,,,PUBLIC SCHOOL,,,,,,,,,"-81.51161929,28.52917217",-81.51161929,28.52917217,,,,,,
5320,APOPKA,ORANGE,,,,PUBLIC SCHOOL,,,,,,,,,"-81.47362295,28.63816770",-81.47362295,28.6381677,,,,,,
5321,APOPKA,ORANGE,,,,PUBLIC SCHOOL,,,,,,,,,"-81.52342548,28.69368808",-81.52342548,28.69368808,,,,,,
5322,APOPKA,ORANGE,,,,PUBLIC SCHOOL,,,,,,,,,"-81.52440302,28.68369494",-81.52440302,28.68369494,,,,,,
5323,APOPKA,ORANGE,,,,PUBLIC SCHOOL,,,,,,,,,"-81.54527555,28.72953850",-81.54527555,28.7295385,,,,,,
5324,APOPKA,ORANGE,,,,PUBLIC SCHOOL,,,,,,,,,"-81.47576218,28.65650440",-81.47576218,28.6565044,,,,,,
5325,APOPKA,ORANGE,,,,PUBLIC SCHOOL,,,,,,,,,"-81.47955197,28.63915366",-81.47955197,28.63915366,,,,,,
5326,APOPKA,ORANGE,,,,PUBLIC SCHOOL,,,,,,,,,"-81.51093991,28.71998136",-81.51093991,28.71998136,,,,,,
5327,APOPKA,ORANGE,,,,PUBLIC SCHOOL,,,,,,,,,"-81.51995253,28.66271414",-81.51995253,28.66271414,,,,,,
5328,APOPKA,ORANGE,,,,PUBLIC SCHOOL,,,,,,,,,"-81.47940002,28.64609999",-81.47940002,28.64609999,,,,,,
5329,APOPKA,ORANGE,,,,PUBLIC SCHOOL,,,,,,,,,"-81.50868432,28.68700692",-81.50868432,28.68700692,,,,,,
5330,APOPKA,ORANGE,,,,PUBLIC SCHOOL,,,,,,,,,"-81.54069630,28.72919719",-81.5406963,28.72919719,,,,,,
5331,APOPKA,ORANGE,,,,PUBLIC SCHOOL,,,,,,,,,"-81.52029947,28.69622098",-81.52029947,28.69622098,,,,,,
5332,APOPKA,ORANGE,,,,PUBLIC SCHOOL,,,,,,,,,"-81.48391180,28.66863689",-81.4839118,28.66863689,,,,,,
5333,APOPKA,ORANGE,,,,PUBLIC SCHOOL,,,,,,,,,"-81.46509086,28.68899058",-81.46509086,28.68899058,,,,,,
5334,APOPKA,ORANGE,,,,PUBLIC SCHOOL,,,,,,,,,"-81.50322114,28.62478800",-81.50322114,28.624788,,,,,,
5335,APOPKA,ORANGE,,,,PUBLIC SCHOOL,,,,,,,,,"-81.50999655,28.68837793",-81.50999655,28.68837793,,,,,,
5336,APOPKA,ORANGE,,,,PUBLIC SCHOOL,,,,,,,,,"-81.49339524,28.67446618",-81.49339524,28.67446618,,,,,,
5337,WINTER PARK,ORANGE,,,,PUBLIC SCHOOL,,,,,,,,,"-81.36175032,28.60453445",-81.36175032,28.60453445,,,,,,
5338,WINTER PARK,ORANGE,,,,PUBLIC SCHOOL,,,,,,,,,"-81.32274562,28.58451902",-81.32274562,28.58451902,,,,,,
5339,WINTER PARK,ORANGE,,,,PUBLIC SCHOOL,,,,,,,,,"-81.30562726,28.60408985",-81.30562726,28.60408985,,,,,,
5340,WINTER PARK,ORANGE,,,,PUBLIC SCHOOL,,,,,,,,,"-81.30892143,28.59793923",-81.30892143,28.59793923,,,,,,
5341,WINTER PARK,ORANGE,,,,PUBLIC SCHOOL,,,,,,,,,"-81.33568251,28.57839649",-81.33568251,28.57839649,,,,,,
5342,WINTER PARK,ORANGE,,,,PUBLIC SCHOOL,,,,,,,,,"-81.38309517,28.59532172",-81.38309517,28.59532172,,,,,,
5343,WINTER PARK,ORANGE,,,,PUBLIC SCHOOL,,,,,,,,,"-81.32902711,28.60662784",-81.32902711,28.60662784,,,,,,
5344,WINTER PARK,ORANGE,,,,PUBLIC SCHOOL,,,,,,,,,"-81.38569760,28.60154868",-81.3856976,28.60154868,,,,,,
5345,WINTER PARK,ORANGE,,,,PUBLIC SCHOOL,,,,,,,,,"-81.31847920,28.59248414",-81.3184792,28.59248414,,,,,,
5346,BELLE ISLE,ORANGE,,,,PUBLIC SCHOOL,,,,,,,,,"-81.36590901,28.47309798",-81.36590901,28.47309798,,,,,,
5347,WINDERMERE,ORANGE,,,,PUBLIC SCHOOL,,,,,,,,,"-81.55709492,28.52621792",-81.55709492,28.52621792,,,,,,
5348,WINDERMERE,ORANGE,,,,PUBLIC SCHOOL,,,,,,,,,"-81.54391280,28.50789190",-81.5439128,28.5078919,,,,,,
5349,WINDERMERE,ORANGE,,,,PUBLIC SCHOOL,,,,,,,,,"-81.55972073,28.45956387",-81.55972073,28.45956387,,,,,,
5350,WINDERMERE,ORANGE,,,,PUBLIC SCHOOL,,,,,,,,,"-81.60004357,28.48840786",-81.60004357,28.48840786,,,,,,
5351,ZELLWOOD,ORANGE,,,,PUBLIC SCHOOL,,,,,,,,,"-81.60155346,28.73537236",-81.60155346,28.73537236,,,,,,
5352,KISSIMMEE,OSCEOLA,,,,PUBLIC SCHOOL,,,,,,,,,"-81.65164060,28.29556632",-81.6516406,28.29556632,,,,,,
5353,KISSIMMEE,OSCEOLA,,,,PUBLIC SCHOOL,,,,,,,,,"-81.48903914,28.22828965",-81.48903914,28.22828965,,,,,,
5354,KISSIMMEE,OSCEOLA,,,,PUBLIC SCHOOL,,,,,,,,,"-81.34346772,28.33406322",-81.34346772,28.33406322,,,,,,
5355,KISSIMMEE,OSCEOLA,,,,PUBLIC SCHOOL,,,,,,,,,"-81.44046779,28.31644390",-81.44046779,28.3164439,,,,,,
5356,KISSIMMEE,OSCEOLA,,,,PUBLIC SCHOOL,,,,,,,,,"-81.33154185,28.28045827",-81.33154185,28.28045827,,,,,,
5357,KISSIMMEE,OSCEOLA,,,,PUBLIC SCHOOL,,,,,,,,,"-81.48984983,28.25257947",-81.48984983,28.25257947,,,,,,
5358,KISSIMMEE,OSCEOLA,,,,PUBLIC SCHOOL,,,,,,,,,"-81.40825408,28.31868265",-81.40825408,28.31868265,,,,,,
5359,KISSIMMEE,OSCEOLA,,,,PUBLIC SCHOOL,,,,,,,,,"-81.37638439,28.31392503",-81.37638439,28.31392503,,,,,,
5360,KISSIMMEE,OSCEOLA,,,,PUBLIC SCHOOL,,,,,,,,,"-81.52335594,28.26216241",-81.52335594,28.26216241,,,,,,
5361,KISSIMMEE,OSCEOLA,,,,PUBLIC SCHOOL,,,,,,,,,"-81.34963000,28.29409000",-81.34963,28.29409,,,,,,
5362,KISSIMMEE,OSCEOLA,,,,PUBLIC SCHOOL,,,,,,,,,"-81.34918458,28.29391502",-81.34918458,28.29391502,,,,,,
5363,KISSIMMEE,OSCEOLA,,,,PUBLIC SCHOOL,,,,,,,,,"-81.40208064,28.34154913",-81.40208064,28.34154913,,,,,,
5364,KISSIMMEE,OSCEOLA,,,,PUBLIC SCHOOL,,,,,,,,,"-81.43729347,28.18602521",-81.43729347,28.18602521,,,,,,
5365,KISSIMMEE,OSCEOLA,,,,PUBLIC SCHOOL,,,,,,,,,"-81.36837028,28.32790466",-81.36837028,28.32790466,,,,,,
5366,KISSIMMEE,OSCEOLA,,,,PUBLIC SCHOOL,,,,,,,,,"-81.40402361,28.30206537",-81.40402361,28.30206537,,,,,,
5367,KISSIMMEE,OSCEOLA,,,,PUBLIC SCHOOL,,,,,,,,,"-81.44175305,28.16240601",-81.44175305,28.16240601,,,,,,
5368,KISSIMMEE,OSCEOLA,,,,PUBLIC SCHOOL,,,,,,,,,"-81.42593127,28.28795626",-81.42593127,28.28795626,,,,,,
5369,KISSIMMEE,OSCEOLA,,,,PUBLIC SCHOOL,,,,,,,,,"-81.35590515,28.28378362",-81.35590515,28.28378362,,,,,,
5370,KISSIMMEE,OSCEOLA,,,,PUBLIC SCHOOL,,,,,,,,,"-81.64706870,28.31870917",-81.6470687,28.31870917,,,,,,
5371,KISSIMMEE,OSCEOLA,,,,PUBLIC SCHOOL,,,,,,,,,"-81.35126044,28.31177911",-81.35126044,28.31177911,,,,,,
5372,KISSIMMEE,OSCEOLA,,,,PUBLIC SCHOOL,,,,,,,,,"-81.28153907,28.33453700",-81.28153907,28.334537,,,,,,
5373,KISSIMMEE,OSCEOLA,,,,PUBLIC SCHOOL,,,,,,,,,"-81.48608639,28.18196113",-81.48608639,28.18196113,,,,,,
5374,KISSIMMEE,OSCEOLA,,,,PUBLIC SCHOOL,,,,,,,,,"-81.33409970,28.25869543",-81.3340997,28.25869543,,,,,,
5375,KISSIMMEE,OSCEOLA,,,,PUBLIC SCHOOL,,,,,,,,,"-81.49014424,28.23632444",-81.49014424,28.23632444,,,,,,
5376,KISSIMMEE,OSCEOLA,,,,PUBLIC SCHOOL,,,,,,,,,"-81.43772466,28.31660630",-81.43772466,28.3166063,,,,,,
5377,KISSIMMEE,OSCEOLA,,,,PUBLIC SCHOOL,,,,,,,,,"-81.34925761,28.29857694",-81.34925761,28.29857694,,,,,,
5378,KISSIMMEE,OSCEOLA,,,,PUBLIC SCHOOL,,,,,,,,,"-81.56887565,28.29830403",-81.56887565,28.29830403,,,,,,
5379,KISSIMMEE,OSCEOLA,,,,PUBLIC SCHOOL,,,,,,,,,"-81.32954163,28.28056548",-81.32954163,28.28056548,,,,,,
5380,KISSIMMEE,OSCEOLA,,,,PUBLIC SCHOOL,,,,,,,,,"-81.49758512,28.16957365",-81.49758512,28.16957365,,,,,,
5381,KISSIMMEE,OSCEOLA,,,,PUBLIC SCHOOL,,,,,,,,,"-81.36200307,28.32761436",-81.36200307,28.32761436,,,,,,
5382,KISSIMMEE,OSCEOLA,,,,PUBLIC SCHOOL,,,,,,,,,"-81.48663630,28.15507709",-81.4866363,28.15507709,,,,,,
5384,KISSIMMEE,OSCEOLA,,,,PUBLIC SCHOOL,,,,,,,,,"-81.44833836,28.13973635",-81.44833836,28.13973635,,,,,,
5385,KISSIMMEE,OSCEOLA,,,,PUBLIC SCHOOL,,,,,,,,,"-81.34874000,28.28927000",-81.34874,28.28927,,,,,,
5386,KISSIMMEE,OSCEOLA,,,,PUBLIC SCHOOL,,,,,,,,,"-81.40419028,28.33280516",-81.40419028,28.33280516,,,,,,
5387,KISSIMMEE,OSCEOLA,,,,PUBLIC SCHOOL,,,,,,,,,"-81.54451707,28.31950747",-81.54451707,28.31950747,,,,,,
5388,KISSIMMEE,OSCEOLA,,,,PUBLIC SCHOOL,,,,,,,,,"-81.41052014,28.31791543",-81.41052014,28.31791543,,,,,,
5389,KISSIMMEE,OSCEOLA,,,,PUBLIC SCHOOL,,,,,,,,,"-81.42309467,28.29530405",-81.42309467,28.29530405,,,,,,
5390,KISSIMMEE,OSCEOLA,,,,PUBLIC SCHOOL,,,,,,,,,"-81.46397915,28.24354442",-81.46397915,28.24354442,,,,,,
5391,KISSIMMEE,OSCEOLA,,,,PUBLIC SCHOOL,,,,,,,,,"-81.37746963,28.31069157",-81.37746963,28.31069157,,,,,,
5392,KISSIMMEE,OSCEOLA,,,,PUBLIC SCHOOL,,,,,,,,,"-81.50154645,28.16572926",-81.50154645,28.16572926,,,,,,
5393,KISSIMMEE,OSCEOLA,,,,PUBLIC SCHOOL,,,,,,,,,"-81.35963927,28.29508857",-81.35963927,28.29508857,,,,,,
5394,KISSIMMEE,OSCEOLA,,,,PUBLIC SCHOOL,,,,,,,,,"-81.42892608,28.30695604",-81.42892608,28.30695604,,,,,,
5396,KISSIMMEE,OSCEOLA,,,,PUBLIC SCHOOL,,,,,,,,,"-81.37828039,28.33077134",-81.37828039,28.33077134,,,,,,
5397,KISSIMMEE,OSCEOLA,,,,PUBLIC SCHOOL,,,,,,,,,"-81.40907497,28.30686521",-81.40907497,28.30686521,,,,,,
5398,KISSIMMEE,OSCEOLA,,,,PUBLIC SCHOOL,,,,,,,,,"-81.35960731,28.29727248",-81.35960731,28.29727248,,,,,,
5399,KISSIMMEE,OSCEOLA,,,,PUBLIC SCHOOL,,,,,,,,,"-81.46104901,28.24800189",-81.46104901,28.24800189,,,,,,
5400,KISSIMMEE,OSCEOLA,,,,PUBLIC SCHOOL,,,,,,,,,"-81.40034822,28.32028898",-81.40034822,28.32028898,,,,,,
5401,KISSIMMEE,OSCEOLA,,,,PUBLIC SCHOOL,,,,,,,,,"-81.43602746,28.33303162",-81.43602746,28.33303162,,,,,,
5402,KISSIMMEE,OSCEOLA,,,,PUBLIC SCHOOL,,,,,,,,,"-81.45465196,28.10996928",-81.45465196,28.10996928,,,,,,
5403,KISSIMMEE,OSCEOLA,,,,PUBLIC SCHOOL,,,,,,,,,"-81.43328203,28.27236226",-81.43328203,28.27236226,,,,,,
5404,SAINT CLOUD,OSCEOLA,,,,PUBLIC SCHOOL,,,,,,,,,"-81.23377153,28.32658819",-81.23377153,28.32658819,,,,,,
5405,SAINT CLOUD,OSCEOLA,,,,PUBLIC SCHOOL,,,,,,,,,"-81.30231838,28.25413794",-81.30231838,28.25413794,,,,,,
5406,SAINT CLOUD,OSCEOLA,,,,PUBLIC SCHOOL,,,,,,,,,"-81.15272178,28.18790573",-81.15272178,28.18790573,,,,,,
5407,SAINT CLOUD,OSCEOLA,,,,PUBLIC SCHOOL,,,,,,,,,"-81.25500000,28.23289999",-81.255,28.23289999,,,,,,
5408,SAINT CLOUD,OSCEOLA,,,,PUBLIC SCHOOL,,,,,,,,,"-81.27408435,28.23726600",-81.27408435,28.237266,,,,,,
5409,SAINT CLOUD,OSCEOLA,,,,PUBLIC SCHOOL,,,,,,,,,"-81.27511476,28.24008809",-81.27511476,28.24008809,,,,,,
5410,SAINT CLOUD,OSCEOLA,,,,PUBLIC SCHOOL,,,,,,,,,"-81.28045046,28.23986361",-81.28045046,28.23986361,,,,,,
5411,SAINT CLOUD,OSCEOLA,,,,PUBLIC SCHOOL,,,,,,,,,"-81.32705506,28.24760265",-81.32705506,28.24760265,,,,,,
5412,SAINT CLOUD,OSCEOLA,,,,PUBLIC SCHOOL,,,,,,,,,"-81.23527908,28.32744129",-81.23527908,28.32744129,,,,,,
5413,SAINT CLOUD,OSCEOLA,,,,PUBLIC SCHOOL,,,,,,,,,"-81.15402027,28.20149437",-81.15402027,28.20149437,,,,,,
5414,SAINT CLOUD,OSCEOLA,,,,PUBLIC SCHOOL,,,,,,,,,"-81.29089096,28.18590310",-81.29089096,28.1859031,,,,,,
5415,ST CLOUD,OSCEOLA,,,,PUBLIC SCHOOL,,,,,,,,,"-81.29325185,28.24739565",-81.29325185,28.24739565,,,,,,
5416,ST CLOUD,OSCEOLA,,,,PUBLIC SCHOOL,,,,,,,,,"-81.30039612,28.23325163",-81.30039612,28.23325163,,,,,,
5417,KENANSVILLE,OSCEOLA,,,,PUBLIC SCHOOL,,,,,,,,,"-80.99751000,27.87594000",-80.99751,27.87594,,,,,,
5418,BOYNTON BEACH,PALM BEACH,,,,PUBLIC SCHOOL,,,,,,,,,"-80.09573982,26.57055005",-80.09573982,26.57055005,,,,,,
5419,BOYNTON BEACH,PALM BEACH,,,,PUBLIC SCHOOL,,,,,,,,,"-80.10445933,26.55048017",-80.10445933,26.55048017,,,,,,
5420,BOYNTON BEACH,PALM BEACH,,,,PUBLIC SCHOOL,,,,,,,,,"-80.09306646,26.52223917",-80.09306646,26.52223917,,,,,,
5421,BOYNTON BEACH,PALM BEACH,,,,PUBLIC SCHOOL,,,,,,,,,"-80.11346400,26.55814207",-80.113464,26.55814207,,,,,,
5422,BOYNTON BEACH,PALM BEACH,,,,PUBLIC SCHOOL,,,,,,,,,"-80.07174459,26.52971742",-80.07174459,26.52971742,,,,,,
5423,BOYNTON BEACH,PALM BEACH,,,,PUBLIC SCHOOL,,,,,,,,,"-80.08541798,26.54767776",-80.08541798,26.54767776,,,,,,
5424,BOYNTON BEACH,PALM BEACH,,,,PUBLIC SCHOOL,,,,,,,,,"-80.08445668,26.49802392",-80.08445668,26.49802392,,,,,,
5425,BOYNTON BEACH,PALM BEACH,,,,PUBLIC SCHOOL,,,,,,,,,"-80.08358434,26.54077232",-80.08358434,26.54077232,,,,,,
5426,BOYNTON BEACH,PALM BEACH,,,,PUBLIC SCHOOL,,,,,,,,,"-80.19526255,26.52910891",-80.19526255,26.52910891,,,,,,
5427,BOYNTON BEACH,PALM BEACH,,,,PUBLIC SCHOOL,,,,,,,,,"-80.14774520,26.54769801",-80.1477452,26.54769801,,,,,,
5428,BOYNTON BEACH,PALM BEACH,,,,PUBLIC SCHOOL,,,,,,,,,"-80.07074562,26.51729244",-80.07074562,26.51729244,,,,,,
5429,BOYNTON BEACH,PALM BEACH,,,,PUBLIC SCHOOL,,,,,,,,,"-80.08392128,26.54775248",-80.08392128,26.54775248,,,,,,
5431,BOYNTON BEACH,PALM BEACH,,,,PUBLIC SCHOOL,,,,,,,,,"-80.14061147,26.54340803",-80.14061147,26.54340803,,,,,,
5432,BOYNTON BEACH,PALM BEACH,,,,PUBLIC SCHOOL,,,,,,,,,"-80.18312411,26.52631401",-80.18312411,26.52631401,,,,,,
5433,BOYNTON BEACH,PALM BEACH,,,,PUBLIC SCHOOL,,,,,,,,,"-80.08711833,26.48757088",-80.08711833,26.48757088,,,,,,
5435,BOYNTON BEACH,PALM BEACH,,,,PUBLIC SCHOOL,,,,,,,,,"-80.09145951,26.50044515",-80.09145951,26.50044515,,,,,,
5436,BOYNTON BEACH,PALM BEACH,,,,PUBLIC SCHOOL,,,,,,,,,"-80.14586089,26.55161012",-80.14586089,26.55161012,,,,,,
5437,BOYNTON BEACH,PALM BEACH,,,,PUBLIC SCHOOL,,,,,,,,,"-80.16503622,26.51811947",-80.16503622,26.51811947,,,,,,
5439,BOYNTON BEACH,PALM BEACH,,,,PUBLIC SCHOOL,,,,,,,,,"-80.06321577,26.53486675",-80.06321577,26.53486675,,,,,,
5440,BOYNTON BEACH,PALM BEACH,,,,PUBLIC SCHOOL,,,,,,,,,"-80.08326112,26.54740283",-80.08326112,26.54740283,,,,,,
5442,BOYNTON BEACH,PALM BEACH,,,,PUBLIC SCHOOL,,,,,,,,,"-80.14096695,26.51409706",-80.14096695,26.51409706,,,,,,
5443,BOYNTON BEACH,PALM BEACH,,,,PUBLIC SCHOOL,,,,,,,,,"-80.06515280,26.53752927",-80.0651528,26.53752927,,,,,,
5444,BOYNTON BEACH,PALM BEACH,,,,PUBLIC SCHOOL,,,,,,,,,"-80.07581594,26.56199645",-80.07581594,26.56199645,,,,,,
5445,BELLE GLADE,PALM BEACH,,,,PUBLIC SCHOOL,,,,,,,,,"-80.66142759,26.67723030",-80.66142759,26.6772303,,,,,,
5446,BELLE GLADE,PALM BEACH,,,,PUBLIC SCHOOL,,,,,,,,,"-80.67618889,26.67046658",-80.67618889,26.67046658,,,,,,
5447,BELLE GLADE,PALM BEACH,,,,PUBLIC SCHOOL,,,,,,,,,"-80.67115612,26.67739731",-80.67115612,26.67739731,,,,,,
5448,BELLE GLADE,PALM BEACH,,,,PUBLIC SCHOOL,,,,,,,,,"-80.68033522,26.66911169",-80.68033522,26.66911169,,,,,,
5449,BELLE GLADE,PALM BEACH,,,,PUBLIC SCHOOL,,,,,,,,,"-80.67274437,26.69001159",-80.67274437,26.69001159,,,,,,
5450,BELLE GLADE,PALM BEACH,,,,PUBLIC SCHOOL,,,,,,,,,"-80.67868247,26.68464821",-80.67868247,26.68464821,,,,,,
5452,BELLE GLADE,PALM BEACH,,,,PUBLIC SCHOOL,,,,,,,,,"-80.68379515,26.68062862",-80.68379515,26.68062862,,,,,,
5453,BELLE GLADE,PALM BEACH,,,,PUBLIC SCHOOL,,,,,,,,,"-80.67294689,26.69573206",-80.67294689,26.69573206,,,,,,
5454,BELLE GLADE,PALM BEACH,,,,PUBLIC SCHOOL,,,,,,,,,"-80.68166940,26.67725876",-80.6816694,26.67725876,,,,,,
5455,BELLE GLADE,PALM BEACH,,,,PUBLIC SCHOOL,,,,,,,,,"-80.68828215,26.67671273",-80.68828215,26.67671273,,,,,,
5456,DELRAY BEACH,PALM BEACH,,,,PUBLIC SCHOOL,,,,,,,,,"-80.09360693,26.47184714",-80.09360693,26.47184714,,,,,,
5457,DELRAY BEACH,PALM BEACH,,,,PUBLIC SCHOOL,,,,,,,,,"-80.08600420,26.45325220",-80.0860042,26.4532522,,,,,,
5458,DELRAY BEACH,PALM BEACH,,,,PUBLIC SCHOOL,,,,,,,,,"-80.08638909,26.45537701",-80.08638909,26.45537701,,,,,,
5459,DELRAY BEACH,PALM BEACH,,,,PUBLIC SCHOOL,,,,,,,,,"-80.11255044,26.48130896",-80.11255044,26.48130896,,,,,,
5460,DELRAY BEACH,PALM BEACH,,,,PUBLIC SCHOOL,,,,,,,,,"-80.09799997,26.46259390",-80.09799997,26.4625939,,,,,,
5461,DELRAY BEACH,PALM BEACH,,,,PUBLIC SCHOOL,,,,,,,,,"-80.06969422,26.48834010",-80.06969422,26.4883401,,,,,,
5462,DELRAY BEACH,PALM BEACH,,,,PUBLIC SCHOOL,,,,,,,,,"-80.07777275,26.44659029",-80.07777275,26.44659029,,,,,,
5464,DELRAY BEACH,PALM BEACH,,,,PUBLIC SCHOOL,,,,,,,,,"-80.09119812,26.47169467",-80.09119812,26.47169467,,,,,,
5465,DELRAY BEACH,PALM BEACH,,,,PUBLIC SCHOOL,,,,,,,,,"-80.11320874,26.46085424",-80.11320874,26.46085424,,,,,,
5466,DELRAY BEACH,PALM BEACH,,,,PUBLIC SCHOOL,,,,,,,,,"-80.11459461,26.43577917",-80.11459461,26.43577917,,,,,,
5467,DELRAY BEACH,PALM BEACH,,,,PUBLIC SCHOOL,,,,,,,,,"-80.14362094,26.42672577",-80.14362094,26.42672577,,,,,,
5468,DELRAY BEACH,PALM BEACH,,,,PUBLIC SCHOOL,,,,,,,,,"-80.08301401,26.46865376",-80.08301401,26.46865376,,,,,,
5469,BOCA RATON,PALM BEACH,,,,PUBLIC SCHOOL,,,,,,,,,"-80.24756553,26.36187408",-80.24756553,26.36187408,,,,,,
5471,BOCA RATON,PALM BEACH,,,,PUBLIC SCHOOL,,,,,,,,,"-80.11302758,26.35915906",-80.11302758,26.35915906,,,,,,
5472,BOCA RATON,PALM BEACH,,,,PUBLIC SCHOOL,,,,,,,,,"-80.14651401,26.36030047",-80.14651401,26.36030047,,,,,,
5473,BOCA RATON,PALM BEACH,,,,PUBLIC SCHOOL,,,,,,,,,"-80.11984547,26.38410627",-80.11984547,26.38410627,,,,,,
5474,BOCA RATON,PALM BEACH,,,,PUBLIC SCHOOL,,,,,,,,,"-80.11724833,26.36413099",-80.11724833,26.36413099,,,,,,
5475,BOCA RATON,PALM BEACH,,,,PUBLIC SCHOOL,,,,,,,,,"-80.09518668,26.34601613",-80.09518668,26.34601613,,,,,,
5476,BOCA RATON,PALM BEACH,,,,PUBLIC SCHOOL,,,,,,,,,"-80.16709152,26.35516719",-80.16709152,26.35516719,,,,,,
5478,BOCA RATON,PALM BEACH,,,,PUBLIC SCHOOL,,,,,,,,,"-80.20997643,26.34327920",-80.20997643,26.3432792,,,,,,
5479,BOCA RATON,PALM BEACH,,,,PUBLIC SCHOOL,,,,,,,,,"-80.22592297,26.38470951",-80.22592297,26.38470951,,,,,,
5480,BOCA RATON,PALM BEACH,,,,PUBLIC SCHOOL,,,,,,,,,"-80.14771431,26.39932058",-80.14771431,26.39932058,,,,,,
5481,BOCA RATON,PALM BEACH,,,,PUBLIC SCHOOL,,,,,,,,,"-80.22604636,26.38638155",-80.22604636,26.38638155,,,,,,
5482,BOCA RATON,PALM BEACH,,,,PUBLIC SCHOOL,,,,,,,,,"-80.17747888,26.33872032",-80.17747888,26.33872032,,,,,,
5483,BOCA RATON,PALM BEACH,,,,PUBLIC SCHOOL,,,,,,,,,"-80.09608091,26.37377365",-80.09608091,26.37377365,,,,,,
5484,BOCA RATON,PALM BEACH,,,,PUBLIC SCHOOL,,,,,,,,,"-80.22145905,26.36854140",-80.22145905,26.3685414,,,,,,
5485,BOCA RATON,PALM BEACH,,,,PUBLIC SCHOOL,,,,,,,,,"-80.12849387,26.40783267",-80.12849387,26.40783267,,,,,,
5486,BOCA RATON,PALM BEACH,,,,PUBLIC SCHOOL,,,,,,,,,"-80.18890603,26.37729123",-80.18890603,26.37729123,,,,,,
5487,BOCA RATON,PALM BEACH,,,,PUBLIC SCHOOL,,,,,,,,,"-80.22989998,26.34709998",-80.22989998,26.34709998,,,,,,
5488,BOCA RATON,PALM BEACH,,,,PUBLIC SCHOOL,,,,,,,,,"-80.09260954,26.37315590",-80.09260954,26.3731559,,,,,,
5489,BOCA RATON,PALM BEACH,,,,PUBLIC SCHOOL,,,,,,,,,"-80.09083719,26.38063854",-80.09083719,26.38063854,,,,,,
5490,BOCA RATON,PALM BEACH,,,,PUBLIC SCHOOL,,,,,,,,,"-80.14479433,26.39682855",-80.14479433,26.39682855,,,,,,
5491,BOCA RATON,PALM BEACH,,,,PUBLIC SCHOOL,,,,,,,,,"-80.10582679,26.37333945",-80.10582679,26.37333945,,,,,,
5494,BOCA RATON,PALM BEACH,,,,PUBLIC SCHOOL,,,,,,,,,"-80.11263259,26.34699520",-80.11263259,26.3469952,,,,,,
5496,BOCA RATON,PALM BEACH,,,,PUBLIC SCHOOL,,,,,,,,,"-80.24961180,26.35416031",-80.2496118,26.35416031,,,,,,
5498,BOCA RATON,PALM BEACH,,,,PUBLIC SCHOOL,,,,,,,,,"-80.18887909,26.40032655",-80.18887909,26.40032655,,,,,,
5499,BOCA RATON,PALM BEACH,,,,PUBLIC SCHOOL,,,,,,,,,"-80.08894607,26.34823152",-80.08894607,26.34823152,,,,,,
5500,LAKE WORTH,PALM BEACH,,,,PUBLIC SCHOOL,,,,,,,,,"-80.10239698,26.57418501",-80.10239698,26.57418501,,,,,,
5501,LAKE WORTH,PALM BEACH,,,,PUBLIC SCHOOL,,,,,,,,,"-80.09777628,26.63001499",-80.09777628,26.63001499,,,,,,
5502,LAKE WORTH,PALM BEACH,,,,PUBLIC SCHOOL,,,,,,,,,"-80.06279370,26.61767237",-80.0627937,26.61767237,,,,,,
5503,LAKE WORTH,PALM BEACH,,,,PUBLIC SCHOOL,,,,,,,,,"-80.06625498,26.61564565",-80.06625498,26.61564565,,,,,,
5504,LAKE WORTH,PALM BEACH,,,,PUBLIC SCHOOL,,,,,,,,,"-80.05500283,26.57096468",-80.05500283,26.57096468,,,,,,
5505,LAKE WORTH,PALM BEACH,,,,PUBLIC SCHOOL,,,,,,,,,"-80.06013880,26.58881880",-80.0601388,26.5888188,,,,,,
5506,LAKE WORTH,PALM BEACH,,,,PUBLIC SCHOOL,,,,,,,,,"-80.21678318,26.62010645",-80.21678318,26.62010645,,,,,,
5507,LAKE WORTH,PALM BEACH,,,,PUBLIC SCHOOL,,,,,,,,,"-80.06362654,26.58077899",-80.06362654,26.58077899,,,,,,
5508,LAKE WORTH,PALM BEACH,,,,PUBLIC SCHOOL,,,,,,,,,"-80.11792979,26.63254378",-80.11792979,26.63254378,,,,,,
5509,LAKE WORTH,PALM BEACH,,,,PUBLIC SCHOOL,,,,,,,,,"-80.12347636,26.60667557",-80.12347636,26.60667557,,,,,,
5511,LAKE WORTH,PALM BEACH,,,,PUBLIC SCHOOL,,,,,,,,,"-80.10754549,26.64186048",-80.10754549,26.64186048,,,,,,
5512,LAKE WORTH,PALM BEACH,,,,PUBLIC SCHOOL,,,,,,,,,"-80.12144529,26.59904298",-80.12144529,26.59904298,,,,,,
5513,LAKE WORTH,PALM BEACH,,,,PUBLIC SCHOOL,,,,,,,,,"-80.06098143,26.55666457",-80.06098143,26.55666457,,,,,,
5514,LAKE WORTH,PALM BEACH,,,,PUBLIC SCHOOL,,,,,,,,,"-80.12808501,26.61631923",-80.12808501,26.61631923,,,,,,
5516,LAKE WORTH,PALM BEACH,,,,PUBLIC SCHOOL,,,,,,,,,"-80.07068062,26.63281107",-80.07068062,26.63281107,,,,,,
5517,LAKE WORTH,PALM BEACH,,,,PUBLIC SCHOOL,,,,,,,,,"-80.05494854,26.60664534",-80.05494854,26.60664534,,,,,,
5519,LAKE WORTH,PALM BEACH,,,,PUBLIC SCHOOL,,,,,,,,,"-80.15775514,26.58547879",-80.15775514,26.58547879,,,,,,
5520,LAKE WORTH,PALM BEACH,,,,PUBLIC SCHOOL,,,,,,,,,"-80.10020104,26.58277557",-80.10020104,26.58277557,,,,,,
5521,LAKE WORTH,PALM BEACH,,,,PUBLIC SCHOOL,,,,,,,,,"-80.14472592,26.55837447",-80.14472592,26.55837447,,,,,,
5522,LAKE WORTH,PALM BEACH,,,,PUBLIC SCHOOL,,,,,,,,,"-80.06648269,26.59507158",-80.06648269,26.59507158,,,,,,
5523,LAKE WORTH,PALM BEACH,,,,PUBLIC SCHOOL,,,,,,,,,"-80.09643186,26.60758894",-80.09643186,26.60758894,,,,,,
5524,LAKE WORTH,PALM BEACH,,,,PUBLIC SCHOOL,,,,,,,,,"-80.05461907,26.62577657",-80.05461907,26.62577657,,,,,,
5526,LAKE WORTH,PALM BEACH,,,,PUBLIC SCHOOL,,,,,,,,,"-80.12256181,26.62784044",-80.12256181,26.62784044,,,,,,
5527,LAKE WORTH,PALM BEACH,,,,PUBLIC SCHOOL,,,,,,,,,"-80.12117909,26.60234474",-80.12117909,26.60234474,,,,,,
5529,LAKE WORTH,PALM BEACH,,,,PUBLIC SCHOOL,,,,,,,,,"-80.05970463,26.58393116",-80.05970463,26.58393116,,,,,,
5530,LAKE WORTH,PALM BEACH,,,,PUBLIC SCHOOL,,,,,,,,,"-80.06724795,26.59651787",-80.06724795,26.59651787,,,,,,
5532,LAKE WORTH,PALM BEACH,,,,PUBLIC SCHOOL,,,,,,,,,"-80.13902699,26.59070681",-80.13902699,26.59070681,,,,,,
5533,LAKE WORTH,PALM BEACH,,,,PUBLIC SCHOOL,,,,,,,,,"-80.06644076,26.62293500",-80.06644076,26.622935,,,,,,
5534,LAKE WORTH,PALM BEACH,,,,PUBLIC SCHOOL,,,,,,,,,"-80.18829117,26.62342780",-80.18829117,26.6234278,,,,,,
5535,LAKE WORTH,PALM BEACH,,,,PUBLIC SCHOOL,,,,,,,,,"-80.10411263,26.57607345",-80.10411263,26.57607345,,,,,,
5536,LAKE WORTH,PALM BEACH,,,,PUBLIC SCHOOL,,,,,,,,,"-80.18815039,26.60064479",-80.18815039,26.60064479,,,,,,
5537,LAKE WORTH,PALM BEACH,,,,PUBLIC SCHOOL,,,,,,,,,"-80.05650698,26.63017478",-80.05650698,26.63017478,,,,,,
5538,LAKE WORTH,PALM BEACH,,,,PUBLIC SCHOOL,,,,,,,,,"-80.15130978,26.57152866",-80.15130978,26.57152866,,,,,,
5539,LAKE WORTH,PALM BEACH,,,,PUBLIC SCHOOL,,,,,,,,,"-80.07015490,26.60141888",-80.0701549,26.60141888,,,,,,
5540,LAKE WORTH,PALM BEACH,,,,PUBLIC SCHOOL,,,,,,,,,"-80.11620388,26.56140841",-80.11620388,26.56140841,,,,,,
5541,PALM BEACH GARDENS,PALM BEACH,,,,PUBLIC SCHOOL,,,,,,,,,"-80.07577300,26.82778140",-80.075773,26.8277814,,,,,,
5542,PALM BEACH GARDENS,PALM BEACH,,,,PUBLIC SCHOOL,,,,,,,,,"-80.11793720,26.84826342",-80.1179372,26.84826342,,,,,,
5543,PALM BEACH GARDENS,PALM BEACH,,,,PUBLIC SCHOOL,,,,,,,,,"-80.13078510,26.86383757",-80.1307851,26.86383757,,,,,,
5544,PALM BEACH GARDENS,PALM BEACH,,,,PUBLIC SCHOOL,,,,,,,,,"-80.10139183,26.82541825",-80.10139183,26.82541825,,,,,,
5545,PALM BEACH GARDENS,PALM BEACH,,,,PUBLIC SCHOOL,,,,,,,,,"-80.10573412,26.79917460",-80.10573412,26.7991746,,,,,,
5546,PALM BEACH GARDENS,PALM BEACH,,,,PUBLIC SCHOOL,,,,,,,,,"-80.10534416,26.87704824",-80.10534416,26.87704824,,,,,,
5547,PALM BEACH GARDENS,PALM BEACH,,,,PUBLIC SCHOOL,,,,,,,,,"-80.11570966,26.84761907",-80.11570966,26.84761907,,,,,,
5548,PALM BEACH GARDENS,PALM BEACH,,,,PUBLIC SCHOOL,,,,,,,,,"-80.09287620,26.82832018",-80.0928762,26.82832018,,,,,,
5549,PALM BEACH GARDENS,PALM BEACH,,,,PUBLIC SCHOOL,,,,,,,,,"-80.07907487,26.85375899",-80.07907487,26.85375899,,,,,,
5551,PALM BEACH GARDENS,PALM BEACH,,,,PUBLIC SCHOOL,,,,,,,,,"-80.08976996,26.82404077",-80.08976996,26.82404077,,,,,,
5552,PALM BEACH GARDENS,PALM BEACH,,,,PUBLIC SCHOOL,,,,,,,,,"-80.09577982,26.83726872",-80.09577982,26.83726872,,,,,,
5553,RIVIERA BEACH,PALM BEACH,,,,PUBLIC SCHOOL,,,,,,,,,"-80.05931957,26.77250301",-80.05931957,26.77250301,,,,,,
5554,RIVIERA BEACH,PALM BEACH,,,,PUBLIC SCHOOL,,,,,,,,,"-80.09430140,26.78045075",-80.0943014,26.78045075,,,,,,
5555,WEST PALM BEACH,PALM BEACH,,,,PUBLIC SCHOOL,,,,,,,,,"-80.07322771,26.77275311",-80.07322771,26.77275311,,,,,,
5556,WEST PALM BEACH,PALM BEACH,,,,PUBLIC SCHOOL,,,,,,,,,"-80.13027086,26.64586342",-80.13027086,26.64586342,,,,,,
5557,WEST PALM BEACH,PALM BEACH,,,,PUBLIC SCHOOL,,,,,,,,,"-80.24479284,26.70713968",-80.24479284,26.70713968,,,,,,
5558,WEST PALM BEACH,PALM BEACH,,,,PUBLIC SCHOOL,,,,,,,,,"-80.14213927,26.66431745",-80.14213927,26.66431745,,,,,,
5559,WEST PALM BEACH,PALM BEACH,,,,PUBLIC SCHOOL,,,,,,,,,"-80.19914468,26.63281659",-80.19914468,26.63281659,,,,,,
5560,WEST PALM BEACH,PALM BEACH,,,,PUBLIC SCHOOL,,,,,,,,,"-80.09370184,26.64927416",-80.09370184,26.64927416,,,,,,
5561,WEST PALM BEACH,PALM BEACH,,,,PUBLIC SCHOOL,,,,,,,,,"-80.06495509,26.65461586",-80.06495509,26.65461586,,,,,,
5562,WEST PALM BEACH,PALM BEACH,,,,PUBLIC SCHOOL,,,,,,,,,"-80.07185915,26.66799923",-80.07185915,26.66799923,,,,,,
5563,WEST PALM BEACH,PALM BEACH,,,,PUBLIC SCHOOL,,,,,,,,,"-80.06565548,26.78725147",-80.06565548,26.78725147,,,,,,
5564,WEST PALM BEACH,PALM BEACH,,,,PUBLIC SCHOOL,,,,,,,,,"-80.20091992,26.63484009",-80.20091992,26.63484009,,,,,,
5565,WEST PALM BEACH,PALM BEACH,,,,PUBLIC SCHOOL,,,,,,,,,"-80.17118253,26.70563231",-80.17118253,26.70563231,,,,,,
5566,WEST PALM BEACH,PALM BEACH,,,,PUBLIC SCHOOL,,,,,,,,,"-80.11166515,26.70919073",-80.11166515,26.70919073,,,,,,
5567,WEST PALM BEACH,PALM BEACH,,,,PUBLIC SCHOOL,,,,,,,,,"-80.23514373,26.62326354",-80.23514373,26.62326354,,,,,,
5568,WEST PALM BEACH,PALM BEACH,,,,PUBLIC SCHOOL,,,,,,,,,"-80.26517036,26.65013254",-80.26517036,26.65013254,,,,,,
5569,WEST PALM BEACH,PALM BEACH,,,,PUBLIC SCHOOL,,,,,,,,,"-80.11430786,26.65948026",-80.11430786,26.65948026,,,,,,
5570,WEST PALM BEACH,PALM BEACH,,,,PUBLIC SCHOOL,,,,,,,,,"-80.12530138,26.69671001",-80.12530138,26.69671001,,,,,,
5571,WEST PALM BEACH,PALM BEACH,,,,PUBLIC SCHOOL,,,,,,,,,"-80.07839204,26.66282593",-80.07839204,26.66282593,,,,,,
5572,WEST PALM BEACH,PALM BEACH,,,,PUBLIC SCHOOL,,,,,,,,,"-80.06197011,26.68662962",-80.06197011,26.68662962,,,,,,
5573,WEST PALM BEACH,PALM BEACH,,,,PUBLIC SCHOOL,,,,,,,,,"-80.22968882,26.72934607",-80.22968882,26.72934607,,,,,,
5574,WEST PALM BEACH,PALM BEACH,,,,PUBLIC SCHOOL,,,,,,,,,"-80.21045809,26.70832044",-80.21045809,26.70832044,,,,,,
5575,WEST PALM BEACH,PALM BEACH,,,,PUBLIC SCHOOL,,,,,,,,,"-80.10570001,26.75490000",-80.10570001,26.7549,,,,,,
5576,WEST PALM BEACH,PALM BEACH,,,,PUBLIC SCHOOL,,,,,,,,,"-80.05964670,26.70864818",-80.0596467,26.70864818,,,,,,
5577,WEST PALM BEACH,PALM BEACH,,,,PUBLIC SCHOOL,,,,,,,,,"-80.06962687,26.76757834",-80.06962687,26.76757834,,,,,,
5578,WEST PALM BEACH,PALM BEACH,,,,PUBLIC SCHOOL,,,,,,,,,"-80.08576692,26.69658048",-80.08576692,26.69658048,,,,,,
5579,WEST PALM BEACH,PALM BEACH,,,,PUBLIC SCHOOL,,,,,,,,,"-80.06349879,26.75038431",-80.06349879,26.75038431,,,,,,
5580,WEST PALM BEACH,PALM BEACH,,,,PUBLIC SCHOOL,,,,,,,,,"-80.10805616,26.70175900",-80.10805616,26.701759,,,,,,
5581,WEST PALM BEACH,PALM BEACH,,,,PUBLIC SCHOOL,,,,,,,,,"-80.07701685,26.69644012",-80.07701685,26.69644012,,,,,,
5582,WEST PALM BEACH,PALM BEACH,,,,PUBLIC SCHOOL,,,,,,,,,"-80.09112209,26.71847564",-80.09112209,26.71847564,,,,,,
5583,WEST PALM BEACH,PALM BEACH,,,,PUBLIC SCHOOL,,,,,,,,,"-80.09141397,26.76428849",-80.09141397,26.76428849,,,,,,
5584,WEST PALM BEACH,PALM BEACH,,,,PUBLIC SCHOOL,,,,,,,,,"-80.06534052,26.73039853",-80.06534052,26.73039853,,,,,,
5585,WEST PALM BEACH,PALM BEACH,,,,PUBLIC SCHOOL,,,,,,,,,"-80.06741992,26.75911277",-80.06741992,26.75911277,,,,,,
5586,WEST PALM BEACH,PALM BEACH,,,,PUBLIC SCHOOL,,,,,,,,,"-80.10306407,26.65349812",-80.10306407,26.65349812,,,,,,
5588,WEST PALM BEACH,PALM BEACH,,,,PUBLIC SCHOOL,,,,,,,,,"-80.07296019,26.72316264",-80.07296019,26.72316264,,,,,,
5589,WEST PALM BEACH,PALM BEACH,,,,PUBLIC SCHOOL,,,,,,,,,"-80.06151087,26.67748650",-80.06151087,26.6774865,,,,,,
5590,WEST PALM BEACH,PALM BEACH,,,,PUBLIC SCHOOL,,,,,,,,,"-80.23631166,26.69366436",-80.23631166,26.69366436,,,,,,
5591,WEST PALM BEACH,PALM BEACH,,,,PUBLIC SCHOOL,,,,,,,,,"-80.08391964,26.78715335",-80.08391964,26.78715335,,,,,,
5592,WEST PALM BEACH,PALM BEACH,,,,PUBLIC SCHOOL,,,,,,,,,"-80.11600939,26.73767503",-80.11600939,26.73767503,,,,,,
5593,WEST PALM BEACH,PALM BEACH,,,,PUBLIC SCHOOL,,,,,,,,,"-80.17927368,26.65252025",-80.17927368,26.65252025,,,,,,
5594,WEST PALM BEACH,PALM BEACH,,,,PUBLIC SCHOOL,,,,,,,,,"-80.05371461,26.65233751",-80.05371461,26.65233751,,,,,,
5595,WEST PALM BEACH,PALM BEACH,,,,PUBLIC SCHOOL,,,,,,,,,"-80.08598309,26.70261745",-80.08598309,26.70261745,,,,,,
5596,WEST PALM BEACH,PALM BEACH,,,,PUBLIC SCHOOL,,,,,,,,,"-80.10802477,26.73385153",-80.10802477,26.73385153,,,,,,
5597,WEST PALM BEACH,PALM BEACH,,,,PUBLIC SCHOOL,,,,,,,,,"-80.26548020,26.81114846",-80.2654802,26.81114846,,,,,,
5598,WEST PALM BEACH,PALM BEACH,,,,PUBLIC SCHOOL,,,,,,,,,"-80.09104776,26.76355474",-80.09104776,26.76355474,,,,,,
5599,WEST PALM BEACH,PALM BEACH,,,,PUBLIC SCHOOL,,,,,,,,,"-80.13295430,26.67497032",-80.1329543,26.67497032,,,,,,
5600,WEST PALM BEACH,PALM BEACH,,,,PUBLIC SCHOOL,,,,,,,,,"-80.11920182,26.74874571",-80.11920182,26.74874571,,,,,,
5602,WEST PALM BEACH,PALM BEACH,,,,PUBLIC SCHOOL,,,,,,,,,"-80.08634578,26.81319544",-80.08634578,26.81319544,,,,,,
5603,WEST PALM BEACH,PALM BEACH,,,,PUBLIC SCHOOL,,,,,,,,,"-80.22557383,26.65541601",-80.22557383,26.65541601,,,,,,
5604,WEST PALM BEACH,PALM BEACH,,,,PUBLIC SCHOOL,,,,,,,,,"-80.19776479,26.68742656",-80.19776479,26.68742656,,,,,,
5605,WEST PALM BEACH,PALM BEACH,,,,PUBLIC SCHOOL,,,,,,,,,"-80.26549912,26.64106681",-80.26549912,26.64106681,,,,,,
5606,WEST PALM BEACH,PALM BEACH,,,,PUBLIC SCHOOL,,,,,,,,,"-80.08192564,26.77870996",-80.08192564,26.77870996,,,,,,
5607,WEST PALM BEACH,PALM BEACH,,,,PUBLIC SCHOOL,,,,,,,,,"-80.08413512,26.74960861",-80.08413512,26.74960861,,,,,,
5608,WEST PALM BEACH,PALM BEACH,,,,PUBLIC SCHOOL,,,,,,,,,"-80.09203270,26.76362420",-80.0920327,26.7636242,,,,,,
5609,WEST PALM BEACH,PALM BEACH,,,,PUBLIC SCHOOL,,,,,,,,,"-80.28611479,26.66627208",-80.28611479,26.66627208,,,,,,
5610,WEST PALM BEACH,PALM BEACH,,,,PUBLIC SCHOOL,,,,,,,,,"-80.08340090,26.78007600",-80.0834009,26.780076,,,,,,
5611,WEST PALM BEACH,PALM BEACH,,,,PUBLIC SCHOOL,,,,,,,,,"-80.06944507,26.74986227",-80.06944507,26.74986227,,,,,,
5613,WEST PALM BEACH,PALM BEACH,,,,PUBLIC SCHOOL,,,,,,,,,"-80.05962360,26.72363484",-80.0596236,26.72363484,,,,,,
5614,WEST PALM BEACH,PALM BEACH,,,,PUBLIC SCHOOL,,,,,,,,,"-80.06256510,26.66186694",-80.0625651,26.66186694,,,,,,
5615,WEST PALM BEACH,PALM BEACH,,,,PUBLIC SCHOOL,,,,,,,,,"-80.16883573,26.70769431",-80.16883573,26.70769431,,,,,,
5616,WEST PALM BEACH,PALM BEACH,,,,PUBLIC SCHOOL,,,,,,,,,"-80.25855257,26.67406451",-80.25855257,26.67406451,,,,,,
5617,WEST PALM BEACH,PALM BEACH,,,,PUBLIC SCHOOL,,,,,,,,,"-80.06503474,26.72709234",-80.06503474,26.72709234,,,,,,
5618,WEST PALM BEACH,PALM BEACH,,,,PUBLIC SCHOOL,,,,,,,,,"-80.08401663,26.77603362",-80.08401663,26.77603362,,,,,,
5619,WEST PALM BEACH,PALM BEACH,,,,PUBLIC SCHOOL,,,,,,,,,"-80.07171003,26.77296356",-80.07171003,26.77296356,,,,,,
5620,WEST PALM BEACH,PALM BEACH,,,,PUBLIC SCHOOL,,,,,,,,,"-80.15226334,26.66136511",-80.15226334,26.66136511,,,,,,
5622,WEST PALM BEACH,PALM BEACH,,,,PUBLIC SCHOOL,,,,,,,,,"-80.16730000,26.70758773",-80.1673,26.70758773,,,,,,
5623,WEST PALM BEACH,PALM BEACH,,,,PUBLIC SCHOOL,,,,,,,,,"-80.05415577,26.73357780",-80.05415577,26.7335778,,,,,,
5624,WEST PALM BEACH,PALM BEACH,,,,PUBLIC SCHOOL,,,,,,,,,"-80.22745091,26.68270149",-80.22745091,26.68270149,,,,,,
5625,WEST PALM BEACH,PALM BEACH,,,,PUBLIC SCHOOL,,,,,,,,,"-80.23618001,26.69857493",-80.23618001,26.69857493,,,,,,
5626,WEST PALM BEACH,PALM BEACH,,,,PUBLIC SCHOOL,,,,,,,,,"-80.13756605,26.72991710",-80.13756605,26.7299171,,,,,,
5627,WEST PALM BEACH,PALM BEACH,,,,PUBLIC SCHOOL,,,,,,,,,"-80.05290123,26.74879707",-80.05290123,26.74879707,,,,,,
5628,WEST PALM BEACH,PALM BEACH,,,,PUBLIC SCHOOL,,,,,,,,,"-80.13753568,26.69540597",-80.13753568,26.69540597,,,,,,
5629,WEST PALM BEACH,PALM BEACH,,,,PUBLIC SCHOOL,,,,,,,,,"-80.10302087,26.66157491",-80.10302087,26.66157491,,,,,,
5630,WEST PALM BEACH,PALM BEACH,,,,PUBLIC SCHOOL,,,,,,,,,"-80.09142939,26.70054078",-80.09142939,26.70054078,,,,,,
5631,WEST PALM BEACH,PALM BEACH,,,,PUBLIC SCHOOL,,,,,,,,,"-80.05811274,26.64823277",-80.05811274,26.64823277,,,,,,
5632,WEST PALM BEACH,PALM BEACH,,,,PUBLIC SCHOOL,,,,,,,,,"-80.08766433,26.64673397",-80.08766433,26.64673397,,,,,,
5633,WEST PALM BEACH,PALM BEACH,,,,PUBLIC SCHOOL,,,,,,,,,"-80.28545512,26.68096121",-80.28545512,26.68096121,,,,,,
5635,WEST PALM BEACH,PALM BEACH,,,,PUBLIC SCHOOL,,,,,,,,,"-80.17914258,26.67079315",-80.17914258,26.67079315,,,,,,
5636,WEST PALM BEACH,PALM BEACH,,,,PUBLIC SCHOOL,,,,,,,,,"-80.15156883,26.63351736",-80.15156883,26.63351736,,,,,,
5638,WEST PALM BEACH,PALM BEACH,,,,PUBLIC SCHOOL,,,,,,,,,"-80.06752845,26.75136287",-80.06752845,26.75136287,,,,,,
5640,WEST PALM BEACH,PALM BEACH,,,,PUBLIC SCHOOL,,,,,,,,,"-80.15601504,26.64842375",-80.15601504,26.64842375,,,,,,
5642,WEST PALM BEACH,PALM BEACH,,,,PUBLIC SCHOOL,,,,,,,,,"-80.05933225,26.79611478",-80.05933225,26.79611478,,,,,,
5643,WEST PALM BEACH,PALM BEACH,,,,PUBLIC SCHOOL,,,,,,,,,"-80.13875855,26.73310352",-80.13875855,26.73310352,,,,,,
5646,LOXAHATCHEE,PALM BEACH,,,,PUBLIC SCHOOL,,,,,,,,,"-80.30064709,26.70482163",-80.30064709,26.70482163,,,,,,
5647,LOXAHATCHEE,PALM BEACH,,,,PUBLIC SCHOOL,,,,,,,,,"-80.26609693,26.76387334",-80.26609693,26.76387334,,,,,,
5648,LOXAHATCHEE,PALM BEACH,,,,PUBLIC SCHOOL,,,,,,,,,"-80.32898581,26.77624763",-80.32898581,26.77624763,,,,,,
5649,LOXAHATCHEE,PALM BEACH,,,,PUBLIC SCHOOL,,,,,,,,,"-80.31060658,26.74658270",-80.31060658,26.7465827,,,,,,
5650,LOXAHATCHEE,PALM BEACH,,,,PUBLIC SCHOOL,,,,,,,,,"-80.32860611,26.77406113",-80.32860611,26.77406113,,,,,,
5652,LOXAHATCHEE,PALM BEACH,,,,PUBLIC SCHOOL,,,,,,,,,"-80.26656143,26.76198943",-80.26656143,26.76198943,,,,,,
5653,LOXAHATCHEE,PALM BEACH,,,,PUBLIC SCHOOL,,,,,,,,,"-80.26571824,26.77884444",-80.26571824,26.77884444,,,,,,
5654,LOXAHATCHEE,PALM BEACH,,,,PUBLIC SCHOOL,,,,,,,,,"-80.24843319,26.68406303",-80.24843319,26.68406303,,,,,,
5655,JUPITER,PALM BEACH,,,,PUBLIC SCHOOL,,,,,,,,,"-80.10706821,26.90355724",-80.10706821,26.90355724,,,,,,
5656,JUPITER,PALM BEACH,,,,PUBLIC SCHOOL,,,,,,,,,"-80.10042658,26.93218764",-80.10042658,26.93218764,,,,,,
5657,JUPITER,PALM BEACH,,,,PUBLIC SCHOOL,,,,,,,,,"-80.21792910,26.93397103",-80.2179291,26.93397103,,,,,,
5658,JUPITER,PALM BEACH,,,,PUBLIC SCHOOL,,,,,,,,,"-80.12215576,26.89792766",-80.12215576,26.89792766,,,,,,
5659,JUPITER,PALM BEACH,,,,PUBLIC SCHOOL,,,,,,,,,"-80.12490222,26.92823418",-80.12490222,26.92823418,,,,,,
5660,JUPITER,PALM BEACH,,,,PUBLIC SCHOOL,,,,,,,,,"-80.10548805,26.92779993",-80.10548805,26.92779993,,,,,,
5661,JUPITER,PALM BEACH,,,,PUBLIC SCHOOL,,,,,,,,,"-80.09767192,26.88720963",-80.09767192,26.88720963,,,,,,
5662,JUPITER,PALM BEACH,,,,PUBLIC SCHOOL,,,,,,,,,"-80.13675254,26.94341977",-80.13675254,26.94341977,,,,,,
5664,JUPITER,PALM BEACH,,,,PUBLIC SCHOOL,,,,,,,,,"-80.10443548,26.90391811",-80.10443548,26.90391811,,,,,,
5665,SOUTH BAY,PALM BEACH,,,,PUBLIC SCHOOL,,,,,,,,,"-80.72559354,26.66336783",-80.72559354,26.66336783,,,,,,
5666,PAHOKEE,PALM BEACH,,,,PUBLIC SCHOOL,,,,,,,,,"-80.66243933,26.82457384",-80.66243933,26.82457384,,,,,,
5667,PAHOKEE,PALM BEACH,,,,PUBLIC SCHOOL,,,,,,,,,"-80.65880161,26.82618110",-80.65880161,26.8261811,,,,,,
5668,PAHOKEE,PALM BEACH,,,,PUBLIC SCHOOL,,,,,,,,,"-80.65457712,26.82591855",-80.65457712,26.82591855,,,,,,
5669,CANAL POINT,PALM BEACH,,,,PUBLIC SCHOOL,,,,,,,,,"-80.63037341,26.86045609",-80.63037341,26.86045609,,,,,,
5670,CANAL POINT,PALM BEACH,,,,PUBLIC SCHOOL,,,,,,,,,"-80.62722506,26.86853637",-80.62722506,26.86853637,,,,,,
5671,PALM BEACH,PALM BEACH,,,,PUBLIC SCHOOL,,,,,,,,,"-80.04028000,26.70691896",-80.04028,26.70691896,,,,,,
5672,RIVIERA,PALM BEACH,,,,PUBLIC SCHOOL,,,,,,,,,"-80.09290841,26.78060290",-80.09290841,26.7806029,,,,,,
5673,NORTH PALM BEACH,PALM BEACH,,,,PUBLIC SCHOOL,,,,,,,,,"-80.05918605,26.81111453",-80.05918605,26.81111453,,,,,,
5674,PALM SPRINGS,PALM BEACH,,,,PUBLIC SCHOOL,,,,,,,,,"-80.08973736,26.62447373",-80.08973736,26.62447373,,,,,,
5675,LAKE PARK,PALM BEACH,,,,PUBLIC SCHOOL,,,,,,,,,"-80.09706190,26.81103779",-80.0970619,26.81103779,,,,,,
5676,LAND O LAKES,PASCO,,,,PUBLIC SCHOOL,,,,,,,,,"-82.42920746,28.23373230",-82.42920746,28.2337323,,,,,,
5677,LAND O LAKES,PASCO,,,,PUBLIC SCHOOL,,,,,,,,,"-82.50471253,28.20095462",-82.50471253,28.20095462,,,,,,
5678,LAND O LAKES,PASCO,,,,PUBLIC SCHOOL,,,,,,,,,"-82.48116419,28.26154057",-82.48116419,28.26154057,,,,,,
5679,LAND O LAKES,PASCO,,,,PUBLIC SCHOOL,,,,,,,,,"-82.45523234,28.29255720",-82.45523234,28.2925572,,,,,,
5680,LAND O LAKES,PASCO,,,,PUBLIC SCHOOL,,,,,,,,,"-82.50829981,28.20121319",-82.50829981,28.20121319,,,,,,
5681,LAND O LAKES,PASCO,,,,PUBLIC SCHOOL,,,,,,,,,"-82.48783611,28.21310778",-82.48783611,28.21310778,,,,,,
5682,LAND O LAKES,PASCO,,,,PUBLIC SCHOOL,,,,,,,,,"-82.47737104,28.20065888",-82.47737104,28.20065888,,,,,,
5684,LAND O LAKES,PASCO,,,,PUBLIC SCHOOL,,,,,,,,,"-82.48384794,28.30750050",-82.48384794,28.3075005,,,,,,
5685,LAND O LAKES,PASCO,,,,PUBLIC SCHOOL,,,,,,,,,"-82.42762921,28.23492050",-82.42762921,28.2349205,,,,,,
5686,LAND O LAKES,PASCO,,,,PUBLIC SCHOOL,,,,,,,,,"-82.50612470,28.20457284",-82.5061247,28.20457284,,,,,,
5688,LAND O LAKES,PASCO,,,,PUBLIC SCHOOL,,,,,,,,,"-82.47753808,28.26043779",-82.47753808,28.26043779,,,,,,
5689,LAND O LAKES,PASCO,,,,PUBLIC SCHOOL,,,,,,,,,"-82.45768619,28.24239400",-82.45768619,28.242394,,,,,,
5690,LAND O LAKES,PASCO,,,,PUBLIC SCHOOL,,,,,,,,,"-82.43785441,28.19698397",-82.43785441,28.19698397,,,,,,
5691,ZEPHYRHILLS,PASCO,,,,PUBLIC SCHOOL,,,,,,,,,"-82.18236031,28.24974868",-82.18236031,28.24974868,,,,,,
5692,ZEPHYRHILLS,PASCO,,,,PUBLIC SCHOOL,,,,,,,,,"-82.18054468,28.24079399",-82.18054468,28.24079399,,,,,,
5693,ZEPHYRHILLS,PASCO,,,,PUBLIC SCHOOL,,,,,,,,,"-82.18502136,28.24934450",-82.18502136,28.2493445,,,,,,
5694,ZEPHYRHILLS,PASCO,,,,PUBLIC SCHOOL,,,,,,,,,"-82.16089962,28.21139584",-82.16089962,28.21139584,,,,,,
5696,ZEPHYRHILLS,PASCO,,,,PUBLIC SCHOOL,,,,,,,,,"-82.18994244,28.24021175",-82.18994244,28.24021175,,,,,,
5697,ZEPHYRHILLS,PASCO,,,,PUBLIC SCHOOL,,,,,,,,,"-82.24431828,28.21159196",-82.24431828,28.21159196,,,,,,
5698,NEW PORT RICHEY,PASCO,,,,PUBLIC SCHOOL,,,,,,,,,"-82.63816863,28.19138507",-82.63816863,28.19138507,,,,,,
5699,NEW PORT RICHEY,PASCO,,,,PUBLIC SCHOOL,,,,,,,,,"-82.68950905,28.24229692",-82.68950905,28.24229692,,,,,,
5700,NEW PORT RICHEY,PASCO,,,,PUBLIC SCHOOL,,,,,,,,,"-82.68762630,28.27150181",-82.6876263,28.27150181,,,,,,
5701,NEW PORT RICHEY,PASCO,,,,PUBLIC SCHOOL,,,,,,,,,"-82.70848957,28.24347762",-82.70848957,28.24347762,,,,,,
5703,NEW PORT RICHEY,PASCO,,,,PUBLIC SCHOOL,,,,,,,,,"-82.67131275,28.23352315",-82.67131275,28.23352315,,,,,,
5704,NEW PORT RICHEY,PASCO,,,,PUBLIC SCHOOL,,,,,,,,,"-82.62090888,28.26759564",-82.62090888,28.26759564,,,,,,
5705,NEW PORT RICHEY,PASCO,,,,PUBLIC SCHOOL,,,,,,,,,"-82.69183505,28.27125930",-82.69183505,28.2712593,,,,,,
5706,NEW PORT RICHEY,PASCO,,,,PUBLIC SCHOOL,,,,,,,,,"-82.67909131,28.18555130",-82.67909131,28.1855513,,,,,,
5707,NEW PORT RICHEY,PASCO,,,,PUBLIC SCHOOL,,,,,,,,,"-82.67150001,28.19559998",-82.67150001,28.19559998,,,,,,
5708,NEW PORT RICHEY,PASCO,,,,PUBLIC SCHOOL,,,,,,,,,"-82.62371593,28.26740949",-82.62371593,28.26740949,,,,,,
5709,NEW PORT RICHEY,PASCO,,,,PUBLIC SCHOOL,,,,,,,,,"-82.72651635,28.22170948",-82.72651635,28.22170948,,,,,,
5710,NEW PORT RICHEY,PASCO,,,,PUBLIC SCHOOL,,,,,,,,,"-82.69314059,28.20449246",-82.69314059,28.20449246,,,,,,
5711,NEW PORT RICHEY,PASCO,,,,PUBLIC SCHOOL,,,,,,,,,"-82.71375344,28.21173509",-82.71375344,28.21173509,,,,,,
5712,NEW PORT RICHEY,PASCO,,,,PUBLIC SCHOOL,,,,,,,,,"-82.71919755,28.23930111",-82.71919755,28.23930111,,,,,,
5713,NEW PORT RICHEY,PASCO,,,,PUBLIC SCHOOL,,,,,,,,,"-82.61187250,28.33287890",-82.6118725,28.3328789,,,,,,
5714,NEW PORT RICHEY,PASCO,,,,PUBLIC SCHOOL,,,,,,,,,"-82.72060667,28.23069006",-82.72060667,28.23069006,,,,,,
5715,NEW PORT RICHEY,PASCO,,,,PUBLIC SCHOOL,,,,,,,,,"-82.71711588,28.23449548",-82.71711588,28.23449548,,,,,,
5716,NEW PORT RICHEY,PASCO,,,,PUBLIC SCHOOL,,,,,,,,,"-82.64639336,28.20718847",-82.64639336,28.20718847,,,,,,
5718,NEW PORT RICHEY,PASCO,,,,PUBLIC SCHOOL,,,,,,,,,"-82.71582066,28.25642312",-82.71582066,28.25642312,,,,,,
5720,NEW PORT RICHEY,PASCO,,,,PUBLIC SCHOOL,,,,,,,,,"-82.68983689,28.27230773",-82.68983689,28.27230773,,,,,,
5722,NEW PORT RICHEY,PASCO,,,,PUBLIC SCHOOL,,,,,,,,,"-82.64808039,28.27065770",-82.64808039,28.2706577,,,,,,
5723,NEW PORT RICHEY,PASCO,,,,PUBLIC SCHOOL,,,,,,,,,"-82.71653058,28.25670831",-82.71653058,28.25670831,,,,,,
5724,NEW PORT RICHEY,PASCO,,,,PUBLIC SCHOOL,,,,,,,,,"-82.66813274,28.19286106",-82.66813274,28.19286106,,,,,,
5726,NEW PORT RICHEY,PASCO,,,,PUBLIC SCHOOL,,,,,,,,,"-82.67741505,28.27433280",-82.67741505,28.2743328,,,,,,
5727,NEW PORT RICHEY,PASCO,,,,PUBLIC SCHOOL,,,,,,,,,"-82.68143422,28.20728589",-82.68143422,28.20728589,,,,,,
5729,HUDSON,PASCO,,,,PUBLIC SCHOOL,,,,,,,,,"-82.65953381,28.33422184",-82.65953381,28.33422184,,,,,,
5730,HUDSON,PASCO,,,,PUBLIC SCHOOL,,,,,,,,,"-82.64317533,28.36874076",-82.64317533,28.36874076,,,,,,
5732,HUDSON,PASCO,,,,PUBLIC SCHOOL,,,,,,,,,"-82.69865096,28.33422853",-82.69865096,28.33422853,,,,,,
5733,HUDSON,PASCO,,,,PUBLIC SCHOOL,,,,,,,,,"-82.64386665,28.36731076",-82.64386665,28.36731076,,,,,,
5734,HUDSON,PASCO,,,,PUBLIC SCHOOL,,,,,,,,,"-82.64184969,28.36529325",-82.64184969,28.36529325,,,,,,
5735,HUDSON,PASCO,,,,PUBLIC SCHOOL,,,,,,,,,"-82.69449124,28.36582915",-82.69449124,28.36582915,,,,,,
5737,DADE CITY,PASCO,,,,PUBLIC SCHOOL,,,,,,,,,"-82.19774575,28.35908290",-82.19774575,28.3590829,,,,,,
5738,DADE CITY,PASCO,,,,PUBLIC SCHOOL,,,,,,,,,"-82.17943168,28.30396933",-82.17943168,28.30396933,,,,,,
5739,DADE CITY,PASCO,,,,PUBLIC SCHOOL,,,,,,,,,"-82.18245962,28.36978011",-82.18245962,28.36978011,,,,,,
5742,DADE CITY,PASCO,,,,PUBLIC SCHOOL,,,,,,,,,"-82.19374683,28.36929642",-82.19374683,28.36929642,,,,,,
5743,DADE CITY,PASCO,,,,PUBLIC SCHOOL,,,,,,,,,"-82.20469190,28.35125946",-82.2046919,28.35125946,,,,,,
5745,DADE CITY,PASCO,,,,PUBLIC SCHOOL,,,,,,,,,"-82.22299223,28.34247957",-82.22299223,28.34247957,,,,,,
5746,DADE CITY,PASCO,,,,PUBLIC SCHOOL,,,,,,,,,"-82.18028475,28.30556144",-82.18028475,28.30556144,,,,,,
5747,DADE CITY,PASCO,,,,PUBLIC SCHOOL,,,,,,,,,"-82.19638282,28.36077241",-82.19638282,28.36077241,,,,,,
5748,DADE CITY,PASCO,,,,PUBLIC SCHOOL,,,,,,,,,"-82.17344885,28.45829156",-82.17344885,28.45829156,,,,,,
5749,DADE CITY,PASCO,,,,PUBLIC SCHOOL,,,,,,,,,"-82.25100012,28.29603676",-82.25100012,28.29603676,,,,,,
5750,HOLIDAY,PASCO,,,,PUBLIC SCHOOL,,,,,,,,,"-82.73604151,28.19915606",-82.73604151,28.19915606,,,,,,
5751,HOLIDAY,PASCO,,,,PUBLIC SCHOOL,,,,,,,,,"-82.77632474,28.18186828",-82.77632474,28.18186828,,,,,,
5752,HOLIDAY,PASCO,,,,PUBLIC SCHOOL,,,,,,,,,"-82.75833778,28.20011370",-82.75833778,28.2001137,,,,,,
5754,HOLIDAY,PASCO,,,,PUBLIC SCHOOL,,,,,,,,,"-82.77261034,28.17910134",-82.77261034,28.17910134,,,,,,
5755,HOLIDAY,PASCO,,,,PUBLIC SCHOOL,,,,,,,,,"-82.77495117,28.17383963",-82.77495117,28.17383963,,,,,,
5756,PORT RICHEY,PASCO,,,,PUBLIC SCHOOL,,,,,,,,,"-82.66740393,28.31814859",-82.66740393,28.31814859,,,,,,
5757,PORT RICHEY,PASCO,,,,PUBLIC SCHOOL,,,,,,,,,"-82.68530136,28.27938898",-82.68530136,28.27938898,,,,,,
5758,PORT RICHEY,PASCO,,,,PUBLIC SCHOOL,,,,,,,,,"-82.66725801,28.31537320",-82.66725801,28.3153732,,,,,,
5759,PORT RICHEY,PASCO,,,,PUBLIC SCHOOL,,,,,,,,,"-82.67414314,28.30377376",-82.67414314,28.30377376,,,,,,
5760,PORT RICHEY,PASCO,,,,PUBLIC SCHOOL,,,,,,,,,"-82.66883637,28.31955948",-82.66883637,28.31955948,,,,,,
5762,PORT RICHEY,PASCO,,,,PUBLIC SCHOOL,,,,,,,,,"-82.68081685,28.32606214",-82.68081685,28.32606214,,,,,,
5763,WESLEY CHAPEL,PASCO,,,,PUBLIC SCHOOL,,,,,,,,,"-82.33534980,28.17819090",-82.3353498,28.1781909,,,,,,
5764,WESLEY CHAPEL,PASCO,,,,PUBLIC SCHOOL,,,,,,,,,"-82.27435481,28.26467774",-82.27435481,28.26467774,,,,,,
5765,WESLEY CHAPEL,PASCO,,,,PUBLIC SCHOOL,,,,,,,,,"-82.29425189,28.20994342",-82.29425189,28.20994342,,,,,,
5766,WESLEY CHAPEL,PASCO,,,,PUBLIC SCHOOL,,,,,,,,,"-82.32673988,28.18953818",-82.32673988,28.18953818,,,,,,
5767,WESLEY CHAPEL,PASCO,,,,PUBLIC SCHOOL,,,,,,,,,"-82.35912309,28.21073376",-82.35912309,28.21073376,,,,,,
5768,WESLEY CHAPEL,PASCO,,,,PUBLIC SCHOOL,,,,,,,,,"-82.31208407,28.25632074",-82.31208407,28.25632074,,,,,,
5770,WESLEY CHAPEL,PASCO,,,,PUBLIC SCHOOL,,,,,,,,,"-82.27498746,28.22603480",-82.27498746,28.2260348,,,,,,
5772,WESLEY CHAPEL,PASCO,,,,PUBLIC SCHOOL,,,,,,,,,"-82.31682679,28.18697211",-82.31682679,28.18697211,,,,,,
5773,WESLEY CHAPEL,PASCO,,,,PUBLIC SCHOOL,,,,,,,,,"-82.30691357,28.25570609",-82.30691357,28.25570609,,,,,,
5774,WESLEY CHAPEL,PASCO,,,,PUBLIC SCHOOL,,,,,,,,,"-82.31679563,28.25750030",-82.31679563,28.2575003,,,,,,
5775,SAN ANTONIO,PASCO,,,,PUBLIC SCHOOL,,,,,,,,,"-82.28013221,28.35320041",-82.28013221,28.35320041,,,,,,
5776,SAN ANTONIO,PASCO,,,,PUBLIC SCHOOL,,,,,,,,,"-82.34362709,28.32341438",-82.34362709,28.32341438,,,,,,
5777,SPRING HILL,PASCO,,,,PUBLIC SCHOOL,,,,,,,,,"-82.54902883,28.37673593",-82.54902883,28.37673593,,,,,,
5778,SPRING HILL,PASCO,,,,PUBLIC SCHOOL,,,,,,,,,"-82.54500565,28.37343521",-82.54500565,28.37343521,,,,,,
5779,LUTZ,PASCO,,,,PUBLIC SCHOOL,,,,,,,,,"-82.37166834,28.23049476",-82.37166834,28.23049476,,,,,,
5780,LUTZ,PASCO,,,,PUBLIC SCHOOL,,,,,,,,,"-82.41061651,28.17712653",-82.41061651,28.17712653,,,,,,
5781,ODESSA,PASCO,,,,PUBLIC SCHOOL,,,,,,,,,"-82.60204334,28.18556839",-82.60204334,28.18556839,,,,,,
5782,SAINT PETERSBURG,PINELLAS,,,,PUBLIC SCHOOL,,,,,,,,,"-82.66066361,27.71252893",-82.66066361,27.71252893,,,,,,
5783,SAINT PETERSBURG,PINELLAS,,,,PUBLIC SCHOOL,,,,,,,,,"-82.64122884,27.73122725",-82.64122884,27.73122725,,,,,,
5784,SAINT PETERSBURG,PINELLAS,,,,PUBLIC SCHOOL,,,,,,,,,"-82.66398014,27.75348528",-82.66398014,27.75348528,,,,,,
5785,SAINT PETERSBURG,PINELLAS,,,,PUBLIC SCHOOL,,,,,,,,,"-82.71750293,27.76732299",-82.71750293,27.76732299,,,,,,
5786,SAINT PETERSBURG,PINELLAS,,,,PUBLIC SCHOOL,,,,,,,,,"-82.70254056,27.74994478",-82.70254056,27.74994478,,,,,,
5787,SAINT PETERSBURG,PINELLAS,,,,PUBLIC SCHOOL,,,,,,,,,"-82.68669051,27.74969692",-82.68669051,27.74969692,,,,,,
5788,SAINT PETERSBURG,PINELLAS,,,,PUBLIC SCHOOL,,,,,,,,,"-82.72522449,27.79247664",-82.72522449,27.79247664,,,,,,
5789,SAINT PETERSBURG,PINELLAS,,,,PUBLIC SCHOOL,,,,,,,,,"-82.69654295,27.78528785",-82.69654295,27.78528785,,,,,,
5790,SAINT PETERSBURG,PINELLAS,,,,PUBLIC SCHOOL,,,,,,,,,"-82.73975375,27.80742774",-82.73975375,27.80742774,,,,,,
5791,SAINT PETERSBURG,PINELLAS,,,,PUBLIC SCHOOL,,,,,,,,,"-82.65567142,27.82242606",-82.65567142,27.82242606,,,,,,
5792,SAINT PETERSBURG,PINELLAS,,,,PUBLIC SCHOOL,,,,,,,,,"-82.73609902,27.70566416",-82.73609902,27.70566416,,,,,,
5793,SAINT PETERSBURG,PINELLAS,,,,PUBLIC SCHOOL,,,,,,,,,"-82.65629705,27.82715614",-82.65629705,27.82715614,,,,,,
5794,SAINT PETERSBURG,PINELLAS,,,,PUBLIC SCHOOL,,,,,,,,,"-82.67246927,27.81681510",-82.67246927,27.8168151,,,,,,
5795,SAINT PETERSBURG,PINELLAS,,,,PUBLIC SCHOOL,,,,,,,,,"-82.68183893,27.75821576",-82.68183893,27.75821576,,,,,,
5796,SAINT PETERSBURG,PINELLAS,,,,PUBLIC SCHOOL,,,,,,,,,"-82.69061184,27.76501113",-82.69061184,27.76501113,,,,,,
5797,SAINT PETERSBURG,PINELLAS,,,,PUBLIC SCHOOL,,,,,,,,,"-82.61260618,27.82896167",-82.61260618,27.82896167,,,,,,
5798,SAINT PETERSBURG,PINELLAS,,,,PUBLIC SCHOOL,,,,,,,,,"-82.66044673,27.84589001",-82.66044673,27.84589001,,,,,,
5799,SAINT PETERSBURG,PINELLAS,,,,PUBLIC SCHOOL,,,,,,,,,"-82.68714916,27.82596546",-82.68714916,27.82596546,,,,,,
5800,SAINT PETERSBURG,PINELLAS,,,,PUBLIC SCHOOL,,,,,,,,,"-82.65646769,27.82192842",-82.65646769,27.82192842,,,,,,
5801,SAINT PETERSBURG,PINELLAS,,,,PUBLIC SCHOOL,,,,,,,,,"-82.66033743,27.83818133",-82.66033743,27.83818133,,,,,,
5802,SAINT PETERSBURG,PINELLAS,,,,PUBLIC SCHOOL,,,,,,,,,"-82.67328230,27.72447572",-82.6732823,27.72447572,,,,,,
5803,SAINT PETERSBURG,PINELLAS,,,,PUBLIC SCHOOL,,,,,,,,,"-82.72190847,27.81603213",-82.72190847,27.81603213,,,,,,
5804,SAINT PETERSBURG,PINELLAS,,,,PUBLIC SCHOOL,,,,,,,,,"-82.68151852,27.76112086",-82.68151852,27.76112086,,,,,,
5805,SAINT PETERSBURG,PINELLAS,,,,PUBLIC SCHOOL,,,,,,,,,"-82.65738187,27.75770507",-82.65738187,27.75770507,,,,,,
5806,SAINT PETERSBURG,PINELLAS,,,,PUBLIC SCHOOL,,,,,,,,,"-82.71088059,27.76232424",-82.71088059,27.76232424,,,,,,
5807,SAINT PETERSBURG,PINELLAS,,,,PUBLIC SCHOOL,,,,,,,,,"-82.64967578,27.76382223",-82.64967578,27.76382223,,,,,,
5808,SAINT PETERSBURG,PINELLAS,,,,PUBLIC SCHOOL,,,,,,,,,"-82.64407323,27.77511254",-82.64407323,27.77511254,,,,,,
5809,SAINT PETERSBURG,PINELLAS,,,,PUBLIC SCHOOL,,,,,,,,,"-82.72472686,27.82002795",-82.72472686,27.82002795,,,,,,
5810,SAINT PETERSBURG,PINELLAS,,,,PUBLIC SCHOOL,,,,,,,,,"-82.70989801,27.79227305",-82.70989801,27.79227305,,,,,,
5811,SAINT PETERSBURG,PINELLAS,,,,PUBLIC SCHOOL,,,,,,,,,"-82.66826083,27.77805085",-82.66826083,27.77805085,,,,,,
5812,SAINT PETERSBURG,PINELLAS,,,,PUBLIC SCHOOL,,,,,,,,,"-82.79056600,27.80918675",-82.790566,27.80918675,,,,,,
5813,SAINT PETERSBURG,PINELLAS,,,,PUBLIC SCHOOL,,,,,,,,,"-82.67771365,27.76057751",-82.67771365,27.76057751,,,,,,
5814,SAINT PETERSBURG,PINELLAS,,,,PUBLIC SCHOOL,,,,,,,,,"-82.71304306,27.80403954",-82.71304306,27.80403954,,,,,,
5815,SAINT PETERSBURG,PINELLAS,,,,PUBLIC SCHOOL,,,,,,,,,"-82.65320001,27.71869999",-82.65320001,27.71869999,,,,,,
5816,SAINT PETERSBURG,PINELLAS,,,,PUBLIC SCHOOL,,,,,,,,,"-82.68269609,27.80763492",-82.68269609,27.80763492,,,,,,
5817,SAINT PETERSBURG,PINELLAS,,,,PUBLIC SCHOOL,,,,,,,,,"-82.64565400,27.71475200",-82.645654,27.714752,,,,,,
5818,SAINT PETERSBURG,PINELLAS,,,,PUBLIC SCHOOL,,,,,,,,,"-82.73761060,27.77133162",-82.7376106,27.77133162,,,,,,
5820,SAINT PETERSBURG,PINELLAS,,,,PUBLIC SCHOOL,,,,,,,,,"-82.74131859,27.78769361",-82.74131859,27.78769361,,,,,,
5821,SAINT PETERSBURG,PINELLAS,,,,PUBLIC SCHOOL,,,,,,,,,"-82.75293520,27.80721671",-82.7529352,27.80721671,,,,,,
5822,SAINT PETERSBURG,PINELLAS,,,,PUBLIC SCHOOL,,,,,,,,,"-82.65983107,27.82223569",-82.65983107,27.82223569,,,,,,
5823,SAINT PETERSBURG,PINELLAS,,,,PUBLIC SCHOOL,,,,,,,,,"-82.66201352,27.71589686",-82.66201352,27.71589686,,,,,,
5824,SAINT PETERSBURG,PINELLAS,,,,PUBLIC SCHOOL,,,,,,,,,"-82.63280164,27.80366905",-82.63280164,27.80366905,,,,,,
5825,SAINT PETERSBURG,PINELLAS,,,,PUBLIC SCHOOL,,,,,,,,,"-82.74649646,27.79330002",-82.74649646,27.79330002,,,,,,
5826,SAINT PETERSBURG,PINELLAS,,,,PUBLIC SCHOOL,,,,,,,,,"-82.65656510,27.76313686",-82.6565651,27.76313686,,,,,,
5827,SAINT PETERSBURG,PINELLAS,,,,PUBLIC SCHOOL,,,,,,,,,"-82.66627424,27.74731773",-82.66627424,27.74731773,,,,,,
5828,SAINT PETERSBURG,PINELLAS,,,,PUBLIC SCHOOL,,,,,,,,,"-82.66737337,27.74753952",-82.66737337,27.74753952,,,,,,
5829,SAINT PETERSBURG,PINELLAS,,,,PUBLIC SCHOOL,,,,,,,,,"-82.70328295,27.76016775",-82.70328295,27.76016775,,,,,,
5830,SAINT PETERSBURG,PINELLAS,,,,PUBLIC SCHOOL,,,,,,,,,"-82.75460349,27.75081626",-82.75460349,27.75081626,,,,,,
5832,SAINT PETERSBURG,PINELLAS,,,,PUBLIC SCHOOL,,,,,,,,,"-82.72946902,27.77770514",-82.72946902,27.77770514,,,,,,
5833,PINELLAS PARK,PINELLAS,,,,PUBLIC SCHOOL,,,,,,,,,"-82.73138975,27.83049749",-82.73138975,27.83049749,,,,,,
5834,PINELLAS PARK,PINELLAS,,,,PUBLIC SCHOOL,,,,,,,,,"-82.70270579,27.84175397",-82.70270579,27.84175397,,,,,,
5835,PINELLAS PARK,PINELLAS,,,,PUBLIC SCHOOL,,,,,,,,,"-82.70944191,27.83833455",-82.70944191,27.83833455,,,,,,
5836,PINELLAS PARK,PINELLAS,,,,PUBLIC SCHOOL,,,,,,,,,"-82.72974421,27.84941981",-82.72974421,27.84941981,,,,,,
5837,PINELLAS PARK,PINELLAS,,,,PUBLIC SCHOOL,,,,,,,,,,,,,,,,,
5838,PINELLAS PARK,PINELLAS,,,,PUBLIC SCHOOL,,,,,,,,,"-82.71594489,27.85105374",-82.71594489,27.85105374,,,,,,
5839,PINELLAS PARK,PINELLAS,,,,PUBLIC SCHOOL,,,,,,,,,"-82.73009292,27.83323092",-82.73009292,27.83323092,,,,,,
5840,PINELLAS PARK,PINELLAS,,,,PUBLIC SCHOOL,,,,,,,,,"-82.71129085,27.86745344",-82.71129085,27.86745344,,,,,,
5841,PINELLAS PARK,PINELLAS,,,,PUBLIC SCHOOL,,,,,,,,,"-82.73463383,27.83476544",-82.73463383,27.83476544,,,,,,
5842,PINELLAS PARK,PINELLAS,,,,PUBLIC SCHOOL,,,,,,,,,"-82.70527722,27.84021148",-82.70527722,27.84021148,,,,,,
5843,PINELLAS PARK,PINELLAS,,,,PUBLIC SCHOOL,,,,,,,,,"-82.73415334,27.86388793",-82.73415334,27.86388793,,,,,,
5845,PINELLAS PARK,PINELLAS,,,,PUBLIC SCHOOL,,,,,,,,,"-82.71821286,27.83456279",-82.71821286,27.83456279,,,,,,
5846,DUNEDIN,PINELLAS,,,,PUBLIC SCHOOL,,,,,,,,,"-82.76401405,28.01669013",-82.76401405,28.01669013,,,,,,
5847,DUNEDIN,PINELLAS,,,,PUBLIC SCHOOL,,,,,,,,,"-82.77650859,27.99832223",-82.77650859,27.99832223,,,,,,
5848,DUNEDIN,PINELLAS,,,,PUBLIC SCHOOL,,,,,,,,,"-82.77220211,28.02248081",-82.77220211,28.02248081,,,,,,
5849,DUNEDIN,PINELLAS,,,,PUBLIC SCHOOL,,,,,,,,,"-82.76958791,28.02842756",-82.76958791,28.02842756,,,,,,
5850,DUNEDIN,PINELLAS,,,,PUBLIC SCHOOL,,,,,,,,,"-82.78435615,28.00389684",-82.78435615,28.00389684,,,,,,
5851,DUNEDIN,PINELLAS,,,,PUBLIC SCHOOL,,,,,,,,,"-82.75852334,28.03497501",-82.75852334,28.03497501,,,,,,
5852,DUNEDIN,PINELLAS,,,,PUBLIC SCHOOL,,,,,,,,,"-82.78259999,28.02949998",-82.78259999,28.02949998,,,,,,
5853,DUNEDIN,PINELLAS,,,,PUBLIC SCHOOL,,,,,,,,,"-82.77682437,28.00027428",-82.77682437,28.00027428,,,,,,
5854,ST PETERSBURG,PINELLAS,,,,PUBLIC SCHOOL,,,,,,,,,,,,,,,,,
5856,ST PETERSBURG,PINELLAS,,,,PUBLIC SCHOOL,,,,,,,,,"-82.69460770,27.80700874",-82.6946077,27.80700874,,,,,,
5857,ST PETERSBURG,PINELLAS,,,,PUBLIC SCHOOL,,,,,,,,,"-82.64836485,27.75346730",-82.64836485,27.7534673,,,,,,
5858,ST PETERSBURG,PINELLAS,,,,PUBLIC SCHOOL,,,,,,,,,"-82.64575422,27.76764247",-82.64575422,27.76764247,,,,,,
5859,ST PETERSBURG,PINELLAS,,,,PUBLIC SCHOOL,,,,,,,,,"-82.65600519,27.78804687",-82.65600519,27.78804687,,,,,,
5860,ST PETERSBURG,PINELLAS,,,,PUBLIC SCHOOL,,,,,,,,,"-82.69315772,27.81797963",-82.69315772,27.81797963,,,,,,
5862,SEMINOLE,PINELLAS,,,,PUBLIC SCHOOL,,,,,,,,,"-82.77280550,27.86041310",-82.7728055,27.8604131,,,,,,
5863,SEMINOLE,PINELLAS,,,,PUBLIC SCHOOL,,,,,,,,,"-82.75308578,27.85313925",-82.75308578,27.85313925,,,,,,
5864,SEMINOLE,PINELLAS,,,,PUBLIC SCHOOL,,,,,,,,,"-82.81343719,27.85283029",-82.81343719,27.85283029,,,,,,
5865,SEMINOLE,PINELLAS,,,,PUBLIC SCHOOL,,,,,,,,,"-82.81477354,27.85192892",-82.81477354,27.85192892,,,,,,
5866,SEMINOLE,PINELLAS,,,,PUBLIC SCHOOL,,,,,,,,,"-82.81864325,27.84856976",-82.81864325,27.84856976,,,,,,
5867,SEMINOLE,PINELLAS,,,,PUBLIC SCHOOL,,,,,,,,,"-82.77377870,27.85633065",-82.7737787,27.85633065,,,,,,
5868,SEMINOLE,PINELLAS,,,,PUBLIC SCHOOL,,,,,,,,,"-82.76728910,27.84965158",-82.7672891,27.84965158,,,,,,
5869,SEMINOLE,PINELLAS,,,,PUBLIC SCHOOL,,,,,,,,,"-82.81866099,27.85208579",-82.81866099,27.85208579,,,,,,
5870,SEMINOLE,PINELLAS,,,,PUBLIC SCHOOL,,,,,,,,,"-82.78203075,27.83126718",-82.78203075,27.83126718,,,,,,
5871,SEMINOLE,PINELLAS,,,,PUBLIC SCHOOL,,,,,,,,,"-82.79207841,27.83850446",-82.79207841,27.83850446,,,,,,
5872,CLEARWATER,PINELLAS,,,,PUBLIC SCHOOL,,,,,,,,,"-82.76101907,27.96719214",-82.76101907,27.96719214,,,,,,
5873,CLEARWATER,PINELLAS,,,,PUBLIC SCHOOL,,,,,,,,,"-82.73260758,27.97051717",-82.73260758,27.97051717,,,,,,
5874,CLEARWATER,PINELLAS,,,,PUBLIC SCHOOL,,,,,,,,,"-82.71910089,27.91189405",-82.71910089,27.91189405,,,,,,
5875,CLEARWATER,PINELLAS,,,,PUBLIC SCHOOL,,,,,,,,,"-82.71405980,27.90982887",-82.7140598,27.90982887,,,,,,
5876,CLEARWATER,PINELLAS,,,,PUBLIC SCHOOL,,,,,,,,,"-82.71746271,28.01675974",-82.71746271,28.01675974,,,,,,
5878,CLEARWATER,PINELLAS,,,,PUBLIC SCHOOL,,,,,,,,,"-82.78469015,27.93467093",-82.78469015,27.93467093,,,,,,
5879,CLEARWATER,PINELLAS,,,,PUBLIC SCHOOL,,,,,,,,,,,,,,,,,
5880,CLEARWATER,PINELLAS,,,,PUBLIC SCHOOL,,,,,,,,,"-82.72071938,27.96947850",-82.72071938,27.9694785,,,,,,
5881,CLEARWATER,PINELLAS,,,,PUBLIC SCHOOL,,,,,,,,,"-82.76660587,27.97609401",-82.76660587,27.97609401,,,,,,
5882,CLEARWATER,PINELLAS,,,,PUBLIC SCHOOL,,,,,,,,,"-82.78099482,27.98627139",-82.78099482,27.98627139,,,,,,
5883,CLEARWATER,PINELLAS,,,,PUBLIC SCHOOL,,,,,,,,,"-82.74482887,27.92978874",-82.74482887,27.92978874,,,,,,
5884,CLEARWATER,PINELLAS,,,,PUBLIC SCHOOL,,,,,,,,,"-82.75650679,27.95933077",-82.75650679,27.95933077,,,,,,
5885,CLEARWATER,PINELLAS,,,,PUBLIC SCHOOL,,,,,,,,,"-82.71034032,28.01077963",-82.71034032,28.01077963,,,,,,
5887,CLEARWATER,PINELLAS,,,,PUBLIC SCHOOL,,,,,,,,,"-82.74418588,27.97207828",-82.74418588,27.97207828,,,,,,
5889,CLEARWATER,PINELLAS,,,,PUBLIC SCHOOL,,,,,,,,,"-82.71159998,28.02280000",-82.71159998,28.0228,,,,,,
5890,CLEARWATER,PINELLAS,,,,PUBLIC SCHOOL,,,,,,,,,"-82.71077510,28.03137444",-82.7107751,28.03137444,,,,,,
5891,CLEARWATER,PINELLAS,,,,PUBLIC SCHOOL,,,,,,,,,"-82.77807910,27.98402560",-82.7780791,27.9840256,,,,,,
5892,CLEARWATER,PINELLAS,,,,PUBLIC SCHOOL,,,,,,,,,"-82.73186232,27.96180788",-82.73186232,27.96180788,,,,,,
5893,CLEARWATER,PINELLAS,,,,PUBLIC SCHOOL,,,,,,,,,"-82.69938636,27.90309747",-82.69938636,27.90309747,,,,,,
5894,CLEARWATER,PINELLAS,,,,PUBLIC SCHOOL,,,,,,,,,"-82.71630119,27.98735924",-82.71630119,27.98735924,,,,,,
5895,CLEARWATER,PINELLAS,,,,PUBLIC SCHOOL,,,,,,,,,"-82.78218246,27.98870699",-82.78218246,27.98870699,,,,,,
5897,CLEARWATER,PINELLAS,,,,PUBLIC SCHOOL,,,,,,,,,"-82.74757348,27.94690309",-82.74757348,27.94690309,,,,,,
5898,CLEARWATER,PINELLAS,,,,PUBLIC SCHOOL,,,,,,,,,"-82.78887213,27.95115570",-82.78887213,27.9511557,,,,,,
5899,CLEARWATER,PINELLAS,,,,PUBLIC SCHOOL,,,,,,,,,"-82.71189449,27.99590087",-82.71189449,27.99590087,,,,,,
5900,CLEARWATER,PINELLAS,,,,PUBLIC SCHOOL,,,,,,,,,"-82.78609999,27.97600001",-82.78609999,27.97600001,,,,,,
5902,CLEARWATER,PINELLAS,,,,PUBLIC SCHOOL,,,,,,,,,"-82.77466344,27.95652039",-82.77466344,27.95652039,,,,,,
5903,CLEARWATER,PINELLAS,,,,PUBLIC SCHOOL,,,,,,,,,"-82.73629223,27.91032843",-82.73629223,27.91032843,,,,,,
5904,CLEARWATER,PINELLAS,,,,PUBLIC SCHOOL,,,,,,,,,"-82.70470448,27.89973285",-82.70470448,27.89973285,,,,,,
5905,CLEARWATER,PINELLAS,,,,PUBLIC SCHOOL,,,,,,,,,"-82.75758299,27.95017299",-82.75758299,27.95017299,,,,,,
5906,PALM HARBOR,PINELLAS,,,,PUBLIC SCHOOL,,,,,,,,,"-82.76229547,28.08486146",-82.76229547,28.08486146,,,,,,
5907,PALM HARBOR,PINELLAS,,,,PUBLIC SCHOOL,,,,,,,,,"-82.77587526,28.04940679",-82.77587526,28.04940679,,,,,,
5908,PALM HARBOR,PINELLAS,,,,PUBLIC SCHOOL,,,,,,,,,"-82.73120000,28.05730000",-82.7312,28.0573,,,,,,
5909,PALM HARBOR,PINELLAS,,,,PUBLIC SCHOOL,,,,,,,,,"-82.77254773,28.07031627",-82.77254773,28.07031627,,,,,,
5910,PALM HARBOR,PINELLAS,,,,PUBLIC SCHOOL,,,,,,,,,"-82.71186399,28.05005201",-82.71186399,28.05005201,,,,,,
5911,PALM HARBOR,PINELLAS,,,,PUBLIC SCHOOL,,,,,,,,,"-82.74662007,28.09833238",-82.74662007,28.09833238,,,,,,
5913,PALM HARBOR,PINELLAS,,,,PUBLIC SCHOOL,,,,,,,,,"-82.71778359,28.07744950",-82.71778359,28.0774495,,,,,,
5914,PALM HARBOR,PINELLAS,,,,PUBLIC SCHOOL,,,,,,,,,"-82.69257033,28.11390759",-82.69257033,28.11390759,,,,,,
5915,PALM HARBOR,PINELLAS,,,,PUBLIC SCHOOL,,,,,,,,,"-82.72676266,28.08864861",-82.72676266,28.08864861,,,,,,
5917,PALM HARBOR,PINELLAS,,,,PUBLIC SCHOOL,,,,,,,,,"-82.75307384,28.06709841",-82.75307384,28.06709841,,,,,,
5918,PALM HARBOR,PINELLAS,,,,PUBLIC SCHOOL,,,,,,,,,"-82.75739831,28.04953270",-82.75739831,28.0495327,,,,,,
5919,TARPON SPRINGS,PINELLAS,,,,PUBLIC SCHOOL,,,,,,,,,"-82.78067519,28.14422563",-82.78067519,28.14422563,,,,,,
5920,TARPON SPRINGS,PINELLAS,,,,PUBLIC SCHOOL,,,,,,,,,"-82.70541862,28.15117979",-82.70541862,28.15117979,,,,,,
5921,TARPON SPRINGS,PINELLAS,,,,PUBLIC SCHOOL,,,,,,,,,"-82.75006097,28.15184572",-82.75006097,28.15184572,,,,,,
5922,TARPON SPRINGS,PINELLAS,,,,PUBLIC SCHOOL,,,,,,,,,"-82.69450522,28.13650785",-82.69450522,28.13650785,,,,,,
5923,TARPON SPRINGS,PINELLAS,,,,PUBLIC SCHOOL,,,,,,,,,"-82.75100262,28.13903185",-82.75100262,28.13903185,,,,,,
5924,TARPON SPRINGS,PINELLAS,,,,PUBLIC SCHOOL,,,,,,,,,,,,,,,,,
5925,TARPON SPRINGS,PINELLAS,,,,PUBLIC SCHOOL,,,,,,,,,"-82.70136982,28.12703258",-82.70136982,28.12703258,,,,,,
5926,TARPON SPRINGS,PINELLAS,,,,PUBLIC SCHOOL,,,,,,,,,"-82.78069826,28.15121050",-82.78069826,28.1512105,,,,,,
5927,TARPON SPRINGS,PINELLAS,,,,PUBLIC SCHOOL,,,,,,,,,"-82.77924554,28.14414574",-82.77924554,28.14414574,,,,,,
5929,SAFETY HARBOR,PINELLAS,,,,PUBLIC SCHOOL,,,,,,,,,"-82.68940060,28.00028667",-82.6894006,28.00028667,,,,,,
5930,SAFETY HARBOR,PINELLAS,,,,PUBLIC SCHOOL,,,,,,,,,"-82.69293597,27.99494061",-82.69293597,27.99494061,,,,,,
5931,OLDSMAR,PINELLAS,,,,PUBLIC SCHOOL,,,,,,,,,"-82.66780625,28.04540179",-82.66780625,28.04540179,,,,,,
5932,OLDSMAR,PINELLAS,,,,PUBLIC SCHOOL,,,,,,,,,"-82.67145580,28.03659827",-82.6714558,28.03659827,,,,,,
5933,ST. PETERSBURG,PINELLAS,,,,PUBLIC SCHOOL,,,,,,,,,"-82.65929016,27.77132245",-82.65929016,27.77132245,,,,,,
5934,GULFPORT,PINELLAS,,,,PUBLIC SCHOOL,,,,,,,,,"-82.70235619,27.76005680",-82.70235619,27.7600568,,,,,,
5935,LAKE ALFRED,POLK,,,,PUBLIC SCHOOL,,,,,,,,,"-81.72900798,28.10564291",-81.72900798,28.10564291,,,,,,
5936,LAKE ALFRED,POLK,,,,PUBLIC SCHOOL,,,,,,,,,"-81.72637838,28.10696582",-81.72637838,28.10696582,,,,,,
5937,LAKE ALFRED,POLK,,,,PUBLIC SCHOOL,,,,,,,,,"-81.72905728,28.10835898",-81.72905728,28.10835898,,,,,,
5938,LAKE ALFRED,POLK,,,,PUBLIC SCHOOL,,,,,,,,,"-81.72168429,28.08880967",-81.72168429,28.08880967,,,,,,
5939,AUBURNDALE,POLK,,,,PUBLIC SCHOOL,,,,,,,,,"-81.82121037,28.14239251",-81.82121037,28.14239251,,,,,,
5940,AUBURNDALE,POLK,,,,PUBLIC SCHOOL,,,,,,,,,"-81.82084349,28.14051540",-81.82084349,28.1405154,,,,,,
5942,AUBURNDALE,POLK,,,,PUBLIC SCHOOL,,,,,,,,,"-81.78840493,28.06068830",-81.78840493,28.0606883,,,,,,
5943,AUBURNDALE,POLK,,,,PUBLIC SCHOOL,,,,,,,,,"-81.78795611,28.07046548",-81.78795611,28.07046548,,,,,,
5944,AUBURNDALE,POLK,,,,PUBLIC SCHOOL,,,,,,,,,"-81.77526855,28.07117707",-81.77526855,28.07117707,,,,,,
5945,AUBURNDALE,POLK,,,,PUBLIC SCHOOL,,,,,,,,,"-81.81870752,28.06984556",-81.81870752,28.06984556,,,,,,
5946,AUBURNDALE,POLK,,,,PUBLIC SCHOOL,,,,,,,,,"-81.85923943,28.07116397",-81.85923943,28.07116397,,,,,,
5947,AUBURNDALE,POLK,,,,PUBLIC SCHOOL,,,,,,,,,"-81.78574927,28.07206979",-81.78574927,28.07206979,,,,,,
5948,AUBURNDALE,POLK,,,,PUBLIC SCHOOL,,,,,,,,,"-81.77932901,28.06238045",-81.77932901,28.06238045,,,,,,
5949,AUBURNDALE,POLK,,,,PUBLIC SCHOOL,,,,,,,,,"-81.82629283,28.03559208",-81.82629283,28.03559208,,,,,,
5951,DAVENPORT,POLK,,,,PUBLIC SCHOOL,,,,,,,,,"-81.64690577,28.24624940",-81.64690577,28.2462494,,,,,,
5952,DAVENPORT,POLK,,,,PUBLIC SCHOOL,,,,,,,,,"-81.58456651,28.22830416",-81.58456651,28.22830416,,,,,,
5953,DAVENPORT,POLK,,,,PUBLIC SCHOOL,,,,,,,,,"-81.62962360,28.16753186",-81.6296236,28.16753186,,,,,,
5954,DAVENPORT,POLK,,,,PUBLIC SCHOOL,,,,,,,,,"-81.60013075,28.15678023",-81.60013075,28.15678023,,,,,,
5956,DAVENPORT,POLK,,,,PUBLIC SCHOOL,,,,,,,,,"-81.56914293,28.21839804",-81.56914293,28.21839804,,,,,,
5957,BARTOW,POLK,,,,PUBLIC SCHOOL,,,,,,,,,"-81.84033295,27.87973630",-81.84033295,27.8797363,,,,,,
5958,BARTOW,POLK,,,,PUBLIC SCHOOL,,,,,,,,,"-81.84186462,27.88395508",-81.84186462,27.88395508,,,,,,
5959,BARTOW,POLK,,,,PUBLIC SCHOOL,,,,,,,,,"-81.85619102,27.90984918",-81.85619102,27.90984918,,,,,,
5960,BARTOW,POLK,,,,PUBLIC SCHOOL,,,,,,,,,"-81.84635899,27.87541847",-81.84635899,27.87541847,,,,,,
5961,BARTOW,POLK,,,,PUBLIC SCHOOL,,,,,,,,,"-81.84091912,27.89302777",-81.84091912,27.89302777,,,,,,
5962,BARTOW,POLK,,,,PUBLIC SCHOOL,,,,,,,,,"-81.82145000,27.89289998",-81.82145,27.89289998,,,,,,
5963,BARTOW,POLK,,,,PUBLIC SCHOOL,,,,,,,,,"-81.86893902,27.94791866",-81.86893902,27.94791866,,,,,,
5964,BARTOW,POLK,,,,PUBLIC SCHOOL,,,,,,,,,"-81.81962699,27.88303161",-81.81962699,27.88303161,,,,,,
5965,BARTOW,POLK,,,,PUBLIC SCHOOL,,,,,,,,,"-81.82251200,27.88003758",-81.822512,27.88003758,,,,,,
5968,BARTOW,POLK,,,,PUBLIC SCHOOL,,,,,,,,,"-81.71270428,27.87276766",-81.71270428,27.87276766,,,,,,
5969,BARTOW,POLK,,,,PUBLIC SCHOOL,,,,,,,,,"-81.85776289,27.89947751",-81.85776289,27.89947751,,,,,,
5970,BARTOW,POLK,,,,PUBLIC SCHOOL,,,,,,,,,"-81.84464624,27.88299485",-81.84464624,27.88299485,,,,,,
5972,BARTOW,POLK,,,,PUBLIC SCHOOL,,,,,,,,,"-81.84478088,27.88183241",-81.84478088,27.88183241,,,,,,
5973,BARTOW,POLK,,,,PUBLIC SCHOOL,,,,,,,,,"-81.81948804,27.87971028",-81.81948804,27.87971028,,,,,,
5974,BARTOW,POLK,,,,PUBLIC SCHOOL,,,,,,,,,"-81.82365583,27.88649144",-81.82365583,27.88649144,,,,,,
5976,HAINES CITY,POLK,,,,PUBLIC SCHOOL,,,,,,,,,"-81.62288803,28.12028366",-81.62288803,28.12028366,,,,,,
5977,HAINES CITY,POLK,,,,PUBLIC SCHOOL,,,,,,,,,"-81.62595509,28.10307927",-81.62595509,28.10307927,,,,,,
5978,HAINES CITY,POLK,,,,PUBLIC SCHOOL,,,,,,,,,"-81.56107181,28.04276557",-81.56107181,28.04276557,,,,,,
5979,HAINES CITY,POLK,,,,PUBLIC SCHOOL,,,,,,,,,"-81.61262687,28.10091526",-81.61262687,28.10091526,,,,,,
5980,HAINES CITY,POLK,,,,PUBLIC SCHOOL,,,,,,,,,"-81.61586834,28.11500316",-81.61586834,28.11500316,,,,,,
5981,HAINES CITY,POLK,,,,PUBLIC SCHOOL,,,,,,,,,"-81.62399311,28.12189333",-81.62399311,28.12189333,,,,,,
5982,HAINES CITY,POLK,,,,PUBLIC SCHOOL,,,,,,,,,"-81.63059991,28.14965393",-81.63059991,28.14965393,,,,,,
5983,HAINES CITY,POLK,,,,PUBLIC SCHOOL,,,,,,,,,"-81.60817366,28.09843151",-81.60817366,28.09843151,,,,,,
5984,HAINES CITY,POLK,,,,PUBLIC SCHOOL,,,,,,,,,"-81.62499098,28.08519719",-81.62499098,28.08519719,,,,,,
5985,WINTER HAVEN,POLK,,,,PUBLIC SCHOOL,,,,,,,,,"-81.72144727,28.02074397",-81.72144727,28.02074397,,,,,,
5986,WINTER HAVEN,POLK,,,,PUBLIC SCHOOL,,,,,,,,,"-81.71386862,28.03111695",-81.71386862,28.03111695,,,,,,
5987,WINTER HAVEN,POLK,,,,PUBLIC SCHOOL,,,,,,,,,"-81.72162926,27.95371919",-81.72162926,27.95371919,,,,,,
5988,WINTER HAVEN,POLK,,,,PUBLIC SCHOOL,,,,,,,,,"-81.73197053,27.98689263",-81.73197053,27.98689263,,,,,,
5989,WINTER HAVEN,POLK,,,,PUBLIC SCHOOL,,,,,,,,,"-81.70300384,28.02369175",-81.70300384,28.02369175,,,,,,
5990,WINTER HAVEN,POLK,,,,PUBLIC SCHOOL,,,,,,,,,"-81.75463155,28.02955177",-81.75463155,28.02955177,,,,,,
5991,WINTER HAVEN,POLK,,,,PUBLIC SCHOOL,,,,,,,,,"-81.77048718,28.03224877",-81.77048718,28.03224877,,,,,,
5992,WINTER HAVEN,POLK,,,,PUBLIC SCHOOL,,,,,,,,,"-81.65420076,28.07780204",-81.65420076,28.07780204,,,,,,
5993,WINTER HAVEN,POLK,,,,PUBLIC SCHOOL,,,,,,,,,"-81.74680425,28.07043308",-81.74680425,28.07043308,,,,,,
5994,WINTER HAVEN,POLK,,,,PUBLIC SCHOOL,,,,,,,,,"-81.76546226,27.97391913",-81.76546226,27.97391913,,,,,,
5995,WINTER HAVEN,POLK,,,,PUBLIC SCHOOL,,,,,,,,,"-81.75005258,27.99768534",-81.75005258,27.99768534,,,,,,
5996,WINTER HAVEN,POLK,,,,PUBLIC SCHOOL,,,,,,,,,"-81.71662003,28.04654040",-81.71662003,28.0465404,,,,,,
5997,WINTER HAVEN,POLK,,,,PUBLIC SCHOOL,,,,,,,,,"-81.72529589,28.04977653",-81.72529589,28.04977653,,,,,,
5998,WINTER HAVEN,POLK,,,,PUBLIC SCHOOL,,,,,,,,,"-81.75663739,28.04557363",-81.75663739,28.04557363,,,,,,
5999,WINTER HAVEN,POLK,,,,PUBLIC SCHOOL,,,,,,,,,"-81.66132960,27.99075464",-81.6613296,27.99075464,,,,,,
6000,WINTER HAVEN,POLK,,,,PUBLIC SCHOOL,,,,,,,,,"-81.74167959,27.98321906",-81.74167959,27.98321906,,,,,,
6001,WINTER HAVEN,POLK,,,,PUBLIC SCHOOL,,,,,,,,,"-81.67909072,27.95587515",-81.67909072,27.95587515,,,,,,
6002,WINTER HAVEN,POLK,,,,PUBLIC SCHOOL,,,,,,,,,"-81.71764712,28.01972602",-81.71764712,28.01972602,,,,,,
6003,WINTER HAVEN,POLK,,,,PUBLIC SCHOOL,,,,,,,,,"-81.72819206,28.00887254",-81.72819206,28.00887254,,,,,,
6004,WINTER HAVEN,POLK,,,,PUBLIC SCHOOL,,,,,,,,,"-81.71782289,28.01305491",-81.71782289,28.01305491,,,,,,
6005,WINTER HAVEN,POLK,,,,PUBLIC SCHOOL,,,,,,,,,"-81.71913909,28.04462666",-81.71913909,28.04462666,,,,,,
6006,FROSTPROOF,POLK,,,,PUBLIC SCHOOL,,,,,,,,,"-81.53338632,27.76085351",-81.53338632,27.76085351,,,,,,
6007,FROSTPROOF,POLK,,,,PUBLIC SCHOOL,,,,,,,,,"-81.36924904,27.66502052",-81.36924904,27.66502052,,,,,,
6008,FROSTPROOF,POLK,,,,PUBLIC SCHOOL,,,,,,,,,"-81.53256747,27.74307676",-81.53256747,27.74307676,,,,,,
6009,FROSTPROOF,POLK,,,,PUBLIC SCHOOL,,,,,,,,,"-81.53589732,27.76540078",-81.53589732,27.76540078,,,,,,
6010,LAKELAND,POLK,,,,PUBLIC SCHOOL,,,,,,,,,"-81.91478480,28.01201039",-81.9147848,28.01201039,,,,,,
6011,LAKELAND,POLK,,,,PUBLIC SCHOOL,,,,,,,,,"-81.95567710,28.12221994",-81.9556771,28.12221994,,,,,,
6012,LAKELAND,POLK,,,,PUBLIC SCHOOL,,,,,,,,,"-82.01955165,28.12560402",-82.01955165,28.12560402,,,,,,
6013,LAKELAND,POLK,,,,PUBLIC SCHOOL,,,,,,,,,"-81.94961875,27.99581534",-81.94961875,27.99581534,,,,,,
6014,LAKELAND,POLK,,,,PUBLIC SCHOOL,,,,,,,,,"-81.98753807,28.12633075",-81.98753807,28.12633075,,,,,,
6015,LAKELAND,POLK,,,,PUBLIC SCHOOL,,,,,,,,,"-81.91146811,28.02869503",-81.91146811,28.02869503,,,,,,
6016,LAKELAND,POLK,,,,PUBLIC SCHOOL,,,,,,,,,"-81.95542454,28.13419172",-81.95542454,28.13419172,,,,,,
6017,LAKELAND,POLK,,,,PUBLIC SCHOOL,,,,,,,,,"-81.94511729,27.95447814",-81.94511729,27.95447814,,,,,,
6018,LAKELAND,POLK,,,,PUBLIC SCHOOL,,,,,,,,,"-81.98888175,28.14907699",-81.98888175,28.14907699,,,,,,
6019,LAKELAND,POLK,,,,PUBLIC SCHOOL,,,,,,,,,"-81.99532044,28.09412782",-81.99532044,28.09412782,,,,,,
6020,LAKELAND,POLK,,,,PUBLIC SCHOOL,,,,,,,,,"-81.92309875,28.13075620",-81.92309875,28.1307562,,,,,,
6021,LAKELAND,POLK,,,,PUBLIC SCHOOL,,,,,,,,,"-81.90250095,28.06177157",-81.90250095,28.06177157,,,,,,
6022,LAKELAND,POLK,,,,PUBLIC SCHOOL,,,,,,,,,"-81.93929747,28.03991549",-81.93929747,28.03991549,,,,,,
6023,LAKELAND,POLK,,,,PUBLIC SCHOOL,,,,,,,,,"-81.95699035,28.04840204",-81.95699035,28.04840204,,,,,,
6024,LAKELAND,POLK,,,,PUBLIC SCHOOL,,,,,,,,,"-81.96636538,28.06122117",-81.96636538,28.06122117,,,,,,
6025,LAKELAND,POLK,,,,PUBLIC SCHOOL,,,,,,,,,"-81.90480567,28.01196796",-81.90480567,28.01196796,,,,,,
6026,LAKELAND,POLK,,,,PUBLIC SCHOOL,,,,,,,,,"-81.91031119,27.95395439",-81.91031119,27.95395439,,,,,,
6027,LAKELAND,POLK,,,,PUBLIC SCHOOL,,,,,,,,,"-81.97061587,27.96689419",-81.97061587,27.96689419,,,,,,
6028,LAKELAND,POLK,,,,PUBLIC SCHOOL,,,,,,,,,"-81.98881188,28.03450374",-81.98881188,28.03450374,,,,,,
6029,LAKELAND,POLK,,,,PUBLIC SCHOOL,,,,,,,,,"-81.92268048,27.98317782",-81.92268048,27.98317782,,,,,,
6030,LAKELAND,POLK,,,,PUBLIC SCHOOL,,,,,,,,,"-81.91922988,27.95746726",-81.91922988,27.95746726,,,,,,
6031,LAKELAND,POLK,,,,PUBLIC SCHOOL,,,,,,,,,"-82.01616783,28.16917003",-82.01616783,28.16917003,,,,,,
6032,LAKELAND,POLK,,,,PUBLIC SCHOOL,,,,,,,,,"-81.94143649,28.05813676",-81.94143649,28.05813676,,,,,,
6033,LAKELAND,POLK,,,,PUBLIC SCHOOL,,,,,,,,,"-81.96049107,28.06379469",-81.96049107,28.06379469,,,,,,
6034,LAKELAND,POLK,,,,PUBLIC SCHOOL,,,,,,,,,"-81.99219467,28.09327163",-81.99219467,28.09327163,,,,,,
6035,LAKELAND,POLK,,,,PUBLIC SCHOOL,,,,,,,,,"-81.89180268,27.99385438",-81.89180268,27.99385438,,,,,,
6036,LAKELAND,POLK,,,,PUBLIC SCHOOL,,,,,,,,,"-81.95770152,28.04431105",-81.95770152,28.04431105,,,,,,
6037,LAKELAND,POLK,,,,PUBLIC SCHOOL,,,,,,,,,"-82.00027821,27.93958631",-82.00027821,27.93958631,,,,,,
6038,LAKELAND,POLK,,,,PUBLIC SCHOOL,,,,,,,,,"-81.99611076,28.05771992",-81.99611076,28.05771992,,,,,,
6039,LAKELAND,POLK,,,,PUBLIC SCHOOL,,,,,,,,,"-81.93158995,28.02298089",-81.93158995,28.02298089,,,,,,
6040,LAKELAND,POLK,,,,PUBLIC SCHOOL,,,,,,,,,"-81.96438528,28.01190636",-81.96438528,28.01190636,,,,,,
6041,LAKELAND,POLK,,,,PUBLIC SCHOOL,,,,,,,,,"-81.95411350,28.01207767",-81.9541135,28.01207767,,,,,,
6042,LAKELAND,POLK,,,,PUBLIC SCHOOL,,,,,,,,,"-81.99501198,28.08504079",-81.99501198,28.08504079,,,,,,
6043,LAKELAND,POLK,,,,PUBLIC SCHOOL,,,,,,,,,"-81.95761249,28.04820378",-81.95761249,28.04820378,,,,,,
6044,LAKELAND,POLK,,,,PUBLIC SCHOOL,,,,,,,,,"-81.95947599,28.01435022",-81.95947599,28.01435022,,,,,,
6045,LAKELAND,POLK,,,,PUBLIC SCHOOL,,,,,,,,,"-81.96069022,28.02553022",-81.96069022,28.02553022,,,,,,
6046,LAKELAND,POLK,,,,PUBLIC SCHOOL,,,,,,,,,"-81.89055829,27.99009480",-81.89055829,27.9900948,,,,,,
6047,LAKELAND,POLK,,,,PUBLIC SCHOOL,,,,,,,,,"-81.94830867,28.03735993",-81.94830867,28.03735993,,,,,,
6048,LAKELAND,POLK,,,,PUBLIC SCHOOL,,,,,,,,,"-81.91276662,28.03446610",-81.91276662,28.0344661,,,,,,
6049,LAKELAND,POLK,,,,PUBLIC SCHOOL,,,,,,,,,"-81.95072854,27.97570871",-81.95072854,27.97570871,,,,,,
6050,LAKELAND,POLK,,,,PUBLIC SCHOOL,,,,,,,,,"-81.89297364,27.99624366",-81.89297364,27.99624366,,,,,,
6051,LAKELAND,POLK,,,,PUBLIC SCHOOL,,,,,,,,,"-81.97301964,28.03737461",-81.97301964,28.03737461,,,,,,
6052,LAKELAND,POLK,,,,PUBLIC SCHOOL,,,,,,,,,"-81.93985041,28.03611183",-81.93985041,28.03611183,,,,,,
6053,LAKELAND,POLK,,,,PUBLIC SCHOOL,,,,,,,,,"-81.98443654,28.04991164",-81.98443654,28.04991164,,,,,,
6054,LAKELAND,POLK,,,,PUBLIC SCHOOL,,,,,,,,,"-81.95068432,28.07023410",-81.95068432,28.0702341,,,,,,
6055,LAKELAND,POLK,,,,PUBLIC SCHOOL,,,,,,,,,"-81.95430963,28.12926591",-81.95430963,28.12926591,,,,,,
6056,LAKELAND,POLK,,,,PUBLIC SCHOOL,,,,,,,,,"-82.01452442,28.05521042",-82.01452442,28.05521042,,,,,,
6057,LAKELAND,POLK,,,,PUBLIC SCHOOL,,,,,,,,,"-82.01050126,27.96684577",-82.01050126,27.96684577,,,,,,
6058,LAKELAND,POLK,,,,PUBLIC SCHOOL,,,,,,,,,"-82.01833668,28.12748337",-82.01833668,28.12748337,,,,,,
6059,LAKELAND,POLK,,,,PUBLIC SCHOOL,,,,,,,,,"-81.90145303,28.05954326",-81.90145303,28.05954326,,,,,,
6060,LAKELAND,POLK,,,,PUBLIC SCHOOL,,,,,,,,,"-81.96050216,28.08322354",-81.96050216,28.08322354,,,,,,
6061,LAKELAND,POLK,,,,PUBLIC SCHOOL,,,,,,,,,"-81.96601927,28.03848336",-81.96601927,28.03848336,,,,,,
6062,LAKE WALES,POLK,,,,PUBLIC SCHOOL,,,,,,,,,"-81.59512820,27.91095925",-81.5951282,27.91095925,,,,,,
6063,LAKE WALES,POLK,,,,PUBLIC SCHOOL,,,,,,,,,"-81.58811495,27.89606176",-81.58811495,27.89606176,,,,,,
6064,LAKE WALES,POLK,,,,PUBLIC SCHOOL,,,,,,,,,"-81.59363434,27.91792876",-81.59363434,27.91792876,,,,,,
6065,LAKE WALES,POLK,,,,PUBLIC SCHOOL,,,,,,,,,"-81.58374313,27.91073551",-81.58374313,27.91073551,,,,,,
6066,LAKE WALES,POLK,,,,PUBLIC SCHOOL,,,,,,,,,"-81.59280545,27.82361462",-81.59280545,27.82361462,,,,,,
6067,LAKE WALES,POLK,,,,PUBLIC SCHOOL,,,,,,,,,"-81.57979882,27.91670359",-81.57979882,27.91670359,,,,,,
6068,LAKE WALES,POLK,,,,PUBLIC SCHOOL,,,,,,,,,"-81.57994190,27.91403771",-81.5799419,27.91403771,,,,,,
6069,LAKE WALES,POLK,,,,PUBLIC SCHOOL,,,,,,,,,"-81.58465322,27.88769982",-81.58465322,27.88769982,,,,,,
6070,LAKE WALES,POLK,,,,PUBLIC SCHOOL,,,,,,,,,"-81.56786215,27.89492456",-81.56786215,27.89492456,,,,,,
6071,MULBERRY,POLK,,,,PUBLIC SCHOOL,,,,,,,,,"-81.96037971,27.89837620",-81.96037971,27.8983762,,,,,,
6072,MULBERRY,POLK,,,,PUBLIC SCHOOL,,,,,,,,,"-81.98542235,27.88684788",-81.98542235,27.88684788,,,,,,
6073,MULBERRY,POLK,,,,PUBLIC SCHOOL,,,,,,,,,"-81.98310185,27.79236672",-81.98310185,27.79236672,,,,,,
6074,MULBERRY,POLK,,,,PUBLIC SCHOOL,,,,,,,,,"-81.97234212,27.89788551",-81.97234212,27.89788551,,,,,,
6075,MULBERRY,POLK,,,,PUBLIC SCHOOL,,,,,,,,,"-81.96513286,27.89151540",-81.96513286,27.8915154,,,,,,
6076,DUNDEE,POLK,,,,PUBLIC SCHOOL,,,,,,,,,"-81.59624729,28.01702080",-81.59624729,28.0170208,,,,,,
6077,DUNDEE,POLK,,,,PUBLIC SCHOOL,,,,,,,,,"-81.61845850,28.02454957",-81.6184585,28.02454957,,,,,,
6078,DUNDEE,POLK,,,,PUBLIC SCHOOL,,,,,,,,,"-81.61808158,28.02676269",-81.61808158,28.02676269,,,,,,
6079,FORT MEADE,POLK,,,,PUBLIC SCHOOL,,,,,,,,,"-81.78354342,27.76036730",-81.78354342,27.7603673,,,,,,
6080,FORT MEADE,POLK,,,,PUBLIC SCHOOL,,,,,,,,,"-81.80192099,27.74389240",-81.80192099,27.7438924,,,,,,
6081,KISSIMMEE,POLK,,,,PUBLIC SCHOOL,,,,,,,,,"-81.51025095,28.06672422",-81.51025095,28.06672422,,,,,,
6082,KISSIMMEE,POLK,,,,PUBLIC SCHOOL,,,,,,,,,"-81.46022859,28.11294159",-81.46022859,28.11294159,,,,,,
6083,KISSIMMEE,POLK,,,,PUBLIC SCHOOL,,,,,,,,,"-81.48859148,28.07534569",-81.48859148,28.07534569,,,,,,
6084,HIGHLAND CITY,POLK,,,,PUBLIC SCHOOL,,,,,,,,,"-81.88382620,27.96613918",-81.8838262,27.96613918,,,,,,
6085,EAGLE LAKE,POLK,,,,PUBLIC SCHOOL,,,,,,,,,"-81.74913529,27.98047053",-81.74913529,27.98047053,,,,,,
6086,POLK CITY,POLK,,,,PUBLIC SCHOOL,,,,,,,,,"-81.82284570,28.18136824",-81.8228457,28.18136824,,,,,,
6087,BABSON PARK,POLK,,,,PUBLIC SCHOOL,,,,,,,,,"-81.52696962,27.83258159",-81.52696962,27.83258159,,,,,,
6088,CRESCENT CITY,PUTNAM,,,,PUBLIC SCHOOL,,,,,,,,,"-81.50870826,29.42829587",-81.50870826,29.42829587,,,,,,
6089,CRESCENT CITY,PUTNAM,,,,PUBLIC SCHOOL,,,,,,,,,"-81.53493788,29.47205232",-81.53493788,29.47205232,,,,,,
6090,CRESCENT CITY,PUTNAM,,,,PUBLIC SCHOOL,,,,,,,,,"-81.52278981,29.43969690",-81.52278981,29.4396969,,,,,,
6091,HAWTHORNE,PUTNAM,,,,PUBLIC SCHOOL,,,,,,,,,"-82.03080103,29.63003379",-82.03080103,29.63003379,,,,,,
6092,MELROSE,PUTNAM,,,,PUBLIC SCHOOL,,,,,,,,,"-82.04294240,29.70849520",-82.0429424,29.7084952,,,,,,
6093,PALATKA,PUTNAM,,,,PUBLIC SCHOOL,,,,,,,,,"-81.64800683,29.64027377",-81.64800683,29.64027377,,,,,,
6094,PALATKA,PUTNAM,,,,PUBLIC SCHOOL,,,,,,,,,"-81.70374183,29.64460725",-81.70374183,29.64460725,,,,,,
6095,PALATKA,PUTNAM,,,,PUBLIC SCHOOL,,,,,,,,,"-81.66670164,29.64459465",-81.66670164,29.64459465,,,,,,
6096,PALATKA,PUTNAM,,,,PUBLIC SCHOOL,,,,,,,,,"-81.65504227,29.63778473",-81.65504227,29.63778473,,,,,,
6097,PALATKA,PUTNAM,,,,PUBLIC SCHOOL,,,,,,,,,"-81.70740204,29.63309153",-81.70740204,29.63309153,,,,,,
6098,PALATKA,PUTNAM,,,,PUBLIC SCHOOL,,,,,,,,,"-81.65367298,29.66502948",-81.65367298,29.66502948,,,,,,
6099,PALATKA,PUTNAM,,,,PUBLIC SCHOOL,,,,,,,,,"-81.63626176,29.64610529",-81.63626176,29.64610529,,,,,,
6100,PALATKA,PUTNAM,,,,PUBLIC SCHOOL,,,,,,,,,"-81.69403261,29.63115158",-81.69403261,29.63115158,,,,,,
6101,PALATKA,PUTNAM,,,,PUBLIC SCHOOL,,,,,,,,,"-81.66891190,29.64458753",-81.6689119,29.64458753,,,,,,
6103,PALATKA,PUTNAM,,,,PUBLIC SCHOOL,,,,,,,,,"-81.64615047,29.66013514",-81.64615047,29.66013514,,,,,,
6104,SAN MATEO,PUTNAM,,,,PUBLIC SCHOOL,,,,,,,,,"-81.58254997,29.60942338",-81.58254997,29.60942338,,,,,,
6105,INTERLACHEN,PUTNAM,,,,PUBLIC SCHOOL,,,,,,,,,"-81.88568992,29.63417761",-81.88568992,29.63417761,,,,,,
6106,INTERLACHEN,PUTNAM,,,,PUBLIC SCHOOL,,,,,,,,,"-81.88714920,29.60775080",-81.8871492,29.6077508,,,,,,
6107,INTERLACHEN,PUTNAM,,,,PUBLIC SCHOOL,,,,,,,,,"-81.88546838,29.63070237",-81.88546838,29.63070237,,,,,,
6108,FLORAHOME,PUTNAM,,,,PUBLIC SCHOOL,,,,,,,,,"-81.84774329,29.72623405",-81.84774329,29.72623405,,,,,,
6109,ELKTON,ST. JOHNS,,,,PUBLIC SCHOOL,,,,,,,,,"-81.37381948,29.82850940",-81.37381948,29.8285094,,,,,,
6110,ELKTON,ST. JOHNS,,,,PUBLIC SCHOOL,,,,,,,,,"-81.46443912,29.72643034",-81.46443912,29.72643034,,,,,,
6111,ELKTON,ST. JOHNS,,,,PUBLIC SCHOOL,,,,,,,,,"-81.48961883,29.72239287",-81.48961883,29.72239287,,,,,,
6112,JACKSONVILLE,ST. JOHNS,,,,PUBLIC SCHOOL,,,,,,,,,"-81.60306102,30.11617900",-81.60306102,30.116179,,,,,,
6113,JACKSONVILLE,ST. JOHNS,,,,PUBLIC SCHOOL,,,,,,,,,"-81.55242134,30.10526799",-81.55242134,30.10526799,,,,,,
6114,JACKSONVILLE,ST. JOHNS,,,,PUBLIC SCHOOL,,,,,,,,,"-81.52718422,30.07917765",-81.52718422,30.07917765,,,,,,
6115,JACKSONVILLE,ST. JOHNS,,,,PUBLIC SCHOOL,,,,,,,,,"-81.57816224,30.11067384",-81.57816224,30.11067384,,,,,,
6116,JACKSONVILLE,ST. JOHNS,,,,PUBLIC SCHOOL,,,,,,,,,"-81.64544717,30.06459715",-81.64544717,30.06459715,,,,,,
6117,JACKSONVILLE,ST. JOHNS,,,,PUBLIC SCHOOL,,,,,,,,,"-81.64786639,30.06302032",-81.64786639,30.06302032,,,,,,
6118,JACKSONVILLE,ST. JOHNS,,,,PUBLIC SCHOOL,,,,,,,,,"-81.61215486,30.07676373",-81.61215486,30.07676373,,,,,,
6119,JACKSONVILLE,ST. JOHNS,,,,PUBLIC SCHOOL,,,,,,,,,"-81.56304374,30.08107266",-81.56304374,30.08107266,,,,,,
6120,PONTE VEDRA BEACH,ST. JOHNS,,,,PUBLIC SCHOOL,,,,,,,,,"-81.38231389,30.21418541",-81.38231389,30.21418541,,,,,,
6121,PONTE VEDRA BEACH,ST. JOHNS,,,,PUBLIC SCHOOL,,,,,,,,,"-81.39062125,30.16441174",-81.39062125,30.16441174,,,,,,
6122,PONTE VEDRA BEACH,ST. JOHNS,,,,PUBLIC SCHOOL,,,,,,,,,"-81.39276665,30.16115648",-81.39276665,30.16115648,,,,,,
6123,ST JOHNS,ST. JOHNS,,,,PUBLIC SCHOOL,,,,,,,,,"-81.53799057,30.08297906",-81.53799057,30.08297906,,,,,,
6124,PORT SAINT LUCIE,ST. LUCIE,,,,PUBLIC SCHOOL,,,,,,,,,"-80.31920177,27.34169631",-80.31920177,27.34169631,,,,,,
6125,PORT SAINT LUCIE,ST. LUCIE,,,,PUBLIC SCHOOL,,,,,,,,,"-80.37668759,27.32165221",-80.37668759,27.32165221,,,,,,
6126,PORT SAINT LUCIE,ST. LUCIE,,,,PUBLIC SCHOOL,,,,,,,,,"-80.37926001,27.29867024",-80.37926001,27.29867024,,,,,,
6127,PORT SAINT LUCIE,ST. LUCIE,,,,PUBLIC SCHOOL,,,,,,,,,"-80.37010456,27.34808020",-80.37010456,27.3480802,,,,,,
6128,PORT SAINT LUCIE,ST. LUCIE,,,,PUBLIC SCHOOL,,,,,,,,,"-80.36529857,27.24452102",-80.36529857,27.24452102,,,,,,
6129,PORT SAINT LUCIE,ST. LUCIE,,,,PUBLIC SCHOOL,,,,,,,,,"-80.37854279,27.29499253",-80.37854279,27.29499253,,,,,,
6130,PORT SAINT LUCIE,ST. LUCIE,,,,PUBLIC SCHOOL,,,,,,,,,"-80.29512759,27.27353603",-80.29512759,27.27353603,,,,,,
6131,PORT SAINT LUCIE,ST. LUCIE,,,,PUBLIC SCHOOL,,,,,,,,,"-80.38505789,27.27925251",-80.38505789,27.27925251,,,,,,
6132,PORT SAINT LUCIE,ST. LUCIE,,,,PUBLIC SCHOOL,,,,,,,,,"-80.37652882,27.33684648",-80.37652882,27.33684648,,,,,,
6133,PORT SAINT LUCIE,ST. LUCIE,,,,PUBLIC SCHOOL,,,,,,,,,"-80.32534751,27.29492521",-80.32534751,27.29492521,,,,,,
6134,PORT SAINT LUCIE,ST. LUCIE,,,,PUBLIC SCHOOL,,,,,,,,,"-80.30072483,27.26891706",-80.30072483,27.26891706,,,,,,
6135,PORT SAINT LUCIE,ST. LUCIE,,,,PUBLIC SCHOOL,,,,,,,,,"-80.37252426,27.24566405",-80.37252426,27.24566405,,,,,,
6136,PORT SAINT LUCIE,ST. LUCIE,,,,PUBLIC SCHOOL,,,,,,,,,"-80.35033405,27.36173372",-80.35033405,27.36173372,,,,,,
6137,PORT SAINT LUCIE,ST. LUCIE,,,,PUBLIC SCHOOL,,,,,,,,,"-80.35235347,27.32437150",-80.35235347,27.3243715,,,,,,
6138,PORT SAINT LUCIE,ST. LUCIE,,,,PUBLIC SCHOOL,,,,,,,,,"-80.44810470,27.32934688",-80.4481047,27.32934688,,,,,,
6139,PORT SAINT LUCIE,ST. LUCIE,,,,PUBLIC SCHOOL,,,,,,,,,"-80.28608459,27.28981197",-80.28608459,27.28981197,,,,,,
6140,PORT SAINT LUCIE,ST. LUCIE,,,,PUBLIC SCHOOL,,,,,,,,,"-80.43294704,27.27444302",-80.43294704,27.27444302,,,,,,
6141,PORT SAINT LUCIE,ST. LUCIE,,,,PUBLIC SCHOOL,,,,,,,,,"-80.35541150,27.36144098",-80.3554115,27.36144098,,,,,,
6142,PORT SAINT LUCIE,ST. LUCIE,,,,PUBLIC SCHOOL,,,,,,,,,"-80.26928071,27.26997518",-80.26928071,27.26997518,,,,,,
6143,PORT SAINT LUCIE,ST. LUCIE,,,,PUBLIC SCHOOL,,,,,,,,,"-80.36401281,27.29138352",-80.36401281,27.29138352,,,,,,
6144,PORT SAINT LUCIE,ST. LUCIE,,,,PUBLIC SCHOOL,,,,,,,,,"-80.28257965,27.30558503",-80.28257965,27.30558503,,,,,,
6145,PORT SAINT LUCIE,ST. LUCIE,,,,PUBLIC SCHOOL,,,,,,,,,"-80.39557014,27.29915690",-80.39557014,27.2991569,,,,,,
6146,PORT SAINT LUCIE,ST. LUCIE,,,,PUBLIC SCHOOL,,,,,,,,,"-80.39868837,27.32578441",-80.39868837,27.32578441,,,,,,
6147,PORT SAINT LUCIE,ST. LUCIE,,,,PUBLIC SCHOOL,,,,,,,,,"-80.37387147,27.21418277",-80.37387147,27.21418277,,,,,,
6148,FT PIERCE,ST. LUCIE,,,,PUBLIC SCHOOL,,,,,,,,,"-80.34761596,27.46642275",-80.34761596,27.46642275,,,,,,
6149,PORT ST. LUCIE,ST. LUCIE,,,,PUBLIC SCHOOL,,,,,,,,,"-80.43266074,27.26371716",-80.43266074,27.26371716,,,,,,
6150,MILTON,SANTA ROSA,,,,PUBLIC SCHOOL,,,,,,,,,"-87.09459722,30.57128605",-87.09459722,30.57128605,,,,,,
6151,MILTON,SANTA ROSA,,,,PUBLIC SCHOOL,,,,,,,,,"-87.04265148,30.62745529",-87.04265148,30.62745529,,,,,,
6152,MILTON,SANTA ROSA,,,,PUBLIC SCHOOL,,,,,,,,,"-87.06517496,30.62851437",-87.06517496,30.62851437,,,,,,
6153,MILTON,SANTA ROSA,,,,PUBLIC SCHOOL,,,,,,,,,"-87.15393264,30.61392485",-87.15393264,30.61392485,,,,,,
6154,MILTON,SANTA ROSA,,,,PUBLIC SCHOOL,,,,,,,,,"-87.04455284,30.64846299",-87.04455284,30.64846299,,,,,,
6155,MILTON,SANTA ROSA,,,,PUBLIC SCHOOL,,,,,,,,,"-87.04435940,30.63262878",-87.0443594,30.63262878,,,,,,
6156,MILTON,SANTA ROSA,,,,PUBLIC SCHOOL,,,,,,,,,"-87.04082925,30.62446375",-87.04082925,30.62446375,,,,,,
6157,MILTON,SANTA ROSA,,,,PUBLIC SCHOOL,,,,,,,,,"-87.04249820,30.61483626",-87.0424982,30.61483626,,,,,,
6158,MILTON,SANTA ROSA,,,,PUBLIC SCHOOL,,,,,,,,,"-87.16816693,30.63548777",-87.16816693,30.63548777,,,,,,
6159,MILTON,SANTA ROSA,,,,PUBLIC SCHOOL,,,,,,,,,"-87.09971858,30.64807019",-87.09971858,30.64807019,,,,,,
6160,MILTON,SANTA ROSA,,,,PUBLIC SCHOOL,,,,,,,,,"-87.02970483,30.59841029",-87.02970483,30.59841029,,,,,,
6161,MILTON,SANTA ROSA,,,,PUBLIC SCHOOL,,,,,,,,,"-87.11192045,30.60865763",-87.11192045,30.60865763,,,,,,
6162,MILTON,SANTA ROSA,,,,PUBLIC SCHOOL,,,,,,,,,"-87.15416349,30.60308228",-87.15416349,30.60308228,,,,,,
6163,MILTON,SANTA ROSA,,,,PUBLIC SCHOOL,,,,,,,,,"-87.11688078,30.64740999",-87.11688078,30.64740999,,,,,,
6164,MILTON,SANTA ROSA,,,,PUBLIC SCHOOL,,,,,,,,,"-87.04427379,30.65049437",-87.04427379,30.65049437,,,,,,
6165,MILTON,SANTA ROSA,,,,PUBLIC SCHOOL,,,,,,,,,"-87.07539136,30.76370121",-87.07539136,30.76370121,,,,,,
6166,MILTON,SANTA ROSA,,,,PUBLIC SCHOOL,,,,,,,,,"-87.04797269,30.63737371",-87.04797269,30.63737371,,,,,,
6167,MILTON,SANTA ROSA,,,,PUBLIC SCHOOL,,,,,,,,,"-87.03862561,30.61947416",-87.03862561,30.61947416,,,,,,
6168,MILTON,SANTA ROSA,,,,PUBLIC SCHOOL,,,,,,,,,"-87.01987857,30.62209405",-87.01987857,30.62209405,,,,,,
6169,MILTON,SANTA ROSA,,,,PUBLIC SCHOOL,,,,,,,,,"-87.09717294,30.57080571",-87.09717294,30.57080571,,,,,,
6170,MILTON,SANTA ROSA,,,,PUBLIC SCHOOL,,,,,,,,,"-87.16587498,30.63754792",-87.16587498,30.63754792,,,,,,
6171,NAVARRE,SANTA ROSA,,,,PUBLIC SCHOOL,,,,,,,,,"-86.88939366,30.40632448",-86.88939366,30.40632448,,,,,,
6172,NAVARRE,SANTA ROSA,,,,PUBLIC SCHOOL,,,,,,,,,"-86.91911025,30.40530029",-86.91911025,30.40530029,,,,,,
6173,NAVARRE,SANTA ROSA,,,,PUBLIC SCHOOL,,,,,,,,,"-86.88795601,30.40622425",-86.88795601,30.40622425,,,,,,
6174,NAVARRE,SANTA ROSA,,,,PUBLIC SCHOOL,,,,,,,,,"-86.88735868,30.40453747",-86.88735868,30.40453747,,,,,,
6175,NAVARRE,SANTA ROSA,,,,PUBLIC SCHOOL,,,,,,,,,"-86.93259203,30.40704765",-86.93259203,30.40704765,,,,,,
6176,NAVARRE,SANTA ROSA,,,,PUBLIC SCHOOL,,,,,,,,,"-86.86220770,30.42319189",-86.8622077,30.42319189,,,,,,
6177,GULF BREEZE,SANTA ROSA,,,,PUBLIC SCHOOL,,,,,,,,,"-87.00922394,30.39194145",-87.00922394,30.39194145,,,,,,
6178,GULF BREEZE,SANTA ROSA,,,,PUBLIC SCHOOL,,,,,,,,,"-87.16931334,30.36085018",-87.16931334,30.36085018,,,,,,
6179,GULF BREEZE,SANTA ROSA,,,,PUBLIC SCHOOL,,,,,,,,,"-87.16844856,30.35908423",-87.16844856,30.35908423,,,,,,
6180,GULF BREEZE,SANTA ROSA,,,,PUBLIC SCHOOL,,,,,,,,,"-87.09421842,30.38370506",-87.09421842,30.38370506,,,,,,
6181,GULF BREEZE,SANTA ROSA,,,,PUBLIC SCHOOL,,,,,,,,,"-87.16741960,30.35778683",-87.1674196,30.35778683,,,,,,
6182,JAY,SANTA ROSA,,,,PUBLIC SCHOOL,,,,,,,,,"-87.15834303,30.94162141",-87.15834303,30.94162141,,,,,,
6183,JAY,SANTA ROSA,,,,PUBLIC SCHOOL,,,,,,,,,"-87.22287707,30.77980103",-87.22287707,30.77980103,,,,,,
6184,JAY,SANTA ROSA,,,,PUBLIC SCHOOL,,,,,,,,,"-87.15774572,30.94014123",-87.15774572,30.94014123,,,,,,
6185,NORTH PORT,SARASOTA,,,,PUBLIC SCHOOL,,,,,,,,,"-82.22479357,27.07419655",-82.22479357,27.07419655,,,,,,
6186,NORTH PORT,SARASOTA,,,,PUBLIC SCHOOL,,,,,,,,,"-82.11782710,27.08445579",-82.1178271,27.08445579,,,,,,
6187,NORTH PORT,SARASOTA,,,,PUBLIC SCHOOL,,,,,,,,,"-82.14791649,27.06672438",-82.14791649,27.06672438,,,,,,
6188,NORTH PORT,SARASOTA,,,,PUBLIC SCHOOL,,,,,,,,,"-82.18636694,27.09730464",-82.18636694,27.09730464,,,,,,
6189,NORTH PORT,SARASOTA,,,,PUBLIC SCHOOL,,,,,,,,,"-82.10822677,27.06367958",-82.10822677,27.06367958,,,,,,
6190,NORTH PORT,SARASOTA,,,,PUBLIC SCHOOL,,,,,,,,,"-82.18863966,27.05660484",-82.18863966,27.05660484,,,,,,
6191,NORTH PORT,SARASOTA,,,,PUBLIC SCHOOL,,,,,,,,,"-82.22749775,27.06905227",-82.22749775,27.06905227,,,,,,
6192,NORTH PORT,SARASOTA,,,,PUBLIC SCHOOL,,,,,,,,,"-82.23758301,27.07576356",-82.23758301,27.07576356,,,,,,
6193,NORTH PORT,SARASOTA,,,,PUBLIC SCHOOL,,,,,,,,,"-82.15620196,27.08888666",-82.15620196,27.08888666,,,,,,
6194,SARASOTA,SARASOTA,,,,PUBLIC SCHOOL,,,,,,,,,"-82.48191652,27.26340659",-82.48191652,27.26340659,,,,,,
6195,SARASOTA,SARASOTA,,,,PUBLIC SCHOOL,,,,,,,,,"-82.49838711,27.29030413",-82.49838711,27.29030413,,,,,,
6196,SARASOTA,SARASOTA,,,,PUBLIC SCHOOL,,,,,,,,,"-82.47811807,27.33744938",-82.47811807,27.33744938,,,,,,
6197,SARASOTA,SARASOTA,,,,PUBLIC SCHOOL,,,,,,,,,"-82.49904849,27.28697942",-82.49904849,27.28697942,,,,,,
6198,SARASOTA,SARASOTA,,,,PUBLIC SCHOOL,,,,,,,,,"-82.53918625,27.36568977",-82.53918625,27.36568977,,,,,,
6199,SARASOTA,SARASOTA,,,,PUBLIC SCHOOL,,,,,,,,,"-82.52554859,27.32753360",-82.52554859,27.3275336,,,,,,
6200,SARASOTA,SARASOTA,,,,PUBLIC SCHOOL,,,,,,,,,"-82.47432065,27.31064197",-82.47432065,27.31064197,,,,,,
6201,SARASOTA,SARASOTA,,,,PUBLIC SCHOOL,,,,,,,,,"-82.47540329,27.34809310",-82.47540329,27.3480931,,,,,,
6202,SARASOTA,SARASOTA,,,,PUBLIC SCHOOL,,,,,,,,,"-82.50010001,27.36280000",-82.50010001,27.3628,,,,,,
6203,SARASOTA,SARASOTA,,,,PUBLIC SCHOOL,,,,,,,,,"-82.50894353,27.26102690",-82.50894353,27.2610269,,,,,,
6204,SARASOTA,SARASOTA,,,,PUBLIC SCHOOL,,,,,,,,,"-82.49959476,27.28569667",-82.49959476,27.28569667,,,,,,
6205,SARASOTA,SARASOTA,,,,PUBLIC SCHOOL,,,,,,,,,"-82.52327387,27.35782232",-82.52327387,27.35782232,,,,,,
6206,SARASOTA,SARASOTA,,,,PUBLIC SCHOOL,,,,,,,,,"-82.54301671,27.34203259",-82.54301671,27.34203259,,,,,,
6207,SARASOTA,SARASOTA,,,,PUBLIC SCHOOL,,,,,,,,,"-82.55129990,27.36202363",-82.5512999,27.36202363,,,,,,
6208,SARASOTA,SARASOTA,,,,PUBLIC SCHOOL,,,,,,,,,"-82.47135778,27.32917347",-82.47135778,27.32917347,,,,,,
6209,SARASOTA,SARASOTA,,,,PUBLIC SCHOOL,,,,,,,,,"-82.52825488,27.28547107",-82.52825488,27.28547107,,,,,,
6210,SARASOTA,SARASOTA,,,,PUBLIC SCHOOL,,,,,,,,,"-82.51887220,27.32486235",-82.5188722,27.32486235,,,,,,
6211,SARASOTA,SARASOTA,,,,PUBLIC SCHOOL,,,,,,,,,"-82.42567329,27.28810461",-82.42567329,27.28810461,,,,,,
6212,SARASOTA,SARASOTA,,,,PUBLIC SCHOOL,,,,,,,,,"-82.51266449,27.34402947",-82.51266449,27.34402947,,,,,,
6213,SARASOTA,SARASOTA,,,,PUBLIC SCHOOL,,,,,,,,,"-82.42780328,27.28654073",-82.42780328,27.28654073,,,,,,
6214,SARASOTA,SARASOTA,,,,PUBLIC SCHOOL,,,,,,,,,"-82.41142047,27.26094246",-82.41142047,27.26094246,,,,,,
6215,SARASOTA,SARASOTA,,,,PUBLIC SCHOOL,,,,,,,,,"-82.46321691,27.33152917",-82.46321691,27.33152917,,,,,,
6216,SARASOTA,SARASOTA,,,,PUBLIC SCHOOL,,,,,,,,,"-82.52489883,27.32518704",-82.52489883,27.32518704,,,,,,
6217,SARASOTA,SARASOTA,,,,PUBLIC SCHOOL,,,,,,,,,"-82.39941591,27.33936890",-82.39941591,27.3393689,,,,,,
6218,SARASOTA,SARASOTA,,,,PUBLIC SCHOOL,,,,,,,,,"-82.51965266,27.28258674",-82.51965266,27.28258674,,,,,,
6219,SARASOTA,SARASOTA,,,,PUBLIC SCHOOL,,,,,,,,,"-82.47124097,27.27510974",-82.47124097,27.27510974,,,,,,
6220,SARASOTA,SARASOTA,,,,PUBLIC SCHOOL,,,,,,,,,"-82.53888093,27.34377002",-82.53888093,27.34377002,,,,,,
6221,SARASOTA,SARASOTA,,,,PUBLIC SCHOOL,,,,,,,,,"-82.50030183,27.28919322",-82.50030183,27.28919322,,,,,,
6222,SARASOTA,SARASOTA,,,,PUBLIC SCHOOL,,,,,,,,,"-82.46736181,27.27818065",-82.46736181,27.27818065,,,,,,
6223,SARASOTA,SARASOTA,,,,PUBLIC SCHOOL,,,,,,,,,"-82.53184441,27.27970074",-82.53184441,27.27970074,,,,,,
6224,SARASOTA,SARASOTA,,,,PUBLIC SCHOOL,,,,,,,,,"-82.53186809,27.30878565",-82.53186809,27.30878565,,,,,,
6225,SARASOTA,SARASOTA,,,,PUBLIC SCHOOL,,,,,,,,,"-82.52367058,27.36764463",-82.52367058,27.36764463,,,,,,
6226,SARASOTA,SARASOTA,,,,PUBLIC SCHOOL,,,,,,,,,"-82.53928405,27.35279958",-82.53928405,27.35279958,,,,,,
6227,SARASOTA,SARASOTA,,,,PUBLIC SCHOOL,,,,,,,,,"-82.52507721,27.30055021",-82.52507721,27.30055021,,,,,,
6228,SARASOTA,SARASOTA,,,,PUBLIC SCHOOL,,,,,,,,,"-82.41947804,27.32584762",-82.41947804,27.32584762,,,,,,
6229,SARASOTA,SARASOTA,,,,PUBLIC SCHOOL,,,,,,,,,"-82.47083155,27.38178628",-82.47083155,27.38178628,,,,,,
6230,VENICE,SARASOTA,,,,PUBLIC SCHOOL,,,,,,,,,"-82.35356348,27.07691486",-82.35356348,27.07691486,,,,,,
6231,VENICE,SARASOTA,,,,PUBLIC SCHOOL,,,,,,,,,"-82.35955457,27.04442727",-82.35955457,27.04442727,,,,,,
6232,VENICE,SARASOTA,,,,PUBLIC SCHOOL,,,,,,,,,"-82.39968846,27.07762780",-82.39968846,27.0776278,,,,,,
6233,VENICE,SARASOTA,,,,PUBLIC SCHOOL,,,,,,,,,"-82.41900637,27.12474521",-82.41900637,27.12474521,,,,,,
6234,VENICE,SARASOTA,,,,PUBLIC SCHOOL,,,,,,,,,"-82.39976944,27.08005500",-82.39976944,27.080055,,,,,,
6235,VENICE,SARASOTA,,,,PUBLIC SCHOOL,,,,,,,,,"-82.44205041,27.08141464",-82.44205041,27.08141464,,,,,,
6236,VENICE,SARASOTA,,,,PUBLIC SCHOOL,,,,,,,,,"-82.44178090,27.09801798",-82.4417809,27.09801798,,,,,,
6237,VENICE,SARASOTA,,,,PUBLIC SCHOOL,,,,,,,,,"-82.44146109,27.09521621",-82.44146109,27.09521621,,,,,,
6238,OSPREY,SARASOTA,,,,PUBLIC SCHOOL,,,,,,,,,"-82.47938374,27.18634012",-82.47938374,27.18634012,,,,,,
6239,NOKOMIS,SARASOTA,,,,PUBLIC SCHOOL,,,,,,,,,"-82.42640095,27.13566326",-82.42640095,27.13566326,,,,,,
6240,ENGLEWOOD,SARASOTA,,,,PUBLIC SCHOOL,,,,,,,,,"-82.35793715,26.96516500",-82.35793715,26.965165,,,,,,
6241,OVIEDO,SEMINOLE,,,,PUBLIC SCHOOL,,,,,,,,,"-81.17788521,28.68542122",-81.17788521,28.68542122,,,,,,
6242,OVIEDO,SEMINOLE,,,,PUBLIC SCHOOL,,,,,,,,,"-81.15625266,28.64980008",-81.15625266,28.64980008,,,,,,
6243,OVIEDO,SEMINOLE,,,,PUBLIC SCHOOL,,,,,,,,,"-81.18195584,28.62560012",-81.18195584,28.62560012,,,,,,
6244,OVIEDO,SEMINOLE,,,,PUBLIC SCHOOL,,,,,,,,,"-81.12786665,28.64782367",-81.12786665,28.64782367,,,,,,
6245,OVIEDO,SEMINOLE,,,,PUBLIC SCHOOL,,,,,,,,,"-81.21081924,28.66841565",-81.21081924,28.66841565,,,,,,
6246,OVIEDO,SEMINOLE,,,,PUBLIC SCHOOL,,,,,,,,,"-81.19094753,28.65354413",-81.19094753,28.65354413,,,,,,
6247,OVIEDO,SEMINOLE,,,,PUBLIC SCHOOL,,,,,,,,,"-81.17795737,28.62476498",-81.17795737,28.62476498,,,,,,
6248,OVIEDO,SEMINOLE,,,,PUBLIC SCHOOL,,,,,,,,,"-81.20495395,28.64204920",-81.20495395,28.6420492,,,,,,
6249,OVIEDO,SEMINOLE,,,,PUBLIC SCHOOL,,,,,,,,,"-81.19570000,28.66809999",-81.1957,28.66809999,,,,,,
6250,OVIEDO,SEMINOLE,,,,PUBLIC SCHOOL,,,,,,,,,"-81.21851625,28.67321304",-81.21851625,28.67321304,,,,,,
6251,OVIEDO,SEMINOLE,,,,PUBLIC SCHOOL,,,,,,,,,"-81.26406309,28.63444063",-81.26406309,28.63444063,,,,,,
6252,OVIEDO,SEMINOLE,,,,PUBLIC SCHOOL,,,,,,,,,"-81.15488627,28.65296171",-81.15488627,28.65296171,,,,,,
6253,ALTAMONTE SPRINGS,SEMINOLE,,,,PUBLIC SCHOOL,,,,,,,,,"-81.42391957,28.67847680",-81.42391957,28.6784768,,,,,,
6254,ALTAMONTE SPRINGS,SEMINOLE,,,,PUBLIC SCHOOL,,,,,,,,,"-81.37132675,28.64805246",-81.37132675,28.64805246,,,,,,
6255,ALTAMONTE SPRINGS,SEMINOLE,,,,PUBLIC SCHOOL,,,,,,,,,"-81.37170759,28.68090383",-81.37170759,28.68090383,,,,,,
6256,ALTAMONTE SPRINGS,SEMINOLE,,,,PUBLIC SCHOOL,,,,,,,,,"-81.41013754,28.65971522",-81.41013754,28.65971522,,,,,,
6258,SANFORD,SEMINOLE,,,,PUBLIC SCHOOL,,,,,,,,,"-81.25524436,28.77699780",-81.25524436,28.7769978,,,,,,
6259,SANFORD,SEMINOLE,,,,PUBLIC SCHOOL,,,,,,,,,"-81.29008438,28.80221042",-81.29008438,28.80221042,,,,,,
6260,SANFORD,SEMINOLE,,,,PUBLIC SCHOOL,,,,,,,,,"-81.28431469,28.77554375",-81.28431469,28.77554375,,,,,,
6261,SANFORD,SEMINOLE,,,,PUBLIC SCHOOL,,,,,,,,,"-81.28250486,28.79559156",-81.28250486,28.79559156,,,,,,
6262,SANFORD,SEMINOLE,,,,PUBLIC SCHOOL,,,,,,,,,"-81.24062183,28.78857810",-81.24062183,28.7885781,,,,,,
6263,SANFORD,SEMINOLE,,,,PUBLIC SCHOOL,,,,,,,,,"-81.22743219,28.78894931",-81.22743219,28.78894931,,,,,,
6264,SANFORD,SEMINOLE,,,,PUBLIC SCHOOL,,,,,,,,,"-81.30936591,28.79226729",-81.30936591,28.79226729,,,,,,
6265,SANFORD,SEMINOLE,,,,PUBLIC SCHOOL,,,,,,,,,"-81.28296299,28.77941063",-81.28296299,28.77941063,,,,,,
6266,SANFORD,SEMINOLE,,,,PUBLIC SCHOOL,,,,,,,,,"-81.27130001,28.77780002",-81.27130001,28.77780002,,,,,,
6267,SANFORD,SEMINOLE,,,,PUBLIC SCHOOL,,,,,,,,,"-81.29815353,28.74863165",-81.29815353,28.74863165,,,,,,
6268,SANFORD,SEMINOLE,,,,PUBLIC SCHOOL,,,,,,,,,"-81.33001727,28.79471634",-81.33001727,28.79471634,,,,,,
6269,SANFORD,SEMINOLE,,,,PUBLIC SCHOOL,,,,,,,,,"-81.36235900,28.80175743",-81.362359,28.80175743,,,,,,
6270,SANFORD,SEMINOLE,,,,PUBLIC SCHOOL,,,,,,,,,"-81.27463526,28.79602866",-81.27463526,28.79602866,,,,,,
6271,SANFORD,SEMINOLE,,,,PUBLIC SCHOOL,,,,,,,,,"-81.29879244,28.74778772",-81.29879244,28.74778772,,,,,,
6272,SANFORD,SEMINOLE,,,,PUBLIC SCHOOL,,,,,,,,,"-81.28409625,28.75791550",-81.28409625,28.7579155,,,,,,
6273,SANFORD,SEMINOLE,,,,PUBLIC SCHOOL,,,,,,,,,"-81.29490353,28.77936914",-81.29490353,28.77936914,,,,,,
6274,SANFORD,SEMINOLE,,,,PUBLIC SCHOOL,,,,,,,,,"-81.25695464,28.80199757",-81.25695464,28.80199757,,,,,,
6275,SANFORD,SEMINOLE,,,,PUBLIC SCHOOL,,,,,,,,,"-81.25319111,28.80484772",-81.25319111,28.80484772,,,,,,
6276,SANFORD,SEMINOLE,,,,PUBLIC SCHOOL,,,,,,,,,"-81.25398305,28.80188530",-81.25398305,28.8018853,,,,,,
6277,LONGWOOD,SEMINOLE,,,,PUBLIC SCHOOL,,,,,,,,,"-81.37113954,28.70514432",-81.37113954,28.70514432,,,,,,
6278,LONGWOOD,SEMINOLE,,,,PUBLIC SCHOOL,,,,,,,,,"-81.37131471,28.71586994",-81.37131471,28.71586994,,,,,,
6279,LONGWOOD,SEMINOLE,,,,PUBLIC SCHOOL,,,,,,,,,"-81.41877037,28.70379554",-81.41877037,28.70379554,,,,,,
6280,LONGWOOD,SEMINOLE,,,,PUBLIC SCHOOL,,,,,,,,,"-81.34413044,28.68726009",-81.34413044,28.68726009,,,,,,
6281,LONGWOOD,SEMINOLE,,,,PUBLIC SCHOOL,,,,,,,,,"-81.44029183,28.68793225",-81.44029183,28.68793225,,,,,,
6282,LONGWOOD,SEMINOLE,,,,PUBLIC SCHOOL,,,,,,,,,"-81.42404197,28.68107712",-81.42404197,28.68107712,,,,,,
6283,WINTER SPRINGS,SEMINOLE,,,,PUBLIC SCHOOL,,,,,,,,,"-81.26387817,28.68756460",-81.26387817,28.6875646,,,,,,
6284,WINTER SPRINGS,SEMINOLE,,,,PUBLIC SCHOOL,,,,,,,,,"-81.27156532,28.70573838",-81.27156532,28.70573838,,,,,,
6285,WINTER SPRINGS,SEMINOLE,,,,PUBLIC SCHOOL,,,,,,,,,"-81.26386293,28.68529782",-81.26386293,28.68529782,,,,,,
6286,WINTER SPRINGS,SEMINOLE,,,,PUBLIC SCHOOL,,,,,,,,,"-81.25338085,28.65375586",-81.25338085,28.65375586,,,,,,
6287,WINTER SPRINGS,SEMINOLE,,,,PUBLIC SCHOOL,,,,,,,,,"-81.29366876,28.70663273",-81.29366876,28.70663273,,,,,,
6288,WINTER SPRINGS,SEMINOLE,,,,PUBLIC SCHOOL,,,,,,,,,"-81.26518931,28.70372950",-81.26518931,28.7037295,,,,,,
6289,WINTER SPRINGS,SEMINOLE,,,,PUBLIC SCHOOL,,,,,,,,,"-81.31770631,28.71653663",-81.31770631,28.71653663,,,,,,
6290,WINTER SPRINGS,SEMINOLE,,,,PUBLIC SCHOOL,,,,,,,,,"-81.31251017,28.69682346",-81.31251017,28.69682346,,,,,,
6291,LAKE MARY,SEMINOLE,,,,PUBLIC SCHOOL,,,,,,,,,"-81.30604519,28.73623287",-81.30604519,28.73623287,,,,,,
6292,LAKE MARY,SEMINOLE,,,,PUBLIC SCHOOL,,,,,,,,,"-81.33656296,28.73686157",-81.33656296,28.73686157,,,,,,
6293,LAKE MARY,SEMINOLE,,,,PUBLIC SCHOOL,,,,,,,,,"-81.34418693,28.76177620",-81.34418693,28.7617762,,,,,,
6294,LAKE MARY,SEMINOLE,,,,PUBLIC SCHOOL,,,,,,,,,"-81.38300210,28.78274942",-81.3830021,28.78274942,,,,,,
6295,LAKE MARY,SEMINOLE,,,,PUBLIC SCHOOL,,,,,,,,,"-81.38332320,28.78460461",-81.3833232,28.78460461,,,,,,
6296,LAKE MARY,SEMINOLE,,,,PUBLIC SCHOOL,,,,,,,,,"-81.30665744,28.77364799",-81.30665744,28.77364799,,,,,,
6297,LAKE MARY,SEMINOLE,,,,PUBLIC SCHOOL,,,,,,,,,"-81.32330575,28.75489160",-81.32330575,28.7548916,,,,,,
6298,LAKE MARY,SEMINOLE,,,,PUBLIC SCHOOL,,,,,,,,,"-81.34028918,28.73552026",-81.34028918,28.73552026,,,,,,
6299,APOPKA,SEMINOLE,,,,PUBLIC SCHOOL,,,,,,,,,"-81.44929491,28.66649688",-81.44929491,28.66649688,,,,,,
6300,APOPKA,SEMINOLE,,,,PUBLIC SCHOOL,,,,,,,,,"-81.43659636,28.65706993",-81.43659636,28.65706993,,,,,,
6301,WINTER PARK,SEMINOLE,,,,PUBLIC SCHOOL,,,,,,,,,"-81.29382676,28.62069294",-81.29382676,28.62069294,,,,,,
6302,WINTER PARK,SEMINOLE,,,,PUBLIC SCHOOL,,,,,,,,,"-81.27356851,28.63771306",-81.27356851,28.63771306,,,,,,
6303,CASSELBERRY,SEMINOLE,,,,PUBLIC SCHOOL,,,,,,,,,"-81.34030386,28.64909762",-81.34030386,28.64909762,,,,,,
6304,CASSELBERRY,SEMINOLE,,,,PUBLIC SCHOOL,,,,,,,,,"-81.30472457,28.65235953",-81.30472457,28.65235953,,,,,,
6305,CASSELBERRY,SEMINOLE,,,,PUBLIC SCHOOL,,,,,,,,,"-81.31727676,28.66062097",-81.31727676,28.66062097,,,,,,
6306,CASSELBERRY,SEMINOLE,,,,PUBLIC SCHOOL,,,,,,,,,"-81.34587551,28.68028558",-81.34587551,28.68028558,,,,,,
6307,CASSELBERRY,SEMINOLE,,,,PUBLIC SCHOOL,,,,,,,,,"-81.28228445,28.64894353",-81.28228445,28.64894353,,,,,,
6308,CASSELBERRY,SEMINOLE,,,,PUBLIC SCHOOL,,,,,,,,,"-81.31959253,28.66045806",-81.31959253,28.66045806,,,,,,
6309,GENEVA,SEMINOLE,,,,PUBLIC SCHOOL,,,,,,,,,"-81.11442593,28.73854290",-81.11442593,28.7385429,,,,,,
6310,THE VILLAGES ,SUMTER,,,,PUBLIC SCHOOL,,,,,,,,,"-82.02784974,28.92640774",-82.02784974,28.92640774,,,,,,
6311,BUSHNELL,SUMTER,,,,PUBLIC SCHOOL,,,,,,,,,"-82.14725507,28.65921801",-82.14725507,28.65921801,,,,,,
6312,BUSHNELL,SUMTER,,,,PUBLIC SCHOOL,,,,,,,,,"-82.11318715,28.67255434",-82.11318715,28.67255434,,,,,,
6313,BUSHNELL,SUMTER,,,,PUBLIC SCHOOL,,,,,,,,,"-82.12013939,28.67284381",-82.12013939,28.67284381,,,,,,
6314,BUSHNELL,SUMTER,,,,PUBLIC SCHOOL,,,,,,,,,"-82.11577036,28.66275054",-82.11577036,28.66275054,,,,,,
6315,WEBSTER,SUMTER,,,,PUBLIC SCHOOL,,,,,,,,,"-82.06413007,28.62047746",-82.06413007,28.62047746,,,,,,
6316,WEBSTER,SUMTER,,,,PUBLIC SCHOOL,,,,,,,,,"-82.05392232,28.60576637",-82.05392232,28.60576637,,,,,,
6317,The Villages,SUMTER,,,,PUBLIC SCHOOL,,,,,,,,,"-82.02517533,28.92505193",-82.02517533,28.92505193,,,,,,
6318,LAKE PANASOFFKEE,SUMTER,,,,PUBLIC SCHOOL,,,,,,,,,"-82.12191802,28.76771747",-82.12191802,28.76771747,,,,,,
6319,WILDWOOD,SUMTER,,,,PUBLIC SCHOOL,,,,,,,,,"-82.03947955,28.85760103",-82.03947955,28.85760103,,,,,,
6320,WILDWOOD,SUMTER,,,,PUBLIC SCHOOL,,,,,,,,,"-82.03235470,28.85717748",-82.0323547,28.85717748,,,,,,
6321,Wildwood,SUMTER,,,,PUBLIC SCHOOL,,,,,,,,,"-82.03660260,28.86460619",-82.0366026,28.86460619,,,,,,
6322,SUMTERVILLE,SUMTER,,,,PUBLIC SCHOOL,,,,,,,,,"-82.06183661,28.73722775",-82.06183661,28.73722775,,,,,,
6323,SUMTERVILLE,SUMTER,,,,PUBLIC SCHOOL,,,,,,,,,"-82.06123781,28.73639504",-82.06123781,28.73639504,,,,,,
6324,PERRY,TAYLOR,,,,PUBLIC SCHOOL,,,,,,,,,"-83.56987676,30.12109888",-83.56987676,30.12109888,,,,,,
6325,PERRY,TAYLOR,,,,PUBLIC SCHOOL,,,,,,,,,"-83.56620257,30.07780867",-83.56620257,30.07780867,,,,,,
6326,PERRY,TAYLOR,,,,PUBLIC SCHOOL,,,,,,,,,"-83.56441118,30.11944919",-83.56441118,30.11944919,,,,,,
6327,PERRY,TAYLOR,,,,PUBLIC SCHOOL,,,,,,,,,"-83.57717786,30.12092496",-83.57717786,30.12092496,,,,,,
6328,PERRY,TAYLOR,,,,PUBLIC SCHOOL,,,,,,,,,"-83.57381945,30.12602415",-83.57381945,30.12602415,,,,,,
6329,PERRY,TAYLOR,,,,PUBLIC SCHOOL,,,,,,,,,"-83.57295428,30.12111967",-83.57295428,30.12111967,,,,,,
6330,PERRY,TAYLOR,,,,PUBLIC SCHOOL,,,,,,,,,"-83.56969839,30.12266168",-83.56969839,30.12266168,,,,,,
6331,STEINHATCHEE,TAYLOR,,,,PUBLIC SCHOOL,,,,,,,,,"-83.37577975,29.67330753",-83.37577975,29.67330753,,,,,,
6332,LAKE BUTLER,UNION,,,,PUBLIC SCHOOL,,,,,,,,,"-82.33966718,30.01527770",-82.33966718,30.0152777,,,,,,
6333,LAKE BUTLER,UNION,,,,PUBLIC SCHOOL,,,,,,,,,"-82.34800202,30.01634298",-82.34800202,30.01634298,,,,,,
6334,LAKE BUTLER,UNION,,,,PUBLIC SCHOOL,,,,,,,,,"-82.33932259,30.01761176",-82.33932259,30.01761176,,,,,,
6335,LAKE BUTLER,UNION,,,,PUBLIC SCHOOL,,,,,,,,,"-82.33875901,30.01836314",-82.33875901,30.01836314,,,,,,
6337,RAIFORD,UNION,,,,PUBLIC SCHOOL,,,,,,,,,"-82.19377024,30.08567722",-82.19377024,30.08567722,,,,,,
6338,ORMOND BEACH,VOLUSIA,,,,PUBLIC SCHOOL,,,,,,,,,"-81.09454739,29.23967041",-81.09454739,29.23967041,,,,,,
6339,ORMOND BEACH,VOLUSIA,,,,PUBLIC SCHOOL,,,,,,,,,"-81.07020487,29.30794866",-81.07020487,29.30794866,,,,,,
6340,ORMOND BEACH,VOLUSIA,,,,PUBLIC SCHOOL,,,,,,,,,"-81.03986319,29.28709778",-81.03986319,29.28709778,,,,,,
6341,ORMOND BEACH,VOLUSIA,,,,PUBLIC SCHOOL,,,,,,,,,"-81.05771465,29.28378824",-81.05771465,29.28378824,,,,,,
6342,ORMOND BEACH,VOLUSIA,,,,PUBLIC SCHOOL,,,,,,,,,"-81.13510952,29.27226160",-81.13510952,29.2722616,,,,,,
6343,ORMOND BEACH,VOLUSIA,,,,PUBLIC SCHOOL,,,,,,,,,"-81.05921520,29.27937476",-81.0592152,29.27937476,,,,,,
6344,ORMOND BEACH,VOLUSIA,,,,PUBLIC SCHOOL,,,,,,,,,"-81.11413271,29.27521831",-81.11413271,29.27521831,,,,,,
6345,ORMOND BEACH,VOLUSIA,,,,PUBLIC SCHOOL,,,,,,,,,"-81.09061787,29.27505861",-81.09061787,29.27505861,,,,,,
6346,DELTONA,VOLUSIA,,,,PUBLIC SCHOOL,,,,,,,,,"-81.21739391,28.92140364",-81.21739391,28.92140364,,,,,,
6347,DELTONA,VOLUSIA,,,,PUBLIC SCHOOL,,,,,,,,,"-81.24638254,28.94662381",-81.24638254,28.94662381,,,,,,
6348,DELTONA,VOLUSIA,,,,PUBLIC SCHOOL,,,,,,,,,"-81.22921515,28.87333667",-81.22921515,28.87333667,,,,,,
6349,DELTONA,VOLUSIA,,,,PUBLIC SCHOOL,,,,,,,,,"-81.26520760,28.87156118",-81.2652076,28.87156118,,,,,,
6350,DELTONA,VOLUSIA,,,,PUBLIC SCHOOL,,,,,,,,,"-81.16158014,28.89541670",-81.16158014,28.8954167,,,,,,
6351,DELTONA,VOLUSIA,,,,PUBLIC SCHOOL,,,,,,,,,"-81.18903231,28.93469400",-81.18903231,28.934694,,,,,,
6352,DELTONA,VOLUSIA,,,,PUBLIC SCHOOL,,,,,,,,,"-81.17202886,28.89191873",-81.17202886,28.89191873,,,,,,
6353,DELTONA,VOLUSIA,,,,PUBLIC SCHOOL,,,,,,,,,"-81.23008156,28.92997378",-81.23008156,28.92997378,,,,,,
6354,DELTONA,VOLUSIA,,,,PUBLIC SCHOOL,,,,,,,,,"-81.17540942,28.88115003",-81.17540942,28.88115003,,,,,,
6355,DELTONA,VOLUSIA,,,,PUBLIC SCHOOL,,,,,,,,,"-81.24296089,28.90623692",-81.24296089,28.90623692,,,,,,
6356,DELTONA,VOLUSIA,,,,PUBLIC SCHOOL,,,,,,,,,"-81.27226616,28.87782411",-81.27226616,28.87782411,,,,,,
6357,DELTONA,VOLUSIA,,,,PUBLIC SCHOOL,,,,,,,,,"-81.16282197,28.88751283",-81.16282197,28.88751283,,,,,,
6358,DELTONA,VOLUSIA,,,,PUBLIC SCHOOL,,,,,,,,,"-81.25066147,28.89147324",-81.25066147,28.89147324,,,,,,
6359,DELTONA,VOLUSIA,,,,PUBLIC SCHOOL,,,,,,,,,"-81.23105946,28.93249830",-81.23105946,28.9324983,,,,,,
6360,NEW SMYRNA BEACH,VOLUSIA,,,,PUBLIC SCHOOL,,,,,,,,,"-80.91972094,29.01087938",-80.91972094,29.01087938,,,,,,
6361,NEW SMYRNA BEACH,VOLUSIA,,,,PUBLIC SCHOOL,,,,,,,,,"-80.93039346,29.00328195",-80.93039346,29.00328195,,,,,,
6362,NEW SMYRNA BEACH,VOLUSIA,,,,PUBLIC SCHOOL,,,,,,,,,"-80.93306937,29.02976386",-80.93306937,29.02976386,,,,,,
6363,NEW SMYRNA BEACH,VOLUSIA,,,,PUBLIC SCHOOL,,,,,,,,,"-80.92354785,29.00449489",-80.92354785,29.00449489,,,,,,
6364,NEW SMYRNA BEACH,VOLUSIA,,,,PUBLIC SCHOOL,,,,,,,,,"-81.05095493,29.02271109",-81.05095493,29.02271109,,,,,,
6365,NEW SMYRNA BEACH,VOLUSIA,,,,PUBLIC SCHOOL,,,,,,,,,"-80.87855713,29.00278815",-80.87855713,29.00278815,,,,,,
6366,PORT ORANGE,VOLUSIA,,,,PUBLIC SCHOOL,,,,,,,,,"-81.02663103,29.14857941",-81.02663103,29.14857941,,,,,,
6367,PORT ORANGE,VOLUSIA,,,,PUBLIC SCHOOL,,,,,,,,,"-81.03799962,29.11938543",-81.03799962,29.11938543,,,,,,
6368,PORT ORANGE,VOLUSIA,,,,PUBLIC SCHOOL,,,,,,,,,"-81.02778038,29.08314116",-81.02778038,29.08314116,,,,,,
6369,PORT ORANGE,VOLUSIA,,,,PUBLIC SCHOOL,,,,,,,,,"-81.01717296,29.13190794",-81.01717296,29.13190794,,,,,,
6370,PORT ORANGE,VOLUSIA,,,,PUBLIC SCHOOL,,,,,,,,,"-80.99135376,29.14221611",-80.99135376,29.14221611,,,,,,
6371,PORT ORANGE,VOLUSIA,,,,PUBLIC SCHOOL,,,,,,,,,"-81.04079406,29.06657513",-81.04079406,29.06657513,,,,,,
6372,PORT ORANGE,VOLUSIA,,,,PUBLIC SCHOOL,,,,,,,,,"-81.00477188,29.10575670",-81.00477188,29.1057567,,,,,,
6374,PORT ORANGE,VOLUSIA,,,,PUBLIC SCHOOL,,,,,,,,,"-81.00105445,29.14731847",-81.00105445,29.14731847,,,,,,
6375,PORT ORANGE,VOLUSIA,,,,PUBLIC SCHOOL,,,,,,,,,"-81.01739180,29.11628670",-81.0173918,29.1162867,,,,,,
6376,PORT ORANGE,VOLUSIA,,,,PUBLIC SCHOOL,,,,,,,,,"-81.01602153,29.10851384",-81.01602153,29.10851384,,,,,,
6377,DAYTONA BEACH,VOLUSIA,,,,PUBLIC SCHOOL,,,,,,,,,"-81.02355056,29.24728136",-81.02355056,29.24728136,,,,,,
6378,DAYTONA BEACH,VOLUSIA,,,,PUBLIC SCHOOL,,,,,,,,,"-80.98635159,29.17736452",-80.98635159,29.17736452,,,,,,
6379,DAYTONA BEACH,VOLUSIA,,,,PUBLIC SCHOOL,,,,,,,,,"-81.03043209,29.19500556",-81.03043209,29.19500556,,,,,,
6380,DAYTONA BEACH,VOLUSIA,,,,PUBLIC SCHOOL,,,,,,,,,"-81.14508254,29.13639659",-81.14508254,29.13639659,,,,,,
6381,DAYTONA BEACH,VOLUSIA,,,,PUBLIC SCHOOL,,,,,,,,,"-81.03004519,29.26674750",-81.03004519,29.2667475,,,,,,
6382,DAYTONA BEACH,VOLUSIA,,,,PUBLIC SCHOOL,,,,,,,,,"-81.06356184,29.21341980",-81.06356184,29.2134198,,,,,,
6383,DAYTONA BEACH,VOLUSIA,,,,PUBLIC SCHOOL,,,,,,,,,"-81.06844776,29.21403567",-81.06844776,29.21403567,,,,,,
6384,DAYTONA BEACH,VOLUSIA,,,,PUBLIC SCHOOL,,,,,,,,,"-81.02715796,29.19590819",-81.02715796,29.19590819,,,,,,
6385,DAYTONA BEACH,VOLUSIA,,,,PUBLIC SCHOOL,,,,,,,,,"-81.05539795,29.24932262",-81.05539795,29.24932262,,,,,,
6386,DAYTONA BEACH,VOLUSIA,,,,PUBLIC SCHOOL,,,,,,,,,"-81.04994528,29.21702244",-81.04994528,29.21702244,,,,,,
6387,DAYTONA BEACH,VOLUSIA,,,,PUBLIC SCHOOL,,,,,,,,,"-81.05457862,29.20684580",-81.05457862,29.2068458,,,,,,
6388,DAYTONA BEACH,VOLUSIA,,,,PUBLIC SCHOOL,,,,,,,,,"-81.07430000,29.19860000",-81.0743,29.1986,,,,,,
6390,DAYTONA BEACH,VOLUSIA,,,,PUBLIC SCHOOL,,,,,,,,,"-81.01666171,29.23846167",-81.01666171,29.23846167,,,,,,
6391,DAYTONA BEACH,VOLUSIA,,,,PUBLIC SCHOOL,,,,,,,,,"-81.13679435,29.20729084",-81.13679435,29.20729084,,,,,,
6392,DAYTONA BEACH,VOLUSIA,,,,PUBLIC SCHOOL,,,,,,,,,"-81.15200173,29.14455423",-81.15200173,29.14455423,,,,,,
6393,DAYTONA BEACH,VOLUSIA,,,,PUBLIC SCHOOL,,,,,,,,,"-81.07122572,29.22405973",-81.07122572,29.22405973,,,,,,
6394,DAYTONA BEACH,VOLUSIA,,,,PUBLIC SCHOOL,,,,,,,,,"-81.00841313,29.16825230",-81.00841313,29.1682523,,,,,,
6395,DAYTONA BEACH,VOLUSIA,,,,PUBLIC SCHOOL,,,,,,,,,"-81.14938089,29.14054326",-81.14938089,29.14054326,,,,,,
6396,DAYTONA BEACH,VOLUSIA,,,,PUBLIC SCHOOL,,,,,,,,,"-81.14276441,29.13674272",-81.14276441,29.13674272,,,,,,
6397,DAYTONA BEACH,VOLUSIA,,,,PUBLIC SCHOOL,,,,,,,,,"-81.03968912,29.21336709",-81.03968912,29.21336709,,,,,,
6398,DAYTONA BEACH,VOLUSIA,,,,PUBLIC SCHOOL,,,,,,,,,"-81.05091057,29.19785356",-81.05091057,29.19785356,,,,,,
6399,ORANGE CITY,VOLUSIA,,,,PUBLIC SCHOOL,,,,,,,,,"-81.31347131,28.93244879",-81.31347131,28.93244879,,,,,,
6400,ORANGE CITY,VOLUSIA,,,,PUBLIC SCHOOL,,,,,,,,,"-81.30924992,28.93823381",-81.30924992,28.93823381,,,,,,
6401,ORANGE CITY,VOLUSIA,,,,PUBLIC SCHOOL,,,,,,,,,"-81.29164876,28.95109145",-81.29164876,28.95109145,,,,,,
6402,ORANGE CITY,VOLUSIA,,,,PUBLIC SCHOOL,,,,,,,,,"-81.31236389,28.94021801",-81.31236389,28.94021801,,,,,,
6404,LAKE HELEN,VOLUSIA,,,,PUBLIC SCHOOL,,,,,,,,,"-81.23000000,28.97642302",-81.23,28.97642302,,,,,,
6405,LAKE HELEN,VOLUSIA,,,,PUBLIC SCHOOL,,,,,,,,,"-81.22614803,28.97210332",-81.22614803,28.97210332,,,,,,
6406,DELAND,VOLUSIA,,,,PUBLIC SCHOOL,,,,,,,,,"-81.28393676,29.04088010",-81.28393676,29.0408801,,,,,,
6407,DELAND,VOLUSIA,,,,PUBLIC SCHOOL,,,,,,,,,"-81.30929157,29.03131265",-81.30929157,29.03131265,,,,,,
6408,DELAND,VOLUSIA,,,,PUBLIC SCHOOL,,,,,,,,,"-81.30893592,29.01503757",-81.30893592,29.01503757,,,,,,
6409,DELAND,VOLUSIA,,,,PUBLIC SCHOOL,,,,,,,,,"-81.33553187,29.04011591",-81.33553187,29.04011591,,,,,,
6410,DELAND,VOLUSIA,,,,PUBLIC SCHOOL,,,,,,,,,"-81.27136067,28.99403073",-81.27136067,28.99403073,,,,,,
6411,DELAND,VOLUSIA,,,,PUBLIC SCHOOL,,,,,,,,,"-81.29694823,29.04588811",-81.29694823,29.04588811,,,,,,
6412,DELAND,VOLUSIA,,,,PUBLIC SCHOOL,,,,,,,,,"-81.33110000,29.01079998",-81.3311,29.01079998,,,,,,
6413,DELAND,VOLUSIA,,,,PUBLIC SCHOOL,,,,,,,,,"-81.27628270,29.03084975",-81.2762827,29.03084975,,,,,,
6415,DELAND,VOLUSIA,,,,PUBLIC SCHOOL,,,,,,,,,"-81.29746572,29.00433169",-81.29746572,29.00433169,,,,,,
6416,DELAND,VOLUSIA,,,,PUBLIC SCHOOL,,,,,,,,,"-81.31431346,29.00749747",-81.31431346,29.00749747,,,,,,
6417,DEBARY,VOLUSIA,,,,PUBLIC SCHOOL,,,,,,,,,"-81.32071268,28.89117315",-81.32071268,28.89117315,,,,,,
6418,DEBARY,VOLUSIA,,,,PUBLIC SCHOOL,,,,,,,,,"-81.28274161,28.89508329",-81.28274161,28.89508329,,,,,,
6419,DEBARY,VOLUSIA,,,,PUBLIC SCHOOL,,,,,,,,,"-81.28502889,28.89073969",-81.28502889,28.89073969,,,,,,
6420,PIERSON,VOLUSIA,,,,PUBLIC SCHOOL,,,,,,,,,"-81.45794653,29.24630984",-81.45794653,29.24630984,,,,,,
6421,PIERSON,VOLUSIA,,,,PUBLIC SCHOOL,,,,,,,,,"-81.46460263,29.24420641",-81.46460263,29.24420641,,,,,,
6422,OSTEEN,VOLUSIA,,,,PUBLIC SCHOOL,,,,,,,,,"-81.17559219,28.85477661",-81.17559219,28.85477661,,,,,,
6423,EDGEWATER,VOLUSIA,,,,PUBLIC SCHOOL,,,,,,,,,"-80.89083023,28.94603950",-80.89083023,28.9460395,,,,,,
6424,EDGEWATER,VOLUSIA,,,,PUBLIC SCHOOL,,,,,,,,,"-80.90714951,28.98430231",-80.90714951,28.98430231,,,,,,
6425,OAK HILL,VOLUSIA,,,,PUBLIC SCHOOL,,,,,,,,,"-80.84879433,28.86192889",-80.84879433,28.86192889,,,,,,
6426,DE LEON SPRINGS,VOLUSIA,,,,PUBLIC SCHOOL,,,,,,,,,"-81.35065188,29.12316353",-81.35065188,29.12316353,,,,,,
6427,CRAWFORDVILLE,WAKULLA,,,,PUBLIC SCHOOL,,,,,,,,,"-84.31811119,30.21563719",-84.31811119,30.21563719,,,,,,
6428,CRAWFORDVILLE,WAKULLA,,,,PUBLIC SCHOOL,,,,,,,,,"-84.35493849,30.25737982",-84.35493849,30.25737982,,,,,,
6429,CRAWFORDVILLE,WAKULLA,,,,PUBLIC SCHOOL,,,,,,,,,"-84.37132829,30.12707993",-84.37132829,30.12707993,,,,,,
6430,CRAWFORDVILLE,WAKULLA,,,,PUBLIC SCHOOL,,,,,,,,,"-84.39003854,30.08007172",-84.39003854,30.08007172,,,,,,
6431,CRAWFORDVILLE,WAKULLA,,,,PUBLIC SCHOOL,,,,,,,,,"-84.39286596,30.18225361",-84.39286596,30.18225361,,,,,,
6432,CRAWFORDVILLE,WAKULLA,,,,PUBLIC SCHOOL,,,,,,,,,"-84.31842786,30.21838896",-84.31842786,30.21838896,,,,,,
6433,CRAWFORDVILLE,WAKULLA,,,,PUBLIC SCHOOL,,,,,,,,,"-84.37682822,30.10739665",-84.37682822,30.10739665,,,,,,
6434,CRAWFORDVILLE,WAKULLA,,,,PUBLIC SCHOOL,,,,,,,,,"-84.38066077,30.17700406",-84.38066077,30.17700406,,,,,,
6435,SOPCHOPPY,WAKULLA,,,,PUBLIC SCHOOL,,,,,,,,,"-84.49376896,30.05807071",-84.49376896,30.05807071,,,,,,
6436,SOPCHOPPY,WAKULLA,,,,PUBLIC SCHOOL,,,,,,,,,"-84.49431013,30.05852631",-84.49431013,30.05852631,,,,,,
6437,SAINT MARKS,WAKULLA,,,,PUBLIC SCHOOL,,,,,,,,,"-84.20808952,30.16112750",-84.20808952,30.1611275,,,,,,
6438,FREEPORT,WALTON,,,,PUBLIC SCHOOL,,,,,,,,,"-86.13366832,30.50020272",-86.13366832,30.50020272,,,,,,
6439,FREEPORT,WALTON,,,,PUBLIC SCHOOL,,,,,,,,,"-86.13069899,30.50832216",-86.13069899,30.50832216,,,,,,
6440,FREEPORT,WALTON,,,,PUBLIC SCHOOL,,,,,,,,,"-86.11581160,30.54367578",-86.1158116,30.54367578,,,,,,
6441,SANTA ROSA BEACH,WALTON,,,,PUBLIC SCHOOL,,,,,,,,,"-86.13848582,30.32085565",-86.13848582,30.32085565,,,,,,
6442,SANTA ROSA BEACH,WALTON,,,,PUBLIC SCHOOL,,,,,,,,,"-86.26145977,30.36136616",-86.26145977,30.36136616,,,,,,
6443,SANTA ROSA BEACH,WALTON,,,,PUBLIC SCHOOL,,,,,,,,,"-86.18018702,30.37900156",-86.18018702,30.37900156,,,,,,
6444,SANTA ROSA BEACH,WALTON,,,,PUBLIC SCHOOL,,,,,,,,,"-86.11880559,30.36708010",-86.11880559,30.3670801,,,,,,
6445,SANTA ROSA BEACH,WALTON,,,,PUBLIC SCHOOL,,,,,,,,,"-86.11361075,30.35882818",-86.11361075,30.35882818,,,,,,
6446,LAUREL HILL,WALTON,,,,PUBLIC SCHOOL,,,,,,,,,"-86.30471532,30.97383912",-86.30471532,30.97383912,,,,,,
6447,CHIPLEY,WASHINGTON,,,,PUBLIC SCHOOL,,,,,,,,,"-85.54283592,30.78223482",-85.54283592,30.78223482,,,,,,
6448,CHIPLEY,WASHINGTON,,,,PUBLIC SCHOOL,,,,,,,,,"-85.55300310,30.77388580",-85.5530031,30.7738858,,,,,,
6449,CHIPLEY,WASHINGTON,,,,PUBLIC SCHOOL,,,,,,,,,"-85.54390260,30.78159216",-85.5439026,30.78159216,,,,,,
6450,CHIPLEY,WASHINGTON,,,,PUBLIC SCHOOL,,,,,,,,,"-85.55762425,30.76320159",-85.55762425,30.76320159,,,,,,
6451,CHIPLEY,WASHINGTON,,,,PUBLIC SCHOOL,,,,,,,,,"-85.55534696,30.76318457",-85.55534696,30.76318457,,,,,,
6452,CHIPLEY,WASHINGTON,,,,PUBLIC SCHOOL,,,,,,,,,"-85.54759974,30.77608099",-85.54759974,30.77608099,,,,,,
6454,VERNON,WASHINGTON,,,,PUBLIC SCHOOL,,,,,,,,,"-85.69493526,30.61064079",-85.69493526,30.61064079,,,,,,
6455,VERNON,WASHINGTON,,,,PUBLIC SCHOOL,,,,,,,,,"-85.69312146,30.60839453",-85.69312146,30.60839453,,,,,,
6456,VERNON,WASHINGTON,,,,PUBLIC SCHOOL,,,,,,,,,"-85.70480265,30.62563712",-85.70480265,30.62563712,,,,,,
6457,GAINESVILLE,ALACHUA,,,,EMERGENCY MEDICAL SERVICE,,,,,,,,,,,,-82.3510731,29.63311778,,,,
6458,GAINESVILLE,ALACHUA,,,,EMERGENCY MEDICAL SERVICE,,,,,,,,,,,,-82.31939272,29.6432861,,,,
6459,GAINESVILLE,ALACHUA,,,,EMERGENCY MEDICAL SERVICE,,,,,,,,,,,,-82.30834182,29.66056646,,,,
6460,GAINESVILLE,ALACHUA,,,,EMERGENCY MEDICAL SERVICE,,,,,,,,,,,,-82.35067738,29.63516272,,,,
6461,MACCLENNY,BAKER,,,,EMERGENCY MEDICAL SERVICE,,,,,,,,,,,,-82.13964792,30.27944278,,,,
6462,SANDERSON,BAKER,,,,EMERGENCY MEDICAL SERVICE,,,,,,,,,,,,-82.27369681,30.24958987,,,,
6463,YOUNGSTOWN,BAY,,,,EMERGENCY MEDICAL SERVICE,,,,,,,,,,,,-85.43927033,30.36021161,,,,
6464,LYNN HAVEN,BAY,,,,EMERGENCY MEDICAL SERVICE,,,,,,,,,,,,-85.64838642,30.24591479,,,,
6465,PANAMA CITY BEACH,BAY,,,,EMERGENCY MEDICAL SERVICE,,,,,,,,,,,,-85.89008904,30.23036719,,,,
6466,PANAMA CITY BEACH,BAY,,,,EMERGENCY MEDICAL SERVICE,,,,,,,,,,,,-85.80406679,30.18100588,,,,
6467,PANAMA CITY,BAY,,,,EMERGENCY MEDICAL SERVICE,,,,,,,,,,,,-85.65001574,30.15788917,,,,
6468,PANAMA CITY,BAY,,,,EMERGENCY MEDICAL SERVICE,,,,,,,,,,,,-85.59151594,30.15664497,,,,
6469,PANAMA CITY,BAY,,,,EMERGENCY MEDICAL SERVICE,,,,,,,,,,,,-85.67595525,30.21230622,,,,
6470,STARKE,BRADFORD,,,,EMERGENCY MEDICAL SERVICE,,,,,,,,,,,,-82.10951247,29.95431514,,,,
6471,SEBASTIAN,BREVARD,,,,EMERGENCY MEDICAL SERVICE,,,,,,,,,,,,-80.50591561,27.88308082,,,,
6472,INDIALANTIC,BREVARD,,,,EMERGENCY MEDICAL SERVICE,,,,,,,,,,,,-80.57864295,28.127486,,,,
6473,MELBOURNE,BREVARD,,,,EMERGENCY MEDICAL SERVICE,,,,,,,,,,,,-80.67046723,28.07966927,,,,
6474,MELBOURNE,BREVARD,,,,EMERGENCY MEDICAL SERVICE,,,,,,,,,,,,-80.62773128,28.10747567,,,,
6475,MELBOURNE,BREVARD,,,,EMERGENCY MEDICAL SERVICE,,,,,,,,,,,,-80.67679596,28.22591177,,,,
6476,MELBOURNE,BREVARD,,,,EMERGENCY MEDICAL SERVICE,,,,,,,,,,,,-80.64865297,28.13564493,,,,
6477,MELBOURNE,BREVARD,,,,EMERGENCY MEDICAL SERVICE,,,,,,,,,,,,-80.70290258,28.14667906,,,,
6478,MELBOURNE,BREVARD,,,,EMERGENCY MEDICAL SERVICE,,,,,,,,,,,,-80.61398004,28.08482653,,,,
6479,MELBOURNE,BREVARD,,,,EMERGENCY MEDICAL SERVICE,,,,,,,,,,,,-80.71298288,28.23450306,,,,
6480,MELBOURNE,BREVARD,,,,EMERGENCY MEDICAL SERVICE,,,,,,,,,,,,-80.63267893,28.12862039,,,,
6481,COCOA,BREVARD,,,,EMERGENCY MEDICAL SERVICE,,,,,,,,,,,,-80.78352995,28.35917987,,,,
6482,COCOA,BREVARD,,,,EMERGENCY MEDICAL SERVICE,,,,,,,,,,,,-80.78090436,28.47649236,,,,
6483,TITUSVILLE,BREVARD,,,,EMERGENCY MEDICAL SERVICE,,,,,,,,,,,,-80.82007011,28.60621618,,,,
6484,TITUSVILLE,BREVARD,,,,EMERGENCY MEDICAL SERVICE,,,,,,,,,,,,-80.82962485,28.5422522,,,,
6485,TITUSVILLE,BREVARD,,,,EMERGENCY MEDICAL SERVICE,,,,,,,,,,,,-80.8220905,28.55595503,,,,
6486,VIERA,BREVARD,,,,EMERGENCY MEDICAL SERVICE,,,,,,,,,,,,-80.73844443,28.26453698,,,,
6487,PALM BAY,BREVARD,,,,EMERGENCY MEDICAL SERVICE,,,,,,,,,,,,-80.67219673,28.03054178,,,,
6488,PALM BAY,BREVARD,,,,EMERGENCY MEDICAL SERVICE,,,,,,,,,,,,-80.61231258,28.00114587,,,,
6489,PALM BAY,BREVARD,,,,EMERGENCY MEDICAL SERVICE,,,,,,,,,,,,-80.60507957,28.03128164,,,,
6490,PALM BAY,BREVARD,,,,EMERGENCY MEDICAL SERVICE,,,,,,,,,,,,-80.66914123,27.99874865,,,,
6491,PALM BAY,BREVARD,,,,EMERGENCY MEDICAL SERVICE,,,,,,,,,,,,-80.62856893,27.95195995,,,,
6492,PALM BAY,BREVARD,,,,EMERGENCY MEDICAL SERVICE,,,,,,,,,,,,-80.63424827,27.99340539,,,,
6493,PALM BAY,BREVARD,,,,EMERGENCY MEDICAL SERVICE,,,,,,,,,,,,-80.69702005,28.02386602,,,,
6494,MELBOURNE BEACH,BREVARD,,,,EMERGENCY MEDICAL SERVICE,,,,,,,,,,,,-80.54768705,28.0458792,,,,
6495,MERRITT ISLAND,BREVARD,,,,EMERGENCY MEDICAL SERVICE,,,,,,,,,,,,-80.70720152,28.38392034,,,,
6496,MERRITT ISLAND,BREVARD,,,,EMERGENCY MEDICAL SERVICE,,,,,,,,,,,,-80.68849312,28.34018082,,,,
6497,SATELLITE BEACH,BREVARD,,,,EMERGENCY MEDICAL SERVICE,,,,,,,,,,,,-80.60332493,28.20381377,,,,
6498,SATELLITE BEACH,BREVARD,,,,EMERGENCY MEDICAL SERVICE,,,,,,,,,,,,-80.60637995,28.17250733,,,,
6499,ROCKLEDGE,BREVARD,,,,EMERGENCY MEDICAL SERVICE,,,,,,,,,,,,-80.7232977,28.33431213,,,,
6500,ROCKLEDGE,BREVARD,,,,EMERGENCY MEDICAL SERVICE,,,,,,,,,,,,-80.71731031,28.30457447,,,,
6501,MIMS,BREVARD,,,,EMERGENCY MEDICAL SERVICE,,,,,,,,,,,,-80.84568104,28.66614879,,,,
6502,PATRICK AFB,BREVARD,,,,EMERGENCY MEDICAL SERVICE,,,,,,,,,,,,-80.57844602,28.49186668,,,,
6503,CAPE CANAVERAL,BREVARD,,,,EMERGENCY MEDICAL SERVICE,,,,,,,,,,,,-80.6044208,28.38749849,,,,
6504,COCOA BEACH,BREVARD,,,,EMERGENCY MEDICAL SERVICE,,,,,,,,,,,,-80.60976481,28.31774413,,,,
6505,FORT LAUDERDALE,BROWARD,,,,EMERGENCY MEDICAL SERVICE,,,,,,,,,,,,-80.22439493,26.15074756,,,,
6506,FORT LAUDERDALE,BROWARD,,,,EMERGENCY MEDICAL SERVICE,,,,,,,,,,,,-80.23940273,26.06632124,,,,
6507,FORT LAUDERDALE,BROWARD,,,,EMERGENCY MEDICAL SERVICE,,,,,,,,,,,,-80.28756104,26.19935863,,,,
6508,FORT LAUDERDALE,BROWARD,,,,EMERGENCY MEDICAL SERVICE,,,,,,,,,,,,-80.29294875,26.16901997,,,,
6509,FORT LAUDERDALE,BROWARD,,,,EMERGENCY MEDICAL SERVICE,,,,,,,,,,,,-80.1778998,26.04808584,,,,
6510,FORT LAUDERDALE,BROWARD,,,,EMERGENCY MEDICAL SERVICE,,,,,,,,,,,,-80.17130723,26.17379384,,,,
6511,FORT LAUDERDALE,BROWARD,,,,EMERGENCY MEDICAL SERVICE,,,,,,,,,,,,-80.23632002,26.12860568,,,,
6512,FORT LAUDERDALE,BROWARD,,,,EMERGENCY MEDICAL SERVICE,,,,,,,,,,,,-80.20657479,26.16927664,,,,
6513,FORT LAUDERDALE,BROWARD,,,,EMERGENCY MEDICAL SERVICE,,,,,,,,,,,,-80.16597462,26.18991968,,,,
6514,FORT LAUDERDALE,BROWARD,,,,EMERGENCY MEDICAL SERVICE,,,,,,,,,,,,-80.14615164,26.16761672,,,,
6515,FORT LAUDERDALE,BROWARD,,,,EMERGENCY MEDICAL SERVICE,,,,,,,,,,,,-80.16479233,26.18997862,,,,
6516,FORT LAUDERDALE,BROWARD,,,,EMERGENCY MEDICAL SERVICE,,,,,,,,,,,,-80.15244557,26.08207132,,,,
6517,DEERFIELD BEACH,BROWARD,,,,EMERGENCY MEDICAL SERVICE,,,,,,,,,,,,-80.0914197,26.31773347,,,,
6518,HOLLYWOOD,BROWARD,,,,EMERGENCY MEDICAL SERVICE,,,,,,,,,,,,-80.28573982,26.04401555,,,,
6519,HOLLYWOOD,BROWARD,,,,EMERGENCY MEDICAL SERVICE,,,,,,,,,,,,-80.27167741,26.00777101,,,,
6520,HOLLYWOOD,BROWARD,,,,EMERGENCY MEDICAL SERVICE,,,,,,,,,,,,-80.26481142,25.9814707,,,,
6521,HOLLYWOOD,BROWARD,,,,EMERGENCY MEDICAL SERVICE,,,,,,,,,,,,-80.11838912,25.98627983,,,,
6522,HOLLYWOOD,BROWARD,,,,EMERGENCY MEDICAL SERVICE,,,,,,,,,,,,-80.2207496,25.98162934,,,,
6523,HOLLYWOOD,BROWARD,,,,EMERGENCY MEDICAL SERVICE,,,,,,,,,,,,-80.39279938,25.98234744,,,,
6524,POMPANO BEACH,BROWARD,,,,EMERGENCY MEDICAL SERVICE,,,,,,,,,,,,-80.23027632,26.21025488,,,,
6525,POMPANO BEACH,BROWARD,,,,EMERGENCY MEDICAL SERVICE,,,,,,,,,,,,-80.26527068,26.26533735,,,,
6526,POMPANO BEACH,BROWARD,,,,EMERGENCY MEDICAL SERVICE,,,,,,,,,,,,-80.12532741,26.22509674,,,,
6527,POMPANO BEACH,BROWARD,,,,EMERGENCY MEDICAL SERVICE,,,,,,,,,,,,-80.20680427,26.20140342,,,,
6528,POMPANO BEACH,BROWARD,,,,EMERGENCY MEDICAL SERVICE,,,,,,,,,,,,-80.22124951,26.23905886,,,,
6529,POMPANO BEACH,BROWARD,,,,EMERGENCY MEDICAL SERVICE,,,,,,,,,,,,-80.09370416,26.27634896,,,,
6530,HALLANDALE,BROWARD,,,,EMERGENCY MEDICAL SERVICE,,,,,,,,,,,,-80.15005321,25.98160155,,,,
6531,HALLANDALE,BROWARD,,,,EMERGENCY MEDICAL SERVICE,,,,,,,,,,,,-80.12645396,25.98770861,,,,
6532,HALLANDALE,BROWARD,,,,EMERGENCY MEDICAL SERVICE,,,,,,,,,,,,-80.17115999,25.98743161,,,,
6533,DANIA BEACH,BROWARD,,,,EMERGENCY MEDICAL SERVICE,,,,,,,,,,,,-80.14533493,26.05261579,,,,
6534,DAVIE,BROWARD,,,,EMERGENCY MEDICAL SERVICE,,,,,,,,,,,,,,,,,
6535,BLOUNTSTOWN,CALHOUN,,,,EMERGENCY MEDICAL SERVICE,,,,,,,,,,,,-85.09387689,30.43180616,,,,
6536,PUNTA GORDA,CHARLOTTE,,,,EMERGENCY MEDICAL SERVICE,,,,,,,,,,,,-81.99912948,26.91717005,,,,
6537,PUNTA GORDA,CHARLOTTE,,,,EMERGENCY MEDICAL SERVICE,,,,,,,,,,,,-82.00665411,26.98756317,,,,
6538,PUNTA GORDA,CHARLOTTE,,,,EMERGENCY MEDICAL SERVICE,,,,,,,,,,,,-81.76000474,26.79966427,,,,
6539,PUNTA GORDA,CHARLOTTE,,,,EMERGENCY MEDICAL SERVICE,,,,,,,,,,,,-82.01466646,26.86064017,,,,
6540,PUNTA GORDA,CHARLOTTE,,,,EMERGENCY MEDICAL SERVICE,,,,,,,,,,,,-82.03569363,27.00164874,,,,
6541,PUNTA GORDA,CHARLOTTE,,,,EMERGENCY MEDICAL SERVICE,,,,,,,,,,,,-81.99200963,26.95479031,,,,
6542,PUNTA GORDA,CHARLOTTE,,,,EMERGENCY MEDICAL SERVICE,,,,,,,,,,,,-82.00069298,26.92213422,,,,
6543,PUNTA GORDA,CHARLOTTE,,,,EMERGENCY MEDICAL SERVICE,,,,,,,,,,,,-81.96076828,27.00657052,,,,
6544,PLACIDA,CHARLOTTE,,,,EMERGENCY MEDICAL SERVICE,,,,,,,,,,,,-82.31549256,26.86825209,,,,
6545,PLACIDA,CHARLOTTE,,,,EMERGENCY MEDICAL SERVICE,,,,,,,,,,,,-82.28773662,26.8517418,,,,
6546,PORT CHARLOTTE,CHARLOTTE,,,,EMERGENCY MEDICAL SERVICE,,,,,,,,,,,,-82.22314541,26.91739679,,,,
6547,PORT CHARLOTTE,CHARLOTTE,,,,EMERGENCY MEDICAL SERVICE,,,,,,,,,,,,-82.15683476,27.00460789,,,,
6548,PORT CHARLOTTE,CHARLOTTE,,,,EMERGENCY MEDICAL SERVICE,,,,,,,,,,,,-82.08716392,26.97597783,,,,
6549,PORT CHARLOTTE,CHARLOTTE,,,,EMERGENCY MEDICAL SERVICE,,,,,,,,,,,,-82.21025133,26.96618917,,,,
6550,PORT CHARLOTTE,CHARLOTTE,,,,EMERGENCY MEDICAL SERVICE,,,,,,,,,,,,-82.09212497,26.97616611,,,,
6551,PORT CHARLOTTE,CHARLOTTE,,,,EMERGENCY MEDICAL SERVICE,,,,,,,,,,,,-82.09155782,27.02629665,,,,
6552,PORT CHARLOTTE,CHARLOTTE,,,,EMERGENCY MEDICAL SERVICE,,,,,,,,,,,,-82.2330359,27.01030245,,,,
6553,LECANTO,CITRUS,,,,EMERGENCY MEDICAL SERVICE,,,,,,,,,,,,-82.49871386,28.84911751,,,,
6554,NAPLES,COLLIER,,,,EMERGENCY MEDICAL SERVICE,,,,,,,,,,,,-81.71774835,26.14414101,,,,
6555,NAPLES,COLLIER,,,,EMERGENCY MEDICAL SERVICE,,,,,,,,,,,,-81.79511108,26.13876062,,,,
6556,NAPLES,COLLIER,,,,EMERGENCY MEDICAL SERVICE,,,,,,,,,,,,-81.75075756,26.13817938,,,,
6557,NAPLES,COLLIER,,,,EMERGENCY MEDICAL SERVICE,,,,,,,,,,,,-81.63339335,26.22889444,,,,
6558,NAPLES,COLLIER,,,,EMERGENCY MEDICAL SERVICE,,,,,,,,,,,,-81.76818965,26.18175198,,,,
6559,NAPLES,COLLIER,,,,EMERGENCY MEDICAL SERVICE,,,,,,,,,,,,-81.73214894,26.09077085,,,,
6560,NAPLES,COLLIER,,,,EMERGENCY MEDICAL SERVICE,,,,,,,,,,,,-81.769988,26.112843,,,,
6561,NAPLES,COLLIER,,,,EMERGENCY MEDICAL SERVICE,,,,,,,,,,,,-81.74913794,26.21106183,,,,
6562,NAPLES,COLLIER,,,,EMERGENCY MEDICAL SERVICE,,,,,,,,,,,,-81.70058004,26.04619337,,,,
6563,NAPLES,COLLIER,,,,EMERGENCY MEDICAL SERVICE,,,,,,,,,,,,-81.7986232,26.17771839,,,,
6564,NAPLES,COLLIER,,,,EMERGENCY MEDICAL SERVICE,,,,,,,,,,,,-81.54802067,26.36564438,,,,
6565,NAPLES,COLLIER,,,,EMERGENCY MEDICAL SERVICE,,,,,,,,,,,,-81.59415841,26.30789584,,,,
6566,NAPLES,COLLIER,,,,EMERGENCY MEDICAL SERVICE,,,,,,,,,,,,-81.51174957,25.95730998,,,,
6567,NAPLES,COLLIER,,,,EMERGENCY MEDICAL SERVICE,,,,,,,,,,,,-81.7041772,26.18274801,,,,
6568,NAPLES,COLLIER,,,,EMERGENCY MEDICAL SERVICE,,,,,,,,,,,,-81.69472619,26.10527435,,,,
6569,NAPLES,COLLIER,,,,EMERGENCY MEDICAL SERVICE,,,,,,,,,,,,-81.72562985,26.27238081,,,,
6570,NAPLES,COLLIER,,,,EMERGENCY MEDICAL SERVICE,,,,,,,,,,,,-81.78955982,26.21177495,,,,
6571,NAPLES,COLLIER,,,,EMERGENCY MEDICAL SERVICE,,,,,,,,,,,,-81.80592082,26.250622,,,,
6572,NAPLES,COLLIER,,,,EMERGENCY MEDICAL SERVICE,,,,,,,,,,,,-81.72733883,25.98432441,,,,
6573,NAPLES,COLLIER,,,,EMERGENCY MEDICAL SERVICE,,,,,,,,,,,,-81.6900782,26.25238456,,,,
6574,NAPLES,COLLIER,,,,EMERGENCY MEDICAL SERVICE,,,,,,,,,,,,-81.71669659,25.93801098,,,,
6575,NAPLES,COLLIER,,,,EMERGENCY MEDICAL SERVICE,,,,,,,,,,,,-81.78467538,26.27282947,,,,
6576,NAPLES,COLLIER,,,,EMERGENCY MEDICAL SERVICE,,,,,,,,,,,,-81.78982357,26.15827094,,,,
6577,NAPLES,COLLIER,,,,EMERGENCY MEDICAL SERVICE,,,,,,,,,,,,-81.73032446,26.27350533,,,,
6578,NAPLES,COLLIER,,,,EMERGENCY MEDICAL SERVICE,,,,,,,,,,,,-81.78562863,26.27174125,,,,
6579,NAPLES,COLLIER,,,,EMERGENCY MEDICAL SERVICE,,,,,,,,,,,,-81.76990473,26.24228723,,,,
6580,NAPLES,COLLIER,,,,EMERGENCY MEDICAL SERVICE,,,,,,,,,,,,-81.80064931,26.18946755,,,,
6581,NAPLES,COLLIER,,,,EMERGENCY MEDICAL SERVICE,,,,,,,,,,,,-81.79728806,26.15189789,,,,
6582,NAPLES,COLLIER,,,,EMERGENCY MEDICAL SERVICE,,,,,,,,,,,,-81.6847416,26.10661536,,,,
6583,NAPLES,COLLIER,,,,EMERGENCY MEDICAL SERVICE,,,,,,,,,,,,-81.68762515,26.18593718,,,,
6584,NAPLES,COLLIER,,,,EMERGENCY MEDICAL SERVICE,,,,,,,,,,,,-81.75096391,26.20981428,,,,
6585,NAPLES,COLLIER,,,,EMERGENCY MEDICAL SERVICE,,,,,,,,,,,,-81.73513658,26.13828988,,,,
6586,NAPLES,COLLIER,,,,EMERGENCY MEDICAL SERVICE,,,,,,,,,,,,-81.80591475,26.25149619,,,,
6587,NAPLES,COLLIER,,,,EMERGENCY MEDICAL SERVICE,,,,,,,,,,,,-81.77811357,26.14711273,,,,
6588,IMMOKALEE,COLLIER,,,,EMERGENCY MEDICAL SERVICE,,,,,,,,,,,,-81.44692261,26.34179913,,,,
6589,IMMOKALEE,COLLIER,,,,EMERGENCY MEDICAL SERVICE,,,,,,,,,,,,-81.45032536,26.43418488,,,,
6590,IMMOKALEE,COLLIER,,,,EMERGENCY MEDICAL SERVICE,,,,,,,,,,,,-81.41683533,26.41729157,,,,
6591,MARCO ISLAND,COLLIER,,,,EMERGENCY MEDICAL SERVICE,,,,,,,,,,,,-81.71496598,25.93746699,,,,
6592,MARCO ISLAND,COLLIER,,,,EMERGENCY MEDICAL SERVICE,,,,,,,,,,,,-81.69795096,25.93388643,,,,
6593,OCHOPEE,COLLIER,,,,EMERGENCY MEDICAL SERVICE,,,,,,,,,,,,-81.38421264,25.85857111,,,,
6594,OCHOPEE,COLLIER,,,,EMERGENCY MEDICAL SERVICE,,,,,,,,,,,,-81.07509505,26.16732469,,,,
6595,BONITA SPRINGS,COLLIER,,,,EMERGENCY MEDICAL SERVICE,,,,,,,,,,,,-81.81957075,26.32211124,,,,
6596,LAKE CITY,COLUMBIA,,,,EMERGENCY MEDICAL SERVICE,,,,,,,,,,,,-82.67150993,30.17620854,,,,
6597,ARCADIA,DESOTO,,,,EMERGENCY MEDICAL SERVICE,,,,,,,,,,,,-81.97762394,27.20093992,,,,
6598,ARCADIA,DESOTO,,,,EMERGENCY MEDICAL SERVICE,,,,,,,,,,,,-81.99977247,27.09244868,,,,
6599,ARCADIA,DESOTO,,,,EMERGENCY MEDICAL SERVICE,,,,,,,,,,,,-81.84258211,27.20878422,,,,
6600,ARCADIA,DESOTO,,,,EMERGENCY MEDICAL SERVICE,,,,,,,,,,,,-81.86190107,27.21698706,,,,
6601,OLD TOWN,DIXIE,,,,EMERGENCY MEDICAL SERVICE,,,,,,,,,,,,-83.11167042,29.62529064,,,,
6602,JACKSONVILLE,DUVAL,,,,EMERGENCY MEDICAL SERVICE,,,,,,,,,,,,-81.6602024,30.33113219,,,,
6603,JACKSONVILLE,DUVAL,,,,EMERGENCY MEDICAL SERVICE,,,,,,,,,,,,-81.666913,30.35060216,,,,
6604,JACKSONVILLE,DUVAL,,,,EMERGENCY MEDICAL SERVICE,,,,,,,,,,,,-81.66427709,30.34849414,,,,
6605,JACKSONVILLE,DUVAL,,,,EMERGENCY MEDICAL SERVICE,,,,,,,,,,,,-81.61448976,30.26173715,,,,
6606,JACKSONVILLE,DUVAL,,,,EMERGENCY MEDICAL SERVICE,,,,,,,,,,,,-81.58730087,30.29018067,,,,
6607,JACKSONVILLE,DUVAL,,,,EMERGENCY MEDICAL SERVICE,,,,,,,,,,,,-81.6007336,30.31280663,,,,
6608,JACKSONVILLE,DUVAL,,,,EMERGENCY MEDICAL SERVICE,,,,,,,,,,,,-81.68544915,30.32004372,,,,
6609,PENSACOLA,ESCAMBIA,,,,EMERGENCY MEDICAL SERVICE,,,,,,,,,,,,-87.19663951,30.48248193,,,,
6610,PENSACOLA,ESCAMBIA,,,,EMERGENCY MEDICAL SERVICE,,,,,,,,,,,,-87.23661403,30.44357362,,,,
6611,PENSACOLA,ESCAMBIA,,,,EMERGENCY MEDICAL SERVICE,,,,,,,,,,,,-87.2185634,30.51623559,,,,
6612,PENSACOLA,ESCAMBIA,,,,EMERGENCY MEDICAL SERVICE,,,,,,,,,,,,-87.21885336,30.53400307,,,,
6613,PENSACOLA,ESCAMBIA,,,,EMERGENCY MEDICAL SERVICE,,,,,,,,,,,,-87.20794916,30.44574005,,,,
6614,PENSACOLA,ESCAMBIA,,,,EMERGENCY MEDICAL SERVICE,,,,,,,,,,,,-87.21410232,30.47808094,,,,
6615,PENSACOLA,ESCAMBIA,,,,EMERGENCY MEDICAL SERVICE,,,,,,,,,,,,-87.29355582,30.40210711,,,,
6616,PENSACOLA,ESCAMBIA,,,,EMERGENCY MEDICAL SERVICE,,,,,,,,,,,,-87.2286,30.5311,,,,
6617,PENSACOLA,ESCAMBIA,,,,EMERGENCY MEDICAL SERVICE,,,,,,,,,,,,-87.22436202,30.4724057,,,,
6618,PENSACOLA,ESCAMBIA,,,,EMERGENCY MEDICAL SERVICE,,,,,,,,,,,,-87.19383675,30.47589223,,,,
6619,PENSACOLA,ESCAMBIA,,,,EMERGENCY MEDICAL SERVICE,,,,,,,,,,,,-87.23205315,30.42956456,,,,
6620,PENSACOLA,ESCAMBIA,,,,EMERGENCY MEDICAL SERVICE,,,,,,,,,,,,-87.25919508,30.48639135,,,,
6621,PENSACOLA,ESCAMBIA,,,,EMERGENCY MEDICAL SERVICE,,,,,,,,,,,,-87.21928802,30.51402352,,,,
6622,PENSACOLA,ESCAMBIA,,,,EMERGENCY MEDICAL SERVICE,,,,,,,,,,,,-87.21952064,30.51086477,,,,
6623,PENSACOLA,ESCAMBIA,,,,EMERGENCY MEDICAL SERVICE,,,,,,,,,,,,-87.23132536,30.44329131,,,,
6624,PENSACOLA,ESCAMBIA,,,,EMERGENCY MEDICAL SERVICE,,,,,,,,,,,,-87.40258111,30.34033612,,,,
6625,CANTONMENT,ESCAMBIA,,,,EMERGENCY MEDICAL SERVICE,,,,,,,,,,,,-87.28845,30.56657883,,,,
6626,CANTONMENT,ESCAMBIA,,,,EMERGENCY MEDICAL SERVICE,,,,,,,,,,,,-87.2902347,30.57059044,,,,
6627,BUNNELL,FLAGLER,,,,EMERGENCY MEDICAL SERVICE,,,,,,,,,,,,-81.25651254,29.46627776,,,,
6628,EASTPOINT,FRANKLIN,,,,EMERGENCY MEDICAL SERVICE,,,,,,,,,,,,-84.88774434,29.73661123,,,,
6629,CARRABELLE,FRANKLIN,,,,EMERGENCY MEDICAL SERVICE,,,,,,,,,,,,-84.59746714,29.88459434,,,,
6630,QUINCY,GADSDEN,,,,EMERGENCY MEDICAL SERVICE,,,,,,,,,,,,-84.56832406,30.58742098,,,,
6631,BELL,GILCHRIST,,,,EMERGENCY MEDICAL SERVICE,,,,,,,,,,,,-82.84436112,29.65816873,,,,
6632,BELL,GILCHRIST,,,,EMERGENCY MEDICAL SERVICE,,,,,,,,,,,,-82.86596273,29.78433674,,,,
6633,TRENTON,GILCHRIST,,,,EMERGENCY MEDICAL SERVICE,,,,,,,,,,,,-82.82387546,29.63005499,,,,
6634,MOORE HAVEN,GLADES,,,,EMERGENCY MEDICAL SERVICE,,,,,,,,,,,,-81.12536492,26.84011872,,,,
6635,PORT SAINT JOE,GULF,,,,EMERGENCY MEDICAL SERVICE,,,,,,,,,,,,-85.2897121,29.81432529,,,,
6636,WEWAHITCHKA,GULF,,,,EMERGENCY MEDICAL SERVICE,,,,,,,,,,,,-85.20206985,30.10609902,,,,
6637,JASPER,HAMILTON,,,,EMERGENCY MEDICAL SERVICE,,,,,,,,,,,,-82.95442182,30.51953433,,,,
6638,WAUCHULA,HARDEE,,,,EMERGENCY MEDICAL SERVICE,,,,,,,,,,,,-81.81012559,27.55659553,,,,
6639,LABELLE,HENDRY,,,,EMERGENCY MEDICAL SERVICE,,,,,,,,,,,,-81.38280487,26.75036852,,,,
6640,LABELLE,HENDRY,,,,EMERGENCY MEDICAL SERVICE,,,,,,,,,,,,-81.42653543,26.74624378,,,,
6641,CLEWISTON,HENDRY,,,,EMERGENCY MEDICAL SERVICE,,,,,,,,,,,,-80.99771199,26.32619524,,,,
6642,CLEWISTON,HENDRY,,,,EMERGENCY MEDICAL SERVICE,,,,,,,,,,,,-80.90573943,26.30170637,,,,
6643,CLEWISTON,HENDRY,,,,EMERGENCY MEDICAL SERVICE,,,,,,,,,,,,-80.93492096,26.75341832,,,,
6644,BROOKSVILLE,HERNANDO,,,,EMERGENCY MEDICAL SERVICE,,,,,,,,,,,,-82.39947888,28.55281136,,,,
6645,BROOKSVILLE,HERNANDO,,,,EMERGENCY MEDICAL SERVICE,,,,,,,,,,,,-82.45663243,28.47878968,,,,
6646,SPRING HILL,HERNANDO,,,,EMERGENCY MEDICAL SERVICE,,,,,,,,,,,,-82.57569318,28.48564558,,,,
6647,SEBRING,HIGHLANDS,,,,EMERGENCY MEDICAL SERVICE,,,,,,,,,,,,-81.42090313,27.44219126,,,,
6648,AVON PARK,HIGHLANDS,,,,EMERGENCY MEDICAL SERVICE,,,,,,,,,,,,,,,,,
6649,LAKE PLACID,HIGHLANDS,,,,EMERGENCY MEDICAL SERVICE,,,,,,,,,,,,-81.3674,27.2956,,,,
6650,TAMPA,HILLSBOROUGH,,,,EMERGENCY MEDICAL SERVICE,,,,,,,,,,,,-82.39226624,28.03302311,,,,
6651,TAMPA,HILLSBOROUGH,,,,EMERGENCY MEDICAL SERVICE,,,,,,,,,,,,-82.33180794,27.99639016,,,,
6652,TAMPA,HILLSBOROUGH,,,,EMERGENCY MEDICAL SERVICE,,,,,,,,,,,,-82.52702155,28.00585499,,,,
6653,TAMPA,HILLSBOROUGH,,,,EMERGENCY MEDICAL SERVICE,,,,,,,,,,,,-82.45448474,27.95174063,,,,
6654,TAMPA,HILLSBOROUGH,,,,EMERGENCY MEDICAL SERVICE,,,,,,,,,,,,-82.46231595,28.08722131,,,,
6655,PLANT CITY,HILLSBOROUGH,,,,EMERGENCY MEDICAL SERVICE,,,,,,,,,,,,-82.11704232,27.98949599,,,,
6656,PLANT CITY,HILLSBOROUGH,,,,EMERGENCY MEDICAL SERVICE,,,,,,,,,,,,-82.1378685,28.02167627,,,,
6657,SUN CITY CENTER,HILLSBOROUGH,,,,EMERGENCY MEDICAL SERVICE,,,,,,,,,,,,-82.35416157,27.71335993,,,,
6658,SEFFNER,HILLSBOROUGH,,,,EMERGENCY MEDICAL SERVICE,,,,,,,,,,,,-82.31026918,27.99938863,,,,
6659,BONIFAY,HOLMES,,,,EMERGENCY MEDICAL SERVICE,,,,,,,,,,,,-85.66411618,30.78674067,,,,
6660,WESTVILLE,HOLMES,,,,EMERGENCY MEDICAL SERVICE,,,,,,,,,,,,-85.85134891,30.77444602,,,,
6661,FELLSMERE,INDIAN RIVER,,,,EMERGENCY MEDICAL SERVICE,,,,,,,,,,,,-80.60153494,27.77018292,,,,
6662,VERO BEACH,INDIAN RIVER,,,,EMERGENCY MEDICAL SERVICE,,,,,,,,,,,,-80.49635121,27.62475638,,,,
6663,VERO BEACH,INDIAN RIVER,,,,EMERGENCY MEDICAL SERVICE,,,,,,,,,,,,-80.42025683,27.71275242,,,,
6664,VERO BEACH,INDIAN RIVER,,,,EMERGENCY MEDICAL SERVICE,,,,,,,,,,,,-80.42215426,27.68326004,,,,
6665,VERO BEACH,INDIAN RIVER,,,,EMERGENCY MEDICAL SERVICE,,,,,,,,,,,,-80.42940474,27.64948042,,,,
6666,VERO BEACH,INDIAN RIVER,,,,EMERGENCY MEDICAL SERVICE,,,,,,,,,,,,-80.3396212,27.60280361,,,,
6667,VERO BEACH,INDIAN RIVER,,,,EMERGENCY MEDICAL SERVICE,,,,,,,,,,,,-80.40829357,27.76298104,,,,
6668,VERO BEACH,INDIAN RIVER,,,,EMERGENCY MEDICAL SERVICE,,,,,,,,,,,,-80.37011524,27.65222747,,,,
6669,VERO BEACH,INDIAN RIVER,,,,EMERGENCY MEDICAL SERVICE,,,,,,,,,,,,-80.39559156,27.62960787,,,,
6670,VERO BEACH,INDIAN RIVER,,,,EMERGENCY MEDICAL SERVICE,,,,,,,,,,,,-80.52057417,27.74313757,,,,
6671,VERO BEACH,INDIAN RIVER,,,,EMERGENCY MEDICAL SERVICE,,,,,,,,,,,,-80.40133693,27.58773286,,,,
6672,SEBASTIAN,INDIAN RIVER,,,,EMERGENCY MEDICAL SERVICE,,,,,,,,,,,,-80.49265449,27.83097156,,,,
6673,SEBASTIAN,INDIAN RIVER,,,,EMERGENCY MEDICAL SERVICE,,,,,,,,,,,,-80.486865,27.77806203,,,,
6674,SEBASTIAN,INDIAN RIVER,,,,EMERGENCY MEDICAL SERVICE,,,,,,,,,,,,-80.48852064,27.8379496,,,,
6675,MARIANNA,JACKSON,,,,EMERGENCY MEDICAL SERVICE,,,,,,,,,,,,-85.18219893,30.83533426,,,,
6676,MARIANNA,JACKSON,,,,EMERGENCY MEDICAL SERVICE,,,,,,,,,,,,-85.17078923,30.8234491,,,,
6677,LEESBURG,LAKE,,,,EMERGENCY MEDICAL SERVICE,,,,,,,,,,,,-81.87529704,28.81489753,,,,
6678,LEESBURG,LAKE,,,,EMERGENCY MEDICAL SERVICE,,,,,,,,,,,,-81.9333166,28.82909596,,,,
6679,LEESBURG,LAKE,,,,EMERGENCY MEDICAL SERVICE,,,,,,,,,,,,-81.80240362,28.82584769,,,,
6680,LADY LAKE,LAKE,,,,EMERGENCY MEDICAL SERVICE,,,,,,,,,,,,-81.92560352,28.91952071,,,,
6681,LADY LAKE,LAKE,,,,EMERGENCY MEDICAL SERVICE,,,,,,,,,,,,-81.94054862,28.93820937,,,,
6682,EUSTIS,LAKE,,,,EMERGENCY MEDICAL SERVICE,,,,,,,,,,,,-81.52464466,28.85379234,,,,
6683,EUSTIS,LAKE,,,,EMERGENCY MEDICAL SERVICE,,,,,,,,,,,,-81.68327953,28.846702,,,,
6684,MINNEOLA,LAKE,,,,EMERGENCY MEDICAL SERVICE,,,,,,,,,,,,-81.7516565,28.57970253,,,,
6685,FRUITLAND PARK,LAKE,,,,EMERGENCY MEDICAL SERVICE,,,,,,,,,,,,-81.91274399,28.85874518,,,,
6686,MOUNT DORA,LAKE,,,,EMERGENCY MEDICAL SERVICE,,,,,,,,,,,,-81.67339258,28.8095832,,,,
6687,MOUNT DORA,LAKE,,,,EMERGENCY MEDICAL SERVICE,,,,,,,,,,,,-81.64429998,28.80816212,,,,
6688,MOUNT DORA,LAKE,,,,EMERGENCY MEDICAL SERVICE,,,,,,,,,,,,-81.68238517,28.81540744,,,,
6689,CLERMONT,LAKE,,,,EMERGENCY MEDICAL SERVICE,,,,,,,,,,,,-81.68554049,28.36957595,,,,
6690,CLERMONT,LAKE,,,,EMERGENCY MEDICAL SERVICE,,,,,,,,,,,,-81.71530093,28.50007247,,,,
6691,CLERMONT,LAKE,,,,EMERGENCY MEDICAL SERVICE,,,,,,,,,,,,-81.71437625,28.5487139,,,,
6692,UMATILLA,LAKE,,,,EMERGENCY MEDICAL SERVICE,,,,,,,,,,,,-81.66752957,28.92664279,,,,
6693,TAVARES,LAKE,,,,EMERGENCY MEDICAL SERVICE,,,,,,,,,,,,-81.74563196,28.77235543,,,,
6694,MASCOTTE,LAKE,,,,EMERGENCY MEDICAL SERVICE,,,,,,,,,,,,-81.88084678,28.57222154,,,,
6695,OKAHUMPKA,LAKE,,,,EMERGENCY MEDICAL SERVICE,,,,,,,,,,,,-81.8924281,28.74105706,,,,
6696,BOCA GRANDE,LEE,,,,EMERGENCY MEDICAL SERVICE,,,,,,,,,,,,-82.2609207,26.74991252,,,,
6697,LEHIGH ACRES,LEE,,,,EMERGENCY MEDICAL SERVICE,,,,,,,,,,,,-81.63993782,26.59835674,,,,
6698,LEHIGH ACRES,LEE,,,,EMERGENCY MEDICAL SERVICE,,,,,,,,,,,,-81.67960311,26.5987428,,,,
6699,LEHIGH ACRES,LEE,,,,EMERGENCY MEDICAL SERVICE,,,,,,,,,,,,-81.60426912,26.56278244,,,,
6700,LEHIGH ACRES,LEE,,,,EMERGENCY MEDICAL SERVICE,,,,,,,,,,,,-81.59778174,26.63684493,,,,
6701,LEHIGH ACRES,LEE,,,,EMERGENCY MEDICAL SERVICE,,,,,,,,,,,,-81.71443518,26.60902093,,,,
6702,BONITA SPRINGS,LEE,,,,EMERGENCY MEDICAL SERVICE,,,,,,,,,,,,-81.807035,26.37582486,,,,
6703,BONITA SPRINGS,LEE,,,,EMERGENCY MEDICAL SERVICE,,,,,,,,,,,,-81.81645288,26.32973602,,,,
6704,BONITA SPRINGS,LEE,,,,EMERGENCY MEDICAL SERVICE,,,,,,,,,,,,-81.73742297,26.3358017,,,,
6705,CAPE CORAL,LEE,,,,EMERGENCY MEDICAL SERVICE,,,,,,,,,,,,-81.94217712,26.63922027,,,,
6707,CAPE CORAL,LEE,,,,EMERGENCY MEDICAL SERVICE,,,,,,,,,,,,-81.98924676,26.65064644,,,,
6708,CAPE CORAL,LEE,,,,EMERGENCY MEDICAL SERVICE,,,,,,,,,,,,-81.95838281,26.56660588,,,,
6709,CAPE CORAL,LEE,,,,EMERGENCY MEDICAL SERVICE,,,,,,,,,,,,-81.95138156,26.68316746,,,,
6710,CAPE CORAL,LEE,,,,EMERGENCY MEDICAL SERVICE,,,,,,,,,,,,-82.00724801,26.56649337,,,,
6711,CAPE CORAL,LEE,,,,EMERGENCY MEDICAL SERVICE,,,,,,,,,,,,-81.93911926,26.60689005,,,,
6712,CAPE CORAL,LEE,,,,EMERGENCY MEDICAL SERVICE,,,,,,,,,,,,-81.92590541,26.65303686,,,,
6713,FORT MYERS,LEE,,,,EMERGENCY MEDICAL SERVICE,,,,,,,,,,,,-81.84424454,26.65759064,,,,
6714,FORT MYERS,LEE,,,,EMERGENCY MEDICAL SERVICE,,,,,,,,,,,,-81.87404774,26.62839039,,,,
6715,FORT MYERS,LEE,,,,EMERGENCY MEDICAL SERVICE,,,,,,,,,,,,-81.8651326,26.64057832,,,,
6716,FORT MYERS,LEE,,,,EMERGENCY MEDICAL SERVICE,,,,,,,,,,,,-81.78613089,26.60276894,,,,
6717,FORT MYERS,LEE,,,,EMERGENCY MEDICAL SERVICE,,,,,,,,,,,,-81.85799356,26.49780585,,,,
6718,FORT MYERS,LEE,,,,EMERGENCY MEDICAL SERVICE,,,,,,,,,,,,-81.84043128,26.60982515,,,,
6719,FORT MYERS,LEE,,,,EMERGENCY MEDICAL SERVICE,,,,,,,,,,,,-81.82330945,26.46820999,,,,
6720,FORT MYERS,LEE,,,,EMERGENCY MEDICAL SERVICE,,,,,,,,,,,,-81.78047096,26.45754898,,,,
6721,FORT MYERS,LEE,,,,EMERGENCY MEDICAL SERVICE,,,,,,,,,,,,-81.87050744,26.5641374,,,,
6722,FORT MYERS,LEE,,,,EMERGENCY MEDICAL SERVICE,,,,,,,,,,,,-81.86232313,26.52885981,,,,
6723,FORT MYERS,LEE,,,,EMERGENCY MEDICAL SERVICE,,,,,,,,,,,,-81.96309409,26.50241242,,,,
6724,FORT MYERS,LEE,,,,EMERGENCY MEDICAL SERVICE,,,,,,,,,,,,-81.8984949,26.51026468,,,,
6725,FORT MYERS,LEE,,,,EMERGENCY MEDICAL SERVICE,,,,,,,,,,,,-81.80253735,26.67205614,,,,
6727,FORT MYERS,LEE,,,,EMERGENCY MEDICAL SERVICE,,,,,,,,,,,,-81.90480693,26.55483703,,,,
6728,FORT MYERS,LEE,,,,EMERGENCY MEDICAL SERVICE,,,,,,,,,,,,-81.86647671,26.59233045,,,,
6730,FORT MYERS,LEE,,,,EMERGENCY MEDICAL SERVICE,,,,,,,,,,,,-81.93621038,26.51392857,,,,
6731,FORT MYERS BEACH,LEE,,,,EMERGENCY MEDICAL SERVICE,,,,,,,,,,,,-81.94797338,26.48160224,,,,
6732,FORT MYERS BEACH,LEE,,,,EMERGENCY MEDICAL SERVICE,,,,,,,,,,,,-81.89984961,26.41555882,,,,
6733,FORT MYERS BEACH,LEE,,,,EMERGENCY MEDICAL SERVICE,,,,,,,,,,,,-81.93528556,26.44523628,,,,
6734,ALVA,LEE,,,,EMERGENCY MEDICAL SERVICE,,,,,,,,,,,,-81.60755189,26.70618246,,,,
6735,SAINT JAMES CITY,LEE,,,,EMERGENCY MEDICAL SERVICE,,,,,,,,,,,,-82.08858566,26.53298528,,,,
6736,ESTERO,LEE,,,,EMERGENCY MEDICAL SERVICE,,,,,,,,,,,,-81.78886493,26.42592055,,,,
6737,BOKEELIA,LEE,,,,EMERGENCY MEDICAL SERVICE,,,,,,,,,,,,-82.1198574,26.61390219,,,,
6738,SANIBEL,LEE,,,,EMERGENCY MEDICAL SERVICE,,,,,,,,,,,,-82.0779378,26.43777804,,,,
6739,NORTH FORT MYERS,LEE,,,,EMERGENCY MEDICAL SERVICE,,,,,,,,,,,,-81.80112988,26.71653989,,,,
6740,NORTH FORT MYERS,LEE,,,,EMERGENCY MEDICAL SERVICE,,,,,,,,,,,,-81.90951181,26.73496761,,,,
6741,NORTH FORT MYERS,LEE,,,,EMERGENCY MEDICAL SERVICE,,,,,,,,,,,,-81.88490855,26.66675646,,,,
6742,NORTH FORT MYERS,LEE,,,,EMERGENCY MEDICAL SERVICE,,,,,,,,,,,,-81.88487098,26.70838698,,,,
6743,TALLAHASSEE,LEON,,,,EMERGENCY MEDICAL SERVICE,,,,,,,,,,,,-84.2229592,30.45155998,,,,
6744,TALLAHASSEE,LEON,,,,EMERGENCY MEDICAL SERVICE,,,,,,,,,,,,-84.25309477,30.32108197,,,,
6745,TALLAHASSEE,LEON,,,,EMERGENCY MEDICAL SERVICE,,,,,,,,,,,,-84.12531834,30.43870998,,,,
6746,CHIEFLAND,LEVY,,,,EMERGENCY MEDICAL SERVICE,,,,,,,,,,,,-82.85893076,29.47915881,,,,
6747,WILLISTON,LEVY,,,,EMERGENCY MEDICAL SERVICE,,,,,,,,,,,,-82.44875964,29.37729939,,,,
6748,CEDAR KEY,LEVY,,,,EMERGENCY MEDICAL SERVICE,,,,,,,,,,,,-83.01915084,29.18288182,,,,
6749,BRONSON,LEVY,,,,EMERGENCY MEDICAL SERVICE,,,,,,,,,,,,-82.64318851,29.46405335,,,,
6750,INGLIS,LEVY,,,,EMERGENCY MEDICAL SERVICE,,,,,,,,,,,,-82.64931595,29.06466832,,,,
6751,BRISTOL,LIBERTY,,,,EMERGENCY MEDICAL SERVICE,,,,,,,,,,,,-84.98069559,30.43236581,,,,
6752,MADISON,MADISON,,,,EMERGENCY MEDICAL SERVICE,,,,,,,,,,,,-83.43338473,30.47608446,,,,
6753,PALMETTO,MANATEE,,,,EMERGENCY MEDICAL SERVICE,,,,,,,,,,,,-82.58167575,27.52429422,,,,
6754,PALMETTO,MANATEE,,,,EMERGENCY MEDICAL SERVICE,,,,,,,,,,,,-82.55550885,27.5576611,,,,
6755,BRADENTON,MANATEE,,,,EMERGENCY MEDICAL SERVICE,,,,,,,,,,,,-82.54714709,27.43250301,,,,
6756,BRADENTON,MANATEE,,,,EMERGENCY MEDICAL SERVICE,,,,,,,,,,,,-82.62818117,27.49681319,,,,
6757,BRADENTON,MANATEE,,,,EMERGENCY MEDICAL SERVICE,,,,,,,,,,,,-82.58799448,27.44876782,,,,
6758,BRADENTON,MANATEE,,,,EMERGENCY MEDICAL SERVICE,,,,,,,,,,,,-82.39148229,27.43596454,,,,
6759,BRADENTON,MANATEE,,,,EMERGENCY MEDICAL SERVICE,,,,,,,,,,,,-82.35136641,27.48410367,,,,
6760,BRADENTON,MANATEE,,,,EMERGENCY MEDICAL SERVICE,,,,,,,,,,,,-82.56150385,27.49760304,,,,
6761,BRADENTON,MANATEE,,,,EMERGENCY MEDICAL SERVICE,,,,,,,,,,,,-82.6648568,27.46231417,,,,
6762,BRADENTON,MANATEE,,,,EMERGENCY MEDICAL SERVICE,,,,,,,,,,,,-82.44766567,27.43699534,,,,
6763,BRADENTON,MANATEE,,,,EMERGENCY MEDICAL SERVICE,,,,,,,,,,,,-82.57100347,27.468188,,,,
6764,BRADENTON,MANATEE,,,,EMERGENCY MEDICAL SERVICE,,,,,,,,,,,,-82.48485361,27.49137131,,,,
6765,BRADENTON,MANATEE,,,,EMERGENCY MEDICAL SERVICE,,,,,,,,,,,,-82.43284223,27.47067543,,,,
6766,BRADENTON,MANATEE,,,,EMERGENCY MEDICAL SERVICE,,,,,,,,,,,,-82.619984,27.47514602,,,,
6767,BRADENTON BEACH,MANATEE,,,,EMERGENCY MEDICAL SERVICE,,,,,,,,,,,,-82.71538937,27.51153638,,,,
6768,SARASOTA,MANATEE,,,,EMERGENCY MEDICAL SERVICE,,,,,,,,,,,,-82.51734522,27.40439554,,,,
6769,SARASOTA,MANATEE,,,,EMERGENCY MEDICAL SERVICE,,,,,,,,,,,,-82.56972521,27.40870463,,,,
6770,MYAKKA CITY,MANATEE,,,,EMERGENCY MEDICAL SERVICE,,,,,,,,,,,,-82.16205568,27.35498862,,,,
6771,OCALA,MARION,,,,EMERGENCY MEDICAL SERVICE,,,,,,,,,,,,-82.13311177,29.18943966,,,,
6772,OCALA,MARION,,,,EMERGENCY MEDICAL SERVICE,,,,,,,,,,,,-82.21783943,29.18397315,,,,
6773,LADY LAKE,MARION,,,,EMERGENCY MEDICAL SERVICE,,,,,,,,,,,,-82.0000163,28.96694982,,,,
6774,STUART,MARTIN,,,,EMERGENCY MEDICAL SERVICE,,,,,,,,,,,,-80.24415757,27.19816719,,,,
6775,STUART,MARTIN,,,,EMERGENCY MEDICAL SERVICE,,,,,,,,,,,,-80.24245316,27.18583117,,,,
6776,STUART,MARTIN,,,,EMERGENCY MEDICAL SERVICE,,,,,,,,,,,,-80.22529178,27.13149907,,,,
6777,MIAMI,MIAMI-DADE,,,,EMERGENCY MEDICAL SERVICE,,,,,,,,,,,,-80.33848889,25.68609167,,,,
6778,MIAMI,MIAMI-DADE,,,,EMERGENCY MEDICAL SERVICE,,,,,,,,,,,,-80.31762604,25.83377925,,,,
6779,MIAMI,MIAMI-DADE,,,,EMERGENCY MEDICAL SERVICE,,,,,,,,,,,,-80.2076507,25.80468278,,,,
6780,MIAMI,MIAMI-DADE,,,,EMERGENCY MEDICAL SERVICE,,,,,,,,,,,,-80.25672888,25.82465597,,,,
6781,MIAMI,MIAMI-DADE,,,,EMERGENCY MEDICAL SERVICE,,,,,,,,,,,,-80.26025041,25.74584786,,,,
6782,MIAMI,MIAMI-DADE,,,,EMERGENCY MEDICAL SERVICE,,,,,,,,,,,,-80.31597099,25.79150102,,,,
6783,MIAMI,MIAMI-DADE,,,,EMERGENCY MEDICAL SERVICE,,,,,,,,,,,,-80.24212922,25.83058459,,,,
6784,MIAMI,MIAMI-DADE,,,,EMERGENCY MEDICAL SERVICE,,,,,,,,,,,,-80.4087657,25.65312241,,,,
6785,MIAMI BEACH,MIAMI-DADE,,,,EMERGENCY MEDICAL SERVICE,,,,,,,,,,,,-80.14080968,25.78777979,,,,
6786,MIAMI BEACH,MIAMI-DADE,,,,EMERGENCY MEDICAL SERVICE,,,,,,,,,,,,-80.13044394,25.79965151,,,,
6787,NORTH MIAMI BEACH,MIAMI-DADE,,,,EMERGENCY MEDICAL SERVICE,,,,,,,,,,,,-80.11990481,25.96842024,,,,
6788,KEY BISCAYNE,MIAMI-DADE,,,,EMERGENCY MEDICAL SERVICE,,,,,,,,,,,,-80.16435726,25.6908886,,,,
6789,HIALEAH,MIAMI-DADE,,,,EMERGENCY MEDICAL SERVICE,,,,,,,,,,,,-80.28034033,25.82677052,,,,
6790,ISLAMORADA,MONROE,,,,EMERGENCY MEDICAL SERVICE,,,,,,,,,,,,-80.63626191,24.91770924,,,,
6792,TAVERNIER,MONROE,,,,EMERGENCY MEDICAL SERVICE,,,,,,,,,,,,-80.51754096,25.01071922,,,,
6793,TAVERNIER,MONROE,,,,EMERGENCY MEDICAL SERVICE,,,,,,,,,,,,-80.5223114,25.00608,,,,
6795,TAVERNIER,MONROE,,,,EMERGENCY MEDICAL SERVICE,,,,,,,,,,,,-80.53940243,24.99522544,,,,
6796,KEY LARGO,MONROE,,,,EMERGENCY MEDICAL SERVICE,,,,,,,,,,,,-80.45184534,25.08397133,,,,
6797,MARATHON,MONROE,,,,EMERGENCY MEDICAL SERVICE,,,,,,,,,,,,-81.05198362,24.72471175,,,,
6798,MARATHON,MONROE,,,,EMERGENCY MEDICAL SERVICE,,,,,,,,,,,,-81.09498323,24.71137052,,,,
6799,MARATHON,MONROE,,,,EMERGENCY MEDICAL SERVICE,,,,,,,,,,,,-81.0945495,24.7101862,,,,
6800,MARATHON,MONROE,,,,EMERGENCY MEDICAL SERVICE,,,,,,,,,,,,-81.09446182,24.71072397,,,,
6801,MARATHON,MONROE,,,,EMERGENCY MEDICAL SERVICE,,,,,,,,,,,,-80.88994541,24.78947455,,,,
6802,KEY WEST,MONROE,,,,EMERGENCY MEDICAL SERVICE,,,,,,,,,,,,-81.65575309,24.59790305,,,,
6803,KEY WEST,MONROE,,,,EMERGENCY MEDICAL SERVICE,,,,,,,,,,,,-81.78199673,24.55983346,,,,
6804,KEY WEST,MONROE,,,,EMERGENCY MEDICAL SERVICE,,,,,,,,,,,,-81.74236793,24.5809686,,,,
6805,KEY WEST,MONROE,,,,EMERGENCY MEDICAL SERVICE,,,,,,,,,,,,-81.76735478,24.56442933,,,,
6806,BIG PINE KEY,MONROE,,,,EMERGENCY MEDICAL SERVICE,,,,,,,,,,,,-81.35974257,24.6744899,,,,
6809,SUMMERLAND KEY,MONROE,,,,EMERGENCY MEDICAL SERVICE,,,,,,,,,,,,-81.50636796,24.66434839,,,,
6810,BRYCEVILLE,NASSAU,,,,EMERGENCY MEDICAL SERVICE,,,,,,,,,,,,-81.9351968,30.3922555,,,,
6811,BRYCEVILLE,NASSAU,,,,EMERGENCY MEDICAL SERVICE,,,,,,,,,,,,-81.93537415,30.39178065,,,,
6812,BRYCEVILLE,NASSAU,,,,EMERGENCY MEDICAL SERVICE,,,,,,,,,,,,-82.02940158,30.4117277,,,,
6813,HILLIARD,NASSAU,,,,EMERGENCY MEDICAL SERVICE,,,,,,,,,,,,-81.91915928,30.68969583,,,,
6814,HILLIARD,NASSAU,,,,EMERGENCY MEDICAL SERVICE,,,,,,,,,,,,-81.90742367,30.68927911,,,,
6815,HILLIARD,NASSAU,,,,EMERGENCY MEDICAL SERVICE,,,,,,,,,,,,-81.99283274,30.5616026,,,,
6816,CALLAHAN,NASSAU,,,,EMERGENCY MEDICAL SERVICE,,,,,,,,,,,,-81.77242442,30.53155588,,,,
6817,CALLAHAN,NASSAU,,,,EMERGENCY MEDICAL SERVICE,,,,,,,,,,,,-81.82883472,30.56333339,,,,
6818,CALLAHAN,NASSAU,,,,EMERGENCY MEDICAL SERVICE,,,,,,,,,,,,-81.76098072,30.628334,,,,
6819,CALLAHAN,NASSAU,,,,EMERGENCY MEDICAL SERVICE,,,,,,,,,,,,-81.81250636,30.49813824,,,,
6820,YULEE,NASSAU,,,,EMERGENCY MEDICAL SERVICE,,,,,,,,,,,,-81.60425435,30.63354699,,,,
6821,YULEE,NASSAU,,,,EMERGENCY MEDICAL SERVICE,,,,,,,,,,,,-81.53052046,30.67298503,,,,
6822,YULEE,NASSAU,,,,EMERGENCY MEDICAL SERVICE,,,,,,,,,,,,-81.57120695,30.60540404,,,,
6823,YULEE,NASSAU,,,,EMERGENCY MEDICAL SERVICE,,,,,,,,,,,,-81.60358944,30.63617552,,,,
6824,FERNANDINA BEACH,NASSAU,,,,EMERGENCY MEDICAL SERVICE,,,,,,,,,,,,-81.45337843,30.57255659,,,,
6825,FERNANDINA BEACH,NASSAU,,,,EMERGENCY MEDICAL SERVICE,,,,,,,,,,,,-81.5185839,30.5784609,,,,
6826,FERNANDINA BEACH,NASSAU,,,,EMERGENCY MEDICAL SERVICE,,,,,,,,,,,,-81.51341192,30.61675377,,,,
6827,FERNANDINA BEACH,NASSAU,,,,EMERGENCY MEDICAL SERVICE,,,,,,,,,,,,-81.43800021,30.63793416,,,,
6828,FERNANDINA BEACH,NASSAU,,,,EMERGENCY MEDICAL SERVICE,,,,,,,,,,,,-81.45231768,30.66669414,,,,
6829,SHALIMAR,OKALOOSA,,,,EMERGENCY MEDICAL SERVICE,,,,,,,,,,,,-86.58020589,30.4460678,,,,
6830, ,ORANGE,,,,EMERGENCY MEDICAL SERVICE,,,,,,,,,,,,-81.36826867,28.57566005,,,,
6831,ORLANDO,ORANGE,,,,EMERGENCY MEDICAL SERVICE,,,,,,,,,,,,-81.57499092,28.34873865,,,,
6832,ORLANDO,ORANGE,,,,EMERGENCY MEDICAL SERVICE,,,,,,,,,,,,-81.51822311,28.37905852,,,,
6833,ORLANDO,ORANGE,,,,EMERGENCY MEDICAL SERVICE,,,,,,,,,,,,-81.54710684,28.36536922,,,,
6834,ORLANDO,ORANGE,,,,EMERGENCY MEDICAL SERVICE,,,,,,,,,,,,-81.57964249,28.42336615,,,,
6835,ORLANDO,ORANGE,,,,EMERGENCY MEDICAL SERVICE,,,,,,,,,,,,-81.28705552,28.44105278,,,,
6836,ORLANDO,ORANGE,,,,EMERGENCY MEDICAL SERVICE,,,,,,,,,,,,-81.3109167,28.42134139,,,,
6837,ORLANDO,ORANGE,,,,EMERGENCY MEDICAL SERVICE,,,,,,,,,,,,-81.37237971,28.5696848,,,,
6838,ORLANDO,ORANGE,,,,EMERGENCY MEDICAL SERVICE,,,,,,,,,,,,-81.44181418,28.54493852,,,,
6839,ORLANDO,ORANGE,,,,EMERGENCY MEDICAL SERVICE,,,,,,,,,,,,-81.42765947,28.57859829,,,,
6840,WINTER PARK,ORANGE,,,,EMERGENCY MEDICAL SERVICE,,,,,,,,,,,,-81.35421587,28.60078933,,,,
6841,APOPKA,ORANGE,,,,EMERGENCY MEDICAL SERVICE,,,,,,,,,,,,-81.50843937,28.67229669,,,,
6842,GOTHA,ORANGE,,,,EMERGENCY MEDICAL SERVICE,,,,,,,,,,,,-81.54150183,28.54754216,,,,
6843,MAITLAND,ORANGE,,,,EMERGENCY MEDICAL SERVICE,,,,,,,,,,,,-81.36503761,28.62602955,,,,
6844,KISSIMMEE,OSCEOLA,,,,EMERGENCY MEDICAL SERVICE,,,,,,,,,,,,-81.41287637,28.29506358,,,,
6845,KISSIMMEE,OSCEOLA,,,,EMERGENCY MEDICAL SERVICE,,,,,,,,,,,,-81.37870928,28.30460133,,,,
6846,KISSIMMEE,OSCEOLA,,,,EMERGENCY MEDICAL SERVICE,,,,,,,,,,,,-81.41503239,28.33251655,,,,
6847,KISSIMMEE,OSCEOLA,,,,EMERGENCY MEDICAL SERVICE,,,,,,,,,,,,-81.44458148,28.30852556,,,,
6848,KISSIMMEE,OSCEOLA,,,,EMERGENCY MEDICAL SERVICE,,,,,,,,,,,,-81.43328558,28.29057018,,,,
6849,NORTH PALM BEACH,PALM BEACH,,,,EMERGENCY MEDICAL SERVICE,,,,,,,,,,,,-80.05613087,26.81227694,,,,
6850,WEST PALM BEACH,PALM BEACH,,,,EMERGENCY MEDICAL SERVICE,,,,,,,,,,,,-80.26154771,26.63042321,,,,
6851,WEST PALM BEACH,PALM BEACH,,,,EMERGENCY MEDICAL SERVICE,,,,,,,,,,,,-80.06476448,26.78463664,,,,
6852,WEST PALM BEACH,PALM BEACH,,,,EMERGENCY MEDICAL SERVICE,,,,,,,,,,,,-80.05308257,26.71727176,,,,
6853,WEST PALM BEACH,PALM BEACH,,,,EMERGENCY MEDICAL SERVICE,,,,,,,,,,,,-80.08204017,26.78086658,,,,
6854,WEST PALM BEACH,PALM BEACH,,,,EMERGENCY MEDICAL SERVICE,,,,,,,,,,,,-80.08211445,26.65009796,,,,
6855,WEST PALM BEACH,PALM BEACH,,,,EMERGENCY MEDICAL SERVICE,,,,,,,,,,,,-80.03387997,26.79881618,,,,
6856,WEST PALM BEACH,PALM BEACH,,,,EMERGENCY MEDICAL SERVICE,,,,,,,,,,,,-80.10817087,26.67873819,,,,
6857,WEST PALM BEACH,PALM BEACH,,,,EMERGENCY MEDICAL SERVICE,,,,,,,,,,,,-80.06698432,26.74112645,,,,
6858,LAKE WORTH,PALM BEACH,,,,EMERGENCY MEDICAL SERVICE,,,,,,,,,,,,-80.0951699,26.64059679,,,,
6859,LAKE WORTH,PALM BEACH,,,,EMERGENCY MEDICAL SERVICE,,,,,,,,,,,,-80.09505378,26.64147013,,,,
6860,LAKE WORTH,PALM BEACH,,,,EMERGENCY MEDICAL SERVICE,,,,,,,,,,,,-80.05861696,26.61696369,,,,
6861,LAKE WORTH,PALM BEACH,,,,EMERGENCY MEDICAL SERVICE,,,,,,,,,,,,-80.07207262,26.62895726,,,,
6862,LAKE WORTH,PALM BEACH,,,,EMERGENCY MEDICAL SERVICE,,,,,,,,,,,,-80.07078433,26.62933005,,,,
6863,LAKE WORTH,PALM BEACH,,,,EMERGENCY MEDICAL SERVICE,,,,,,,,,,,,-80.14645992,26.63101158,,,,
6864,PALM BEACH GARDENS,PALM BEACH,,,,EMERGENCY MEDICAL SERVICE,,,,,,,,,,,,-80.10759154,26.78669655,,,,
6865,JUPITER,PALM BEACH,,,,EMERGENCY MEDICAL SERVICE,,,,,,,,,,,,-80.09350725,26.95925476,,,,
6866,PALM BEACH,PALM BEACH,,,,EMERGENCY MEDICAL SERVICE,,,,,,,,,,,,-80.03693956,26.70286968,,,,
6867,PALM BEACH,PALM BEACH,,,,EMERGENCY MEDICAL SERVICE,,,,,,,,,,,,-80.03824417,26.72533229,,,,
6868,PALM BEACH,PALM BEACH,,,,EMERGENCY MEDICAL SERVICE,,,,,,,,,,,,-80.03868666,26.63954102,,,,
6869,BOCA RATON,PALM BEACH,,,,EMERGENCY MEDICAL SERVICE,,,,,,,,,,,,-80.12634877,26.36877372,,,,
6870,BOCA RATON,PALM BEACH,,,,EMERGENCY MEDICAL SERVICE,,,,,,,,,,,,-80.10281406,26.40334236,,,,
6871,BOYNTON BEACH,PALM BEACH,,,,EMERGENCY MEDICAL SERVICE,,,,,,,,,,,,-80.06237506,26.52867742,,,,
6872,DELRAY BEACH,PALM BEACH,,,,EMERGENCY MEDICAL SERVICE,,,,,,,,,,,,-80.07865788,26.46222807,,,,
6873,DADE CITY,PASCO,,,,EMERGENCY MEDICAL SERVICE,,,,,,,,,,,,-82.18715213,28.366438,,,,
6874,DADE CITY,PASCO,,,,EMERGENCY MEDICAL SERVICE,,,,,,,,,,,,-82.24459648,28.41424912,,,,
6875,DADE CITY,PASCO,,,,EMERGENCY MEDICAL SERVICE,,,,,,,,,,,,-82.33298679,28.4097449,,,,
6876,DADE CITY,PASCO,,,,EMERGENCY MEDICAL SERVICE,,,,,,,,,,,,-82.18265847,28.30325852,,,,
6877,DADE CITY,PASCO,,,,EMERGENCY MEDICAL SERVICE,,,,,,,,,,,,-82.18179287,28.46361666,,,,
6878,LAND O LAKES,PASCO,,,,EMERGENCY MEDICAL SERVICE,,,,,,,,,,,,-82.45679032,28.22676883,,,,
6879,LAND O LAKES,PASCO,,,,EMERGENCY MEDICAL SERVICE,,,,,,,,,,,,-82.49617766,28.30246149,,,,
6880,LAND O LAKES,PASCO,,,,EMERGENCY MEDICAL SERVICE,,,,,,,,,,,,-82.45961111,28.2178884,,,,
6881,LAND O LAKES,PASCO,,,,EMERGENCY MEDICAL SERVICE,,,,,,,,,,,,-82.51797084,28.19549739,,,,
6882,WESLEY CHAPEL,PASCO,,,,EMERGENCY MEDICAL SERVICE,,,,,,,,,,,,-82.24835472,28.20826267,,,,
6883,WESLEY CHAPEL,PASCO,,,,EMERGENCY MEDICAL SERVICE,,,,,,,,,,,,-82.36379878,28.24330968,,,,
6884,WESLEY CHAPEL,PASCO,,,,EMERGENCY MEDICAL SERVICE,,,,,,,,,,,,-82.34982547,28.17672891,,,,
6885,ODESSA,PASCO,,,,EMERGENCY MEDICAL SERVICE,,,,,,,,,,,,-82.62399458,28.18689483,,,,
6886,ODESSA,PASCO,,,,EMERGENCY MEDICAL SERVICE,,,,,,,,,,,,-82.57733206,28.18889337,,,,
6887,SAN ANTONIO,PASCO,,,,EMERGENCY MEDICAL SERVICE,,,,,,,,,,,,-82.27470904,28.33555441,,,,
6888,SAN ANTONIO,PASCO,,,,EMERGENCY MEDICAL SERVICE,,,,,,,,,,,,-82.32924135,28.32102062,,,,
6889,PORT RICHEY,PASCO,,,,EMERGENCY MEDICAL SERVICE,,,,,,,,,,,,-82.70387233,28.2926299,,,,
6890,PORT RICHEY,PASCO,,,,EMERGENCY MEDICAL SERVICE,,,,,,,,,,,,-82.70242731,28.29516698,,,,
6891,ZEPHYRHILLS,PASCO,,,,EMERGENCY MEDICAL SERVICE,,,,,,,,,,,,-82.22489709,28.23028652,,,,
6892,ZEPHYRHILLS,PASCO,,,,EMERGENCY MEDICAL SERVICE,,,,,,,,,,,,-82.15927314,28.18193665,,,,
6893,SPRING HILL,PASCO,,,,EMERGENCY MEDICAL SERVICE,,,,,,,,,,,,-82.55308831,28.39875714,,,,
6894,HUDSON,PASCO,,,,EMERGENCY MEDICAL SERVICE,,,,,,,,,,,,-82.62340569,28.43316896,,,,
6895,HUDSON,PASCO,,,,EMERGENCY MEDICAL SERVICE,,,,,,,,,,,,-82.64267769,28.33306276,,,,
6896,HUDSON,PASCO,,,,EMERGENCY MEDICAL SERVICE,,,,,,,,,,,,-82.6832176,28.37083902,,,,
6897,NEW PORT RICHEY,PASCO,,,,EMERGENCY MEDICAL SERVICE,,,,,,,,,,,,-82.73123336,28.24202271,,,,
6898,NEW PORT RICHEY,PASCO,,,,EMERGENCY MEDICAL SERVICE,,,,,,,,,,,,-82.68475503,28.25946987,,,,
6899,NEW PORT RICHEY,PASCO,,,,EMERGENCY MEDICAL SERVICE,,,,,,,,,,,,-82.69511548,28.20246701,,,,
6900,NEW PORT RICHEY,PASCO,,,,EMERGENCY MEDICAL SERVICE,,,,,,,,,,,,-82.71316329,28.2364306,,,,
6901,NEW PORT RICHEY,PASCO,,,,EMERGENCY MEDICAL SERVICE,,,,,,,,,,,,-82.71579258,28.25074293,,,,
6902,LUTZ,PASCO,,,,EMERGENCY MEDICAL SERVICE,,,,,,,,,,,,-82.46401867,28.19069764,,,,
6903,PALM HARBOR,PINELLAS,,,,EMERGENCY MEDICAL SERVICE,,,,,,,,,,,,-82.70154009,28.10034251,,,,
6904,PALM HARBOR,PINELLAS,,,,EMERGENCY MEDICAL SERVICE,,,,,,,,,,,,-82.73515832,28.06573054,,,,
6905,SAFETY HARBOR,PINELLAS,,,,EMERGENCY MEDICAL SERVICE,,,,,,,,,,,,-82.69439817,27.99054058,,,,
6906,SEMINOLE,PINELLAS,,,,EMERGENCY MEDICAL SERVICE,,,,,,,,,,,,-82.79480417,27.83707828,,,,
6907,CLEARWATER,PINELLAS,,,,EMERGENCY MEDICAL SERVICE,,,,,,,,,,,,-82.79806358,27.96335693,,,,
6908,CLEARWATER,PINELLAS,,,,EMERGENCY MEDICAL SERVICE,,,,,,,,,,,,-82.69292275,27.87537145,,,,
6909,CLEARWATER,PINELLAS,,,,EMERGENCY MEDICAL SERVICE,,,,,,,,,,,,-82.69728758,27.89952098,,,,
6910,DUNEDIN,PINELLAS,,,,EMERGENCY MEDICAL SERVICE,,,,,,,,,,,,-82.77073989,28.01250628,,,,
6911,SAINT PETERSBURG,PINELLAS,,,,EMERGENCY MEDICAL SERVICE,,,,,,,,,,,,-82.63264655,27.762681,,,,
6912,SAINT PETERSBURG,PINELLAS,,,,EMERGENCY MEDICAL SERVICE,,,,,,,,,,,,-82.80165406,27.80450381,,,,
6913,SAINT PETERSBURG,PINELLAS,,,,EMERGENCY MEDICAL SERVICE,,,,,,,,,,,,-82.70580712,27.74705489,,,,
6914,SAINT PETERSBURG,PINELLAS,,,,EMERGENCY MEDICAL SERVICE,,,,,,,,,,,,-82.73297167,27.75998595,,,,
6915,SAINT PETERSBURG,PINELLAS,,,,EMERGENCY MEDICAL SERVICE,,,,,,,,,,,,-82.76833195,27.77082728,,,,
6916,SAINT PETERSBURG,PINELLAS,,,,EMERGENCY MEDICAL SERVICE,,,,,,,,,,,,-82.75063894,27.74121287,,,,
6917,SAINT PETERSBURG,PINELLAS,,,,EMERGENCY MEDICAL SERVICE,,,,,,,,,,,,-82.6879233,27.82319964,,,,
6918,INDIAN ROCKS BEACH,PINELLAS,,,,EMERGENCY MEDICAL SERVICE,,,,,,,,,,,,-82.84991679,27.88107724,,,,
6919,LARGO,PINELLAS,,,,EMERGENCY MEDICAL SERVICE,,,,,,,,,,,,-82.77582113,27.91933708,,,,
6920,LARGO,PINELLAS,,,,EMERGENCY MEDICAL SERVICE,,,,,,,,,,,,-82.81066643,27.88576706,,,,
6921,PINELLAS PARK,PINELLAS,,,,EMERGENCY MEDICAL SERVICE,,,,,,,,,,,,-82.70252203,27.84615445,,,,
6922,PINELLAS PARK,PINELLAS,,,,EMERGENCY MEDICAL SERVICE,,,,,,,,,,,,-82.72812465,27.85775216,,,,
6923,TARPON SPRINGS,PINELLAS,,,,EMERGENCY MEDICAL SERVICE,,,,,,,,,,,,-82.74490733,28.14276276,,,,
6924,TARPON SPRINGS,PINELLAS,,,,EMERGENCY MEDICAL SERVICE,,,,,,,,,,,,-82.74282938,28.14193481,,,,
6925,OLDSMAR,PINELLAS,,,,EMERGENCY MEDICAL SERVICE,,,,,,,,,,,,-82.67058809,28.04408269,,,,
6926,BARTOW,POLK,,,,EMERGENCY MEDICAL SERVICE,,,,,,,,,,,,-81.78356941,27.95258219,,,,
6927,BARTOW,POLK,,,,EMERGENCY MEDICAL SERVICE,,,,,,,,,,,,-81.82915386,27.87718243,,,,
6928,LAKELAND,POLK,,,,EMERGENCY MEDICAL SERVICE,,,,,,,,,,,,-81.95633819,27.99437491,,,,
6929,LAKELAND,POLK,,,,EMERGENCY MEDICAL SERVICE,,,,,,,,,,,,-81.97484434,28.10903328,,,,
6930,LAKELAND,POLK,,,,EMERGENCY MEDICAL SERVICE,,,,,,,,,,,,-81.89957338,27.99850032,,,,
6931,LAKELAND,POLK,,,,EMERGENCY MEDICAL SERVICE,,,,,,,,,,,,-81.93785155,28.0402722,,,,
6932,LAKELAND,POLK,,,,EMERGENCY MEDICAL SERVICE,,,,,,,,,,,,-81.98331749,28.05059057,,,,
6933,HAINES CITY,POLK,,,,EMERGENCY MEDICAL SERVICE,,,,,,,,,,,,-81.62447961,28.1034119,,,,
6934,HAINES CITY,POLK,,,,EMERGENCY MEDICAL SERVICE,,,,,,,,,,,,-81.53004814,28.01250002,,,,
6935,DAVENPORT,POLK,,,,EMERGENCY MEDICAL SERVICE,,,,,,,,,,,,-81.65473392,28.25457071,,,,
6936,MULBERRY,POLK,,,,EMERGENCY MEDICAL SERVICE,,,,,,,,,,,,-81.96573769,27.89912821,,,,
6937,LAKE WALES,POLK,,,,EMERGENCY MEDICAL SERVICE,,,,,,,,,,,,-81.54109759,27.89402721,,,,
6938,LAKE WALES,POLK,,,,EMERGENCY MEDICAL SERVICE,,,,,,,,,,,,-81.62219357,27.90308856,,,,
6939,LAKE WALES,POLK,,,,EMERGENCY MEDICAL SERVICE,,,,,,,,,,,,-81.42508694,27.85999142,,,,
6940,WINTER HAVEN,POLK,,,,EMERGENCY MEDICAL SERVICE,,,,,,,,,,,,-81.72966148,28.02609294,,,,
6941,WINTER HAVEN,POLK,,,,EMERGENCY MEDICAL SERVICE,,,,,,,,,,,,-81.68585217,27.99548886,,,,
6942,LAKE ALFRED,POLK,,,,EMERGENCY MEDICAL SERVICE,,,,,,,,,,,,-81.72846671,28.09443858,,,,
6943,AUBURNDALE,POLK,,,,EMERGENCY MEDICAL SERVICE,,,,,,,,,,,,-81.77850968,28.06221775,,,,
6944,KISSIMMEE,POLK,,,,EMERGENCY MEDICAL SERVICE,,,,,,,,,,,,-81.46984761,28.13103815,,,,
6945,EAGLE LAKE,POLK,,,,EMERGENCY MEDICAL SERVICE,,,,,,,,,,,,-81.75919754,27.97920405,,,,
6946,POLK CITY,POLK,,,,EMERGENCY MEDICAL SERVICE,,,,,,,,,,,,-81.82484816,28.18129085,,,,
6947,FORT MEADE,POLK,,,,EMERGENCY MEDICAL SERVICE,,,,,,,,,,,,-81.7847241,27.76280406,,,,
6948,FROSTPROOF,POLK,,,,EMERGENCY MEDICAL SERVICE,,,,,,,,,,,,-81.52816237,27.74633175,,,,
6949,CRESCENT CITY,PUTNAM,,,,EMERGENCY MEDICAL SERVICE,,,,,,,,,,,,-81.5358831,29.46191153,,,,
6950,FLORAHOME,PUTNAM,,,,EMERGENCY MEDICAL SERVICE,,,,,,,,,,,,-81.88524434,29.7331786,,,,
6951,EAST PALATKA,PUTNAM,,,,EMERGENCY MEDICAL SERVICE,,,,,,,,,,,,-81.60031787,29.65506179,,,,
6952,INTERLACHEN,PUTNAM,,,,EMERGENCY MEDICAL SERVICE,,,,,,,,,,,,-81.88482006,29.61864289,,,,
6953,SATSUMA,PUTNAM,,,,EMERGENCY MEDICAL SERVICE,,,,,,,,,,,,-81.6589649,29.54863371,,,,
6954,PALATKA,PUTNAM,,,,EMERGENCY MEDICAL SERVICE,,,,,,,,,,,,-81.66045721,29.66884751,,,,
6955,HAWTHORNE,PUTNAM,,,,EMERGENCY MEDICAL SERVICE,,,,,,,,,,,,-82.02922767,29.62777251,,,,
6956,PORT SAINT LUCIE,ST. LUCIE,,,,EMERGENCY MEDICAL SERVICE,,,,,,,,,,,,-80.30321923,27.27091885,,,,
6957,PORT SAINT LUCIE,ST. LUCIE,,,,EMERGENCY MEDICAL SERVICE,,,,,,,,,,,,-80.29745323,27.29953036,,,,
6958,PORT SAINT LUCIE,ST. LUCIE,,,,EMERGENCY MEDICAL SERVICE,,,,,,,,,,,,-80.39931485,27.31643428,,,,
6959,PORT SAINT LUCIE,ST. LUCIE,,,,EMERGENCY MEDICAL SERVICE,,,,,,,,,,,,-80.35808374,27.20992822,,,,
6960,PORT SAINT LUCIE,ST. LUCIE,,,,EMERGENCY MEDICAL SERVICE,,,,,,,,,,,,-80.3505825,27.31738984,,,,
6961,PORT SAINT LUCIE,ST. LUCIE,,,,EMERGENCY MEDICAL SERVICE,,,,,,,,,,,,-80.37058138,27.26328637,,,,
6962,PORT SAINT LUCIE,ST. LUCIE,,,,EMERGENCY MEDICAL SERVICE,,,,,,,,,,,,-80.29371947,27.28696016,,,,
6963,FORT PIERCE,ST. LUCIE,,,,EMERGENCY MEDICAL SERVICE,,,,,,,,,,,,-80.34871912,27.42990308,,,,
6964,FORT PIERCE,ST. LUCIE,,,,EMERGENCY MEDICAL SERVICE,,,,,,,,,,,,-80.32025668,27.37478954,,,,
6965,FORT PIERCE,ST. LUCIE,,,,EMERGENCY MEDICAL SERVICE,,,,,,,,,,,,-80.30335843,27.46237406,,,,
6966,FORT PIERCE,ST. LUCIE,,,,EMERGENCY MEDICAL SERVICE,,,,,,,,,,,,-80.32975867,27.4521198,,,,
6967,FORT PIERCE,ST. LUCIE,,,,EMERGENCY MEDICAL SERVICE,,,,,,,,,,,,-80.36266465,27.48495675,,,,
6968,FORT PIERCE,ST. LUCIE,,,,EMERGENCY MEDICAL SERVICE,,,,,,,,,,,,-80.4728488,27.40258265,,,,
6969,FORT PIERCE,ST. LUCIE,,,,EMERGENCY MEDICAL SERVICE,,,,,,,,,,,,-80.4021954,27.52311029,,,,
6970,FORT PIERCE,ST. LUCIE,,,,EMERGENCY MEDICAL SERVICE,,,,,,,,,,,,-80.35715386,27.37471333,,,,
6971,FORT PIERCE,ST. LUCIE,,,,EMERGENCY MEDICAL SERVICE,,,,,,,,,,,,-80.30233611,27.49773136,,,,
6972,JENSEN BEACH,ST. LUCIE,,,,EMERGENCY MEDICAL SERVICE,,,,,,,,,,,,-80.23154913,27.3276669,,,,
6973,Port St. Lucie,ST. LUCIE,,,,EMERGENCY MEDICAL SERVICE,,,,,,,,,,,,-80.38235424,27.31914002,,,,
6974,MILTON,SANTA ROSA,,,,EMERGENCY MEDICAL SERVICE,,,,,,,,,,,,-87.080332,30.59290295,,,,
6975,VENICE,SARASOTA,,,,EMERGENCY MEDICAL SERVICE,,,,,,,,,,,,-82.42906521,27.08059229,,,,
6976,VENICE,SARASOTA,,,,EMERGENCY MEDICAL SERVICE,,,,,,,,,,,,-82.37689938,27.13688087,,,,
6977,VENICE,SARASOTA,,,,EMERGENCY MEDICAL SERVICE,,,,,,,,,,,,-82.45045516,27.09899485,,,,
6978,VENICE,SARASOTA,,,,EMERGENCY MEDICAL SERVICE,,,,,,,,,,,,-82.43579083,27.10072684,,,,
6979,VENICE,SARASOTA,,,,EMERGENCY MEDICAL SERVICE,,,,,,,,,,,,-82.39848387,27.07970675,,,,
6980,VENICE,SARASOTA,,,,EMERGENCY MEDICAL SERVICE,,,,,,,,,,,,-82.31634879,27.04551987,,,,
6981,VENICE,SARASOTA,,,,EMERGENCY MEDICAL SERVICE,,,,,,,,,,,,-82.40127508,27.04384207,,,,
6982,LONGBOAT KEY,SARASOTA,,,,EMERGENCY MEDICAL SERVICE,,,,,,,,,,,,-82.61809582,27.36057322,,,,
6983,NORTH PORT,SARASOTA,,,,EMERGENCY MEDICAL SERVICE,,,,,,,,,,,,-82.16647412,27.06895957,,,,
6984,NORTH PORT,SARASOTA,,,,EMERGENCY MEDICAL SERVICE,,,,,,,,,,,,-82.20804211,27.07387089,,,,
6985,NORTH PORT,SARASOTA,,,,EMERGENCY MEDICAL SERVICE,,,,,,,,,,,,-82.25422496,27.07805278,,,,
6986,NORTH PORT,SARASOTA,,,,EMERGENCY MEDICAL SERVICE,,,,,,,,,,,,-82.11829525,27.06826707,,,,
6987,ENGLEWOOD,SARASOTA,,,,EMERGENCY MEDICAL SERVICE,,,,,,,,,,,,-82.37808528,27.00358234,,,,
6988,ENGLEWOOD,SARASOTA,,,,EMERGENCY MEDICAL SERVICE,,,,,,,,,,,,-82.35283601,26.95213823,,,,
6989,SARASOTA,SARASOTA,,,,EMERGENCY MEDICAL SERVICE,,,,,,,,,,,,-82.52037238,27.2621488,,,,
6990,SARASOTA,SARASOTA,,,,EMERGENCY MEDICAL SERVICE,,,,,,,,,,,,-82.46126215,27.38161015,,,,
6991,SARASOTA,SARASOTA,,,,EMERGENCY MEDICAL SERVICE,,,,,,,,,,,,-82.507742,27.29845464,,,,
6992,SARASOTA,SARASOTA,,,,EMERGENCY MEDICAL SERVICE,,,,,,,,,,,,-82.54701641,27.26644243,,,,
6993,SARASOTA,SARASOTA,,,,EMERGENCY MEDICAL SERVICE,,,,,,,,,,,,-82.52809794,27.3189465,,,,
6994,SARASOTA,SARASOTA,,,,EMERGENCY MEDICAL SERVICE,,,,,,,,,,,,-82.44080161,27.26701653,,,,
6995,SARASOTA,SARASOTA,,,,EMERGENCY MEDICAL SERVICE,,,,,,,,,,,,-82.50528185,27.36987008,,,,
6996,SARASOTA,SARASOTA,,,,EMERGENCY MEDICAL SERVICE,,,,,,,,,,,,-82.54155105,27.33999183,,,,
6997,SARASOTA,SARASOTA,,,,EMERGENCY MEDICAL SERVICE,,,,,,,,,,,,-82.57654932,27.31994499,,,,
6998,SARASOTA,SARASOTA,,,,EMERGENCY MEDICAL SERVICE,,,,,,,,,,,,-82.34165283,27.24818804,,,,
6999,SARASOTA,SARASOTA,,,,EMERGENCY MEDICAL SERVICE,,,,,,,,,,,,-82.54660684,27.3665661,,,,
7000,SARASOTA,SARASOTA,,,,EMERGENCY MEDICAL SERVICE,,,,,,,,,,,,-82.4720307,27.35171287,,,,
7001,SARASOTA,SARASOTA,,,,EMERGENCY MEDICAL SERVICE,,,,,,,,,,,,-82.26861774,27.31349778,,,,
7002,SARASOTA,SARASOTA,,,,EMERGENCY MEDICAL SERVICE,,,,,,,,,,,,-82.49697578,27.34019106,,,,
7003,SARASOTA,SARASOTA,,,,EMERGENCY MEDICAL SERVICE,,,,,,,,,,,,-82.49100137,27.22176126,,,,
7004,SARASOTA,SARASOTA,,,,EMERGENCY MEDICAL SERVICE,,,,,,,,,,,,-82.43647606,27.29825698,,,,
7005,NOKOMIS,SARASOTA,,,,EMERGENCY MEDICAL SERVICE,,,,,,,,,,,,-82.46599933,27.15249625,,,,
7006,LONGWOOD,SEMINOLE,,,,EMERGENCY MEDICAL SERVICE,,,,,,,,,,,,-81.35073683,28.70043755,,,,
7007,CASSELBERRY,SEMINOLE,,,,EMERGENCY MEDICAL SERVICE,,,,,,,,,,,,-81.32051974,28.64668181,,,,
7008,CASSELBERRY,SEMINOLE,,,,EMERGENCY MEDICAL SERVICE,,,,,,,,,,,,-81.32348678,28.67789216,,,,
7009,SANFORD,SEMINOLE,,,,EMERGENCY MEDICAL SERVICE,,,,,,,,,,,,-81.27272364,28.79976952,,,,
7010,OVIEDO,SEMINOLE,,,,EMERGENCY MEDICAL SERVICE,,,,,,,,,,,,-81.20817613,28.66940407,,,,
7011,OVIEDO,SEMINOLE,,,,EMERGENCY MEDICAL SERVICE,,,,,,,,,,,,-81.20335195,28.65335085,,,,
7012,THE VILLAGES,SUMTER,,,,EMERGENCY MEDICAL SERVICE,,,,,,,,,,,,-81.97071085,28.91958084,,,,
7013,LIVE OAK,SUWANNEE,,,,EMERGENCY MEDICAL SERVICE,,,,,,,,,,,,-83.02688864,30.30312669,,,,
7014,PERRY,TAYLOR,,,,EMERGENCY MEDICAL SERVICE,,,,,,,,,,,,-83.5932491,30.12008806,,,,
7015,LAKE BUTLER,UNION,,,,EMERGENCY MEDICAL SERVICE,,,,,,,,,,,,-82.33136625,30.0180999,,,,
7016,EDGEWATER,VOLUSIA,,,,EMERGENCY MEDICAL SERVICE,,,,,,,,,,,,-80.92570578,28.97748514,,,,
7017,EDGEWATER,VOLUSIA,,,,EMERGENCY MEDICAL SERVICE,,,,,,,,,,,,-80.89737766,28.97601422,,,,
7018,EDGEWATER,VOLUSIA,,,,EMERGENCY MEDICAL SERVICE,,,,,,,,,,,,-80.89580477,28.95389765,,,,
7019,ORANGE CITY,VOLUSIA,,,,EMERGENCY MEDICAL SERVICE,,,,,,,,,,,,-81.29817062,28.95021477,,,,
7020,PORT ORANGE,VOLUSIA,,,,EMERGENCY MEDICAL SERVICE,,,,,,,,,,,,-81.03818338,29.0681261,,,,
7021,PORT ORANGE,VOLUSIA,,,,EMERGENCY MEDICAL SERVICE,,,,,,,,,,,,-80.94096359,29.09868767,,,,
7022,PORT ORANGE,VOLUSIA,,,,EMERGENCY MEDICAL SERVICE,,,,,,,,,,,,-80.9923787,29.0928288,,,,
7023,PORT ORANGE,VOLUSIA,,,,EMERGENCY MEDICAL SERVICE,,,,,,,,,,,,-80.98634584,29.14069373,,,,
7024,PORT ORANGE,VOLUSIA,,,,EMERGENCY MEDICAL SERVICE,,,,,,,,,,,,-81.02356714,29.12541007,,,,
7025,DAYTONA BEACH,VOLUSIA,,,,EMERGENCY MEDICAL SERVICE,,,,,,,,,,,,-81.03830863,29.24350375,,,,
7026,DAYTONA BEACH,VOLUSIA,,,,EMERGENCY MEDICAL SERVICE,,,,,,,,,,,,-81.00829571,29.18076795,,,,
7027,DAYTONA BEACH,VOLUSIA,,,,EMERGENCY MEDICAL SERVICE,,,,,,,,,,,,-81.01696743,29.20824606,,,,
7028,DAYTONA BEACH,VOLUSIA,,,,EMERGENCY MEDICAL SERVICE,,,,,,,,,,,,-81.03341705,29.22596805,,,,
7029,DELTONA,VOLUSIA,,,,EMERGENCY MEDICAL SERVICE,,,,,,,,,,,,-81.2258529,28.90629005,,,,
7030,NEW SMYRNA BEACH,VOLUSIA,,,,EMERGENCY MEDICAL SERVICE,,,,,,,,,,,,-80.9375283,29.0159696,,,,
7031,CRAWFORDVILLE,WAKULLA,,,,EMERGENCY MEDICAL SERVICE,,,,,,,,,,,,-84.3651063,30.18555284,,,,
7032,CRAWFORDVILLE,WAKULLA,,,,EMERGENCY MEDICAL SERVICE,,,,,,,,,,,,-84.3878979,30.09069128,,,,
7033,SAINT MARKS,WAKULLA,,,,EMERGENCY MEDICAL SERVICE,,,,,,,,,,,,-84.20774282,30.16116792,,,,
7034,DEFUNIAK SPRINGS,WALTON,,,,EMERGENCY MEDICAL SERVICE,,,,,,,,,,,,-86.24971777,30.86075949,,,,
7035,DEFUNIAK SPRINGS,WALTON,,,,EMERGENCY MEDICAL SERVICE,,,,,,,,,,,,-86.13480307,30.97055828,,,,
7036,DEFUNIAK SPRINGS,WALTON,,,,EMERGENCY MEDICAL SERVICE,,,,,,,,,,,,-86.09360082,30.72438009,,,,
7037,DEFUNIAK SPRINGS,WALTON,,,,EMERGENCY MEDICAL SERVICE,,,,,,,,,,,,-86.30612097,30.75990901,,,,
7038,DEFUNIAK SPRINGS,WALTON,,,,EMERGENCY MEDICAL SERVICE,,,,,,,,,,,,-86.09305034,30.72462329,,,,
7039,LAUREL HILL,WALTON,,,,EMERGENCY MEDICAL SERVICE,,,,,,,,,,,,-86.30297376,30.96925222,,,,
7040,PONCE DE LEON,WALTON,,,,EMERGENCY MEDICAL SERVICE,,,,,,,,,,,,-85.94346627,30.58905636,,,,
7041,PONCE DE LEON,WALTON,,,,EMERGENCY MEDICAL SERVICE,,,,,,,,,,,,-86.05642684,30.83597501,,,,
7042,CHIPLEY,WASHINGTON,,,,EMERGENCY MEDICAL SERVICE,,,,,,,,,,,,-85.5428906,30.76553747,,,,
7043,CHIPLEY,WASHINGTON,,,,EMERGENCY MEDICAL SERVICE,,,,,,,,,,,,-85.54403954,30.7710307,,,,
7044,VERNON,WASHINGTON,,,,EMERGENCY MEDICAL SERVICE,,,,,,,,,,,,-85.69336988,30.61162661,,,,
7045,GAINESVILLE,ALACHUA,,,,EMERGENCY OPERATIONS CENTER,,,,,,,,,,,,,,-82.29084846,29.64220687,,
7046,MACCLENNY,BAKER,,,,EMERGENCY OPERATIONS CENTER,,,,,,,,,,,,,,-82.1216505,30.29596864,,
7047,PANAMA CITY,BAY,,,,EMERGENCY OPERATIONS CENTER,,,,,,,,,,,,,,-85.66236142,30.29927023,,
7048,STARKE,BRADFORD,,,,EMERGENCY OPERATIONS CENTER,,,,,,,,,,,,,,-82.10951247,29.95431514,,
7049,ROCKLEDGE,BREVARD,,,,EMERGENCY OPERATIONS CENTER,,,,,,,,,,,,,,-80.73762538,28.32721702,,
7050,FORT LAUDERDALE,BROWARD,,,,EMERGENCY OPERATIONS CENTER,,,,,,,,,,,,,,-80.26127778,26.12282998,,
7051,BLOUNTSTOWN,CALHOUN,,,,EMERGENCY OPERATIONS CENTER,,,,,,,,,,,,,,-85.04193932,30.44273833,,
7052,PUNTA GORDA,CHARLOTTE,,,,EMERGENCY OPERATIONS CENTER,,,,,,,,,,,,,,-82.00851267,26.9164255,,
7053,LECANTO,CITRUS,,,,EMERGENCY OPERATIONS CENTER,,,,,,,,,,,,,,-82.49100357,28.82360035,,
7054,GREEN COVE SPRINGS,CLAY,,,,EMERGENCY OPERATIONS CENTER,,,,,,,,,,,,,,-81.74426546,29.97848062,,
7055,NAPLES,COLLIER,,,,EMERGENCY OPERATIONS CENTER,,,,,,,,,,,,,,-81.69472619,26.10527435,,
7056,LAKE CITY,COLUMBIA,,,,EMERGENCY OPERATIONS CENTER,,,,,,,,,,,,,,-82.7006769,30.18351491,,
7057,ARCADIA,DESOTO,,,,EMERGENCY OPERATIONS CENTER,,,,,,,,,,,,,,-81.83787926,27.22502973,,
7058,OLD TOWN,DIXIE,,,,EMERGENCY OPERATIONS CENTER,,,,,,,,,,,,,,-83.11167042,29.62529064,,
7059,JACKSONVILLE,DUVAL,,,,EMERGENCY OPERATIONS CENTER,,,,,,,,,,,,,,-81.6602024,30.33113219,,
7060,PENSACOLA,ESCAMBIA,,,,EMERGENCY OPERATIONS CENTER,,,,,,,,,,,,,,-87.2614384,30.48383532,,
7061,APALACHICOLA,FRANKLIN,,,,EMERGENCY OPERATIONS CENTER,,,,,,,,,,,,,,-85.02646842,29.72232199,,
7062,QUINCY,GADSDEN,,,,EMERGENCY OPERATIONS CENTER,,,,,,,,,,,,,,-84.5712015,30.58730804,,
7063,BELL,GILCHRIST,,,,EMERGENCY OPERATIONS CENTER,,,,,,,,,,,,,,-82.86596273,29.78433674,,
7064,MOORE HAVEN,GLADES,,,,EMERGENCY OPERATIONS CENTER,,,,,,,,,,,,,,-81.12536492,26.84011872,,
7065,PORT SAINT JOE,GULF,,,,EMERGENCY OPERATIONS CENTER,,,,,,,,,,,,,,-85.2900388,29.81473022,,
7066,JASPER,HAMILTON,,,,EMERGENCY OPERATIONS CENTER,,,,,,,,,,,,,,-82.95777393,30.52444314,,
7067,WAUCHULA,HARDEE,,,,EMERGENCY OPERATIONS CENTER,,,,,,,,,,,,,,-81.81515909,27.54598638,,
7068,ALVA,HENDRY,,,,EMERGENCY OPERATIONS CENTER,,,,,,,,,,,,,,-81.50787739,26.70894846,,
7069,BROOKSVILLE,HERNANDO,,,,EMERGENCY OPERATIONS CENTER,,,,,,,,,,,,,,-82.42194062,28.54729714,,
7070,SEBRING,HIGHLANDS,,,,EMERGENCY OPERATIONS CENTER,,,,,,,,,,,,,,-81.42143835,27.43779573,,
7071,TAMPA,HILLSBOROUGH,,,,EMERGENCY OPERATIONS CENTER,,,,,,,,,,,,,,-82.34581483,27.96726912,,
7072,BONIFAY,HOLMES,,,,EMERGENCY OPERATIONS CENTER,,,,,,,,,,,,,,-85.66298183,30.78657213,,
7073,VERO BEACH,INDIAN RIVER,,,,EMERGENCY OPERATIONS CENTER,,,,,,,,,,,,,,-80.43031296,27.67267259,,
7074,VERO BEACH,INDIAN RIVER,,,,EMERGENCY OPERATIONS CENTER,,,,,,,,,,,,,,-80.43096181,27.67057314,,
7075,MARIANNA,JACKSON,,,,EMERGENCY OPERATIONS CENTER,,,,,,,,,,,,,,-85.19760997,30.7700838,,
7076,MONTICELLO,JEFFERSON,,,,EMERGENCY OPERATIONS CENTER,,,,,,,,,,,,,,-83.88119825,30.50253415,,
7077,MAYO,LAFAYETTE,,,,EMERGENCY OPERATIONS CENTER,,,,,,,,,,,,,,-83.18567674,30.05679752,,
7078,TAVARES,LAKE,,,,EMERGENCY OPERATIONS CENTER,,,,,,,,,,,,,,-81.73294486,28.80333777,,
7079,FORT MYERS,LEE,,,,EMERGENCY OPERATIONS CENTER,,,,,,,,,,,,,,-81.810049,26.62810206,,
7080,TALLAHASSEE,LEON,,,,EMERGENCY OPERATIONS CENTER,,,,,,,,,,,,,,-84.2229592,30.45155998,,
7081,TALLAHASSEE,LEON,,,,EMERGENCY OPERATIONS CENTER,,,,,,,,,,,,,,-84.23169854,30.38631194,,
7082,BRONSON,LEVY,,,,EMERGENCY OPERATIONS CENTER,,,,,,,,,,,,,,-82.64144202,29.46363659,,
7083,BRISTOL,LIBERTY,,,,EMERGENCY OPERATIONS CENTER,,,,,,,,,,,,,,-84.97524816,30.43157891,,
7084,MADISON,MADISON,,,,EMERGENCY OPERATIONS CENTER,,,,,,,,,,,,,,-83.42045442,30.44754675,,
7085,BRADENTON,MANATEE,,,,EMERGENCY OPERATIONS CENTER,,,,,,,,,,,,,,-82.53672942,27.45805591,,
7086,OCALA,MARION,,,,EMERGENCY OPERATIONS CENTER,,,,,,,,,,,,,,-82.174993,29.19211393,,
7087,STUART,MARTIN,,,,EMERGENCY OPERATIONS CENTER,,,,,,,,,,,,,,-80.24159065,27.1719894,,
7088,MIAMI,MIAMI-DADE,,,,EMERGENCY OPERATIONS CENTER,,,,,,,,,,,,,,-80.34921261,25.81019134,,
7089,MARATHON,MONROE,,,,EMERGENCY OPERATIONS CENTER,,,,,,,,,,,,,,-81.09722931,24.71109549,,
7090,YULEE,NASSAU,,,,EMERGENCY OPERATIONS CENTER,,,,,,,,,,,,,,-81.63018519,30.61265568,,
7091,NICEVILLE,OKALOOSA,,,,EMERGENCY OPERATIONS CENTER,,,,,,,,,,,,,,-86.47711605,30.53625759,,
7092,OKEECHOBEE,OKEECHOBEE,,,,EMERGENCY OPERATIONS CENTER,,,,,,,,,,,,,,-80.83716658,27.24854672,,
7093,WINTER PARK,ORANGE,,,,EMERGENCY OPERATIONS CENTER,,,,,,,,,,,,,,-81.30238929,28.59444235,,
7094,KISSIMMEE,OSCEOLA,,,,EMERGENCY OPERATIONS CENTER,,,,,,,,,,,,,,-81.33731305,28.277401,,
7095,WEST PALM BEACH,PALM BEACH,,,,EMERGENCY OPERATIONS CENTER,,,,,,,,,,,,,,-80.11105254,26.67650527,,
7096,GLEN RIDGE,PALM BEACH,,,,EMERGENCY OPERATIONS CENTER,,,,,,,,,,,,,,-80.07657411,26.67342331,,
7097,HIGHLAND BEACH,PALM BEACH,,,,EMERGENCY OPERATIONS CENTER,,,,,,,,,,,,,,-80.06951138,26.39123178,,
7098,BOCA RATON,PALM BEACH,,,,EMERGENCY OPERATIONS CENTER,,,,,,,,,,,,,,-80.085736,26.37205,,
7099,NEW PORT RICHEY,PASCO,,,,EMERGENCY OPERATIONS CENTER,,,,,,,,,,,,,,-82.67021925,28.2663006,,
7100,CLEARWATER,PINELLAS,,,,EMERGENCY OPERATIONS CENTER,,,,,,,,,,,,,,-82.80061948,27.96121965,,
7101,WINTER HAVEN,POLK,,,,EMERGENCY OPERATIONS CENTER,,,,,,,,,,,,,,-81.81030866,28.01420055,,
7102,PALATKA,PUTNAM,,,,EMERGENCY OPERATIONS CENTER,,,,,,,,,,,,,,-81.67577713,29.644795,,
7103,SAINT AUGUSTINE,ST. JOHNS,,,,EMERGENCY OPERATIONS CENTER,,,,,,,,,,,,,,-81.41361588,29.9042217,,
7104,PORT SAINT LUCIE,ST. LUCIE,,,,EMERGENCY OPERATIONS CENTER,,,,,,,,,,,,,,-80.48232345,27.37334261,,
7105,MILTON,SANTA ROSA,,,,EMERGENCY OPERATIONS CENTER,,,,,,,,,,,,,,-87.06973528,30.5982331,,
7106,SARASOTA,SARASOTA,,,,EMERGENCY OPERATIONS CENTER,,,,,,,,,,,,,,-82.44952655,27.32167146,,
7107,SANFORD,SEMINOLE,,,,EMERGENCY OPERATIONS CENTER,,,,,,,,,,,,,,-81.29966483,28.74804584,,
7108,BUSHNELL,SUMTER,,,,EMERGENCY OPERATIONS CENTER,,,,,,,,,,,,,,-82.11292904,28.67745645,,
7109,LIVE OAK,SUWANNEE,,,,EMERGENCY OPERATIONS CENTER,,,,,,,,,,,,,,-82.99887225,30.29531498,,
7110,PERRY,TAYLOR,,,,EMERGENCY OPERATIONS CENTER,,,,,,,,,,,,,,-83.57372104,30.11023434,,
7111,LAKE BUTLER,UNION,,,,EMERGENCY OPERATIONS CENTER,,,,,,,,,,,,,,-82.33870077,30.02370683,,
7112,DAYTONA BEACH,VOLUSIA,,,,EMERGENCY OPERATIONS CENTER,,,,,,,,,,,,,,-81.14483468,29.1404966,,
7113,CRAWFORDVILLE,WAKULLA,,,,EMERGENCY OPERATIONS CENTER,,,,,,,,,,,,,,-84.37725827,30.19660935,,
7114,DEFUNIAK SPRINGS,WALTON,,,,EMERGENCY OPERATIONS CENTER,,,,,,,,,,,,,,-86.10432792,30.78265278,,
7115,CHIPLEY,WASHINGTON,,,,EMERGENCY OPERATIONS CENTER,,,,,,,,,,,,,,-85.59651746,30.63366957,,
7116,WEST PALM BEACH,PALM BEACH,,,,RELIEF AGENCY,,,,,,,,,,,,,,,,-80.09730945,26.76306721
7117,DAYTONA BEACH,VOLUSIA,,,,RELIEF AGENCY,,,,,,,,,,,,,,,,-81.04805302,29.20658441
7118,DAYTONA BEACH,VOLUSIA,,,,RELIEF AGENCY,,,,,,,,,,,,,,,,-81.0723178,29.23215373
7119,DAYTONA BEACH,VOLUSIA,,,,RELIEF AGENCY,,,,,,,,,,,,,,,,-81.04810533,29.20664964
7120,BOCA RATON,PALM BEACH,,,,RELIEF AGENCY,,,,,,,,,,,,,,,,-80.07584842,26.40149739
7121,MIAMI,MIAMI-DADE,,,,RELIEF AGENCY,,,,,,,,,,,,,,,,-80.230332,25.81161101
7122,MIAMI,MIAMI-DADE,,,,RELIEF AGENCY,,,,,,,,,,,,,,,,-80.34921261,25.81019134
7123,MIAMI,MIAMI-DADE,,,,RELIEF AGENCY,,,,,,,,,,,,,,,,-80.23859984,25.76893543
7125,MIAMI,MIAMI-DADE,,,,RELIEF AGENCY,,,,,,,,,,,,,,,,-80.19526217,25.78997306
7126,TAMPA,HILLSBOROUGH,,,,RELIEF AGENCY,,,,,,,,,,,,,,,,-82.45060159,28.07428213
7127,TAMPA,HILLSBOROUGH,,,,RELIEF AGENCY,,,,,,,,,,,,,,,,-82.45964973,27.95932193
7129,TAMPA,HILLSBOROUGH,,,,RELIEF AGENCY,,,,,,,,,,,,,,,,-82.49841031,27.95689332
7130,TALLAHASSEE,LEON,,,,RELIEF AGENCY,,,,,,,,,,,,,,,,-84.22011142,30.4502794
7131,CLEARWATER,PINELLAS,,,,RELIEF AGENCY,,,,,,,,,,,,,,,,-82.77370257,27.95594487
7132,CLEARWATER,PINELLAS,,,,RELIEF AGENCY,,,,,,,,,,,,,,,,-82.73395957,27.98929409
7133,PALM COAST,FLAGLER,,,,RELIEF AGENCY,,,,,,,,,,,,,,,,,
7134,DELAND ,VOLUSIA,,,,RELIEF AGENCY,,,,,,,,,,,,,,,,,
7135,PORT CHARLOTTE,CHARLOTTE,,,,RELIEF AGENCY,,,,,,,,,,,,,,,,-82.13632715,27.00741586
7136,PENSACOLA,ESCAMBIA,,,,RELIEF AGENCY,,,,,,,,,,,,,,,,-87.21974917,30.43057037
7137,PANAMA CITY,BAY,,,,RELIEF AGENCY,,,,,,,,,,,,,,,,-85.65409993,30.17486909
7138,FORT PIERCE,ST. LUCIE,,,,RELIEF AGENCY,,,,,,,,,,,,,,,,-80.32841695,27.39056664
7139,FORT MYERS,LEE,,,,RELIEF AGENCY,,,,,,,,,,,,,,,,-81.89188976,26.59222972
7140,FORT MYERS,LEE,,,,RELIEF AGENCY,,,,,,,,,,,,,,,,-81.8613574,26.59643818
7142,LAKE CITY,COLUMBIA,,,,RELIEF AGENCY,,,,,,,,,,,,,,,,-82.65158774,30.18826913
7143,TITUSVILLE,BREVARD,,,,RELIEF AGENCY,,,,,,,,,,,,,,,,-80.81766009,28.61281766
7145,ORLANDO,ORANGE,,,,RELIEF AGENCY,,,,,,,,,,,,,,,,-81.38488227,28.55269581
7146,ORLANDO,ORANGE,,,,RELIEF AGENCY,,,,,,,,,,,,,,,,-81.38515916,28.55130694
7147,ORLANDO,ORANGE,,,,RELIEF AGENCY,,,,,,,,,,,,,,,,-81.38526411,28.55192522
7148,ORLANDO,ORANGE,,,,RELIEF AGENCY,,,,,,,,,,,,,,,,-81.35145016,28.54267205
7149,PATRICK AFB,BREVARD,,,,RELIEF AGENCY,,,,,,,,,,,,,,,,-80.58197189,28.42165285
7150,VERO BEACH,INDIAN RIVER,,,,RELIEF AGENCY,,,,,,,,,,,,,,,,-80.40204602,27.64468477
7151,BELLE GLADE,PALM BEACH,,,,RELIEF AGENCY,,,,,,,,,,,,,,,,-80.66551054,26.68344894
7152,RIVIERA BEACH,PALM BEACH,,,,RELIEF AGENCY,,,,,,,,,,,,,,,,-80.09795489,26.78911659
7153,SAINT PETERSBURG,PINELLAS,,,,RELIEF AGENCY,,,,,,,,,,,,,,,,-82.63787465,27.75652041
7154,SAINT PETERSBURG,PINELLAS,,,,RELIEF AGENCY,,,,,,,,,,,,,,,,-82.63876214,27.78074799
7155,SAINT PETERSBURG,PINELLAS,,,,RELIEF AGENCY,,,,,,,,,,,,,,,,-82.68605971,27.77970448
7156,BRADENTON,MANATEE,,,,RELIEF AGENCY,,,,,,,,,,,,,,,,-82.43901316,27.44909709
7157,BRADENTON,MANATEE,,,,RELIEF AGENCY,,,,,,,,,,,,,,,,-82.62004454,27.47436463
7158,BRADENTON,MANATEE,,,,RELIEF AGENCY,,,,,,,,,,,,,,,,-82.57595448,27.48839334
7159,BRADENTON,MANATEE,,,,RELIEF AGENCY,,,,,,,,,,,,,,,,-82.55605265,27.47971317
7160,BRADENTON,MANATEE,,,,RELIEF AGENCY,,,,,,,,,,,,,,,,-82.5721689,27.48306874
7161,FORT LAUDERDALE,BROWARD,,,,RELIEF AGENCY,,,,,,,,,,,,,,,,-80.140487,26.13010032
7162,FORT LAUDERDALE,BROWARD,,,,RELIEF AGENCY,,,,,,,,,,,,,,,,-80.16073891,26.12236398
7163,SEBRING,HIGHLANDS,,,,RELIEF AGENCY,,,,,,,,,,,,,,,,-81.43962042,27.48155317
7164,LABELLE,HENDRY,,,,RELIEF AGENCY,,,,,,,,,,,,,,,,-81.43863112,26.75713805
7165,SARASOTA,SARASOTA,,,,RELIEF AGENCY,,,,,,,,,,,,,,,,-82.5415253,27.33830735
7166,SARASOTA,SARASOTA,,,,RELIEF AGENCY,,,,,,,,,,,,,,,,-82.44813434,27.33011735
7167,SARASOTA,SARASOTA,,,,RELIEF AGENCY,,,,,,,,,,,,,,,,-82.51365861,27.31756791
7168,SARASOTA,SARASOTA,,,,RELIEF AGENCY,,,,,,,,,,,,,,,,-82.54215474,27.34437254
7169,SARASOTA,SARASOTA,,,,RELIEF AGENCY,,,,,,,,,,,,,,,,-82.44880994,27.3188723
7171,LAKELAND,POLK,,,,RELIEF AGENCY,,,,,,,,,,,,,,,,-81.99263924,28.07571031
7173,JACKSONVILLE,DUVAL,,,,RELIEF AGENCY,,,,,,,,,,,,,,,,-81.67635532,30.31607939
7174,JACKSONVILLE,DUVAL,,,,RELIEF AGENCY,,,,,,,,,,,,,,,,-81.65642218,30.33016834
7175,MILTON,SANTA ROSA,,,,RELIEF AGENCY,,,,,,,,,,,,,,,,-87.04476861,30.64575927
7176,LEESBURG,LAKE,,,,RELIEF AGENCY,,,,,,,,,,,,,,,,-81.88448079,28.81158333
7177,PORT SAINT LUCIE,ST. LUCIE,,,,RELIEF AGENCY,,,,,,,,,,,,,,,,-80.40223745,27.32137321
7178,VENICE,SARASOTA,,,,RELIEF AGENCY,,,,,,,,,,,,,,,,-82.43409578,27.10899013
7179,OKEECHOBEE,OKEECHOBEE,,,,RELIEF AGENCY,,,,,,,,,,,,,,,,-80.83033334,27.24655409
7180,HIALEAH,MIAMI-DADE,,,,RELIEF AGENCY,,,,,,,,,,,,,,,,-80.26161492,25.84251666
7181,GAINESVILLE,ALACHUA,,,,RELIEF AGENCY,,,,,,,,,,,,,,,,-82.33042151,29.66545985
7182,STUART,MARTIN,,,,RELIEF AGENCY,,,,,,,,,,,,,,,,-80.25278783,27.17147633
7183,WINTER HAVEN,POLK,,,,RELIEF AGENCY,,,,,,,,,,,,,,,,-81.72745603,28.0232697
7184,NAPLES,COLLIER,,,,RELIEF AGENCY,,,,,,,,,,,,,,,,-81.74096525,26.2748306
