CITY,COUNTY,FACILITY_TYPE,TTL_BEDS,hos_Longitude,hos_Latitude,hf_Longitude,hf_Latitude
GAINESVILLE,ALACHUA,HOSPITAL,40.0,-82.43666336,29.69219137,,
GAINESVILLE,ALACHUA,HOSPITAL,81.0,-82.43663653,29.69147585,,
GAINESVILLE,ALACHUA,HOSPITAL,44.0,-82.36432040,29.63211699,,
GAINESVILLE,ALACHUA,HOSPITAL - ACUTE CARE,432.0,-82.41220000,29.65975600,,
GAINESVILLE,ALACHUA,HOSPITAL - TRAUMA,875.0,-82.34326474,29.63975339,,
GAINESVILLE,ALACHUA,HOSPITAL - VA,240.0,-82.34719000,29.63595000,,
MACCLENNY,BAKER,HOSPITAL - ACUTE CARE,25.0,-82.11899623,30.28609904,,
MACCLENNY,BAKER,HOSPITAL,1138.0,-82.14480384,30.22716751,,
PANAMA CITY,BAY,HOSPITAL,75.0,-85.66885702,30.18203065,,
PANAMA CITY,BAY,HOSPITAL,86.0,-85.65869064,30.18402124,,
PANAMA CITY,BAY,HOSPITAL - ACUTE CARE,216.0,-85.66515200,30.18965300,,
TYNDALL AIR FORCE BASE ,BAY,HOSPITAL - VA,,-85.60302000,30.07105000,,
PANAMA CITY BEACH ,BAY,HOSPITAL - VA,,-85.75838000,30.17674000,,
PANAMA CITY,BAY,HOSPITAL - TRAUMA,323.0,-85.64839536,30.15976409,,
STARKE,BRADFORD,HOSPITAL - ACUTE CARE,49.0,-82.10159646,29.94013189,,
COCOA BEACH,BREVARD,HOSPITAL - ACUTE CARE,150.0,-80.62303951,28.36010552,,
PALM BAY,BREVARD,HOSPITAL - ACUTE CARE,152.0,-80.61167304,27.99986717,,
ROCKLEDGE,BREVARD,HOSPITAL - ACUTE CARE,298.0,-80.72279882,28.33511522,,
MELBOURNE,BREVARD,HOSPITAL - ACUTE CARE,84.00084,-80.72933458,28.22797118,,
TITUSVILLE,BREVARD,HOSPITAL - ACUTE CARE,210.0,-80.82409566,28.63073156,,
MELBOURNE,BREVARD,HOSPITAL,90.0,-80.62013956,28.05556466,,
MELBOURNE,BREVARD,HOSPITAL,60.0,-80.63239371,28.09288067,,
MELBOURNE,BREVARD,HOSPITAL,52.0,-80.61583265,28.08968332,,
VIERA,BREVARD,HOSPITAL,100.0,-80.70819754,28.23417908,,
MELBOURNE,BREVARD,HOSPITAL - ACUTE CARE,119.0,-80.67481341,28.10936576,,
MELBOURNE,BREVARD,HOSPITAL - TRAUMA,514.0,-80.61437872,28.08820450,,
VIERA ,BREVARD,HOSPITAL - VA,,-80.74290299,28.25498017,,
PATRICK AFB,BREVARD,HOSPITAL - VA,,-80.60516000,28.21663000,,
HOLLYWOOD,BROWARD,HOSPITAL - TRAUMA,777.0,-80.18000755,26.01891635,,
FORT LAUDERDALE,BROWARD,HOSPITAL - TRAUMA,716.0,-80.14022481,26.10355622,,
POMPANO BEACH,BROWARD,HOSPITAL - TRAUMA,409.0,-80.12211756,26.27749614,,
TAMARAC,BROWARD,HOSPITAL - ACUTE CARE,317.0,-80.25493586,26.21223379,,
CORAL SPRINGS,BROWARD,HOSPITAL - ACUTE CARE,200.0,-80.25574615,26.26921780,,
PEMBROKE PINES,BROWARD,HOSPITAL - ACUTE CARE,350.0,-80.25070538,26.00282918,,
WESTON,BROWARD,HOSPITAL - ACUTE CARE,155.0,-80.36535470,26.08224781,,
FORT LAUDERDALE,BROWARD,HOSPITAL - ACUTE CARE,557.0,-80.11860949,26.18673459,,
MARGATE,BROWARD,HOSPITAL - ACUTE CARE,228.0,-80.20229839,26.26308837,,
LAUDERDALE LAKES,BROWARD,HOSPITAL - ACUTE CARE,459.0,-80.21857736,26.16304106,,
MIRAMAR,BROWARD,HOSPITAL - ACUTE CARE,178.0,-80.37276267,25.99165811,,
PEMBROKE PINES,BROWARD,HOSPITAL - ACUTE CARE,384.0,-80.31128852,26.01307342,,
FORT LAUDERDALE,BROWARD,HOSPITAL - ACUTE CARE,204.0,-80.11133432,26.20681423,,
FORT LAUDERDALE,BROWARD,HOSPITAL,72.0,-80.11855531,26.18448426,,
HOLLYWOOD,BROWARD,HOSPITAL,50.0,-80.18079700,26.02090600,,
FORT LAUDERDALE,BROWARD,HOSPITAL,70.0,-80.12766802,26.11920950,,
SUNRISE,BROWARD,HOSPITAL,126.0,-80.28444503,26.17785514,,
HOLLYWOOD,BROWARD,HOSPITAL,119.0,-80.14434300,26.00978669,,
LAUDERDALE LAKES,BROWARD,HOSPITAL,26.0,-80.19349620,26.16370472,,
FORT LAUDERDALE,BROWARD,HOSPITAL,100.0,-80.12674654,26.11965888,,
PEMBROKE PINES,BROWARD,HOSPITAL - ACUTE CARE,301.0,-80.24645803,26.02968522,,
PLANTATION,BROWARD,HOSPITAL - ACUTE CARE,224.0,-80.26017627,26.12361489,,
HOLLYWOOD,BROWARD,HOSPITAL - ACUTE CARE,267.0,-80.17991010,26.00243612,,
PLANTATION,BROWARD,HOSPITAL - ACUTE CARE,364.0,-80.20578066,26.12591890,,
BLOUNTSTOWN,CALHOUN,HOSPITAL - ACUTE CARE,25.0,-85.05009111,30.45843904,,
PORT CHARLOTTE,CHARLOTTE,HOSPITAL - ACUTE CARE,237.0,-82.09831509,26.98840069,,
PUNTA GORDA,CHARLOTTE,HOSPITAL - ACUTE CARE,208.0,-82.03985766,26.94083026,,
PORT CHARLOTTE,CHARLOTTE,HOSPITAL - ACUTE CARE,254.0,-82.09575217,26.98894384,,
INVERNESS,CITRUS,HOSPITAL - ACUTE CARE,204.0,-82.33544165,28.83356199,,
CRYSTAL RIVER,CITRUS,HOSPITAL - ACUTE CARE,128.0,-82.62495118,28.95199887,,
ORANGE PARK,CLAY,HOSPITAL - ACUTE CARE,297.0,-81.73751973,30.16615986,,
MIDDLEBURG,CLAY,HOSPITAL - ACUTE CARE,,-81.83298122,30.10885499,,
FLEMING ISLAND,CLAY,HOSPITAL,,-81.71018188,30.07901060,,
GREEN COVE SPRINGS,CLAY,HOSPITAL,80.0,-81.68205584,29.98780600,,
NAPLES,COLLIER,HOSPITAL,87.0,-81.73633250,26.09601601,,
NAPLES,COLLIER,HOSPITAL - ACUTE CARE,322.0,-81.78864791,26.27445192,,
NAPLES ,COLLIER,HOSPITAL - ACUTE CARE,50.0,-81.78863847,26.27021071,,
NAPLES,COLLIER,HOSPITAL - ACUTE CARE,101.0,-81.73267494,26.21393595,,
NAPLES,COLLIER,HOSPITAL - ACUTE CARE,391.0,-81.79818450,26.15091683,,
NAPLES,COLLIER,HOSPITAL - ACUTE CARE,100.0,-81.68475853,26.10563729,,
LAKE CITY,COLUMBIA,HOSPITAL - ACUTE CARE,99.0,-82.63271100,30.19345300,,
LAKE CITY,COLUMBIA,HOSPITAL - ACUTE CARE,91.0,-82.68739989,30.18391868,,
LAKE CITY ,COLUMBIA,HOSPITAL - VA,47.0,-82.63689000,30.18183600,,
ARCADIA,DESOTO,HOSPITAL - ACUTE CARE,49.0,-81.85106677,27.22740886,,
JACKSONVILLE,DUVAL,HOSPITAL - ACUTE CARE,418.0,-81.60102814,30.28789348,,
JACKSONVILLE,DUVAL,HOSPITAL - ACUTE CARE,304.0,-81.44051350,30.26487810,,
JACKSONVILLE,DUVAL,HOSPITAL - ACUTE CARE,528.0,-81.69002108,30.30784450,,
JACKSONVILLE,DUVAL,HOSPITAL - ACUTE CARE,619.0,-81.66472202,30.31561516,,
JACKSONVILLE,DUVAL,HOSPITAL - ACUTE CARE,269.0,-81.53503482,30.13924705,,
JACKSONVILLE BEACH,DUVAL,HOSPITAL - ACUTE CARE,146.0,-81.39820417,30.27331201,,
JACKSONVILLE,DUVAL,HOSPITAL - ACUTE CARE,311.0,-81.58287049,30.25387324,,
JACKSONVILLE,DUVAL,HOSPITAL - ACUTE CARE,,-81.62181583,30.26245453,,
JACKSONVILLE,DUVAL,HOSPITAL - ACUTE CARE,,-81.66343043,30.34708941,,
JACKSONVILLE,DUVAL,HOSPITAL,160.0,-81.60117103,30.29025420,,
JACKSONVILLE,DUVAL,HOSPITAL,107.0,-81.61541820,30.27159649,,
JACKSONVILLE,DUVAL,HOSPITAL,84.0,-81.59733547,30.29016292,,
JACKSONVILLE,DUVAL,HOSPITAL,,-81.66197349,30.34452792,,
JACKSONVILLE,DUVAL,HOSPITAL,120.0,-81.59403815,30.25738496,,
JACKSONVILLE,DUVAL,HOSPITAL - TRAUMA,695.0,-81.66158925,30.34750111,,
JACKSONVILLE,DUVAL,HOSPITAL - TRAUMA,695.0,-81.66438802,30.34812999,,
PENSACOLA,ESCAMBIA,HOSPITAL - TRAUMA,566.0,-87.21151813,30.47569938,,
PENSACOLA ,ESCAMBIA,HOSPITAL - VA,,-87.29252000,30.39879000,,
PENSACOLA ,ESCAMBIA,HOSPITAL - VA,,-87.29750000,30.39850000,,
PENSACOLA,ESCAMBIA,HOSPITAL - TRAUMA,492.0,-87.23119084,30.42889772,,
PENSACOLA,ESCAMBIA,HOSPITAL,75.0,-87.21578030,30.47879443,,
PENSACOLA,ESCAMBIA,HOSPITAL - ACUTE CARE,515.0,-87.21750521,30.51548919,,
PALM COAST,FLAGLER,HOSPITAL - ACUTE CARE,99.0,-81.18990059,29.47898957,,
APALACHICOLA,FRANKLIN,HOSPITAL - ACUTE CARE,25.0,-84.99264323,29.72451272,,
CHATTAHOOCHEE,GADSDEN,HOSPITAL,1230.0,-84.83857111,30.70745311,,
QUINCY,GADSDEN,HOSPITAL - ACUTE CARE,4.0,-84.54861864,30.56899352,,
TRENTON,GILCHRIST,HOSPITAL,,-82.81883313,29.60753994,,
PORT SAINT JOE,GULF,HOSPITAL - ACUTE CARE,19.0,-85.28798285,29.77891529,,
WAUCHULA,HARDEE,HOSPITAL - ACUTE CARE,25.0,-81.81690527,27.53563213,,
CLEWISTON,HENDRY,HOSPITAL - ACUTE CARE,25.0,-80.94124923,26.75281761,,
SPRING HILL,HERNANDO,HOSPITAL - ACUTE CARE,124.0,-82.54036455,28.43747464,,
BROOKSVILLE,HERNANDO,HOSPITAL,66.0,-82.48421913,28.53277253,,
BROOKSVILLE,HERNANDO,HOSPITAL - ACUTE CARE,262.0,-82.53405961,28.53662124,,
BROOKSVILLE,HERNANDO,HOSPITAL - ACUTE CARE,120.0,-82.44282759,28.53860124,,
SEBRING,HIGHLANDS,HOSPITAL - ACUTE CARE,126.0,-81.43338156,27.46569212,,
SEBRING,HIGHLANDS,HOSPITAL - ACUTE CARE,147.0,-81.50594200,27.53905900,,
LAKE PLACID,HIGHLANDS,HOSPITAL - ACUTE CARE,50.0,-81.36980213,27.32055598,,
TAMPA,HILLSBOROUGH,HOSPITAL - ACUTE CARE,201.0,-82.57419670,28.00250098,,
TAMPA,HILLSBOROUGH,HOSPITAL - PEDIATRIC,60.0,-82.42283590,28.06153024,,
LUTZ,HILLSBOROUGH,HOSPITAL - ACUTE CARE,76.0,-82.50968117,28.12959793,,
TAMPA,HILLSBOROUGH,HOSPITAL - ACUTE CARE,206.0,-82.42135617,28.06410495,,
SUN CITY CENTER,HILLSBOROUGH,HOSPITAL - ACUTE CARE,112.0,-82.36529221,27.71349907,,
TAMPA,HILLSBOROUGH,HOSPITAL - ACUTE CARE,183.0,-82.48970589,27.93791613,,
BRANDON,HILLSBOROUGH,HOSPITAL - ACUTE CARE,422.0,-82.28774627,27.93281138,,
TAMPA,HILLSBOROUGH,HOSPITAL,73.0,-82.51886000,27.89806000,,
TAMPA,HILLSBOROUGH,HOSPITAL,60.0,-82.48928000,27.99208000,,
PLANT CITY,HILLSBOROUGH,HOSPITAL - ACUTE CARE,147.0,-82.13905300,28.01553410,,
RIVERVIEW,HILLSBOROUGH,HOSPITAL - ACUTE CARE,90.0,-82.34733400,27.78923000,,
TAMPA,HILLSBOROUGH,HOSPITAL,102.0,-82.48162206,27.98914819,,
TAMPA,HILLSBOROUGH,HOSPITAL - ACUTE CARE,120.0,-82.50405524,28.01352602,,
TAMPA,HILLSBOROUGH,HOSPITAL - ACUTE CARE,517.0,-82.42331939,28.07061780,,
TAMPA,HILLSBOROUGH,HOSPITAL - VA,415.0,-82.42805717,28.06444372,,
MACDILL AFB,HILLSBOROUGH,HOSPITAL - VA,,-82.50072563,27.85994784,,
TAMPA,HILLSBOROUGH,HOSPITAL - TRAUMA,780.0,-82.49091335,27.98233668,,
TAMPA,HILLSBOROUGH,HOSPITAL - TRAUMA,1011.0,-82.45841812,27.93812126,,
BRANDON,HILLSBOROUGH,HOSPITAL - VA,,-82.32632000,27.94365000,,
BONIFAY,HOLMES,HOSPITAL - ACUTE CARE,20.0,-85.68284435,30.76096055,,
VERO BEACH,INDIAN RIVER,HOSPITAL - ACUTE CARE,332.0,-80.39451773,27.65857609,,
SEBASTIAN,INDIAN RIVER,HOSPITAL - ACUTE CARE,154.0,-80.48903374,27.84366446,,
VERO BEACH,INDIAN RIVER,HOSPITAL,80.0,-80.40044051,27.66101437,,
MARIANNA,JACKSON,HOSPITAL - ACUTE CARE,100.0,-85.24154633,30.78687595,,
GRACEVILLE,JACKSON,HOSPITAL - ACUTE CARE,25.0,-85.50680081,30.96314424,,
TAVARES,LAKE,HOSPITAL - ACUTE CARE,269.0,-81.71069843,28.82345075,,
LEESBURG,LAKE,HOSPITAL - ACUTE CARE,2.0,-81.87440306,28.81790045,,
LEESBURG,LAKE,HOSPITAL - ACUTE CARE,308.0,-81.86832126,28.80749358,,
CLERMONT,LAKE,HOSPITAL - ACUTE CARE,170.0,-81.72220693,28.55193058,,
LEESBURG,LAKE,HOSPITAL,46.0,-81.89460863,28.83794133,,
FORT MYERS,LEE,HOSPITAL - ACUTE CARE,356.0,-81.84981503,26.54411470,,
CAPE CORAL,LEE,HOSPITAL,,-81.93800776,26.66854062,,
FORT MYERS,LEE,HOSPITAL,103.0,-81.90953907,26.51040323,,
FORT MYERS,LEE,HOSPITAL,,-81.87134914,26.59186653,,
CAPE CORAL,LEE,HOSPITAL - ACUTE CARE,291.0,-81.94217712,26.63922027,,
FORT MYERS,LEE,HOSPITAL - ACUTE CARE,60.0,-81.80271900,26.63107800,,
FORT MYERS,LEE,HOSPITAL - ACUTE CARE,368.0,-81.91297645,26.50729264,,
LEHIGH ACRES,LEE,HOSPITAL - ACUTE CARE,88.0,-81.65929373,26.61608252,,
CAPE CORAL,LEE,HOSPITAL - VA,,-81.92011764,26.68578387,,
FORT MYERS,LEE,HOSPITAL - TRAUMA,411.0,-81.87404774,26.62839039,,
FORT MYERS,LEE,HOSPITAL - VA,,-81.84948087,26.60550410,,
TALLAHASSEE,LEON,HOSPITAL - VA,,-84.24029000,30.45652000,,
TALLAHASSEE,LEON,HOSPITAL - VA,,-84.24804513,30.40998060,,
TALLAHASSEE,LEON,HOSPITAL - TRAUMA,772.0,-84.26210598,30.45624632,,
TALLAHASSEE,LEON,HOSPITAL - ACUTE CARE,266.0,-84.23119785,30.47580938,,
TALLAHASSEE,LEON,HOSPITAL,76.0,-84.23750184,30.45950674,,
TALLAHASSEE,LEON,HOSPITAL,46.0,-84.23932812,30.48774951,,
TALLAHASSEE,LEON,HOSPITAL,29.0,-84.25307467,30.46153658,,
WILLISTON,LEVY,HOSPITAL - ACUTE CARE,40.0,-82.45491655,29.38435034,,
MADISON,MADISON,HOSPITAL - ACUTE CARE,25.0,-83.41881755,30.47133365,,
BRADENTON,MANATEE,HOSPITAL - ACUTE CARE,120.0,-82.43546830,27.39106904,,
BRADENTON,MANATEE,HOSPITAL - TRAUMA,383.0,-82.62376910,27.48212916,,
BRADENTON,MANATEE,HOSPITAL - ACUTE CARE,295.0,-82.56215083,27.49739290,,
BRADENTON,MANATEE,HOSPITAL,27.0,-82.53968462,27.47566143,,
BRADENTON,MANATEE,HOSPITAL,60.0,-82.61296424,27.45973541,,
OCALA,MARION,HOSPITAL,64.0,-82.17006377,29.15560884,,
OCALA,MARION,HOSPITAL,421.0,-82.13897948,29.17491828,,
OCALA,MARION,HOSPITAL,15.0,-82.21919451,29.13070917,,
OCALA,MARION,HOSPITAL,31.0,-82.13818640,29.17342636,,
OCALA,MARION,HOSPITAL,50.0,-82.39559000,29.16664200,,
OCALA,MARION,HOSPITAL - ACUTE CARE,94.0,-82.20008912,29.14109295,,
OCALA,MARION,HOSPITAL - TRAUMA,222.0,-82.13683413,29.17535359,,
THE VILLAGES ,MARION,HOSPITAL - VA,,-82.00520000,28.98031000,,
STUART,MARTIN,HOSPITAL - ACUTE CARE,100.0,-80.22417696,27.13386809,,
STUART,MARTIN,HOSPITAL - ACUTE CARE,244.0,-80.24274305,27.20002045,,
TEQUESTA,MARTIN,HOSPITAL,,-80.10164261,26.97701557,,
STUART,MARTIN,HOSPITAL,44.0,-80.22200729,27.13276333,,
MIAMI,MIAMI-DADE,HOSPITAL,10.0,-80.21458382,25.78819733,,
CORAL GABLES,MIAMI-DADE,HOSPITAL,55.0,-80.27891419,25.76366466,,
NORTH MIAMI BEACH,MIAMI-DADE,HOSPITAL - ACUTE CARE,382.0,-80.20369565,25.93026843,,
MIAMI,MIAMI-DADE,HOSPITAL - ACUTE CARE,728.0,-80.33937287,25.68413069,,
MIAMI,MIAMI-DADE,HOSPITAL - ACUTE CARE,125.0,-80.31763293,25.74735483,,
FLORIDA CITY,MIAMI-DADE,HOSPITAL,249.0,-80.49142043,25.41943802,,
MIAMI,MIAMI-DADE,HOSPITAL,29.0,-80.21338736,25.74046133,,
MIAMI,MIAMI-DADE,HOSPITAL,60.0,-80.31674318,25.74699454,,
MIAMI,MIAMI-DADE,HOSPITAL,60.0,-80.34134014,25.57475729,,
MIAMI,MIAMI-DADE,HOSPITAL,47.0,-80.21084937,25.77701510,,
MIAMI,MIAMI-DADE,HOSPITAL,100.0,-80.21070602,25.79102402,,
MIAMI,MIAMI-DADE,HOSPITAL,32.0,-80.19250574,25.82282587,,
HIALEAH GARDENS,MIAMI-DADE,HOSPITAL,40.0,-80.34297957,25.88365649,,
NORTH MIAMI,MIAMI-DADE,HOSPITAL,22.0,-80.17731838,25.88990375,,
HIALEAH,MIAMI-DADE,HOSPITAL - ACUTE CARE,378.0,-80.26935262,25.84556311,,
MIAMI,MIAMI-DADE,HOSPITAL - ACUTE CARE,133.0,-80.45595595,25.67816727,,
MIAMI BEACH,MIAMI-DADE,HOSPITAL - ACUTE CARE,955.0,-80.13829946,25.81539998,,
MIAMI BEACH,MIAMI-DADE,HOSPITAL - ACUTE CARE,672.0,-80.14045132,25.81343307,,
HIALEAH,MIAMI-DADE,HOSPITAL - ACUTE CARE,247.0,-80.31228601,25.86868128,,
HOMESTEAD,MIAMI-DADE,HOSPITAL - ACUTE CARE,142.0,-80.43002151,25.48003885,,
MIAMI LAKES,MIAMI-DADE,HOSPITAL - ACUTE CARE,60.0,-80.33234600,25.89927700,,
CORAL GABLES,MIAMI-DADE,HOSPITAL - ACUTE CARE,281.0,-80.27388202,25.72442075,,
MIAMI,MIAMI-DADE,HOSPITAL - ACUTE CARE,337.0,-80.21437318,25.85949328,,
MIAMI,MIAMI-DADE,HOSPITAL - ACUTE CARE,69.0,-80.29348516,25.77834270,,
HIALEAH,MIAMI-DADE,HOSPITAL - ACUTE CARE,72.0,-80.32152286,25.86037072,,
MIAMI,MIAMI-DADE,HOSPITAL - TRAUMA,417.0,-80.38605967,25.73083685,,
MIAMI,MIAMI-DADE,HOSPITAL - ACUTE CARE,226.0,-80.34467451,25.62990567,,
HIALEH GARDENS,MIAMI-DADE,HOSPITAL - PEDIATRIC,20.0,-80.34051136,25.87619665,,
CORAL GABLES,MIAMI-DADE,HOSPITAL - ACUTE CARE,245.0,-80.25480404,25.74360547,,
SOUTH MIAMI,MIAMI-DADE,HOSPITAL - ACUTE CARE,146.0,-80.29315423,25.70561235,,
MIAMI,MIAMI-DADE,HOSPITAL - ACUTE CARE,560.0,-80.21594460,25.78869585,,
MIAMI,MIAMI-DADE,HOSPITAL - ACUTE CARE,488.0,-80.21338736,25.74046133,,
SOUTH MIAMI,MIAMI-DADE,HOSPITAL - ACUTE CARE,453.0,-80.29390317,25.70332116,,
HIALEAH,MIAMI-DADE,HOSPITAL - ACUTE CARE,368.0,-80.32670421,25.88604208,,
MIAMI,MIAMI-DADE,HOSPITAL - VA,432.0,-80.21675693,25.79124486,,
AVENTURA,MIAMI-DADE,HOSPITAL - TRAUMA,407.0,-80.14532002,25.96960937,,
MIAMI,MIAMI-DADE,HOSPITAL - TRAUMA,289.0,-80.29446111,25.74142564,,
MIAMI,MIAMI-DADE,HOSPITAL - TRAUMA,1493.0,-80.21325745,25.79184269,,
KEY WEST,MONROE,HOSPITAL - VA,,-81.75073700,24.56853300,,
KEY WEST,MONROE,HOSPITAL - ACUTE CARE,118.0,-81.74236793,24.58096860,,
KEY WEST,MONROE,HOSPITAL - ACUTE CARE,49.0,-81.76735478,24.56442933,,
TAVERNIER,MONROE,HOSPITAL - ACUTE CARE,25.0,-80.52152566,25.00575166,,
MARATHON,MONROE,HOSPITAL - ACUTE CARE,25.0,-81.09446182,24.71072397,,
FERNANDINA BEACH,NASSAU,HOSPITAL - ACUTE CARE,62.0,-81.44849831,30.65362395,,
CRESTVIEW,OKALOOSA,HOSPITAL - ACUTE CARE,110.0,-86.56614515,30.73700291,,
NICEVILLE,OKALOOSA,HOSPITAL - ACUTE CARE,65.0,-86.49546619,30.53313153,,
DESTIN,OKALOOSA,HOSPITAL,20.0,-86.47220299,30.39411700,,
FORT WALTON BEACH,OKALOOSA,HOSPITAL,24.0,-86.63606100,30.45499800,,
FORT WALTON BEACH,OKALOOSA,HOSPITAL - ACUTE CARE,237.0,-86.63284958,30.45462200,,
EGLIN AFB,OKALOOSA,HOSPITAL - VA,,-86.55272000,30.45883000,,
OKEECHOBEE,OKEECHOBEE,HOSPITAL - ACUTE CARE,100.0,-80.82912945,27.25984314,,
ORLANDO,ORANGE,HOSPITAL - ACUTE CARE,794.0,-81.37816200,28.52599100,,
ORLANDO,ORANGE,HOSPITAL - ACUTE CARE,1289.0,-81.36956865,28.57556328,,
ORLANDO,ORANGE,HOSPITAL - ACUTE CARE,100.0,-81.27297355,28.37673992,,
WINTER PARK,ORANGE,HOSPITAL - ACUTE CARE,320.0,-81.32636871,28.59832364,,
OCOEE,ORANGE,HOSPITAL - ACUTE CARE,171.0,-81.52731535,28.55015150,,
APOPKA,ORANGE,HOSPITAL - ACUTE CARE,50.0,-81.50864947,28.68090897,,
ORLANDO,ORANGE,HOSPITAL,112.0,-81.19268888,28.58171412,,
ORLANDO,ORANGE,HOSPITAL,,,,,
ORLANDO,ORANGE,HOSPITAL,,-81.37909277,28.52451755,,
MAITLAND,ORANGE,HOSPITAL,40.0,-81.36499331,28.61302200,,
ORLANDO,ORANGE,HOSPITAL,126.0,-81.46981352,28.40888593,,
ORLANDO,ORANGE,HOSPITAL,35.0,-81.37027369,28.57194747,,
ORLANDO,ORANGE,HOSPITAL,56.0,-81.43445917,28.56717604,,
ORLANDO,ORANGE,HOSPITAL,473.0,-81.37922137,28.52326334,,
ORLANDO,ORANGE,HOSPITAL - ACUTE CARE,237.0,-81.47730303,28.42917133,,
ORLANDO,ORANGE,HOSPITAL - ACUTE CARE,295.0,-81.28017676,28.54093712,,
ORLANDO,ORANGE,HOSPITAL,40.0,-81.37039418,28.47736935,,
ORLANDO,ORANGE,HOSPITAL - VA,100.0,-81.32105916,28.58000631,,
ORLANDO,ORANGE,HOSPITAL - VA,,,,,
KISSIMMEE,OSCEOLA,HOSPITAL - TRAUMA,332.0,-81.40896602,28.29951252,,
SAINT CLOUD,OSCEOLA,HOSPITAL - ACUTE CARE,84.0,-81.30283580,28.24360932,,
KISSIMMEE ,OSCEOLA,HOSPITAL - ACUTE CARE,76.0,-81.47645787,28.14473803,,
CELEBRATION,OSCEOLA,HOSPITAL - ACUTE CARE,227.0,-81.54146747,28.32855921,,
KISSIMMEE,OSCEOLA,HOSPITAL - ACUTE CARE,162.0,-81.40593026,28.31609024,,
ATLANTIS,PALM BEACH,HOSPITAL - ACUTE CARE,472.0,-80.09213194,26.59766694,,
BOCA RATON,PALM BEACH,HOSPITAL - ACUTE CARE,400.0,-80.10284294,26.35884767,,
BOYNTON BEACH,PALM BEACH,HOSPITAL - ACUTE CARE,80.0,-80.19976691,26.52979293,,
JUPITER,PALM BEACH,HOSPITAL - ACUTE CARE,207.0,-80.09707480,26.92289646,,
BELLE GLADE,PALM BEACH,HOSPITAL - ACUTE CARE,70.0,-80.67179153,26.72422165,,
WEST PALM BEACH,PALM BEACH,HOSPITAL - ACUTE CARE,245.0,-80.08786058,26.76141075,,
BOCA RATON,PALM BEACH,HOSPITAL - ACUTE CARE,195.0,-80.19976160,26.35645284,,
PALM BEACH GARDENS,PALM BEACH,HOSPITAL - ACUTE CARE,199.0,-80.08605159,26.82920450,,
BOYNTON BEACH,PALM BEACH,HOSPITAL - ACUTE CARE,401.0,-80.07071061,26.50530230,,
WELLINGTON,PALM BEACH,HOSPITAL - ACUTE CARE,233.0,-80.20586588,26.65171747,,
WEST PALM BEACH,PALM BEACH,HOSPITAL - ACUTE CARE,333.0,-80.05116348,26.72540109,,
LOXAHATCHEE,PALM BEACH,HOSPITAL - ACUTE CARE,204.0,-80.25258541,26.68375632,,
LAKE WORTH,PALM BEACH,HOSPITAL,60.0,-80.09143990,26.60920890,,
RIVIERA BEACH,PALM BEACH,HOSPITAL,70.0,-80.11040464,26.78293439,,
WEST PALM BEACH,PALM BEACH,HOSPITAL,44.0,-80.06746806,26.75401026,,
BOYNTON BEACH,PALM BEACH,HOSPITAL - TRAUMA,,-80.14956435,26.51503921,,
DELRAY BEACH,PALM BEACH,HOSPITAL - TRAUMA,493.0,-80.12708353,26.43717471,,
WEST PALM BEACH,PALM BEACH,HOSPITAL - TRAUMA,464.0,-80.06187425,26.75591550,,
WEST PALM BEACH,PALM BEACH,HOSPITAL - VA,270.0,-80.11212534,26.78527577,,
NEW PORT RICHEY ,PASCO,HOSPITAL - VA,,-82.66891000,28.30053000,,
NEW PORT RICHEY,PASCO,HOSPITAL,,-82.69173603,28.22398834,,
LAND O LAKES,PASCO,HOSPITAL,50.0,-82.48996177,28.29528261,,
WESLEY CHAPEL,PASCO,HOSPITAL - ACUTE CARE,83.0,-82.35112875,28.19557221,,
WESLEY CHAPEL,PASCO,HOSPITAL,75.0,-82.34450000,28.18930000,,
LUTZ,PASCO,HOSPITAL,72.0,-82.45515074,28.18683201,,
ZEPHYRHILLS,PASCO,HOSPITAL - ACUTE CARE,140.0,-82.18519553,28.26088010,,
TRINITY,PASCO,HOSPITAL - ACUTE CARE,242.0,-82.66006226,28.20378611,,
NEW PORT RICHEY,PASCO,HOSPITAL - ACUTE CARE,156.0,-82.71446023,28.25407225,,
HUDSON,PASCO,HOSPITAL - ACUTE CARE,290.0,-82.68823823,28.36127404,,
DADE CITY,PASCO,HOSPITAL - ACUTE CARE,120.0,-82.20071840,28.34799249,,
NEW PORT RICHEY,PASCO,HOSPITAL - ACUTE CARE,46.0,-82.72076009,28.23570978,,
SAINT PETERSBURG,PINELLAS,HOSPITAL - ACUTE CARE,288.0,-82.70233130,27.82523007,,
SAINT PETERSBURG,PINELLAS,HOSPITAL - ACUTE CARE,162.0,-82.66426453,27.78166672,,
SAINT PETERSBURG,PINELLAS,HOSPITAL - ACUTE CARE,307.0,-82.74069145,27.75225616,,
SAINT PETERSBURG,PINELLAS,HOSPITAL - ACUTE CARE,215.0,-82.72781447,27.80553615,,
SAINT PETERSBURG,PINELLAS,HOSPITAL - ACUTE CARE,393.0,-82.65077378,27.77897000,,
LARGO,PINELLAS,HOSPITAL - ACUTE CARE,169.0,-82.82531425,27.89845727,,
DUNEDIN,PINELLAS,HOSPITAL - ACUTE CARE,120.0,-82.78303547,28.01288286,,
LARGO,PINELLAS,HOSPITAL - ACUTE CARE,256.0,-82.80379158,27.91370418,,
SAFETY HARBOR,PINELLAS,HOSPITAL - ACUTE CARE,311.0,-82.70843516,28.03875956,,
TARPON SPRINGS,PINELLAS,HOSPITAL - ACUTE CARE,168.0,-82.75805476,28.13284590,,
DUNEDIN,PINELLAS,HOSPITAL - ACUTE CARE,48.0,-82.78267142,28.01288286,,
CLEARWATER,PINELLAS,HOSPITAL - ACUTE CARE,687.0,-82.80325149,27.95322893,,
SAINT PETERSBURG,PINELLAS,HOSPITAL - PEDIATRIC,259.0,-82.64011762,27.76464120,,
LARGO,PINELLAS,HOSPITAL,70.0,-82.79664401,27.92543054,,
CLEARWATER,PINELLAS,HOSPITAL,144.0,-82.71061937,27.87509105,,
SAINT PETERSBURG,PINELLAS,HOSPITAL,82.0,-82.63951822,27.74114617,,
SAINT PETERSBURG,PINELLAS,HOSPITAL - TRAUMA,480.0,-82.64322537,27.76327695,,
BAY PINES,PINELLAS,HOSPITAL - VA,153.0,-82.77886506,27.81123264,,
WINTER HAVEN,POLK,HOSPITAL,61.0,-81.72622200,28.00839577,,
WINTER HAVEN,POLK,HOSPITAL - ACUTE CARE,468.0,-81.72472465,28.02871878,,
LAKELAND,POLK,HOSPITAL - TRAUMA,849.0,-81.95409800,28.06092900,,
LAKE WALES,POLK,HOSPITAL - ACUTE CARE,160.0,-81.56524952,27.89679624,,
BARTOW,POLK,HOSPITAL - ACUTE CARE,72.0,-81.84455607,27.91893268,,
DAVENPORT,POLK,HOSPITAL - ACUTE CARE,193.0,-81.64255467,28.18139883,,
PALATKA,PUTNAM,HOSPITAL - ACUTE CARE,99.0,-81.69241288,29.64237968,,
SAINT AUGUSTINE,ST. JOHNS,HOSPITAL - ACUTE CARE,335.0,-81.31698742,29.86253593,,
JACKSONVILLE ,ST. JOHNS,HOSPITAL - VA,,-81.58798000,30.25512000,,
JACKSONVILLE ,ST. JOHNS,HOSPITAL - VA,,-81.40487000,30.38788000,,
JACKSONVILLE ,ST. JOHNS,HOSPITAL - VA,,-81.68401000,30.20871000,,
JACKSONVILLE ,ST. JOHNS,HOSPITAL - VA,,-81.66364000,30.34402000,,
JACKSONVILLE ,ST. JOHNS,HOSPITAL - VA,,-81.68522000,30.22259000,,
FORT PIERCE,ST. LUCIE,HOSPITAL - TRAUMA,370.0,-80.34597843,27.43261156,,
PORT SAINT LUCIE,ST. LUCIE,HOSPITAL - ACUTE CARE,229.0,-80.29446660,27.28889707,,
PORT SAINT LUCIE,ST. LUCIE,HOSPITAL - ACUTE CARE,90.0,-80.42670000,27.26240000,,
PORT SAINT LUCIE,ST. LUCIE,HOSPITAL,75.0,-80.27137690,27.29745811,,
MILTON,SANTA ROSA,HOSPITAL,100.0,-87.04237591,30.63443602,,
MILTON,SANTA ROSA,HOSPITAL - ACUTE CARE,129.0,-87.06709212,30.63420666,,
JAY,SANTA ROSA,HOSPITAL - ACUTE CARE,49.0,-87.15127761,30.94987524,,
GULF BREEZE,SANTA ROSA,HOSPITAL - ACUTE CARE,77.0,-87.15710187,30.36054490,,
ENGLEWOOD,SARASOTA,HOSPITAL - ACUTE CARE,100.0,-82.32653438,26.94977365,,
SARASOTA,SARASOTA,HOSPITAL - ACUTE CARE,155.0,-82.45354169,27.30193210,,
VENICE,SARASOTA,HOSPITAL - ACUTE CARE,312.0,-82.44485425,27.09026069,,
SARASOTA,SARASOTA,HOSPITAL,40.0,-82.44606242,27.30172715,,
SARASOTA,SARASOTA,HOSPITAL,96.0,-82.44258304,27.30083463,,
SARASOTA,SARASOTA,HOSPITAL - TRAUMA,819.0,-82.53060893,27.31822286,,
ALTAMONTE SPRINGS,SEMINOLE,HOSPITAL,50.0,-81.41512700,28.64548100,,
ALTAMONTE,SEMINOLE,HOSPITAL - ACUTE CARE,398.0,-81.37014670,28.66539220,,
LONGWOOD,SEMINOLE,HOSPITAL - ACUTE CARE,206.0,-81.35292576,28.69918248,,
SANFORD,SEMINOLE,HOSPITAL - TRAUMA,221.0,-81.28365096,28.81450457,,
OXFORD,SUMTER,HOSPITAL - ACUTE CARE,40.0,-82.01968394,28.90961737,,
THE VILLAGES,SUMTER,HOSPITAL - ACUTE CARE,297.0,-81.95852008,28.95036464,,
LIVE OAK,SUWANNEE,HOSPITAL - ACUTE CARE,25.0,-83.00295419,30.29129710,,
PERRY,TAYLOR,HOSPITAL - ACUTE CARE,48.0,-83.59324910,30.12008806,,
PERRY,TAYLOR,HOSPITAL,,-83.57773800,30.12822200,,
LAKE BUTLER,UNION,HOSPITAL,120.0,-82.35749868,29.98842293,,
LAKE BUTLER,UNION,HOSPITAL - PEDIATRIC,25.0,-82.32696026,30.02267794,,
DAYTONA BEACH,VOLUSIA,HOSPITAL - TRAUMA,568.0,-81.05492436,29.20213918,,
ORMOND BEACH,VOLUSIA,HOSPITAL - ACUTE CARE,80.0,-81.03695670,29.28445460,,
DAYTONA BEACH,VOLUSIA,HOSPITAL - ACUTE CARE,277.0,-81.10851683,29.24336873,,
DELAND,VOLUSIA,HOSPITAL - ACUTE CARE,156.0,-81.31823468,29.04379522,,
ORANGE CITY,VOLUSIA,HOSPITAL - ACUTE CARE,175.0,-81.28516952,28.91402589,,
PORT ORANGE,VOLUSIA,HOSPITAL - ACUTE CARE,80.0,-81.00872070,29.12633663,,
DAYTONA BEACH,VOLUSIA,HOSPITAL,34.0,-81.10736100,29.24209600,,
DAYTONA BEACH,VOLUSIA,HOSPITAL,30.0,-81.06876224,29.21402641,,
NEW SMYRNA BEACH,VOLUSIA,HOSPITAL - ACUTE CARE,112.0,-80.92207250,29.02033701,,
DAYTONA BEACH,VOLUSIA,HOSPITAL - VA,,-81.06156000,29.20604000,,
MIRAMAR BEACH,WALTON,HOSPITAL - ACUTE CARE,58.0,-86.30675890,30.37830464,,
DEFUNIAK SPRINGS,WALTON,HOSPITAL - ACUTE CARE,50.0,-86.11766669,30.65964224,,
CHIPLEY,WASHINGTON,HOSPITAL - ACUTE CARE,59.0,-85.54289060,30.76553747,,
SAINT CLOUD,,ASSISTED LIVING FACILITY,,,,-81.31125000,28.25644000
Miami Gardens,,ASSISTED LIVING FACILITY,8.0,,,-80.28290526,25.93999531
Miami Gardens,,ASSISTED LIVING FACILITY,6.0,,,-80.26308894,25.96339201
VERO BEACH,,HOSPICE,12.0,,,-80.39021600,27.66025700
Fort Pierce,,PUBLIC HEALTH OFFICE,0.0,,,-80.32984321,27.44986536
HIGH SPRINGS,ALACHUA,ADULT FAMILY CARE HOME,5.0,,,-82.60654500,29.83571200
GAINESVILLE,ALACHUA,SKILLED NURSING FACILITY,120.0,,,-82.41367600,29.66153800
GAINESVILLE,ALACHUA,SKILLED NURSING FACILITY,120.0,,,-82.40689800,29.64989800
GAINESVILLE,ALACHUA,SKILLED NURSING FACILITY,120.0,,,-82.33606500,29.63659800
GAINESVILLE,ALACHUA,SKILLED NURSING FACILITY,120.0,,,-82.41920200,29.63057800
GAINESVILLE,ALACHUA,SKILLED NURSING FACILITY,120.0,,,-82.38333900,29.63413800
GAINESVILLE,ALACHUA,SKILLED NURSING FACILITY,42.0,,,-82.35963800,29.60401600
GAINESVILLE,ALACHUA,SKILLED NURSING FACILITY,180.0,,,-82.34295000,29.63788300
GAINESVILLE,ALACHUA,SKILLED NURSING FACILITY,154.0,,,-82.37029400,29.61565800
GAINESVILLE,ALACHUA,HOSPICE,15.0,,,-82.43799643,29.69320122
GAINESVILLE,ALACHUA,END-STAGE RENAL DISEASE,0.0,,,-82.34341500,29.63925400
GAINESVILLE,ALACHUA,END-STAGE RENAL DISEASE,0.0,,,-82.43031400,29.68823500
GAINESVILLE,ALACHUA,END-STAGE RENAL DISEASE,0.0,,,-82.35943100,29.63320700
GAINESVILLE,ALACHUA,END-STAGE RENAL DISEASE,0.0,,,-82.33196200,29.65029800
GAINESVILLE,ALACHUA,END-STAGE RENAL DISEASE,0.0,,,-82.42937300,29.66946200
ALACHUA,ALACHUA,END-STAGE RENAL DISEASE,0.0,,,-82.46941100,29.78203100
GAINESVILLE,ALACHUA,RESIDENTIAL TREATMENT FACILITY,14.0,,,-82.37237000,29.61820300
GAINESVILLE,ALACHUA,RESIDENTIAL TREATMENT FACILITY,8.0,,,-82.36908300,29.62120700
HAWTHORNE,ALACHUA,RURAL HEALTH CLINIC,0.0,,,-82.08935100,29.58864300
BROOKER,ALACHUA,RURAL HEALTH CLINIC,0.0,,,-82.34182788,29.86987107
ALACHUA,ALACHUA,RURAL HEALTH CLINIC,0.0,,,-82.48892500,29.79222600
ARCHER,ALACHUA,RURAL HEALTH CLINIC,0.0,,,-82.52266000,29.53100300
HIGH SPRINGS,ALACHUA,RURAL HEALTH CLINIC,0.0,,,-82.59912573,29.82818309
GAINESVILLE,ALACHUA,AMBULATORY SURGICAL CENTER,0.0,,,-82.41664200,29.66340500
GAINESVILLE,ALACHUA,AMBULATORY SURGICAL CENTER,0.0,,,-82.41332300,29.66150100
GAINESVILLE,ALACHUA,AMBULATORY SURGICAL CENTER,0.0,,,-82.41030300,29.65974400
GAINESVILLE,ALACHUA,AMBULATORY SURGICAL CENTER,0.0,,,-82.41256800,29.66342100
GAINESVILLE,ALACHUA,AMBULATORY SURGICAL CENTER,0.0,,,-82.39257600,29.65678000
GAINESVILLE,ALACHUA,AMBULATORY SURGICAL CENTER,0.0,,,-82.38645500,29.67644900
GAINESVILLE,ALACHUA,BIRTH CENTER,0.0,,,-82.31584200,29.65196800
GAINESVILLE,ALACHUA,CRISIS STABILIZATION UNIT,22.0,,,-82.34138200,29.61173600
HAWTHORNE,ALACHUA,END-STAGE RENAL DISEASE,0.0,,,-82.08694000,29.60007300
GAINESVILLE,ALACHUA,ASSISTED LIVING FACILITY,140.0,,,-82.42719000,29.67731500
GAINESVILLE,ALACHUA,ASSISTED LIVING FACILITY,110.0,,,-82.39816900,29.64238000
GAINESVILLE,ALACHUA,BLOOD BANK,0.0,,,-82.38658587,29.65371446
MELROSE,ALACHUA,ASSISTED LIVING FACILITY,15.0,,,-82.06106494,29.70732981
HIGH SPRINGS,ALACHUA,ASSISTED LIVING FACILITY,15.0,,,-82.60091500,29.83724200
GAINESVILLE,ALACHUA,ASSISTED LIVING FACILITY,60.0,,,-82.39233300,29.70320600
NEWBERRY,ALACHUA,ASSISTED LIVING FACILITY,15.0,,,-82.65641000,29.64426000
HIGH SPRINGS,ALACHUA,ASSISTED LIVING FACILITY,48.0,,,-82.59382300,29.82559400
GAINESVILLE,ALACHUA,ASSISTED LIVING FACILITY,38.0,,,-82.39237100,29.70323300
GAINESVILLE,ALACHUA,ASSISTED LIVING FACILITY,79.0,,,-82.43365200,29.66485000
GAINESVILLE,ALACHUA,ASSISTED LIVING FACILITY,12.0,,,-82.31757000,29.65349800
GAINESVILLE,ALACHUA,ASSISTED LIVING FACILITY,12.0,,,-82.36966900,29.61415400
GAINESVILLE,ALACHUA,ASSISTED LIVING FACILITY,5.0,,,-82.30103000,29.65308100
GAINESVILLE,ALACHUA,ASSISTED LIVING FACILITY,8.0,,,-82.33755100,29.66028300
GAINESVILLE,ALACHUA,ASSISTED LIVING FACILITY,70.0,,,-82.35987800,29.60399500
MACCLENNY,BAKER,END-STAGE RENAL DISEASE,0.0,,,-82.11993636,30.28614803
GLEN SAINT MARY,BAKER,RURAL HEALTH CLINIC,0.0,,,-82.15442700,30.27757500
MACCLENNY,BAKER,RURAL HEALTH CLINIC,0.0,,,-82.12271000,30.26472400
MACCLENNY,BAKER,SKILLED NURSING FACILITY,68.0,,,-82.11765997,30.28494068
MACCLENNY,BAKER,SKILLED NURSING FACILITY,120.0,,,-82.11957600,30.27259400
PANAMA CITY,BAY,SKILLED NURSING FACILITY,120.0,,,-85.60755300,30.21401200
PANAMA CITY,BAY,SKILLED NURSING FACILITY,120.0,,,-85.67417200,30.17162800
PANAMA CITY,BAY,SKILLED NURSING FACILITY,120.0,,,-85.58784200,30.17414600
PANAMA CITY,BAY,SKILLED NURSING FACILITY,120.0,,,-85.66273300,30.18400200
PANAMA CITY,BAY,SKILLED NURSING FACILITY,120.0,,,-85.66260000,30.18648000
CALLAWAY,BAY,SKILLED NURSING FACILITY,77.0,,,-85.59096600,30.15939100
PANAMA CITY,BAY,SKILLED NURSING FACILITY,115.0,,,-85.64621400,30.15609800
PANAMA CITY,BAY,SKILLED NURSING FACILITY,22.0,,,-85.68187100,30.16805800
PANAMA CITY,BAY,SKILLED NURSING FACILITY,160.0,,,-85.68195200,30.20068400
PANAMA CITY,BAY,RESIDENTIAL TREATMENT FACILITY,20.0,,,-85.61650000,30.20203000
PANAMA CITY,BAY,END-STAGE RENAL DISEASE,0.0,,,-85.65258000,30.18122700
PANAMA CITY,BAY,END-STAGE RENAL DISEASE,0.0,,,-85.65851400,30.18525900
PANAMA CITY,BAY,END-STAGE RENAL DISEASE,0.0,,,-85.64923000,30.15769100
PANAMA CITY BEACH,BAY,END-STAGE RENAL DISEASE,0.0,,,-85.87903700,30.22710400
PANAMA CITY,BAY,CRISIS STABILIZATION UNIT,20.0,,,-85.65368100,30.17512800
PANAMA CITY,BAY,AMBULATORY SURGICAL CENTER,0.0,,,-85.64978500,30.19326200
PANAMA CITY,BAY,AMBULATORY SURGICAL CENTER,0.0,,,-85.67155500,30.18570200
PANAMA CITY,BAY,AMBULATORY SURGICAL CENTER,0.0,,,-85.66529500,30.18846800
PANAMA CITY,BAY,AMBULATORY SURGICAL CENTER,0.0,,,-85.65818500,30.18235100
PANAMA CITY,BAY,AMBULATORY SURGICAL CENTER,0.0,,,-85.66258700,30.18108300
PANAMA CITY,BAY,AMBULATORY SURGICAL CENTER,0.0,,,-85.66225700,30.17860200
PANAMA CITY,BAY,ASSISTED LIVING FACILITY,60.0,,,-85.75075100,30.15885800
PANAMA CITY,BAY,ASSISTED LIVING FACILITY,74.0,,,-85.66991500,30.21570000
LYNN HAVEN,BAY,ASSISTED LIVING FACILITY,47.0,,,-85.64967000,30.24879000
PANAMA CITY,BAY,ASSISTED LIVING FACILITY,50.0,,,-85.65831400,30.19471900
PANAMA CITY,BAY,ASSISTED LIVING FACILITY,9.0,,,-85.61924000,30.20069000
PANAMA CITY,BAY,ASSISTED LIVING FACILITY,35.0,,,-85.65863200,30.14789900
PANAMA CITY,BAY,ASSISTED LIVING FACILITY,40.0,,,-85.57198000,30.15756000
PANAMA CITY,BAY,ASSISTED LIVING FACILITY,,,,-85.68249759,30.19847650
PANAMA CITY,BAY,ASSISTED LIVING FACILITY,34.0,,,-85.50425100,30.11541800
HAMPTON,BRADFORD,ASSISTED LIVING FACILITY,28.0,,,-82.13671400,29.85714500
STARKE,BRADFORD,ASSISTED LIVING FACILITY,14.0,,,-82.10775700,29.94179900
STARKE,BRADFORD,END-STAGE RENAL DISEASE,0.0,,,-82.11323800,29.94423200
STARKE,BRADFORD,RURAL HEALTH CLINIC,0.0,,,-82.11191400,29.94474200
STARKE,BRADFORD,RURAL HEALTH CLINIC,0.0,,,-82.10296000,29.94220300
STARKE,BRADFORD,ADULT FAMILY CARE HOME,5.0,,,-82.09334500,29.87532100
STARKE,BRADFORD,SKILLED NURSING FACILITY,120.0,,,-82.10731500,29.94043600
STARKE,BRADFORD,SKILLED NURSING FACILITY,120.0,,,-82.10232000,29.93617100
MELBOURNE,BREVARD,SKILLED NURSING FACILITY,120.0,,,-80.61817132,28.05590793
MELBOURNE,BREVARD,SKILLED NURSING FACILITY,120.0,,,-80.62836446,28.04677304
MELBOURNE,BREVARD,SKILLED NURSING FACILITY,120.0,,,-80.61151060,28.08917141
TITUSVILLE,BREVARD,SKILLED NURSING FACILITY,120.0,,,-80.82872758,28.57154734
TITUSVILLE,BREVARD,SKILLED NURSING FACILITY,120.0,,,-80.81926379,28.62780916
MELBOURNE,BREVARD,SKILLED NURSING FACILITY,114.0,,,-80.70838151,28.23888663
PALM BAY,BREVARD,SKILLED NURSING FACILITY,120.0,,,-80.60487702,28.01970022
PALM BAY,BREVARD,SKILLED NURSING FACILITY,120.0,,,-80.62138069,28.01490192
ROCKLEDGE,BREVARD,SKILLED NURSING FACILITY,107.0,,,-80.73738199,28.33022578
MELBOURNE,BREVARD,SKILLED NURSING FACILITY,167.0,,,-80.67451808,28.12078452
PALM BAY,BREVARD,SKILLED NURSING FACILITY,141.0,,,-80.61533652,27.99986903
WEST MELBOURNE,BREVARD,SKILLED NURSING FACILITY,179.0,,,-80.67633222,28.09371053
MERRITT ISLAND,BREVARD,SKILLED NURSING FACILITY,96.0,,,-80.68726301,28.33820858
TITUSVILLE,BREVARD,SKILLED NURSING FACILITY,157.0,,,-80.82165935,28.62688801
ROCKLEDGE,BREVARD,SKILLED NURSING FACILITY,100.0,,,-80.73547129,28.32565097
MELBOURNE,BREVARD,SKILLED NURSING FACILITY,138.0,,,-80.61278672,28.08669741
MERRITT ISLAND,BREVARD,SKILLED NURSING FACILITY,120.0,,,-80.70603770,28.38291648
MERRITT ISLAND,BREVARD,ADULT FAMILY CARE HOME,5.0,,,-80.67084114,28.37032169
MERRITT ISLAND,BREVARD,ADULT FAMILY CARE HOME,5.0,,,-80.69821793,28.39115851
MERRITT ISLAND,BREVARD,ADULT FAMILY CARE HOME,5.0,,,-80.67767954,28.31370790
PALM BAY,BREVARD,ADULT FAMILY CARE HOME,4.0,,,-80.66853442,28.03080397
PALM BAY,BREVARD,ADULT FAMILY CARE HOME,4.0,,,-80.72337661,28.02734161
PALM BAY,BREVARD,ADULT FAMILY CARE HOME,4.0,,,-80.63624925,27.99001513
PALM BAY,BREVARD,ADULT FAMILY CARE HOME,4.0,,,-80.65617053,28.00256928
PALM BAY,BREVARD,ADULT FAMILY CARE HOME,4.0,,,-80.67857796,28.00287805
PALM BAY,BREVARD,ADULT FAMILY CARE HOME,4.0,,,-80.69743507,28.02596006
WEST MELBOURNE,BREVARD,SKILLED NURSING FACILITY,180.0,,,-80.65671049,28.07799095
MERRITT ISLAND,BREVARD,SKILLED NURSING FACILITY,180.0,,,-80.70816953,28.38963981
MELBOURNE,BREVARD,SKILLED NURSING FACILITY,110.0,,,-80.61567455,28.08620200
PALM BAY,BREVARD,ADULT FAMILY CARE HOME,5.0,,,-80.61007312,28.03288998
TITUSVILLE,BREVARD,ADULT FAMILY CARE HOME,5.0,,,-80.83960428,28.65168347
ROCKLEDGE,BREVARD,RURAL HEALTH CLINIC,0.0,,,-80.71975677,28.32495891
COCOA BEACH,BREVARD,RURAL HEALTH CLINIC,0.0,,,-80.62303951,28.36010552
MELBOURNE,BREVARD,RESIDENTIAL TREATMENT FACILITY,32.0,,,-80.65737615,28.09374065
ROCKLEDGE,BREVARD,RESIDENTIAL TREATMENT FACILITY,44.0,,,-80.73762451,28.32645592
MELBOURNE,BREVARD,RURAL HEALTH CLINIC,0.0,,,-80.64686692,28.08471322
MELBOURNE,BREVARD,RESIDENTIAL TREATMENT FACILITY,22.0,,,-80.65606965,28.09411551
COCOA,BREVARD,RESIDENTIAL TREATMENT FACILITY,12.0,,,-80.77940103,28.35706296
MELBOURNE,BREVARD,END-STAGE RENAL DISEASE,0.0,,,-80.62085328,28.07577266
MELBOURNE,BREVARD,END-STAGE RENAL DISEASE,0.0,,,-80.68010577,28.22749454
MELBOURNE,BREVARD,END-STAGE RENAL DISEASE,0.0,,,-80.61806912,28.08679588
MELBOURNE,BREVARD,END-STAGE RENAL DISEASE,0.0,,,-80.62869058,28.03672338
MELBOURNE,BREVARD,END-STAGE RENAL DISEASE,0.0,,,-80.70824535,28.23742595
TITUSVILLE,BREVARD,END-STAGE RENAL DISEASE,0.0,,,-80.82122573,28.62522244
TITUSVILLE,BREVARD,END-STAGE RENAL DISEASE,0.0,,,-80.81429666,28.61506693
TITUSVILLE,BREVARD,HOSPICE,12.0,,,-80.81392000,28.53315000
ROCKLEDGE,BREVARD,HOSPICE,12.0,,,-80.73383308,28.32363330
PALM BAY,BREVARD,HOSPICE,16.0,,,-80.61248376,28.00492543
MELBOURNE,BREVARD,AMBULATORY SURGICAL CENTER,0.0,,,-80.61827004,28.08842616
MELBOURNE,BREVARD,AMBULATORY SURGICAL CENTER,0.0,,,-80.65582499,28.09495331
MELBOURNE,BREVARD,AMBULATORY SURGICAL CENTER,0.0,,,-80.60263607,28.07573648
MELBOURNE,BREVARD,AMBULATORY SURGICAL CENTER,0.0,,,-80.62012797,28.08379171
MELBOURNE,BREVARD,AMBULATORY SURGICAL CENTER,0.0,,,-80.61722784,28.08681242
MELBOURNE,BREVARD,AMBULATORY SURGICAL CENTER,0.0,,,-80.61435440,28.09211200
MELBOURNE,BREVARD,AMBULATORY SURGICAL CENTER,0.0,,,-80.70671878,28.23114998
MELBOURNE,BREVARD,AMBULATORY SURGICAL CENTER,0.0,,,-80.61717904,28.09182154
MELBOURNE,BREVARD,AMBULATORY SURGICAL CENTER,0.0,,,-80.62020958,28.09825051
MELBOURNE,BREVARD,AMBULATORY SURGICAL CENTER,0.0,,,-80.61182282,28.08729665
MELBOURNE,BREVARD,AMBULATORY SURGICAL CENTER,0.0,,,-80.60837871,28.07820945
MERRITT ISLAND,BREVARD,AMBULATORY SURGICAL CENTER,0.0,,,-80.70172794,28.37455416
MERRITT ISLAND,BREVARD,AMBULATORY SURGICAL CENTER,0.0,,,-80.70408585,28.39868512
MERRITT ISLAND,BREVARD,AMBULATORY SURGICAL CENTER,0.0,,,-80.68353363,28.36010437
MERRITT ISLAND,BREVARD,AMBULATORY SURGICAL CENTER,0.0,,,-80.70067832,28.36646730
ROCKLEDGE,BREVARD,AMBULATORY SURGICAL CENTER,0.0,,,-80.71565279,28.32410456
TITUSVILLE,BREVARD,AMBULATORY SURGICAL CENTER,0.0,,,-80.80801267,28.60643870
WEST MELBOURNE,BREVARD,AMBULATORY SURGICAL CENTER,0.0,,,-80.67205052,28.10140313
MELBOURNE,BREVARD,CRISIS STABILIZATION UNIT,50.0,,,-80.62597965,28.09538888
MELBOURNE,BREVARD,CRISIS STABILIZATION UNIT,16.0,,,-80.61583265,28.08968332
MERRITT ISLAND,BREVARD,END-STAGE RENAL DISEASE,0.0,,,-80.70099964,28.35288710
PALM BAY,BREVARD,END-STAGE RENAL DISEASE,0.0,,,-80.61343652,28.00226747
PALM BAY,BREVARD,ASSISTED LIVING FACILITY,5.0,,,-80.72396678,28.00105756
PALM BAY,BREVARD,ASSISTED LIVING FACILITY,5.0,,,-80.67622908,27.98719382
PALM BAY,BREVARD,ASSISTED LIVING FACILITY,5.0,,,-80.66270591,28.00149218
PALM BAY,BREVARD,ASSISTED LIVING FACILITY,5.0,,,-80.72345089,28.04130196
PALM BAY,BREVARD,ASSISTED LIVING FACILITY,5.0,,,-80.65259146,28.00397474
PALM BAY,BREVARD,ASSISTED LIVING FACILITY,5.0,,,-80.67009190,28.00781095
PALM BAY,BREVARD,ASSISTED LIVING FACILITY,5.0,,,-80.66177394,27.95964223
PALM BAY,BREVARD,ASSISTED LIVING FACILITY,5.0,,,-80.64010637,27.98378477
PALM BAY,BREVARD,ASSISTED LIVING FACILITY,5.0,,,-80.69637513,28.03504075
PALM BAY,BREVARD,ASSISTED LIVING FACILITY,5.0,,,-80.68166761,28.00850550
PALM BAY,BREVARD,ASSISTED LIVING FACILITY,5.0,,,-80.63862539,27.96513295
PALM BAY,BREVARD,ASSISTED LIVING FACILITY,5.0,,,-80.67090730,27.96407008
PALM BAY,BREVARD,ASSISTED LIVING FACILITY,5.0,,,-80.62314709,28.00130879
PALM BAY,BREVARD,ASSISTED LIVING FACILITY,5.0,,,-80.62584118,27.89476017
PALM BAY,BREVARD,ASSISTED LIVING FACILITY,5.0,,,-80.65316039,27.99783587
PALM BAY,BREVARD,ASSISTED LIVING FACILITY,5.0,,,-80.72526459,28.01789405
PALM BAY,BREVARD,ASSISTED LIVING FACILITY,5.0,,,-80.71198353,28.02914442
PALM BAY,BREVARD,ASSISTED LIVING FACILITY,5.0,,,-80.70639692,28.01719711
PALM BAY,BREVARD,ASSISTED LIVING FACILITY,5.0,,,-80.62366703,27.92810857
PALM BAY,BREVARD,ASSISTED LIVING FACILITY,5.0,,,-80.65575169,28.00119601
MELBOURNE,BREVARD,ASSISTED LIVING FACILITY,16.0,,,-80.70080009,28.07505192
PALM BAY,BREVARD,ASSISTED LIVING FACILITY,6.0,,,-80.71093509,27.98250928
PALM BAY,BREVARD,ASSISTED LIVING FACILITY,6.0,,,-80.69353284,27.99106658
PALM BAY,BREVARD,ASSISTED LIVING FACILITY,6.0,,,-80.64104694,27.99175526
PALM BAY,BREVARD,ASSISTED LIVING FACILITY,6.0,,,-80.68200735,28.01212061
PALM BAY,BREVARD,ASSISTED LIVING FACILITY,6.0,,,-80.71906349,28.01410079
PALM BAY,BREVARD,ASSISTED LIVING FACILITY,6.0,,,-80.63924853,27.92220868
PALM BAY,BREVARD,ASSISTED LIVING FACILITY,6.0,,,-80.63861995,27.93349735
PALM BAY,BREVARD,ASSISTED LIVING FACILITY,6.0,,,-80.64898150,27.97175237
PALM BAY,BREVARD,ASSISTED LIVING FACILITY,6.0,,,-80.69305801,27.99454631
PALM BAY,BREVARD,ASSISTED LIVING FACILITY,6.0,,,-80.65915101,28.00421566
PALM BAY,BREVARD,ASSISTED LIVING FACILITY,6.0,,,-80.72512180,28.03190668
PALM BAY,BREVARD,ASSISTED LIVING FACILITY,6.0,,,-80.68127302,27.99285935
PALM BAY,BREVARD,ASSISTED LIVING FACILITY,6.0,,,-80.63000395,28.02355406
PALM BAY,BREVARD,ASSISTED LIVING FACILITY,6.0,,,-80.71593708,28.04221599
PALM BAY,BREVARD,ASSISTED LIVING FACILITY,6.0,,,-80.67699046,28.01165608
PALM BAY,BREVARD,ASSISTED LIVING FACILITY,6.0,,,-80.66137735,28.00915196
PALM BAY,BREVARD,ASSISTED LIVING FACILITY,6.0,,,-80.63086749,27.92788030
PALM BAY,BREVARD,ASSISTED LIVING FACILITY,6.0,,,-80.68768642,28.00407418
PALM BAY,BREVARD,ASSISTED LIVING FACILITY,6.0,,,-80.59203190,28.01543527
PALM BAY,BREVARD,ASSISTED LIVING FACILITY,6.0,,,-80.66980982,27.95541439
PALM BAY,BREVARD,ASSISTED LIVING FACILITY,6.0,,,-80.62948997,27.91482461
PALM BAY,BREVARD,ASSISTED LIVING FACILITY,6.0,,,-80.63988960,27.98718566
MELBOURNE,BREVARD,ASSISTED LIVING FACILITY,6.0,,,-80.68752986,28.14358224
MELBOURNE,BREVARD,ASSISTED LIVING FACILITY,6.0,,,-80.68662387,28.22432251
MELBOURNE,BREVARD,ASSISTED LIVING FACILITY,6.0,,,-80.69676282,28.13167878
MELBOURNE,BREVARD,ASSISTED LIVING FACILITY,6.0,,,-80.68234965,28.19577143
MELBOURNE,BREVARD,ASSISTED LIVING FACILITY,6.0,,,-80.63710445,28.07566557
MELBOURNE,BREVARD,ASSISTED LIVING FACILITY,6.0,,,-80.68959785,28.06991441
MELBOURNE,BREVARD,ASSISTED LIVING FACILITY,6.0,,,-80.75385702,28.23944906
MERRITT ISLAND,BREVARD,ASSISTED LIVING FACILITY,6.0,,,-80.69933459,28.34719470
MERRITT ISLAND,BREVARD,ASSISTED LIVING FACILITY,6.0,,,-80.67172940,28.39199716
MERRITT ISLAND,BREVARD,ASSISTED LIVING FACILITY,6.0,,,-80.69596443,28.37013292
MERRITT ISLAND,BREVARD,ASSISTED LIVING FACILITY,6.0,,,-80.69427438,28.33792693
MERRITT ISLAND,BREVARD,ASSISTED LIVING FACILITY,6.0,,,-80.67103734,28.38158621
MERRITT ISLAND,BREVARD,ASSISTED LIVING FACILITY,6.0,,,-80.70468275,28.36199302
MERRITT ISLAND,BREVARD,ASSISTED LIVING FACILITY,6.0,,,-80.69299277,28.37616543
MERRITT ISLAND,BREVARD,ASSISTED LIVING FACILITY,6.0,,,-80.69803079,28.35250845
MERRITT ISLAND,BREVARD,ASSISTED LIVING FACILITY,6.0,,,-80.66884148,28.37865623
PALM BAY,BREVARD,ASSISTED LIVING FACILITY,10.0,,,-80.62579531,27.93616725
MERRITT ISLAND,BREVARD,ASSISTED LIVING FACILITY,78.0,,,-80.69827092,28.43351641
MELBOURNE,BREVARD,ASSISTED LIVING FACILITY,96.0,,,-80.73945485,28.22849239
MELBOURNE,BREVARD,ASSISTED LIVING FACILITY,120.0,,,-80.61110853,28.09407042
MELBOURNE,BREVARD,ASSISTED LIVING FACILITY,120.0,,,-80.71536123,28.25608745
TITUSVILLE,BREVARD,ASSISTED LIVING FACILITY,70.0,,,-80.82386188,28.58711805
MELBOURNE,BREVARD,ASSISTED LIVING FACILITY,95.0,,,-80.62799409,28.04881068
COCOA,BREVARD,ASSISTED LIVING FACILITY,6.0,,,-80.77575506,28.39936886
COCOA,BREVARD,ASSISTED LIVING FACILITY,6.0,,,-80.80487550,28.42823637
COCOA,BREVARD,ASSISTED LIVING FACILITY,6.0,,,-80.76824063,28.36067335
COCOA,BREVARD,ASSISTED LIVING FACILITY,6.0,,,-80.82690670,28.40494672
COCOA,BREVARD,ASSISTED LIVING FACILITY,6.0,,,-80.82294539,28.40630454
PALM BAY,BREVARD,ASSISTED LIVING FACILITY,4.0,,,-80.63148676,28.01169626
PALM BAY,BREVARD,ASSISTED LIVING FACILITY,4.0,,,-80.71004245,28.02369614
PALM BAY,BREVARD,ASSISTED LIVING FACILITY,4.0,,,-80.67427021,27.98612519
COCOA,BREVARD,ASSISTED LIVING FACILITY,5.0,,,-80.78117235,28.39504175
COCOA,BREVARD,ASSISTED LIVING FACILITY,5.0,,,-80.80669995,28.42364638
TITUSVILLE,BREVARD,ASSISTED LIVING FACILITY,130.0,,,-80.80619735,28.61128025
ROCKLEDGE,BREVARD,ASSISTED LIVING FACILITY,5.0,,,-80.74863574,28.26384968
ROCKLEDGE,BREVARD,ASSISTED LIVING FACILITY,5.0,,,-80.74287776,28.26862990
MERRITT ISLAND,BREVARD,ASSISTED LIVING FACILITY,20.0,,,-80.70162901,28.35978463
TITUSVILLE,BREVARD,ASSISTED LIVING FACILITY,27.0,,,-80.79908932,28.55966093
MERRITT ISLAND,BREVARD,ASSISTED LIVING FACILITY,15.0,,,-80.70195729,28.35989619
MELBOURNE,BREVARD,ASSISTED LIVING FACILITY,55.0,,,-80.67521228,28.09474355
MELBOURNE,BREVARD,ASSISTED LIVING FACILITY,55.0,,,-80.67387254,28.09483776
MELBOURNE,BREVARD,ASSISTED LIVING FACILITY,155.0,,,-80.64326885,28.16059938
COCOA,BREVARD,ASSISTED LIVING FACILITY,8.0,,,-80.77078582,28.37278594
ROCKLEDGE,BREVARD,ASSISTED LIVING FACILITY,112.0,,,-80.73441150,28.29361379
COCOA BEACH,BREVARD,ASSISTED LIVING FACILITY,6.0,,,-80.60868180,28.36015659
COCOA BEACH,BREVARD,ASSISTED LIVING FACILITY,6.0,,,-80.61424215,28.31571148
COCOA BEACH,BREVARD,ASSISTED LIVING FACILITY,6.0,,,-80.60503477,28.37184809
COCOA BEACH,BREVARD,ASSISTED LIVING FACILITY,6.0,,,-80.61748388,28.31398011
MERRITT ISLAND,BREVARD,ASSISTED LIVING FACILITY,5.0,,,-80.70322948,28.34495120
WEST MELBOURNE,BREVARD,ASSISTED LIVING FACILITY,6.0,,,-80.65724448,28.05320070
PALM BAY,BREVARD,ASSISTED LIVING FACILITY,8.0,,,-80.62214012,27.94126731
WEST MELBOURNE,BREVARD,ASSISTED LIVING FACILITY,52.0,,,-80.65674201,28.07655967
PALM BAY,BREVARD,ASSISTED LIVING FACILITY,109.0,,,-80.58563768,28.02732972
MELBOURNE,BREVARD,ASSISTED LIVING FACILITY,78.0,,,-80.61254037,28.08567860
MERRITT ISLAND,BREVARD,ASSISTED LIVING FACILITY,11.0,,,-80.69353034,28.35428459
MERRITT ISLAND,BREVARD,ASSISTED LIVING FACILITY,11.0,,,-80.68910946,28.33870115
INDIALANTIC,BREVARD,ASSISTED LIVING FACILITY,6.0,,,-80.58279532,28.12328607
MELBOURNE,BREVARD,ASSISTED LIVING FACILITY,100.0,,,-80.62803604,28.04432756
ROCKLEDGE,BREVARD,ASSISTED LIVING FACILITY,6.0,,,-80.72933732,28.33364172
ROCKLEDGE,BREVARD,ASSISTED LIVING FACILITY,6.0,,,-80.70656348,28.28196268
ROCKLEDGE,BREVARD,ASSISTED LIVING FACILITY,6.0,,,-80.73855388,28.31722852
ROCKLEDGE,BREVARD,ASSISTED LIVING FACILITY,6.0,,,-80.73639501,28.30324074
MELBOURNE,BREVARD,ASSISTED LIVING FACILITY,135.0,,,-80.61908586,28.08794995
SATELLITE BEACH,BREVARD,ASSISTED LIVING FACILITY,32.0,,,-80.60379074,28.18304783
MELBOURNE,BREVARD,ASSISTED LIVING FACILITY,5.0,,,-80.68415202,28.17116056
MELBOURNE,BREVARD,ASSISTED LIVING FACILITY,5.0,,,-80.70399824,28.15589189
MERRITT ISLAND,BREVARD,ASSISTED LIVING FACILITY,95.0,,,-80.70925993,28.38808863
COCOA,BREVARD,ASSISTED LIVING FACILITY,15.0,,,-80.80050654,28.43144582
MELBOURNE,BREVARD,ASSISTED LIVING FACILITY,102.0,,,-80.64783558,28.08476458
INDIAN HARBOR BEACH,BREVARD,ASSISTED LIVING FACILITY,8.0,,,-80.59294758,28.15108994
ROCKLEDGE,BREVARD,ASSISTED LIVING FACILITY,28.0,,,-80.72697985,28.34746940
WEST MELBOURNE,BREVARD,ASSISTED LIVING FACILITY,42.0,,,-80.67517148,28.09380438
PALM BAY,BREVARD,ASSISTED LIVING FACILITY,60.0,,,-80.59463895,28.01351879
TITUSVILLE,BREVARD,ASSISTED LIVING FACILITY,8.0,,,-80.82377884,28.57762213
TITUSVILLE,BREVARD,ASSISTED LIVING FACILITY,12.0,,,-80.84600555,28.63392888
TITUSVILLE,BREVARD,ASSISTED LIVING FACILITY,9.0,,,-80.82232870,28.61410936
MELBOURNE,BREVARD,ASSISTED LIVING FACILITY,80.0,,,-80.65586942,28.14955580
TITUSVILLE,BREVARD,ASSISTED LIVING FACILITY,90.0,,,-80.81637918,28.62038683
MELBOURNE,BREVARD,ASSISTED LIVING FACILITY,60.0,,,-80.70654718,28.23687250
MIRAMAR,BROWARD,ASSISTED LIVING FACILITY,6.0,,,-80.27213805,25.99244673
MIRAMAR,BROWARD,ASSISTED LIVING FACILITY,6.0,,,-80.31364205,25.98946888
MIRAMAR,BROWARD,ASSISTED LIVING FACILITY,6.0,,,-80.22212009,25.98020321
MIRAMAR,BROWARD,ASSISTED LIVING FACILITY,6.0,,,-80.25101868,25.97871922
MIRAMAR,BROWARD,ASSISTED LIVING FACILITY,6.0,,,-80.21977049,25.99330169
MIRAMAR,BROWARD,ASSISTED LIVING FACILITY,6.0,,,-80.21709584,25.97637352
MIRAMAR,BROWARD,ASSISTED LIVING FACILITY,6.0,,,-80.24166964,25.98489228
FORT LAUDERDALE,BROWARD,ASSISTED LIVING FACILITY,7.0,,,-80.12084649,26.19629703
FORT LAUDERDALE,BROWARD,ASSISTED LIVING FACILITY,7.0,,,-80.17823733,26.14688775
CORAL SPRINGS,BROWARD,ASSISTED LIVING FACILITY,6.0,,,-80.27909707,26.27899670
CORAL SPRINGS,BROWARD,ASSISTED LIVING FACILITY,6.0,,,-80.20441775,26.28934330
CORAL SPRINGS,BROWARD,ASSISTED LIVING FACILITY,6.0,,,-80.26532197,26.27535918
CORAL SPRINGS,BROWARD,ASSISTED LIVING FACILITY,6.0,,,-80.24044431,26.24280325
CORAL SPRINGS,BROWARD,ASSISTED LIVING FACILITY,6.0,,,-80.27756518,26.24789610
CORAL SPRINGS,BROWARD,ASSISTED LIVING FACILITY,6.0,,,-80.26987099,26.26332600
CORAL SPRINGS,BROWARD,ASSISTED LIVING FACILITY,6.0,,,-80.24571335,26.29241345
CORAL SPRINGS,BROWARD,ASSISTED LIVING FACILITY,6.0,,,-80.25581876,26.29695160
CORAL SPRINGS,BROWARD,ASSISTED LIVING FACILITY,6.0,,,-80.24005634,26.27360717
CORAL SPRINGS,BROWARD,ASSISTED LIVING FACILITY,6.0,,,-80.27612527,26.25308440
CORAL SPRINGS,BROWARD,ASSISTED LIVING FACILITY,6.0,,,-80.27745424,26.23938721
CORAL SPRINGS,BROWARD,ASSISTED LIVING FACILITY,6.0,,,-80.27736224,26.28289650
CORAL SPRINGS,BROWARD,ASSISTED LIVING FACILITY,6.0,,,-80.25836531,26.29269026
CORAL SPRINGS,BROWARD,ASSISTED LIVING FACILITY,6.0,,,-80.24641757,26.25580046
CORAL SPRINGS,BROWARD,ASSISTED LIVING FACILITY,6.0,,,-80.25243581,26.26720002
CORAL SPRINGS,BROWARD,ASSISTED LIVING FACILITY,6.0,,,-80.23851320,26.25238484
CORAL SPRINGS,BROWARD,ASSISTED LIVING FACILITY,6.0,,,-80.28319392,26.26780958
CORAL SPRINGS,BROWARD,ASSISTED LIVING FACILITY,6.0,,,-80.23975504,26.27736212
CORAL SPRINGS,BROWARD,ASSISTED LIVING FACILITY,6.0,,,-80.21738609,26.28284973
CORAL SPRINGS,BROWARD,ASSISTED LIVING FACILITY,6.0,,,-80.26215842,26.25252012
CORAL SPRINGS,BROWARD,ASSISTED LIVING FACILITY,6.0,,,-80.27831528,26.23363172
CORAL SPRINGS,BROWARD,ASSISTED LIVING FACILITY,6.0,,,-80.23514656,26.24791697
CORAL SPRINGS,BROWARD,ASSISTED LIVING FACILITY,6.0,,,-80.26859933,26.29881869
CORAL SPRINGS,BROWARD,ASSISTED LIVING FACILITY,6.0,,,-80.21236543,26.29261250
CORAL SPRINGS,BROWARD,ASSISTED LIVING FACILITY,6.0,,,-80.21699995,26.29690875
CORAL SPRINGS,BROWARD,ASSISTED LIVING FACILITY,6.0,,,-80.26679387,26.28225039
CORAL SPRINGS,BROWARD,ASSISTED LIVING FACILITY,6.0,,,-80.24181339,26.23175059
CORAL SPRINGS,BROWARD,ASSISTED LIVING FACILITY,6.0,,,-80.28007622,26.26692971
CORAL SPRINGS,BROWARD,ASSISTED LIVING FACILITY,6.0,,,-80.28537655,26.27009003
CORAL SPRINGS,BROWARD,ASSISTED LIVING FACILITY,6.0,,,-80.24226338,26.28899648
CORAL SPRINGS,BROWARD,ASSISTED LIVING FACILITY,6.0,,,-80.22548275,26.28233545
CORAL SPRINGS,BROWARD,ASSISTED LIVING FACILITY,6.0,,,-80.21126537,26.28376425
CORAL SPRINGS,BROWARD,ASSISTED LIVING FACILITY,6.0,,,-80.22345042,26.28376559
CORAL SPRINGS,BROWARD,ASSISTED LIVING FACILITY,6.0,,,-80.25333092,26.26396154
CORAL SPRINGS,BROWARD,ASSISTED LIVING FACILITY,6.0,,,-80.26575707,26.24864093
CORAL SPRINGS,BROWARD,ASSISTED LIVING FACILITY,6.0,,,-80.22246087,26.27838433
CORAL SPRINGS,BROWARD,ASSISTED LIVING FACILITY,6.0,,,-80.26680536,26.28560894
HOLLYWOOD,BROWARD,ASSISTED LIVING FACILITY,31.0,,,-80.14368373,26.00075063
COCONUT CREEK,BROWARD,ASSISTED LIVING FACILITY,7.0,,,-80.18351075,26.29311817
TAMARAC,BROWARD,ASSISTED LIVING FACILITY,6.0,,,-80.24736509,26.22747564
TAMARAC,BROWARD,ASSISTED LIVING FACILITY,6.0,,,-80.22889446,26.19484354
TAMARAC,BROWARD,ASSISTED LIVING FACILITY,6.0,,,-80.27693289,26.22221146
TAMARAC,BROWARD,ASSISTED LIVING FACILITY,6.0,,,-80.24547353,26.21570700
TAMARAC,BROWARD,ASSISTED LIVING FACILITY,6.0,,,-80.25031684,26.22455921
TAMARAC,BROWARD,ASSISTED LIVING FACILITY,6.0,,,-80.24517839,26.22446248
TAMARAC,BROWARD,ASSISTED LIVING FACILITY,6.0,,,-80.22155032,26.19541125
OAKLAND PARK,BROWARD,ASSISTED LIVING FACILITY,6.0,,,-80.14299100,26.19145100
MARGATE,BROWARD,ASSISTED LIVING FACILITY,64.0,,,-80.21025179,26.24290329
FORT LAUDERDALE,BROWARD,ASSISTED LIVING FACILITY,6.0,,,-80.21248527,26.10055538
FORT LAUDERDALE,BROWARD,ASSISTED LIVING FACILITY,6.0,,,-80.34115459,26.04314901
FORT LAUDERDALE,BROWARD,ASSISTED LIVING FACILITY,6.0,,,-80.19854572,26.11577706
FORT LAUDERDALE,BROWARD,ASSISTED LIVING FACILITY,6.0,,,-80.19449718,26.11088513
FORT LAUDERDALE,BROWARD,ASSISTED LIVING FACILITY,6.0,,,-80.19018461,26.06468730
FORT LAUDERDALE,BROWARD,ASSISTED LIVING FACILITY,6.0,,,-80.20935774,26.09757835
FORT LAUDERDALE,BROWARD,ASSISTED LIVING FACILITY,6.0,,,-80.19112558,26.11402250
FORT LAUDERDALE,BROWARD,ASSISTED LIVING FACILITY,6.0,,,-80.15539757,26.14595427
FORT LAUDERDALE,BROWARD,ASSISTED LIVING FACILITY,6.0,,,-80.19616823,26.10746417
FORT LAUDERDALE,BROWARD,ASSISTED LIVING FACILITY,6.0,,,-80.18863976,26.11423924
FORT LAUDERDALE,BROWARD,ASSISTED LIVING FACILITY,6.0,,,-80.18027087,26.14208952
FORT LAUDERDALE,BROWARD,ASSISTED LIVING FACILITY,9.0,,,-80.18393327,26.13738168
FORT LAUDERDALE,BROWARD,ASSISTED LIVING FACILITY,9.0,,,-80.12417544,26.20349264
FORT LAUDERDALE,BROWARD,ASSISTED LIVING FACILITY,9.0,,,-80.12866666,26.19613371
MARGATE,BROWARD,ASSISTED LIVING FACILITY,6.0,,,-80.20958257,26.22466802
MARGATE,BROWARD,ASSISTED LIVING FACILITY,6.0,,,-80.19669634,26.22119686
MARGATE,BROWARD,ASSISTED LIVING FACILITY,6.0,,,-80.22541690,26.25385286
MARGATE,BROWARD,ASSISTED LIVING FACILITY,6.0,,,-80.22883745,26.25372513
MARGATE,BROWARD,ASSISTED LIVING FACILITY,6.0,,,-80.21319831,26.22461033
MARGATE,BROWARD,ASSISTED LIVING FACILITY,6.0,,,-80.21544867,26.25441419
MARGATE,BROWARD,ASSISTED LIVING FACILITY,6.0,,,-80.20168605,26.23374548
MARGATE,BROWARD,ASSISTED LIVING FACILITY,6.0,,,-80.20111792,26.22053535
WILTON MANORS,BROWARD,ASSISTED LIVING FACILITY,38.0,,,-80.14703192,26.16046127
FORT LAUDERDALE,BROWARD,ASSISTED LIVING FACILITY,8.0,,,-80.19907764,26.11172105
FORT LAUDERDALE,BROWARD,ASSISTED LIVING FACILITY,8.0,,,-80.32105756,26.05953123
LAUDERHILL,BROWARD,ASSISTED LIVING FACILITY,40.0,,,-80.24329001,26.18960683
HALLANDALE,BROWARD,ASSISTED LIVING FACILITY,12.0,,,-80.14658589,25.98021172
COCONUT CREEK,BROWARD,ASSISTED LIVING FACILITY,6.0,,,-80.18041936,26.29350582
COCONUT CREEK,BROWARD,ASSISTED LIVING FACILITY,6.0,,,-80.18351428,26.23814301
COCONUT CREEK,BROWARD,ASSISTED LIVING FACILITY,6.0,,,-80.18870129,26.32605491
COCONUT CREEK,BROWARD,ASSISTED LIVING FACILITY,6.0,,,-80.18057404,26.25706209
PEMBROKE PINES,BROWARD,ASSISTED LIVING FACILITY,6.0,,,-80.27137396,26.02547307
PEMBROKE PINES,BROWARD,ASSISTED LIVING FACILITY,6.0,,,-80.38695174,25.99682701
PEMBROKE PINES,BROWARD,ASSISTED LIVING FACILITY,6.0,,,-80.40649114,25.99351042
PEMBROKE PINES,BROWARD,ASSISTED LIVING FACILITY,6.0,,,-80.38334395,26.02549223
PEMBROKE PINES,BROWARD,ASSISTED LIVING FACILITY,6.0,,,-80.22290291,26.00755043
PEMBROKE PINES,BROWARD,ASSISTED LIVING FACILITY,6.0,,,-80.23119119,26.00310354
PEMBROKE PINES,BROWARD,ASSISTED LIVING FACILITY,6.0,,,-80.25700243,26.01356946
PEMBROKE PINES,BROWARD,ASSISTED LIVING FACILITY,6.0,,,-80.25880136,26.01100599
PEMBROKE PINES,BROWARD,ASSISTED LIVING FACILITY,6.0,,,-80.29959686,26.02909543
PEMBROKE PINES,BROWARD,ASSISTED LIVING FACILITY,6.0,,,-80.38340863,25.99722987
PEMBROKE PINES,BROWARD,ASSISTED LIVING FACILITY,6.0,,,-80.26828860,26.01787733
NORTH LAUDERDALE,BROWARD,ASSISTED LIVING FACILITY,8.0,,,-80.21863066,26.20536889
HOLLYWOOD,BROWARD,ASSISTED LIVING FACILITY,6.0,,,-80.18857304,26.00826388
HOLLYWOOD,BROWARD,ASSISTED LIVING FACILITY,6.0,,,-80.19054860,26.02188577
HOLLYWOOD,BROWARD,ASSISTED LIVING FACILITY,6.0,,,-80.19894998,26.02988896
HOLLYWOOD,BROWARD,ASSISTED LIVING FACILITY,6.0,,,-80.22081793,26.01187600
HOLLYWOOD,BROWARD,ASSISTED LIVING FACILITY,6.0,,,-80.17914199,26.01268719
HOLLYWOOD,BROWARD,ASSISTED LIVING FACILITY,6.0,,,-80.17811539,26.01743533
HOLLYWOOD,BROWARD,ASSISTED LIVING FACILITY,6.0,,,-80.14699448,25.99798683
HOLLYWOOD,BROWARD,ASSISTED LIVING FACILITY,6.0,,,-80.16385423,26.02335443
HOLLYWOOD,BROWARD,ASSISTED LIVING FACILITY,6.0,,,-80.18692051,26.04980051
HOLLYWOOD,BROWARD,ASSISTED LIVING FACILITY,6.0,,,-80.21412951,26.03540267
HOLLYWOOD,BROWARD,ASSISTED LIVING FACILITY,6.0,,,-80.21733210,26.01767252
HOLLYWOOD,BROWARD,ASSISTED LIVING FACILITY,6.0,,,-80.22825312,26.02741436
HOLLYWOOD,BROWARD,ASSISTED LIVING FACILITY,6.0,,,-80.22382899,26.04352462
HOLLYWOOD,BROWARD,ASSISTED LIVING FACILITY,6.0,,,-80.19949186,26.01982743
HOLLYWOOD,BROWARD,ASSISTED LIVING FACILITY,6.0,,,-80.17974179,26.04630996
HOLLYWOOD,BROWARD,ASSISTED LIVING FACILITY,6.0,,,-80.19950782,26.01574165
HOLLYWOOD,BROWARD,ASSISTED LIVING FACILITY,6.0,,,-80.18263092,26.00634604
HOLLYWOOD,BROWARD,ASSISTED LIVING FACILITY,6.0,,,-80.19702693,26.02358627
HOLLYWOOD,BROWARD,ASSISTED LIVING FACILITY,6.0,,,-80.15060989,26.02723904
HOLLYWOOD,BROWARD,ASSISTED LIVING FACILITY,6.0,,,-80.15804435,26.00888664
HOLLYWOOD,BROWARD,ASSISTED LIVING FACILITY,6.0,,,-80.19129264,26.02543180
HOLLYWOOD,BROWARD,ASSISTED LIVING FACILITY,6.0,,,-80.21273601,26.03325079
HOLLYWOOD,BROWARD,ASSISTED LIVING FACILITY,6.0,,,-80.15957439,26.00333472
HOLLYWOOD,BROWARD,ASSISTED LIVING FACILITY,6.0,,,-80.18048000,25.97978311
HOLLYWOOD,BROWARD,ASSISTED LIVING FACILITY,6.0,,,-80.18864354,25.97868743
CORAL SPRINGS,BROWARD,ASSISTED LIVING FACILITY,7.0,,,-80.27778842,26.26965589
FORT LAUDERDALE,BROWARD,ASSISTED LIVING FACILITY,16.0,,,-80.12512905,26.12828409
HOLLYWOOD,BROWARD,ASSISTED LIVING FACILITY,10.0,,,-80.14694733,25.99771783
HOLLYWOOD,BROWARD,ASSISTED LIVING FACILITY,10.0,,,-80.20867427,26.01190632
SUNRISE,BROWARD,ASSISTED LIVING FACILITY,5.0,,,-80.29097674,26.16092756
SUNRISE,BROWARD,ASSISTED LIVING FACILITY,5.0,,,-80.26232503,26.16958183
SUNRISE,BROWARD,ASSISTED LIVING FACILITY,5.0,,,-80.23446136,26.15299611
 ,BROWARD,ASSISTED LIVING FACILITY,6.0,,,-80.21069387,26.25538575
 ,BROWARD,ASSISTED LIVING FACILITY,6.0,,,-80.24001187,26.12994811
 ,BROWARD,ASSISTED LIVING FACILITY,6.0,,,-80.10528797,26.29803278
HOLLYWOOD,BROWARD,ASSISTED LIVING FACILITY,60.0,,,-80.21222330,26.01541363
NORTH LAUDERDALE,BROWARD,ASSISTED LIVING FACILITY,5.0,,,-80.23287475,26.21937443
OAKLAND PARK,BROWARD,ASSISTED LIVING FACILITY,40.0,,,-80.14299329,26.17481316
NORTH LAUDERDALE,BROWARD,ASSISTED LIVING FACILITY,6.0,,,-80.21800372,26.21949296
NORTH LAUDERDALE,BROWARD,ASSISTED LIVING FACILITY,6.0,,,-80.21890296,26.21375886
NORTH LAUDERDALE,BROWARD,ASSISTED LIVING FACILITY,6.0,,,-80.22674024,26.22374984
NORTH LAUDERDALE,BROWARD,ASSISTED LIVING FACILITY,6.0,,,-80.21046078,26.20043603
NORTH LAUDERDALE,BROWARD,ASSISTED LIVING FACILITY,6.0,,,-80.22430085,26.22564769
NORTH LAUDERDALE,BROWARD,ASSISTED LIVING FACILITY,6.0,,,-80.21355049,26.20797366
NORTH LAUDERDALE,BROWARD,ASSISTED LIVING FACILITY,6.0,,,-80.21974151,26.21947415
NORTH LAUDERDALE,BROWARD,ASSISTED LIVING FACILITY,6.0,,,-80.23082210,26.22670306
NORTH LAUDERDALE,BROWARD,ASSISTED LIVING FACILITY,6.0,,,-80.21559015,26.21438422
PLANTATION,BROWARD,ASSISTED LIVING FACILITY,6.0,,,-80.22419418,26.11473551
PLANTATION,BROWARD,ASSISTED LIVING FACILITY,6.0,,,-80.20924719,26.12429586
PLANTATION,BROWARD,ASSISTED LIVING FACILITY,6.0,,,-80.21661024,26.13124627
PLANTATION,BROWARD,ASSISTED LIVING FACILITY,6.0,,,-80.24037251,26.14435766
PLANTATION,BROWARD,ASSISTED LIVING FACILITY,6.0,,,-80.25259560,26.14100387
PLANTATION,BROWARD,ASSISTED LIVING FACILITY,6.0,,,-80.23472828,26.09844880
PLANTATION,BROWARD,ASSISTED LIVING FACILITY,6.0,,,-80.23956027,26.13980624
PLANTATION,BROWARD,ASSISTED LIVING FACILITY,6.0,,,-80.23058343,26.11432535
PLANTATION,BROWARD,ASSISTED LIVING FACILITY,6.0,,,-80.25143666,26.13024982
PLANTATION,BROWARD,ASSISTED LIVING FACILITY,6.0,,,-80.21543423,26.10701476
POMPANO BEACH,BROWARD,ASSISTED LIVING FACILITY,90.0,,,-80.16003431,26.22824897
HOLLYWOOD,BROWARD,ASSISTED LIVING FACILITY,25.0,,,-80.14179307,26.00666567
LAUDERHILL,BROWARD,ASSISTED LIVING FACILITY,39.0,,,-80.22769279,26.16197574
LAUDERHILL,BROWARD,ASSISTED LIVING FACILITY,39.0,,,-80.22832887,26.16148771
 ,BROWARD,ASSISTED LIVING FACILITY,0.0,,,-80.26092328,26.25951948
MIRAMAR,BROWARD,ASSISTED LIVING FACILITY,5.0,,,-80.26213214,25.97858021
MIRAMAR,BROWARD,ASSISTED LIVING FACILITY,5.0,,,-80.33908050,25.96492767
MIRAMAR,BROWARD,ASSISTED LIVING FACILITY,5.0,,,-80.25179459,25.98748649
MIRAMAR,BROWARD,ASSISTED LIVING FACILITY,5.0,,,-80.28337703,25.98720635
MIRAMAR,BROWARD,ASSISTED LIVING FACILITY,5.0,,,-80.36893369,25.97356193
WILTON MANORS,BROWARD,ASSISTED LIVING FACILITY,100.0,,,-80.12347219,26.15943295
FORT LAUDERDALE,BROWARD,ASSISTED LIVING FACILITY,35.0,,,-80.15858149,26.09049245
FORT LAUDERDALE,BROWARD,ASSISTED LIVING FACILITY,35.0,,,-80.14982583,26.11768360
PARKLAND,BROWARD,ASSISTED LIVING FACILITY,100.0,,,-80.25167174,26.30344111
HOLLYWOOD,BROWARD,ASSISTED LIVING FACILITY,56.0,,,-80.15105404,26.01733170
SUNRISE,BROWARD,ASSISTED LIVING FACILITY,6.0,,,-80.26099936,26.15953003
SUNRISE,BROWARD,ASSISTED LIVING FACILITY,6.0,,,-80.25078599,26.15068368
SUNRISE,BROWARD,ASSISTED LIVING FACILITY,6.0,,,-80.25818799,26.15704229
SUNRISE,BROWARD,ASSISTED LIVING FACILITY,6.0,,,-80.29852900,26.18246041
SUNRISE,BROWARD,ASSISTED LIVING FACILITY,6.0,,,-80.27713844,26.16541872
SUNRISE,BROWARD,ASSISTED LIVING FACILITY,6.0,,,-80.26430343,26.15413724
SUNRISE,BROWARD,ASSISTED LIVING FACILITY,6.0,,,-80.29020878,26.15253450
SUNRISE,BROWARD,ASSISTED LIVING FACILITY,6.0,,,-80.29137167,26.16543764
SUNRISE,BROWARD,ASSISTED LIVING FACILITY,6.0,,,-80.23426846,26.14202200
SUNRISE,BROWARD,ASSISTED LIVING FACILITY,6.0,,,-80.27497774,26.18485832
SUNRISE,BROWARD,ASSISTED LIVING FACILITY,6.0,,,-80.30000560,26.16072874
SUNRISE,BROWARD,ASSISTED LIVING FACILITY,6.0,,,-80.22752898,26.14042726
SUNRISE,BROWARD,ASSISTED LIVING FACILITY,6.0,,,-80.23334751,26.15586154
SUNRISE,BROWARD,ASSISTED LIVING FACILITY,6.0,,,-80.29558644,26.16519227
SUNRISE,BROWARD,ASSISTED LIVING FACILITY,6.0,,,-80.28267812,26.16519033
LAUDERHILL,BROWARD,ASSISTED LIVING FACILITY,32.0,,,-80.22667217,26.15520619
LAUDERHILL,BROWARD,ASSISTED LIVING FACILITY,32.0,,,-80.22856525,26.16196030
HOLLYWOOD,BROWARD,ASSISTED LIVING FACILITY,81.0,,,-80.14917937,26.02908592
MIRAMAR,BROWARD,ASSISTED LIVING FACILITY,8.0,,,-80.22890434,25.99415251
MIRAMAR,BROWARD,ASSISTED LIVING FACILITY,8.0,,,-80.20996748,25.98044563
MIRAMAR,BROWARD,ASSISTED LIVING FACILITY,8.0,,,-80.20928249,25.98713106
LAUDERHILL,BROWARD,ASSISTED LIVING FACILITY,6.0,,,-80.25512408,26.19162900
LAUDERHILL,BROWARD,ASSISTED LIVING FACILITY,6.0,,,-80.22222568,26.13829924
LAUDERHILL,BROWARD,ASSISTED LIVING FACILITY,6.0,,,-80.24044548,26.18274231
LAUDERHILL,BROWARD,ASSISTED LIVING FACILITY,6.0,,,-80.24881522,26.18320240
LAUDERHILL,BROWARD,ASSISTED LIVING FACILITY,6.0,,,-80.20711657,26.13916241
LAUDERHILL,BROWARD,ASSISTED LIVING FACILITY,6.0,,,-80.24618560,26.19006881
LAUDERHILL,BROWARD,ASSISTED LIVING FACILITY,6.0,,,-80.25891065,26.17990145
LAUDERHILL,BROWARD,ASSISTED LIVING FACILITY,6.0,,,-80.26241757,26.18996900
LAUDERHILL,BROWARD,ASSISTED LIVING FACILITY,6.0,,,-80.26667985,26.18262306
LAUDERHILL,BROWARD,ASSISTED LIVING FACILITY,6.0,,,-80.26246263,26.16021506
LAUDERHILL,BROWARD,ASSISTED LIVING FACILITY,6.0,,,-80.26619073,26.19135600
LAUDERHILL,BROWARD,ASSISTED LIVING FACILITY,6.0,,,-80.25044233,26.17052397
LAUDERHILL,BROWARD,ASSISTED LIVING FACILITY,6.0,,,-80.25777207,26.18775732
LAUDERHILL,BROWARD,ASSISTED LIVING FACILITY,8.0,,,-80.22113094,26.14391529
SUNRISE,BROWARD,ASSISTED LIVING FACILITY,150.0,,,-80.28099233,26.17036054
HOLLYWOOD,BROWARD,ASSISTED LIVING FACILITY,105.0,,,-80.14736383,26.01361121
PEMBROKE PARK,BROWARD,ASSISTED LIVING FACILITY,200.0,,,-80.19418240,25.98335651
HOLLYWOOD,BROWARD,ASSISTED LIVING FACILITY,8.0,,,-80.16464076,26.00141274
HOLLYWOOD,BROWARD,ASSISTED LIVING FACILITY,8.0,,,-80.15489169,26.01898574
HOLLYWOOD,BROWARD,ASSISTED LIVING FACILITY,8.0,,,-80.14583355,26.00384185
HOLLYWOOD,BROWARD,ASSISTED LIVING FACILITY,8.0,,,-80.15269071,26.02447091
POMPANO BEACH,BROWARD,ASSISTED LIVING FACILITY,40.0,,,-80.17376245,26.21066276
POMPANO BEACH,BROWARD,ASSISTED LIVING FACILITY,40.0,,,-80.09196924,26.22688814
POMPANO BEACH,BROWARD,ASSISTED LIVING FACILITY,6.0,,,-80.09724531,26.28278186
POMPANO BEACH,BROWARD,ASSISTED LIVING FACILITY,6.0,,,-80.10353422,26.26811018
POMPANO BEACH,BROWARD,ASSISTED LIVING FACILITY,6.0,,,-80.15766990,26.23596955
POMPANO BEACH,BROWARD,ASSISTED LIVING FACILITY,6.0,,,-80.20752200,26.20551300
POMPANO BEACH,BROWARD,ASSISTED LIVING FACILITY,6.0,,,-80.12990521,26.21161947
SUNRISE,BROWARD,ASSISTED LIVING FACILITY,246.0,,,-80.26466481,26.17700791
LAUDERHILL,BROWARD,ASSISTED LIVING FACILITY,35.0,,,-80.23084353,26.16162933
DEERFIELD BEACH,BROWARD,ASSISTED LIVING FACILITY,6.0,,,-80.16611965,26.32143169
DEERFIELD BEACH,BROWARD,ASSISTED LIVING FACILITY,6.0,,,-80.15056731,26.31303928
LAUDERHILL,BROWARD,ASSISTED LIVING FACILITY,139.0,,,-80.24212027,26.19253420
FORT LAUDERDALE,BROWARD,ASSISTED LIVING FACILITY,80.0,,,-80.13436744,26.12060894
MARGATE,BROWARD,ASSISTED LIVING FACILITY,111.0,,,-80.21901446,26.22229255
POMPANO BEACH,BROWARD,ASSISTED LIVING FACILITY,68.0,,,-80.09221831,26.21864209
SOUTHWEST RANCHES,BROWARD,ASSISTED LIVING FACILITY,6.0,,,-80.31484229,26.04638327
SOUTHWEST RANCHES,BROWARD,ASSISTED LIVING FACILITY,6.0,,,-80.32661306,26.04306066
DAVIE,BROWARD,ASSISTED LIVING FACILITY,44.0,,,-80.22881711,26.05644069
OAKLAND PARK,BROWARD,ASSISTED LIVING FACILITY,25.0,,,-80.15014236,26.17636074
PARKLAND,BROWARD,ASSISTED LIVING FACILITY,6.0,,,-80.20483252,26.32119864
FORT LAUDERDALE,BROWARD,ASSISTED LIVING FACILITY,28.0,,,-80.13799691,26.10651735
HOLLYWOOD,BROWARD,ASSISTED LIVING FACILITY,24.0,,,-80.14476614,26.02149397
LAUDERDALE LAKES,BROWARD,ASSISTED LIVING FACILITY,6.0,,,-80.19892085,26.15877325
LAUDERDALE LAKES,BROWARD,ASSISTED LIVING FACILITY,6.0,,,-80.20736251,26.17951519
CORAL SPRINGS,BROWARD,ASSISTED LIVING FACILITY,5.0,,,-80.29008388,26.27101115
CORAL SPRINGS,BROWARD,ASSISTED LIVING FACILITY,5.0,,,-80.24621102,26.24717397
POMPANO BEACH,BROWARD,ASSISTED LIVING FACILITY,125.0,,,-80.13084215,26.22711166
DEERFIELD BEACH,BROWARD,ASSISTED LIVING FACILITY,240.0,,,-80.13559647,26.30307866
DAVIE,BROWARD,ASSISTED LIVING FACILITY,6.0,,,-80.33375995,26.09150712
OAKLAND PARK,BROWARD,ASSISTED LIVING FACILITY,30.0,,,-80.14944006,26.18044412
HALLANDALE,BROWARD,ASSISTED LIVING FACILITY,6.0,,,-80.13947742,25.99617505
HALLANDALE,BROWARD,ASSISTED LIVING FACILITY,6.0,,,-80.15883187,25.97566678
HOLLYWOOD,BROWARD,ASSISTED LIVING FACILITY,50.0,,,-80.14465200,26.02739157
PEMBROKE PARK,BROWARD,ASSISTED LIVING FACILITY,120.0,,,-80.19386640,25.97794017
FORT LAUDERDALE,BROWARD,ASSISTED LIVING FACILITY,24.0,,,-80.17412150,26.19091048
PLANTATION,BROWARD,ASSISTED LIVING FACILITY,70.0,,,-80.26665784,26.14586536
DAVIE,BROWARD,ASSISTED LIVING FACILITY,19.0,,,-80.23135288,26.05196009
LAUDERDALE LAKES,BROWARD,ASSISTED LIVING FACILITY,90.0,,,-80.19349620,26.16370472
LAUDERHILL,BROWARD,ASSISTED LIVING FACILITY,14.0,,,-80.22968333,26.15073839
LAUDERHILL,BROWARD,ASSISTED LIVING FACILITY,14.0,,,-80.23082132,26.16087225
HOLLYWOOD,BROWARD,ASSISTED LIVING FACILITY,114.0,,,-80.13943151,26.02219356
POMPANO BEACH,BROWARD,ASSISTED LIVING FACILITY,42.0,,,-80.08916668,26.24727443
POMPANO BEACH,BROWARD,ASSISTED LIVING FACILITY,42.0,,,-80.13319543,26.22773341
HOLLYWOOD,BROWARD,ASSISTED LIVING FACILITY,115.0,,,-80.13173600,26.02227811
DANIA BEACH,BROWARD,ASSISTED LIVING FACILITY,8.0,,,-80.20139348,26.05818859
 ,BROWARD,ASSISTED LIVING FACILITY,52.0,,,-80.13789880,26.09861486
LAUDERHILL,BROWARD,ASSISTED LIVING FACILITY,16.0,,,-80.23029502,26.16135276
MARGATE,BROWARD,ASSISTED LIVING FACILITY,213.0,,,-80.20088230,26.24022530
FORT LAUDERDALE,BROWARD,ASSISTED LIVING FACILITY,4.0,,,-80.15873579,26.12709701
FORT LAUDERDALE,BROWARD,ASSISTED LIVING FACILITY,4.0,,,-80.16418293,26.10764910
CORAL SPRINGS,BROWARD,ASSISTED LIVING FACILITY,72.0,,,-80.24040928,26.25822773
PLANTATION,BROWARD,ASSISTED LIVING FACILITY,10.0,,,-80.21273081,26.12742715
FORT LAUDERDALE,BROWARD,ASSISTED LIVING FACILITY,14.0,,,-80.11995928,26.13444376
FORT LAUDERDALE,BROWARD,ASSISTED LIVING FACILITY,14.0,,,-80.20649144,26.15809627
HOLLYWOOD,BROWARD,ASSISTED LIVING FACILITY,4.0,,,-80.16107659,26.01330821
OAKLAND PARK,BROWARD,ASSISTED LIVING FACILITY,5.0,,,-80.12561377,26.18460134
DAVIE,BROWARD,ASSISTED LIVING FACILITY,4.0,,,-80.21665412,26.06876745
LAUDERDALE LAKES,BROWARD,ASSISTED LIVING FACILITY,8.0,,,-80.21388047,26.17444036
COOPER CITY,BROWARD,ASSISTED LIVING FACILITY,120.0,,,-80.26485336,26.03404722
TAMARAC,BROWARD,ASSISTED LIVING FACILITY,116.0,,,-80.24600164,26.20774835
WILTON MANORS,BROWARD,ASSISTED LIVING FACILITY,125.0,,,-80.12554400,26.15999759
FORT LAUDERDALE,BROWARD,ASSISTED LIVING FACILITY,50.0,,,-80.13634332,26.10922984
HOLLYWOOD,BROWARD,ASSISTED LIVING FACILITY,100.0,,,-80.20330302,26.04641849
MIRAMAR,BROWARD,ASSISTED LIVING FACILITY,7.0,,,-80.26384428,25.99185715
PLANTATION,BROWARD,ASSISTED LIVING FACILITY,29.0,,,-80.20104974,26.10712249
DAVIE,BROWARD,ASSISTED LIVING FACILITY,20.0,,,-80.23439346,26.06319831
DEERFIELD BEACH,BROWARD,ASSISTED LIVING FACILITY,68.0,,,-80.12895785,26.30195397
PLANTATION,BROWARD,ASSISTED LIVING FACILITY,5.0,,,-80.23497876,26.13079754
MARGATE,BROWARD,ASSISTED LIVING FACILITY,5.0,,,-80.19428114,26.22523665
MARGATE,BROWARD,ASSISTED LIVING FACILITY,5.0,,,-80.19379583,26.22145557
MARGATE,BROWARD,ASSISTED LIVING FACILITY,5.0,,,-80.19409428,26.21276994
MARGATE,BROWARD,ASSISTED LIVING FACILITY,5.0,,,-80.20901209,26.24981877
HOLLYWOOD,BROWARD,ASSISTED LIVING FACILITY,35.0,,,-80.14105232,25.99883396
HOLLYWOOD,BROWARD,ASSISTED LIVING FACILITY,35.0,,,-80.13867334,26.02545795
POMPANO BEACH,BROWARD,ASSISTED LIVING FACILITY,12.0,,,-80.10123770,26.23526755
WESTON,BROWARD,ASSISTED LIVING FACILITY,6.0,,,-80.40577666,26.11964255
POMPANO BEACH,BROWARD,ASSISTED LIVING FACILITY,30.0,,,-80.08853522,26.25152008
HOLLYWOOD,BROWARD,ASSISTED LIVING FACILITY,200.0,,,-80.17687308,26.03168735
LAUDERDALE LAKES,BROWARD,ASSISTED LIVING FACILITY,28.0,,,-80.18689809,26.17944179
DANIA BEACH,BROWARD,ASSISTED LIVING FACILITY,165.0,,,-80.14565713,26.04964745
OAKLAND PARK,BROWARD,ASSISTED LIVING FACILITY,21.0,,,-80.17186104,26.16171500
HOLLYWOOD,BROWARD,ASSISTED LIVING FACILITY,5.0,,,-80.20361773,25.97887300
POMPANO BEACH,BROWARD,ASSISTED LIVING FACILITY,15.0,,,-80.09118695,26.23892947
FORT LAUDERDALE,BROWARD,ASSISTED LIVING FACILITY,144.0,,,-80.19264016,26.16422201
DANIA BEACH,BROWARD,ASSISTED LIVING FACILITY,6.0,,,-80.13760459,26.04235699
DANIA BEACH,BROWARD,ASSISTED LIVING FACILITY,6.0,,,-80.20489089,26.06167410
PLANTATION,BROWARD,ASSISTED LIVING FACILITY,55.0,,,-80.26861859,26.12176559
SUNRISE,BROWARD,ASSISTED LIVING FACILITY,14.0,,,-80.27097581,26.17058472
MARGATE,BROWARD,ASSISTED LIVING FACILITY,120.0,,,-80.20674937,26.24293522
COOPER CITY,BROWARD,ASSISTED LIVING FACILITY,6.0,,,-80.27021312,26.05600610
WILTON MANORS,BROWARD,ASSISTED LIVING FACILITY,10.0,,,-80.13853237,26.15706830
HOLLYWOOD,BROWARD,ASSISTED LIVING FACILITY,15.0,,,-80.21227658,26.02185542
DEERFIELD BEACH,BROWARD,ASSISTED LIVING FACILITY,60.0,,,-80.14458265,26.32105285
FORT LAUDERDALE,BROWARD,ASSISTED LIVING FACILITY,47.0,,,-80.16210142,26.15452034
HALLANDALE BEACH,BROWARD,ASSISTED LIVING FACILITY,95.0,,,-80.12071180,25.97730438
FORT LAUDERDALE,BROWARD,ASSISTED LIVING FACILITY,13.0,,,-80.20062385,26.11773401
FORT LAUDERDALE,BROWARD,ASSISTED LIVING FACILITY,13.0,,,-80.17857170,26.11271850
HOLLYWOOD,BROWARD,ASSISTED LIVING FACILITY,118.0,,,-80.18237273,26.00777816
COCONUT CREEK,BROWARD,ASSISTED LIVING FACILITY,5.0,,,-80.18085774,26.30099749
HALLANDALE,BROWARD,ASSISTED LIVING FACILITY,8.0,,,-80.15041663,25.99176438
WILTON MANORS,BROWARD,ASSISTED LIVING FACILITY,80.0,,,-80.12216871,26.15950701
Pompano Beach,BROWARD,ASSISTED LIVING FACILITY,75.0,,,-80.13495182,26.21954721
MARGATE,BROWARD,ASSISTED LIVING FACILITY,35.0,,,-80.20626032,26.24024476
POMPANO BEACH,BROWARD,ASSISTED LIVING FACILITY,80.0,,,-80.13247040,26.22690545
TAMARAC,BROWARD,ASSISTED LIVING FACILITY,72.0,,,-80.27081962,26.19532004
CORAL SPRINGS,BROWARD,ASSISTED LIVING FACILITY,120.0,,,-80.25767769,26.26783601
FORT LAUDERDALE,BROWARD,ASSISTED LIVING FACILITY,139.0,,,-80.10500925,26.16771755
SOUTHWEST RANCHES,BROWARD,ASSISTED LIVING FACILITY,8.0,,,-80.39533696,26.04928657
LAUDERHILL,BROWARD,ASSISTED LIVING FACILITY,70.0,,,-80.22751322,26.16122258
LAUDERHILL,BROWARD,ASSISTED LIVING FACILITY,105.0,,,-80.22381894,26.16285696
OAKLAND PARK,BROWARD,AMBULATORY SURGICAL CENTER,50.0,,,-80.13436722,26.19700878
MIRAMAR,BROWARD,AMBULATORY SURGICAL CENTER,20.0,,,-80.34208432,25.98258980
HOLLYWOOD,BROWARD,AMBULATORY SURGICAL CENTER,18.0,,,-80.18956649,26.03139973
DAVIE,BROWARD,AMBULATORY SURGICAL CENTER,2.0,,,-80.31638200,26.06422200
OAKLAND PARK,BROWARD,AMBULATORY SURGICAL CENTER,0.0,,,-80.13246700,26.19246400
CORAL SPRINGS,BROWARD,AMBULATORY SURGICAL CENTER,0.0,,,-80.25334600,26.24894600
CORAL SPRINGS,BROWARD,AMBULATORY SURGICAL CENTER,0.0,,,-80.25408800,26.26823300
CORAL SPRINGS,BROWARD,AMBULATORY SURGICAL CENTER,0.0,,,-80.25356400,26.24295500
PLANTATION,BROWARD,AMBULATORY SURGICAL CENTER,0.0,,,-80.20383761,26.12868238
PLANTATION,BROWARD,AMBULATORY SURGICAL CENTER,0.0,,,-80.26481791,26.12236615
CORAL SPRINGS,BROWARD,AMBULATORY SURGICAL CENTER,25.0,,,-80.25306800,26.25244800
TM,BROWARD,AMBULATORY SURGICAL CENTER,20.0,,,-80.25305412,26.21400069
HOLLYWOOD,BROWARD,AMBULATORY SURGICAL CENTER,,,,-80.17864171,26.02116955
HOLLYWOOD,BROWARD,AMBULATORY SURGICAL CENTER,,,,-80.23385200,26.03149600
DEERFIELD BEACH,BROWARD,AMBULATORY SURGICAL CENTER,0.0,,,-80.11159711,26.31544701
SN,BROWARD,AMBULATORY SURGICAL CENTER,,,,-80.26820009,26.17086202
LAUDERHILL,BROWARD,BLOOD BANK,0.0,,,-80.20034000,26.15014800
LAUDERHILL,BROWARD,ASSISTED LIVING FACILITY,62.0,,,-80.22981950,26.16196014
TAMARAC,BROWARD,ASSISTED LIVING FACILITY,8.0,,,-80.26030368,26.22819710
FORT LAUDERDALE,BROWARD,ASSISTED LIVING FACILITY,81.0,,,-80.13879752,26.10694968
DEERFIELD BEACH,BROWARD,ASSISTED LIVING FACILITY,130.0,,,-80.15884801,26.31843457
POMPANO BEACH,BROWARD,ASSISTED LIVING FACILITY,60.0,,,-80.08672876,26.25265747
DEERFIELD BEACH,BROWARD,ASSISTED LIVING FACILITY,168.0,,,-80.13701123,26.31875205
POMPANO BEACH,BROWARD,ASSISTED LIVING FACILITY,55.0,,,-80.13357277,26.22767644
FORT LAUDERDALE,BROWARD,ASSISTED LIVING FACILITY,12.0,,,-80.11232206,26.14451543
LAUDERHILL,BROWARD,ASSISTED LIVING FACILITY,5.0,,,-80.25952451,26.18358600
MIRAMAR,BROWARD,ASSISTED LIVING FACILITY,10.0,,,-80.21343358,25.98536409
FORT LAUDERDALE,BROWARD,ASSISTED LIVING FACILITY,180.0,,,-80.18218325,26.18849915
POMPANO BEACH,BROWARD,ASSISTED LIVING FACILITY,38.0,,,-80.12217356,26.23813552
OAKLAND PARK,BROWARD,ASSISTED LIVING FACILITY,100.0,,,-80.17402664,26.16324189
FORT LAUDERDALE,BROWARD,ASSISTED LIVING FACILITY,33.0,,,-80.16090656,26.15313387
POMPANO BEACH,BROWARD,ASSISTED LIVING FACILITY,33.0,,,-80.09220464,26.22844085
FORT LAUDERDALE,BROWARD,ASSISTED LIVING FACILITY,34.0,,,-80.12138232,26.19028467
HOLLYWOOD,BROWARD,ASSISTED LIVING FACILITY,57.0,,,-80.16199689,26.01810607
TAMARAC,BROWARD,ASSISTED LIVING FACILITY,103.0,,,-80.25191447,26.21668112
LAUDERHILL,BROWARD,ASSISTED LIVING FACILITY,12.0,,,-80.23056652,26.15167528
HOLLYWOOD,BROWARD,ASSISTED LIVING FACILITY,7.0,,,-80.19029069,26.02943952
DANIA BEACH,BROWARD,ASSISTED LIVING FACILITY,14.0,,,-80.18724011,26.06511734
COCONUT CREEK,BROWARD,ASSISTED LIVING FACILITY,104.0,,,-80.18145192,26.27463337
SUNRISE,BROWARD,ASSISTED LIVING FACILITY,110.0,,,-80.26866299,26.17143455
HOLLYWOOD,BROWARD,ASSISTED LIVING FACILITY,40.0,,,-80.14742895,26.03284990
HOLLYWOOD,BROWARD,ASSISTED LIVING FACILITY,19.0,,,-80.14614512,26.01769800
WESTON,BROWARD,ASSISTED LIVING FACILITY,8.0,,,-80.37869388,26.11318986
LAUDERHILL,BROWARD,ASSISTED LIVING FACILITY,24.0,,,-80.22996441,26.16070684
COOPER CITY,BROWARD,ASSISTED LIVING FACILITY,12.0,,,-80.27954349,26.04332533
LAUDERHILL,BROWARD,ASSISTED LIVING FACILITY,120.0,,,-80.22139514,26.17733176
TAMARAC,BROWARD,ASSISTED LIVING FACILITY,12.0,,,-80.25708426,26.19708162
HALLANDALE BEACH,BROWARD,ASSISTED LIVING FACILITY,6.0,,,-80.18369654,25.98979527
POMPANO BEACH,BROWARD,ASSISTED LIVING FACILITY,64.0,,,-80.13476102,26.22404637
HOLLYWOOD,BROWARD,END-STAGE RENAL DISEASE,0.0,,,-80.18000755,26.01891635
HOLLYWOOD,BROWARD,END-STAGE RENAL DISEASE,0.0,,,-80.35904968,25.98483840
HOLLYWOOD,BROWARD,END-STAGE RENAL DISEASE,0.0,,,-80.18783018,26.01086445
HOLLYWOOD,BROWARD,END-STAGE RENAL DISEASE,0.0,,,-80.16154292,26.03778292
HOLLYWOOD,BROWARD,END-STAGE RENAL DISEASE,0.0,,,-80.18381491,26.01054783
HOLLYWOOD,BROWARD,END-STAGE RENAL DISEASE,0.0,,,-80.16130919,26.01139144
PLANTATION,BROWARD,END-STAGE RENAL DISEASE,0.0,,,-80.19985256,26.12212565
PLANTATION,BROWARD,END-STAGE RENAL DISEASE,0.0,,,-80.28920425,26.13397521
PLANTATION,BROWARD,END-STAGE RENAL DISEASE,0.0,,,-80.24175269,26.12417004
PLANTATION,BROWARD,END-STAGE RENAL DISEASE,0.0,,,-80.27032002,26.14827682
POMPANO BEACH,BROWARD,END-STAGE RENAL DISEASE,0.0,,,-80.13514491,26.22549044
LAUDERHILL,BROWARD,END-STAGE RENAL DISEASE,0.0,,,-80.24528219,26.16622413
TAMARAC,BROWARD,END-STAGE RENAL DISEASE,0.0,,,-80.27056223,26.20968946
TAMARAC,BROWARD,END-STAGE RENAL DISEASE,0.0,,,-80.24746385,26.20772267
MARGATE,BROWARD,END-STAGE RENAL DISEASE,16.0,,,-80.19984755,26.25891253
COOPER CITY,BROWARD,CRISIS STABILIZATION UNIT,10.0,,,-80.28781100,26.04575100
FORT LAUDERDALE,BROWARD,CRISIS STABILIZATION UNIT,23.0,,,-80.17828418,26.15141866
PEMBROKE PINES,BROWARD,CRISIS STABILIZATION UNIT,28.0,,,-80.25311300,25.99753200
HALLANDALE,BROWARD,BIRTH CENTER,0.0,,,-80.16636200,25.98507800
DAVIE,BROWARD,END-STAGE RENAL DISEASE,0.0,,,-80.21106774,26.05691848
DAVIE,BROWARD,END-STAGE RENAL DISEASE,0.0,,,-80.24805002,26.03679135
DAVIE,BROWARD,END-STAGE RENAL DISEASE,0.0,,,-80.25236405,26.08311000
DAVIE,BROWARD,END-STAGE RENAL DISEASE,0.0,,,-80.30345295,26.11003979
FORT LAUDERDALE,BROWARD,END-STAGE RENAL DISEASE,0.0,,,-80.10755723,26.20501951
FORT LAUDERDALE,BROWARD,END-STAGE RENAL DISEASE,0.0,,,-80.14338320,26.10588705
FORT LAUDERDALE,BROWARD,END-STAGE RENAL DISEASE,0.0,,,-80.11737340,26.18796224
FORT LAUDERDALE,BROWARD,END-STAGE RENAL DISEASE,0.0,,,-80.11969743,26.14669998
CORAL SPRINGS,BROWARD,END-STAGE RENAL DISEASE,0.0,,,-80.22580091,26.27254007
CORAL SPRINGS,BROWARD,END-STAGE RENAL DISEASE,0.0,,,-80.24354356,26.24272238
OAKLAND PARK,BROWARD,END-STAGE RENAL DISEASE,0.0,,,-80.13536450,26.16701805
OAKLAND PARK,BROWARD,END-STAGE RENAL DISEASE,0.0,,,-80.13053682,26.18936795
DEERFIELD BEACH,BROWARD,END-STAGE RENAL DISEASE,0.0,,,-80.11278609,26.31535160
DEERFIELD BEACH,BROWARD,END-STAGE RENAL DISEASE,0.0,,,-80.13096530,26.31850314
DANIA BEACH,BROWARD,END-STAGE RENAL DISEASE,0.0,,,-80.13813618,26.05108838
PEMBROKE PINES,BROWARD,END-STAGE RENAL DISEASE,0.0,,,-80.38670126,26.00939826
PEMBROKE PINES,BROWARD,END-STAGE RENAL DISEASE,0.0,,,-80.30880924,25.99447828
PEMBROKE PINES,BROWARD,END-STAGE RENAL DISEASE,0.0,,,-80.24366153,26.01698158
PEMBROKE PINES,BROWARD,END-STAGE RENAL DISEASE,0.0,,,-80.31188200,26.01221600
PEMBROKE PINES,BROWARD,END-STAGE RENAL DISEASE,0.0,,,-80.27854892,26.00888669
COCONUT CREEK,BROWARD,AMBULATORY SURGICAL CENTER,0.0,,,-80.20222200,26.31427000
WESTON,BROWARD,AMBULATORY SURGICAL CENTER,30.0,,,-80.36731377,26.09208645
PEMBROKE PINES,BROWARD,AMBULATORY SURGICAL CENTER,55.0,,,-80.31118912,26.01137485
LAUDERDALE LAKES,BROWARD,AMBULATORY SURGICAL CENTER,22.0,,,-80.20421126,26.18225703
PLANTATION,BROWARD,AMBULATORY SURGICAL CENTER,,,,-80.25942494,26.12566288
POMPANO BEACH,BROWARD,AMBULATORY SURGICAL CENTER,10.0,,,-80.12375802,26.27560940
FORT LAUDERDALE,BROWARD,AMBULATORY SURGICAL CENTER,4.0,,,-80.11301812,26.13564470
SUNRISE,BROWARD,AMBULATORY SURGICAL CENTER,,,,-80.26824454,26.17088125
HOLLYWOOD,BROWARD,BIRTH CENTER,0.0,,,-80.15362100,26.01122300
COOPER CITY,BROWARD,AMBULATORY SURGICAL CENTER,14.0,,,-80.29388213,26.03030853
WESTON,BROWARD,AMBULATORY SURGICAL CENTER,0.0,,,-80.36783531,26.09156325
HALLANDALE,BROWARD,AMBULATORY SURGICAL CENTER,20.0,,,-80.14498136,25.98532059
WESTON,BROWARD,AMBULATORY SURGICAL CENTER,,,,-80.36535470,26.08224781
HOLLYWOOD,BROWARD,AMBULATORY SURGICAL CENTER,9.0,,,-80.17897364,26.03349211
POMPANO BEACH,BROWARD,AMBULATORY SURGICAL CENTER,7.0,,,-80.13921800,26.22947200
DAVIE,BROWARD,INTERMEDIATE CARE FACILITY,6.0,,,-80.25938936,26.05132907
LAUDERHILL,BROWARD,INTERMEDIATE CARE FACILITY,,,,-80.26309686,26.18920680
COOPER CITY,BROWARD,INTERMEDIATE CARE FACILITY,6.0,,,-80.28308900,26.05168378
FORT LAUDERDALE,BROWARD,INTERMEDIATE CARE FACILITY,0.0,,,-80.28632191,26.18847870
PEMBROKE PINES,BROWARD,INTERMEDIATE CARE FACILITY,24.0,,,-80.26033970,26.00262615
FORT LAUDERDALE,BROWARD,INTERMEDIATE CARE FACILITY,48.0,,,-80.20675754,26.10115966
SOUTHWEST RANCHES,BROWARD,INTERMEDIATE CARE FACILITY,8.0,,,-80.32845932,26.03083365
DAVIE,BROWARD,INTERMEDIATE CARE FACILITY,36.0,,,-80.24636128,26.08775246
POMPANO BEACH,BROWARD,INTERMEDIATE CARE FACILITY,24.0,,,-80.12132452,26.24115223
FORT LAUDERDALE,BROWARD,INTERMEDIATE CARE FACILITY,12.0,,,-80.13942176,26.12638904
FORT LAUDERDALE,BROWARD,RESIDENTIAL TREATMENT FACILITY,37.0,,,-80.41957500,26.05630300
COOPER CITY,BROWARD,END-STAGE RENAL DISEASE,0.0,,,-80.29388213,26.03030853
WESTON,BROWARD,END-STAGE RENAL DISEASE,0.0,,,-80.37316432,26.08595007
HALLANDALE BEACH,BROWARD,END-STAGE RENAL DISEASE,0.0,,,-80.14892332,25.97470383
MARGATE,BROWARD,END-STAGE RENAL DISEASE,0.0,,,-80.20098272,26.26109961
SUNRISE,BROWARD,RESIDENTIAL TREATMENT FACILITY,6.0,,,-80.23362100,26.13869300
LAUDERHILL,BROWARD,RESIDENTIAL TREATMENT FACILITY,16.0,,,-80.22852786,26.16073209
FORT LAUDERDALE,BROWARD,RESIDENTIAL TREATMENT FACILITY,14.0,,,-80.13862200,26.13999900
COCONUT CREEK,BROWARD,RESIDENTIAL TREATMENT FACILITY,40.0,,,-80.19036100,26.32626100
HOLLYWOOD,BROWARD,RESIDENTIAL TREATMENT FACILITY,22.0,,,-80.28796000,26.03178100
LAUDERHILL,BROWARD,RESIDENTIAL TREATMENT FACILITY,15.0,,,-80.22948690,26.16072753
FORT LAUDERDALE,BROWARD,RESIDENTIAL TREATMENT FACILITY,28.0,,,-80.12520100,26.13912400
FORT LAUDERDALE,BROWARD,RESIDENTIAL TREATMENT FACILITY,8.0,,,-80.36595100,26.05656200
FORT LAUDERDALE,BROWARD,RESIDENTIAL TREATMENT FACILITY,6.0,,,-80.15537300,26.15956000
FORT LAUDERDALE,BROWARD,RESIDENTIAL TREATMENT FACILITY,6.0,,,-80.18795100,26.11451100
POMPANO BEACH,BROWARD,RESIDENTIAL TREATMENT FACILITY,9.0,,,-80.12574100,26.21927100
HOLLYWOOD,BROWARD,RESIDENTIAL TREATMENT FACILITY,61.0,,,-80.20712200,26.02314800
FORT LAUDERDALE,BROWARD,RESIDENTIAL TREATMENT FACILITY,16.0,,,-80.13952100,26.14026200
PEMBROKE PINES,BROWARD,RESIDENTIAL TREATMENT FACILITY,56.0,,,-80.25333200,25.99741700
OAKLAND PARK,BROWARD,RESIDENTIAL TREATMENT FACILITY,16.0,,,-80.14460200,26.17692800
POMPANO BEACH,BROWARD,RESIDENTIAL TREATMENT FACILITY,20.0,,,-80.13506100,26.21683300
WESTON,BROWARD,ADULT FAMILY CARE HOME,5.0,,,-80.41535515,26.10729900
WESTON,BROWARD,ADULT FAMILY CARE HOME,5.0,,,-80.37869388,26.11318986
FORT LAUDERDALE,BROWARD,ADULT FAMILY CARE HOME,4.0,,,-80.19875497,26.11656329
FORT LAUDERDALE,BROWARD,ADULT FAMILY CARE HOME,4.0,,,-80.18432132,26.11610607
FORT LAUDERDALE,BROWARD,ADULT FAMILY CARE HOME,5.0,,,-80.19470995,26.12007466
FORT LAUDERDALE,BROWARD,ADULT FAMILY CARE HOME,5.0,,,-80.24895556,26.14426659
FORT LAUDERDALE,BROWARD,ADULT FAMILY CARE HOME,5.0,,,-80.22614777,26.13498604
FORT LAUDERDALE,BROWARD,ADULT FAMILY CARE HOME,5.0,,,-80.19750879,26.11789239
HOLLYWOOD,BROWARD,ADULT FAMILY CARE HOME,5.0,,,-80.19240527,26.00481169
HOLLYWOOD,BROWARD,ADULT FAMILY CARE HOME,5.0,,,-80.17807010,25.97576554
HOLLYWOOD,BROWARD,ADULT FAMILY CARE HOME,5.0,,,-80.20271431,26.01656002
HOLLYWOOD,BROWARD,ADULT FAMILY CARE HOME,5.0,,,-80.23455674,26.03749933
HOLLYWOOD,BROWARD,ADULT FAMILY CARE HOME,5.0,,,-80.19345581,26.00913654
HOLLYWOOD,BROWARD,ADULT FAMILY CARE HOME,5.0,,,-80.19658516,26.00525131
CORAL SPRINGS,BROWARD,ADULT FAMILY CARE HOME,60.0,,,-80.24418971,26.24161099
PEMBROKE PINES,BROWARD,ADULT FAMILY CARE HOME,150.0,,,-80.28276447,26.01089578
POMPANO BEACH,BROWARD,ADULT FAMILY CARE HOME,5.0,,,-80.12629157,26.24441945
COCONUT CREEK,BROWARD,ADULT FAMILY CARE HOME,4.0,,,-80.18259167,26.28244785
COCONUT CREEK,BROWARD,ADULT FAMILY CARE HOME,5.0,,,-80.18734630,26.29326711
COCONUT CREEK,BROWARD,ADULT FAMILY CARE HOME,5.0,,,-80.17656074,26.29861219
PEMBROKE PINES,BROWARD,ADULT FAMILY CARE HOME,,,,-80.30861082,25.99536550
SUNRISE,BROWARD,ADULT FAMILY CARE HOME,5.0,,,-80.30666886,26.16963279
SUNRISE,BROWARD,ADULT FAMILY CARE HOME,5.0,,,-80.24267377,26.15139331
SUNRISE,BROWARD,ADULT FAMILY CARE HOME,5.0,,,-80.24240698,26.15850749
MARGATE,BROWARD,ADULT FAMILY CARE HOME,50.0,,,-80.22396665,26.23400568
POMPANO BEACH,BROWARD,ADULT FAMILY CARE HOME,65.0,,,-80.16601053,26.23700746
HALLANDALE BEACH,BROWARD,ADULT FAMILY CARE HOME,48.0,,,-80.13060312,25.98481619
PLANTATION,BROWARD,ADULT FAMILY CARE HOME,4.0,,,-80.22859381,26.12942736
MARGATE,BROWARD,ADULT FAMILY CARE HOME,90.0,,,-80.20684929,26.24097924
WILTON MANORS,BROWARD,ADULT FAMILY CARE HOME,,,,-80.14114043,26.16621115
LAUDERDALE LAKES,BROWARD,ADULT FAMILY CARE HOME,30.0,,,-80.20693607,26.17057119
MIRAMAR,BROWARD,ADULT FAMILY CARE HOME,5.0,,,-80.39301550,25.95726591
MIRAMAR,BROWARD,ADULT FAMILY CARE HOME,5.0,,,-80.23256334,25.98833265
MIRAMAR,BROWARD,ADULT FAMILY CARE HOME,5.0,,,-80.23542674,25.97494378
FORT LAUDERDALE,BROWARD,ADULT FAMILY CARE HOME,65.0,,,-80.25852912,26.15147008
HOLLYWOOD,BROWARD,SKILLED NURSING FACILITY,151.0,,,-80.18015354,26.02115382
MIRAMAR,BROWARD,SKILLED NURSING FACILITY,120.0,,,-80.35844707,25.96850779
HOLLYWOOD,BROWARD,ADULT FAMILY CARE HOME,47.0,,,-80.16994069,26.02649841
POMPANO BEACH,BROWARD,ADULT FAMILY CARE HOME,52.0,,,-80.11177433,26.27263316
MIRAMAR,BROWARD,ADULT FAMILY CARE HOME,,,,-80.28613496,25.98334644
MIRAMAR,BROWARD,ADULT FAMILY CARE HOME,,,,-80.26646664,25.98148880
HALLANDALE BEACH,BROWARD,ADULT FAMILY CARE HOME,,,,-80.13563360,25.98534988
HALLANDALE BEACH,BROWARD,ADULT FAMILY CARE HOME,,,,-80.13123367,25.98484123
MARGATE,BROWARD,ADULT FAMILY CARE HOME,5.0,,,-80.20909310,26.22786999
LAUDERHILL,BROWARD,ADULT FAMILY CARE HOME,5.0,,,-80.26683609,26.18798675
FORT LAUDERDALE,BROWARD,SKILLED NURSING FACILITY,169.0,,,-80.11783474,26.18878593
PLANTATION,BROWARD,SKILLED NURSING FACILITY,60.0,,,-80.26861859,26.12176559
PLANTATION,BROWARD,SKILLED NURSING FACILITY,152.0,,,-80.20569183,26.12775492
DAVIE,BROWARD,ADULT FAMILY CARE HOME,112.0,,,-80.23711305,26.04652309
PEMBROKE PINES,BROWARD,ADULT FAMILY CARE HOME,5.0,,,-80.35861755,25.99360758
FORT LAUDERDALE,BROWARD,ADULT FAMILY CARE HOME,50.0,,,-80.17617921,26.10701759
COCONUT CREEK,BROWARD,ADULT FAMILY CARE HOME,50.0,,,-80.18931419,26.31678318
FORT LAUDERDALE,BROWARD,ADULT FAMILY CARE HOME,25.0,,,-80.17211105,26.15157989
PEMBROKE PINES,BROWARD,ADULT FAMILY CARE HOME,60.0,,,-80.24902433,26.01932026
DEERFIELD BEACH,BROWARD,ADULT FAMILY CARE HOME,85.0,,,-80.10555472,26.32128895
FORT LAUDERDALE,BROWARD,ADULT FAMILY CARE HOME,32.0,,,-80.15242177,26.10303852
MARGATE,BROWARD,ADULT FAMILY CARE HOME,,,,-80.20098542,26.26189073
WILTON MANORS,BROWARD,ADULT FAMILY CARE HOME,70.0,,,-80.12747456,26.16005006
SUNRISE,BROWARD,ADULT FAMILY CARE HOME,100.0,,,-80.28271797,26.18677226
WILTON MANORS,BROWARD,SKILLED NURSING FACILITY,206.0,,,-80.12446258,26.16047208
FORT LAUDERDALE,BROWARD,SKILLED NURSING FACILITY,59.0,,,-80.13444190,26.10173668
PEMBROKE PINES,BROWARD,SKILLED NURSING FACILITY,120.0,,,-80.26222407,26.00414888
PEMBROKE PINES,BROWARD,SKILLED NURSING FACILITY,120.0,,,-80.25402355,26.00424413
DEERFIELD BEACH,BROWARD,SKILLED NURSING FACILITY,65.0,,,-80.14458265,26.32105285
COCONUT CREEK,BROWARD,SKILLED NURSING FACILITY,120.0,,,-80.18014990,26.27476047
SUNRISE,BROWARD,SKILLED NURSING FACILITY,110.0,,,-80.26615605,26.17760521
TAMARAC,BROWARD,SKILLED NURSING FACILITY,151.0,,,-80.25708426,26.19708162
SUNRISE,BROWARD,SKILLED NURSING FACILITY,120.0,,,-80.28099233,26.17036054
POMPANO BEACH,BROWARD,SKILLED NURSING FACILITY,83.0,,,-80.09954269,26.23393735
POMPANO BEACH,BROWARD,SKILLED NURSING FACILITY,36.0,,,-80.10436932,26.22984729
POMPANO BEACH,BROWARD,SKILLED NURSING FACILITY,177.0,,,-80.13482167,26.22318740
MARGATE,BROWARD,SKILLED NURSING FACILITY,170.0,,,-80.20440921,26.26276464
PLANTATION,BROWARD,SKILLED NURSING FACILITY,120.0,,,-80.25102114,26.12124494
PLANTATION,BROWARD,SKILLED NURSING FACILITY,120.0,,,-80.24354729,26.14948056
POMPANO BEACH,BROWARD,SKILLED NURSING FACILITY,194.0,,,-80.11802103,26.27553473
SUNRISE,BROWARD,SKILLED NURSING FACILITY,324.0,,,-80.28321548,26.18454626
POMPANO BEACH,BROWARD,TRANSITIONAL LIVING FACILITY,5.0,,,-80.11178300,26.23734000
POMPANO BEACH,BROWARD,SKILLED NURSING FACILITY,60.0,,,-80.16003431,26.22824897
FORT LAUDERDALE,BROWARD,SKILLED NURSING FACILITY,116.0,,,-80.11736274,26.18956186
FORT LAUDERDALE,BROWARD,SKILLED NURSING FACILITY,198.0,,,-80.14240329,26.10506766
TAMARAC,BROWARD,SKILLED NURSING FACILITY,120.0,,,-80.27433553,26.21992995
DANIA BEACH,BROWARD,SKILLED NURSING FACILITY,88.0,,,-80.14988478,26.04328736
LAUDERHILL,BROWARD,SKILLED NURSING FACILITY,109.0,,,-80.22359725,26.15951077
CORAL SPRINGS,BROWARD,SKILLED NURSING FACILITY,35.0,,,-80.24040928,26.25822773
POMPANO BEACH,BROWARD,SKILLED NURSING FACILITY,127.0,,,-80.12391341,26.27628436
HOLLYWOOD,BROWARD,SKILLED NURSING FACILITY,67.0,,,-80.14192010,26.01646642
HOLLYWOOD,BROWARD,SKILLED NURSING FACILITY,240.0,,,-80.18608838,26.00255364
LAUDERHILL,BROWARD,SKILLED NURSING FACILITY,120.0,,,-80.22090891,26.17786763
LAUDERDALE LAKES,BROWARD,SKILLED NURSING FACILITY,160.0,,,-80.19337329,26.16458971
LAUDERDALE LAKES,BROWARD,SKILLED NURSING FACILITY,120.0,,,-80.21199300,26.16776262
WILTON MANORS,BROWARD,SKILLED NURSING FACILITY,118.0,,,-80.14703192,26.16046127
BLOUNTSTOWN,CALHOUN,SKILLED NURSING FACILITY,150.0,,,-85.05113300,30.45869200
BLOUNTSTOWN,CALHOUN,SKILLED NURSING FACILITY,96.0,,,-85.05726600,30.44135000
BLOUNTSTOWN,CALHOUN,RURAL HEALTH CLINIC,0.0,,,-85.04879400,30.45912400
BLOUNTSTOWN,CALHOUN,RURAL HEALTH CLINIC,0.0,,,-85.04919200,30.45768800
BLOUNTSTOWN,CALHOUN,RURAL HEALTH CLINIC,0.0,,,-85.05000100,30.45813800
PUNTA GORDA,CHARLOTTE,RESIDENTIAL TREATMENT FACILITY,0.0,,,-82.03283876,26.92379458
PORT CHARLOTTE,CHARLOTTE,HOSPICE,12.0,,,-82.11589908,27.01327674
PORT CHARLOTTE,CHARLOTTE,HOSPICE,7.0,,,-82.25529952,26.93324025
PORT CHARLOTTE,CHARLOTTE,AMBULATORY SURGICAL CENTER,0.0,,,-82.09830791,26.98736008
PORT CHARLOTTE,CHARLOTTE,AMBULATORY SURGICAL CENTER,0.0,,,-82.05826882,26.99334744
PORT CHARLOTTE,CHARLOTTE,AMBULATORY SURGICAL CENTER,0.0,,,-82.10063461,26.98404156
PORT CHARLOTTE,CHARLOTTE,AMBULATORY SURGICAL CENTER,0.0,,,-82.09951170,26.98794260
PORT CHARLOTTE,CHARLOTTE,AMBULATORY SURGICAL CENTER,0.0,,,-82.14414501,27.00664626
PORT CHARLOTTE,CHARLOTTE,END-STAGE RENAL DISEASE,0.0,,,-82.06928197,26.96257659
PORT CHARLOTTE,CHARLOTTE,END-STAGE RENAL DISEASE,0.0,,,-82.09903945,26.98293359
PUNTA GORDA,CHARLOTTE,END-STAGE RENAL DISEASE,0.0,,,-82.04675258,26.93547052
PUNTA GORDA,CHARLOTTE,CRISIS STABILIZATION UNIT,19.0,,,-82.03094392,26.92340593
PORT CHARLOTTE,CHARLOTTE,ASSISTED LIVING FACILITY,6.0,,,-82.09785968,27.01154926
PUNTA GORDA,CHARLOTTE,ASSISTED LIVING FACILITY,0.0,,,-82.03914787,27.00712655
PORT CHARLOTTE,CHARLOTTE,ASSISTED LIVING FACILITY,0.0,,,-82.06048896,27.01849966
PORT CHARLOTTE,CHARLOTTE,ASSISTED LIVING FACILITY,0.0,,,-82.10843185,26.99979333
PORT CHARLOTTE,CHARLOTTE,ASSISTED LIVING FACILITY,0.0,,,-82.08695886,27.01728020
PUNTA GORDA,CHARLOTTE,ASSISTED LIVING FACILITY,6.0,,,-82.01661648,27.01426192
ROTONDA WEST,CHARLOTTE,ASSISTED LIVING FACILITY,60.0,,,-82.30239507,26.88886599
PUNTA GORDA,CHARLOTTE,AMBULATORY SURGICAL CENTER,0.0,,,-82.04242188,26.93920660
PORT CHARLOTTE,CHARLOTTE,ASSISTED LIVING FACILITY,114.0,,,-82.14377420,27.00442912
PORT CHARLOTTE,CHARLOTTE,ASSISTED LIVING FACILITY,110.0,,,-82.11550016,27.02420498
PUNTA GORDA,CHARLOTTE,ASSISTED LIVING FACILITY,56.0,,,-82.05068110,26.91887733
PUNTA GORDA,CHARLOTTE,ASSISTED LIVING FACILITY,32.0,,,-82.00850721,27.01685668
PUNTA GORDA,CHARLOTTE,ASSISTED LIVING FACILITY,16.0,,,-82.01536263,27.01058835
PORT CHARLOTTE,CHARLOTTE,ASSISTED LIVING FACILITY,135.0,,,-82.07232074,26.97108835
PORT CHARLOTTE,CHARLOTTE,ASSISTED LIVING FACILITY,125.0,,,-82.09683071,26.98603099
PORT CHARLOTTE,CHARLOTTE,ASSISTED LIVING FACILITY,25.0,,,-82.04492297,26.97232019
PUNTA GORDA,CHARLOTTE,ASSISTED LIVING FACILITY,50.0,,,-82.04149157,27.01683204
PUNTA GORDA,CHARLOTTE,ASSISTED LIVING FACILITY,50.0,,,-82.01105738,27.00106459
PORT CHARLOTTE,CHARLOTTE,ASSISTED LIVING FACILITY,60.0,,,-82.14255352,27.00421747
PORT CHARLOTTE,CHARLOTTE,ASSISTED LIVING FACILITY,98.0,,,-82.07891582,26.96588712
PUNTA GORDA,CHARLOTTE,ASSISTED LIVING FACILITY,60.0,,,-82.07033431,26.92326919
PORT CHARLOTTE,CHARLOTTE,ASSISTED LIVING FACILITY,16.0,,,-82.04836665,26.96890137
PORT CHARLOTTE,CHARLOTTE,SKILLED NURSING FACILITY,120.0,,,-82.03060831,26.99997871
PORT CHARLOTTE,CHARLOTTE,SKILLED NURSING FACILITY,120.0,,,-82.09820814,27.02700007
PORT CHARLOTTE,CHARLOTTE,SKILLED NURSING FACILITY,120.0,,,-82.14114076,27.00442494
PORT CHARLOTTE,CHARLOTTE,SKILLED NURSING FACILITY,120.0,,,-82.07232074,26.97108835
PORT CHARLOTTE,CHARLOTTE,SKILLED NURSING FACILITY,104.0,,,-82.09557381,26.99297763
PORT CHARLOTTE,CHARLOTTE,SKILLED NURSING FACILITY,180.0,,,-82.06598978,26.97115041
PUNTA GORDA,CHARLOTTE,SKILLED NURSING FACILITY,180.0,,,-82.05583931,26.92686261
PUNTA GORDA,CHARLOTTE,ADULT FAMILY CARE HOME,5.0,,,-82.03301980,27.03140366
PUNTA GORDA,CHARLOTTE,ADULT FAMILY CARE HOME,5.0,,,-81.99718903,27.02251860
PUNTA GORDA,CHARLOTTE,ADULT FAMILY CARE HOME,2.0,,,-82.02548484,26.98922424
PUNTA GORDA,CHARLOTTE,ADULT FAMILY CARE HOME,2.0,,,-82.00240801,26.98370947
PORT CHARLOTTE,CHARLOTTE,ADULT FAMILY CARE HOME,5.0,,,-82.10843185,26.99979333
PORT CHARLOTTE,CHARLOTTE,ADULT FAMILY CARE HOME,5.0,,,-82.13418593,26.99931916
PORT CHARLOTTE,CHARLOTTE,ADULT FAMILY CARE HOME,5.0,,,-82.09298397,27.02399046
PORT CHARLOTTE,CHARLOTTE,ADULT FAMILY CARE HOME,5.0,,,-82.08049171,27.01620291
PORT CHARLOTTE,CHARLOTTE,ADULT FAMILY CARE HOME,5.0,,,-82.09859498,27.02475932
PORT CHARLOTTE,CHARLOTTE,ADULT FAMILY CARE HOME,5.0,,,-82.10771265,27.00923496
PORT CHARLOTTE,CHARLOTTE,ADULT FAMILY CARE HOME,5.0,,,-82.06792772,27.02791155
PORT CHARLOTTE,CHARLOTTE,ADULT FAMILY CARE HOME,5.0,,,-82.06046829,27.03064484
PORT CHARLOTTE,CHARLOTTE,ADULT FAMILY CARE HOME,0.0,,,-82.06505133,26.99152797
PORT CHARLOTTE,CHARLOTTE,ADULT FAMILY CARE HOME,0.0,,,-82.08597404,26.99071836
PORT CHARLOTTE,CHARLOTTE,ADULT FAMILY CARE HOME,0.0,,,-82.22336779,26.93742202
PORT CHARLOTTE,CHARLOTTE,ADULT FAMILY CARE HOME,0.0,,,-82.07253122,27.00988925
PORT CHARLOTTE,CHARLOTTE,ADULT FAMILY CARE HOME,0.0,,,-82.06901150,26.99414203
PORT CHARLOTTE,CHARLOTTE,ADULT FAMILY CARE HOME,4.0,,,-82.16187383,26.97381512
PORT CHARLOTTE,CHARLOTTE,ADULT FAMILY CARE HOME,4.0,,,-82.15730913,26.98653607
PORT CHARLOTTE,CHARLOTTE,ADULT FAMILY CARE HOME,4.0,,,-82.05788215,27.00983274
PORT CHARLOTTE,CHARLOTTE,ADULT FAMILY CARE HOME,4.0,,,-82.07347729,26.97997941
PORT CHARLOTTE,CHARLOTTE,ADULT FAMILY CARE HOME,4.0,,,-82.06939974,26.98088473
PORT CHARLOTTE,CHARLOTTE,ADULT FAMILY CARE HOME,4.0,,,-82.06466407,27.02429238
PORT CHARLOTTE,CHARLOTTE,ADULT FAMILY CARE HOME,4.0,,,-82.08745373,26.98649591
PORT CHARLOTTE,CHARLOTTE,ADULT FAMILY CARE HOME,2.0,,,-82.06892674,26.98576045
PORT CHARLOTTE,CHARLOTTE,ADULT FAMILY CARE HOME,3.0,,,-82.23091355,26.93580691
ENGLEWOOD,CHARLOTTE,SKILLED NURSING FACILITY,120.0,,,-82.32459159,26.94151622
PORT CHARLOTTE,CHARLOTTE,SKILLED NURSING FACILITY,164.0,,,-82.07867304,26.97043265
PUNTA GORDA,CHARLOTTE,ADULT FAMILY CARE HOME,0.0,,,-82.03802291,27.00648547
PUNTA GORDA,CHARLOTTE,PUBLIC HEALTH OFFICE,,,,,
ENGLEWOOD,CHARLOTTE,PUBLIC HEALTH OFFICE,,,,,
PORT CHARLOTTE,CHARLOTTE,PUBLIC HEALTH OFFICE,0.0,,,-82.05624366,27.01225264
LECANTO,CITRUS,ADULT FAMILY CARE HOME,5.0,,,-82.44463100,28.85596800
HOMOSASSA,CITRUS,ADULT FAMILY CARE HOME,5.0,,,-82.53076300,28.78475100
LECANTO,CITRUS,SKILLED NURSING FACILITY,120.0,,,-82.46690500,28.90217100
LECANTO,CITRUS,SKILLED NURSING FACILITY,120.0,,,-82.48981300,28.87188800
LECANTO,CITRUS,SKILLED NURSING FACILITY,120.0,,,-82.47907300,28.90477500
HERNANDO,CITRUS,SKILLED NURSING FACILITY,120.0,,,-82.43725200,28.89993300
INVERNESS,CITRUS,SKILLED NURSING FACILITY,116.0,,,-82.33689200,28.84641200
INVERNESS,CITRUS,SKILLED NURSING FACILITY,111.0,,,-82.33867100,28.83129300
CRYSTAL RIVER,CITRUS,SKILLED NURSING FACILITY,150.0,,,-82.57198300,28.89616100
INVERNESS,CITRUS,SKILLED NURSING FACILITY,104.0,,,-82.33528200,28.83155100
CRYSTAL RIVER,CITRUS,SKILLED NURSING FACILITY,120.0,,,-82.57964367,28.89037147
CRYSTAL RIVER,CITRUS,ASSISTED LIVING FACILITY,24.0,,,-82.58744300,28.89718400
CITRUS SPRINGS,CITRUS,ASSISTED LIVING FACILITY,3.0,,,-82.45613100,29.02743000
LECANTO,CITRUS,ASSISTED LIVING FACILITY,10.0,,,-82.52494100,28.88225400
LECANTO,CITRUS,ASSISTED LIVING FACILITY,10.0,,,-82.52386600,28.88083100
HOMOSASSA,CITRUS,ASSISTED LIVING FACILITY,60.0,,,-82.55268000,28.73182100
CRYSTAL RIVER,CITRUS,ASSISTED LIVING FACILITY,72.0,,,-82.59624700,28.89983800
CITRUS SPRINGS,CITRUS,ASSISTED LIVING FACILITY,5.0,,,-82.45613100,29.02743000
LECANTO,CITRUS,ASSISTED LIVING FACILITY,80.0,,,-82.51478100,28.87064100
CRYSTAL RIVER,CITRUS,ASSISTED LIVING FACILITY,12.0,,,-82.57861000,28.89589000
HOMOSASSA,CITRUS,ASSISTED LIVING FACILITY,104.0,,,-82.57788700,28.79616700
LECANTO,CITRUS,ASSISTED LIVING FACILITY,165.0,,,-82.46611200,28.90408300
LECANTO,CITRUS,ASSISTED LIVING FACILITY,5.0,,,-82.52511000,28.88209200
LECANTO,CITRUS,ASSISTED LIVING FACILITY,85.0,,,-82.48804800,28.86667000
LECANTO,CITRUS,ASSISTED LIVING FACILITY,100.0,,,-82.47263200,28.89258800
INVERNESS,CITRUS,ASSISTED LIVING FACILITY,48.0,,,-82.33867200,28.83134800
INVERNESS,CITRUS,ASSISTED LIVING FACILITY,24.0,,,-82.35297000,28.77935100
LECANTO,CITRUS,AMBULATORY SURGICAL CENTER,0.0,,,-82.48813700,28.86520900
LECANTO,CITRUS,AMBULATORY SURGICAL CENTER,0.0,,,-82.48541800,28.85194600
INVERNESS,CITRUS,ASSISTED LIVING FACILITY,68.0,,,-82.35285300,28.84121100
CRYSTAL RIVER,CITRUS,ASSISTED LIVING FACILITY,70.0,,,-82.61623200,28.95551700
LECANTO,CITRUS,ASSISTED LIVING FACILITY,9.0,,,-82.52319500,28.88085100
CITRUS SPRINGS,CITRUS,ASSISTED LIVING FACILITY,14.0,,,-82.45613100,29.02743000
INVERNESS,CITRUS,ASSISTED LIVING FACILITY,40.0,,,-82.33277300,28.83664000
INVERNESS,CITRUS,ASSISTED LIVING FACILITY,6.0,,,-82.31292500,28.82509400
INVERNESS,CITRUS,END-STAGE RENAL DISEASE,0.0,,,-82.34449100,28.84218400
INVERNESS,CITRUS,AMBULATORY SURGICAL CENTER,0.0,,,-82.37321400,28.84930800
CRYSTAL RIVER,CITRUS,AMBULATORY SURGICAL CENTER,0.0,,,-82.54114900,28.88187200
LECANTO,CITRUS,HOSPICE,8.0,,,-82.48270000,28.85222000
LECANTO,CITRUS,HOSPICE,16.0,,,-82.49156318,28.86508098
LECANTO,CITRUS,HOSPICE,10.0,,,-82.47301291,28.89287843
CRYSTAL RIVER,CITRUS,END-STAGE RENAL DISEASE,0.0,,,-82.55811400,28.89558700
BEVERLY HILLS,CITRUS,RURAL HEALTH CLINIC,0.0,,,-82.47403100,28.91325800
BEVERLY HILLS,CITRUS,RURAL HEALTH CLINIC,0.0,,,-82.43976609,28.95519661
BEVERLY HILLS,CITRUS,RURAL HEALTH CLINIC,0.0,,,-82.46833000,28.91917200
BEVERLY HILLS,CITRUS,RURAL HEALTH CLINIC,0.0,,,-82.46904100,28.91838100
CITRUS SPRINGS,CITRUS,RURAL HEALTH CLINIC,0.0,,,-82.45613100,29.02743000
CRYSTAL RIVER,CITRUS,RURAL HEALTH CLINIC,0.0,,,-82.53649800,28.87977500
CRYSTAL RIVER,CITRUS,RURAL HEALTH CLINIC,0.0,,,-82.56194400,28.89665700
CRYSTAL RIVER,CITRUS,RURAL HEALTH CLINIC,0.0,,,-82.59013400,28.89972300
CRYSTAL RIVER,CITRUS,RURAL HEALTH CLINIC,0.0,,,-82.59309100,28.90015300
LECANTO,CITRUS,RURAL HEALTH CLINIC,0.0,,,-82.46855100,28.89228300
HERNANDO,CITRUS,RURAL HEALTH CLINIC,0.0,,,-82.37552800,28.90165900
INVERNESS,CITRUS,RURAL HEALTH CLINIC,0.0,,,-82.37265600,28.84810500
INVERNESS,CITRUS,RURAL HEALTH CLINIC,0.0,,,-82.37905100,28.85054100
INVERNESS,CITRUS,RURAL HEALTH CLINIC,0.0,,,-82.33666800,28.83145900
INVERNESS,CITRUS,RURAL HEALTH CLINIC,0.0,,,-82.36124200,28.84240000
HOMOSASSA,CITRUS,RURAL HEALTH CLINIC,0.0,,,-82.55188610,28.74649046
ORANGE PARK ,CLAY,RURAL HEALTH CLINIC,0.0,,,-81.72829344,30.16410251
ORANGE PARK,CLAY,RURAL HEALTH CLINIC,0.0,,,-81.73912933,30.16637261
ORANGE PARK,CLAY,RURAL HEALTH CLINIC,0.0,,,-81.72942398,30.16453273
ORANGE PARK,CLAY,RURAL HEALTH CLINIC,0.0,,,-81.76915236,30.14152371
ORANGE PARK,CLAY,RURAL HEALTH CLINIC,0.0,,,-81.71356252,30.16460051
ORANGE PARK,CLAY,RURAL HEALTH CLINIC,0.0,,,-81.74182229,30.16424808
ORANGE PARK,CLAY,RURAL HEALTH CLINIC,0.0,,,-81.74056895,30.16583529
ORANGE PARK,CLAY,RURAL HEALTH CLINIC,0.0,,,-81.70179936,30.16402995
ORANGE PARK,CLAY,RURAL HEALTH CLINIC,0.0,,,-81.72755207,30.16394974
ORANGE PARK,CLAY,RURAL HEALTH CLINIC,0.0,,,-81.73653619,30.16714228
ORANGE PARK,CLAY,RURAL HEALTH CLINIC,0.0,,,-81.70879457,30.16593675
GREEN COVE SPRINGS,CLAY,RURAL HEALTH CLINIC,,,,,
FLEMING ISLAND,CLAY,RURAL HEALTH CLINIC,0.0,,,-81.70418952,30.10016616
PENNEY FARMS,CLAY,RURAL HEALTH CLINIC,0.0,,,-81.81004323,29.97699833
MIDDLEBURG,CLAY,END-STAGE RENAL DISEASE,0.0,,,-81.86330786,30.07222352
ORANGE PARK,CLAY,HOSPICE,18.0,,,-81.76157723,30.14479283
ORANGE PARK,CLAY,INTERMEDIATE CARE FACILITY,,,,,
GREEN COVE SPRINGS,CLAY,INTERMEDIATE CARE FACILITY,0.0,,,-81.81141328,29.97727941
FLEMING ISLAND,CLAY,INTERMEDIATE CARE FACILITY,,,,,
ORANGE PARK,CLAY,AMBULATORY SURGICAL CENTER,0.0,,,-81.74057797,30.16687134
ORANGE PARK,CLAY,AMBULATORY SURGICAL CENTER,0.0,,,-81.75056942,30.16244520
ORANGE PARK,CLAY,AMBULATORY SURGICAL CENTER,0.0,,,-81.72906453,30.16445707
ORANGE PARK,CLAY,END-STAGE RENAL DISEASE,0.0,,,-81.74155981,30.16749867
ORANGE PARK,CLAY,END-STAGE RENAL DISEASE,0.0,,,-81.75056942,30.16244520
ORANGE PARK,CLAY,END-STAGE RENAL DISEASE,0.0,,,-81.73922357,30.16405497
MIDDLEBURG,CLAY,ASSISTED LIVING FACILITY,8.0,,,-81.87831965,30.03071392
FLEMING ISLAND,CLAY,AMBULATORY SURGICAL CENTER,0.0,,,-81.70320998,30.10027633
ORANGE PARK,CLAY,ASSISTED LIVING FACILITY,5.0,,,-81.78697875,30.11526241
ORANGE PARK,CLAY,ASSISTED LIVING FACILITY,,,,,
ORANGE PARK,CLAY,ASSISTED LIVING FACILITY,102.0,,,-81.72064074,30.16420287
ORANGE PARK,CLAY,ASSISTED LIVING FACILITY,0.0,,,-81.77230110,30.14403849
ORANGE PARK,CLAY,ASSISTED LIVING FACILITY,0.0,,,-81.76637439,30.15008750
FLEMING ISLAND,CLAY,ASSISTED LIVING FACILITY,,,,,
ORANGE PARK,CLAY,ASSISTED LIVING FACILITY,8.0,,,-81.74089837,30.15329953
ORANGE PARK,CLAY,ASSISTED LIVING FACILITY,127.0,,,-81.70164699,30.13263081
MIDDLEBURG,CLAY,ASSISTED LIVING FACILITY,25.0,,,-81.79427026,30.10438721
KEYSTONE HEIGHTS,CLAY,ASSISTED LIVING FACILITY,40.0,,,-82.03863971,29.79264000
ORANGE PARK,CLAY,ASSISTED LIVING FACILITY,6.0,,,-81.79036639,30.11906365
ORANGE PARK,CLAY,ASSISTED LIVING FACILITY,6.0,,,-81.71803062,30.17845491
ORANGE PARK,CLAY,SKILLED NURSING FACILITY,180.0,,,-81.74113253,30.16522875
FLEMING ISLAND,CLAY,SKILLED NURSING FACILITY,0.0,,,-81.70897840,30.06743185
GREEN COVE SPRINGS,CLAY,SKILLED NURSING FACILITY,120.0,,,-81.68382715,29.98738183
ORANGE PARK,CLAY,SKILLED NURSING FACILITY,120.0,,,-81.71930245,30.16747245
ORANGE PARK,CLAY,SKILLED NURSING FACILITY,120.0,,,-81.70796503,30.18603744
ORANGE PARK,CLAY,SKILLED NURSING FACILITY,120.0,,,-81.71194739,30.16611234
ORANGE PARK,CLAY,SKILLED NURSING FACILITY,120.0,,,-81.71742647,30.18503561
ORANGE PARK,CLAY,TRANSITIONAL LIVING FACILITY,,,,,
ORANGE PARK,CLAY,SKILLED NURSING FACILITY,105.0,,,-81.73935888,30.16721923
PENNEY FARMS,CLAY,SKILLED NURSING FACILITY,40.0,,,-81.81004323,29.97699833
MIDDLEBURG,CLAY,ADULT FAMILY CARE HOME,5.0,,,-81.92258300,30.03080900
GREEN COVE SPRINGS,CLAY,PUBLIC HEALTH OFFICE,0.0,,,-81.69167262,29.98730947
ORANGE PARK,CLAY,ADULT FAMILY CARE HOME,,,,,
NAPLES,COLLIER,ADULT FAMILY CARE HOME,5.0,,,-81.56770340,26.31395772
NAPLES,COLLIER,ADULT FAMILY CARE HOME,4.0,,,-81.71123776,26.19642798
NAPLES,COLLIER,SKILLED NURSING FACILITY,113.0,,,-81.80041152,26.28815926
NAPLES,COLLIER,SKILLED NURSING FACILITY,100.0,,,-81.80558240,26.30695757
NAPLES,COLLIER,ADULT FAMILY CARE HOME,3.0,,,-81.53579219,26.34834979
NAPLES,COLLIER,SKILLED NURSING FACILITY,117.0,,,-81.71401690,26.10795530
NAPLES,COLLIER,SKILLED NURSING FACILITY,35.0,,,-81.81052616,26.21671915
NAPLES,COLLIER,SKILLED NURSING FACILITY,120.0,,,-81.79533467,26.18076313
NAPLES,COLLIER,SKILLED NURSING FACILITY,120.0,,,-81.75368373,26.11583975
NAPLES,COLLIER,SKILLED NURSING FACILITY,60.0,,,-81.78048827,26.27144745
NAPLES,COLLIER,SKILLED NURSING FACILITY,106.0,,,-81.79104341,26.20229983
NAPLES,COLLIER,SKILLED NURSING FACILITY,97.0,,,-81.79746038,26.15705494
NAPLES,COLLIER,SKILLED NURSING FACILITY,40.0,,,-81.76980326,26.23963162
NAPLES,COLLIER,ASSISTED LIVING FACILITY,36.0,,,-81.78048827,26.27144745
NAPLES,COLLIER,ASSISTED LIVING FACILITY,6.0,,,-81.60865791,26.29575569
NAPLES,COLLIER,ASSISTED LIVING FACILITY,6.0,,,-81.73113942,26.12366027
NAPLES,COLLIER,ASSISTED LIVING FACILITY,70.0,,,-81.79582801,26.28742372
NAPLES,COLLIER,ASSISTED LIVING FACILITY,56.0,,,-81.71385857,26.10743868
NAPLES,COLLIER,ASSISTED LIVING FACILITY,150.0,,,-81.78463622,26.27094865
NAPLES,COLLIER,ASSISTED LIVING FACILITY,150.0,,,-81.73713910,26.09673465
NAPLES,COLLIER,ASSISTED LIVING FACILITY,12.0,,,-81.71473479,26.10838048
BONITA SPRINGS,COLLIER,ASSISTED LIVING FACILITY,170.0,,,-81.81966995,26.32406731
MARCO ISLAND,COLLIER,ASSISTED LIVING FACILITY,10.0,,,-81.70089434,25.93071876
NAPLES,COLLIER,ASSISTED LIVING FACILITY,32.0,,,-81.82266325,26.30198792
NAPLES,COLLIER,ASSISTED LIVING FACILITY,54.0,,,-81.79085253,26.17784290
NAPLES,COLLIER,ASSISTED LIVING FACILITY,112.0,,,-81.78544755,26.15914118
NAPLES,COLLIER,ASSISTED LIVING FACILITY,14.0,,,-81.81297346,26.23844906
NAPLES,COLLIER,ASSISTED LIVING FACILITY,80.0,,,-81.79017809,26.20581242
NAPLES,COLLIER,ASSISTED LIVING FACILITY,93.0,,,-81.76980326,26.23963162
NAPLES,COLLIER,ASSISTED LIVING FACILITY,200.0,,,-81.72939235,26.13986842
NAPLES,COLLIER,AMBULATORY SURGICAL CENTER,0.0,,,-81.80167488,26.18860674
NAPLES,COLLIER,AMBULATORY SURGICAL CENTER,0.0,,,-81.79017758,26.15737177
NAPLES,COLLIER,AMBULATORY SURGICAL CENTER,0.0,,,-81.79001381,26.16123074
NAPLES,COLLIER,AMBULATORY SURGICAL CENTER,0.0,,,-81.80366994,26.20245788
NAPLES,COLLIER,AMBULATORY SURGICAL CENTER,0.0,,,-81.79661259,26.15128768
NAPLES,COLLIER,AMBULATORY SURGICAL CENTER,0.0,,,-81.79916140,26.20936089
NAPLES,COLLIER,AMBULATORY SURGICAL CENTER,0.0,,,-81.78694376,26.27383342
NAPLES,COLLIER,AMBULATORY SURGICAL CENTER,0.0,,,-81.80283060,26.27190748
NAPLES,COLLIER,AMBULATORY SURGICAL CENTER,0.0,,,-81.79909768,26.27295207
NAPLES,COLLIER,AMBULATORY SURGICAL CENTER,0.0,,,-81.80046249,26.17596422
NAPLES,COLLIER,AMBULATORY SURGICAL CENTER,0.0,,,-81.79077838,26.27391472
NAPLES,COLLIER,AMBULATORY SURGICAL CENTER,0.0,,,-81.78546769,26.27024489
NAPLES,COLLIER,AMBULATORY SURGICAL CENTER,0.0,,,-81.74870381,26.21275698
NAPLES,COLLIER,AMBULATORY SURGICAL CENTER,0.0,,,-81.79523402,26.14888200
NAPLES,COLLIER,AMBULATORY SURGICAL CENTER,0.0,,,-81.79727584,26.15962838
NAPLES,COLLIER,ASSISTED LIVING FACILITY,120.0,,,-81.75551567,26.26875745
NAPLES,COLLIER,ASSISTED LIVING FACILITY,125.0,,,-81.77152271,26.23112293
NAPLES,COLLIER,ASSISTED LIVING FACILITY,75.0,,,-81.77219679,26.27423394
NAPLES,COLLIER,ASSISTED LIVING FACILITY,135.0,,,-81.74469322,26.10495316
NAPLES,COLLIER,ASSISTED LIVING FACILITY,13.0,,,-81.81647965,26.26276410
NAPLES,COLLIER,ASSISTED LIVING FACILITY,132.0,,,-81.80541534,26.30469051
AVE MARIA,COLLIER,END-STAGE RENAL DISEASE,0.0,,,-81.43825823,26.32266004
NAPLES,COLLIER,END-STAGE RENAL DISEASE,0.0,,,-81.73089792,26.27456262
NAPLES,COLLIER,END-STAGE RENAL DISEASE,0.0,,,-81.70020636,26.06760071
NAPLES,COLLIER,END-STAGE RENAL DISEASE,0.0,,,-81.76842552,26.19206557
NAPLES,COLLIER,END-STAGE RENAL DISEASE,0.0,,,-81.75728437,26.11517548
NAPLES,COLLIER,END-STAGE RENAL DISEASE,0.0,,,-81.73409402,26.13762524
NAPLES,COLLIER,END-STAGE RENAL DISEASE,0.0,,,-81.80243778,26.27028606
NAPLES,COLLIER,CRISIS STABILIZATION UNIT,20.0,,,-81.72912311,26.17564610
NAPLES,COLLIER,BIRTH CENTER,0.0,,,-81.76504472,26.27188867
NAPLES,COLLIER,HOSPICE,20.0,,,-81.74411047,26.20776891
LAKE CITY,COLUMBIA,END-STAGE RENAL DISEASE,0.0,,,-82.64055000,30.17006500
LAKE CITY,COLUMBIA,HOSPICE,16.0,,,-82.72889212,30.19393702
LAKE CITY,COLUMBIA,RURAL HEALTH CLINIC,0.0,,,-82.64283000,30.16411900
LAKE CITY,COLUMBIA,RURAL HEALTH CLINIC,0.0,,,-82.65190100,30.18691200
LAKE CITY,COLUMBIA,RURAL HEALTH CLINIC,0.0,,,-82.64027900,30.16393968
LAKE CITY,COLUMBIA,RURAL HEALTH CLINIC,0.0,,,-82.64550300,30.15948800
LAKE CITY,COLUMBIA,RURAL HEALTH CLINIC,0.0,,,-82.64893934,30.18965584
LAKE CITY,COLUMBIA,RURAL HEALTH CLINIC,0.0,,,-82.67823400,30.17980300
LAKE CITY,COLUMBIA,CRISIS STABILIZATION UNIT,18.0,,,-82.64513200,30.15651800
LAKE CITY,COLUMBIA,ASSISTED LIVING FACILITY,64.0,,,-82.65681100,30.17677800
LAKE CITY,COLUMBIA,AMBULATORY SURGICAL CENTER,0.0,,,-82.69443900,30.18389300
LAKE CITY,COLUMBIA,AMBULATORY SURGICAL CENTER,0.0,,,-82.63975100,30.16824600
LAKE CITY,COLUMBIA,ASSISTED LIVING FACILITY,68.0,,,-82.63781300,30.16786500
LAKE CITY,COLUMBIA,ASSISTED LIVING FACILITY,10.0,,,-82.62478900,30.19894000
LAKE CITY,COLUMBIA,ASSISTED LIVING FACILITY,10.0,,,-82.65572300,30.17368800
LAKE CITY,COLUMBIA,ASSISTED LIVING FACILITY,149.0,,,-82.62159100,30.17867500
LAKE CITY,COLUMBIA,ASSISTED LIVING FACILITY,72.0,,,-82.69518800,30.18483000
LAKE CITY,COLUMBIA,ASSISTED LIVING FACILITY,6.0,,,-82.60765600,30.18560400
LAKE CITY,COLUMBIA,ASSISTED LIVING FACILITY,45.0,,,-82.63711700,30.19036100
LAKE CITY,COLUMBIA,SKILLED NURSING FACILITY,95.0,,,-82.64031300,30.17235600
LAKE CITY,COLUMBIA,SKILLED NURSING FACILITY,90.0,,,-82.62607900,30.18224200
LAKE CITY,COLUMBIA,SKILLED NURSING FACILITY,120.0,,,-82.64919800,30.18250400
LAKE CITY,COLUMBIA,ADULT FAMILY CARE HOME,5.0,,,-82.61621100,30.19185300
ARCADIA,DESOTO,ADULT FAMILY CARE HOME,0.0,,,-81.86003631,27.20822208
ARCADIA,DESOTO,PUBLIC HEALTH OFFICE,0.0,,,-81.87373275,27.21850590
ARCADIA,DESOTO,ADULT FAMILY CARE HOME,4.0,,,-81.84144335,27.21783910
ARCADIA,DESOTO,SKILLED NURSING FACILITY,41.0,,,-81.84951732,27.22870865
ARCADIA,DESOTO,ASSISTED LIVING FACILITY,0.0,,,-81.86642597,27.21333916
ARCADIA,DESOTO,ASSISTED LIVING FACILITY,0.0,,,-81.87183167,27.21265737
ARCADIA,DESOTO,ASSISTED LIVING FACILITY,10.0,,,-81.88551774,27.15375664
ARCADIA,DESOTO,ASSISTED LIVING FACILITY,10.0,,,-81.87052351,27.14794718
ARCADIA,DESOTO,ASSISTED LIVING FACILITY,24.0,,,-81.86009352,27.20118686
ARCADIA,DESOTO,ASSISTED LIVING FACILITY,65.0,,,-81.84795822,27.22409002
ARCADIA,DESOTO,END-STAGE RENAL DISEASE,0.0,,,-81.84393543,27.21124145
ARCADIA,DESOTO,RURAL HEALTH CLINIC,0.0,,,-81.85100445,27.22637044
ARCADIA,DESOTO,HOSPICE,8.0,,,-81.86015833,27.22593611
CROSS CITY,DIXIE,RURAL HEALTH CLINIC,0.0,,,-83.12315200,29.63774600
CROSS CITY,DIXIE,ASSISTED LIVING FACILITY,25.0,,,-83.11830400,29.62401700
CROSS CITY,DIXIE,SKILLED NURSING FACILITY,60.0,,,-83.12326300,29.64134000
JACKSONVILLE,DUVAL,SKILLED NURSING FACILITY,0.0,,,-81.67751614,30.43967850
JACKSONVILLE,DUVAL,SKILLED NURSING FACILITY,0.0,,,-81.57250999,30.31479300
JACKSONVILLE,DUVAL,SKILLED NURSING FACILITY,120.0,,,-81.74233700,30.24216900
JACKSONVILLE,DUVAL,SKILLED NURSING FACILITY,120.0,,,-81.61722000,30.20741700
JACKSONVILLE,DUVAL,SKILLED NURSING FACILITY,120.0,,,-81.58769300,30.25278400
JACKSONVILLE,DUVAL,SKILLED NURSING FACILITY,120.0,,,-81.78138300,30.29066100
JACKSONVILLE,DUVAL,SKILLED NURSING FACILITY,120.0,,,-81.60843700,30.26648800
JACKSONVILLE,DUVAL,SKILLED NURSING FACILITY,120.0,,,-81.68517300,30.37099100
JACKSONVILLE,DUVAL,SKILLED NURSING FACILITY,120.0,,,-81.45475400,30.25506200
JACKSONVILLE,DUVAL,SKILLED NURSING FACILITY,120.0,,,-81.65243600,30.32983700
JACKSONVILLE,DUVAL,SKILLED NURSING FACILITY,120.0,,,-81.79089800,30.28975800
JACKSONVILLE,DUVAL,SKILLED NURSING FACILITY,120.0,,,-81.62178000,30.25733900
JACKSONVILLE,DUVAL,SKILLED NURSING FACILITY,120.0,,,-81.55279800,30.24632500
JACKSONVILLE,DUVAL,SKILLED NURSING FACILITY,120.0,,,-81.58770400,30.46753900
JACKSONVILLE,DUVAL,SKILLED NURSING FACILITY,120.0,,,-81.59978600,30.24916500
JACKSONVILLE,DUVAL,SKILLED NURSING FACILITY,24.0,,,-81.62104900,30.28594000
JACKSONVILLE,DUVAL,SKILLED NURSING FACILITY,240.0,,,-81.68743200,30.30872100
JACKSONVILLE,DUVAL,SKILLED NURSING FACILITY,240.0,,,-81.59100300,30.27388700
JACKSONVILLE,DUVAL,SKILLED NURSING FACILITY,180.0,,,-81.60684000,30.18161600
JACKSONVILLE,DUVAL,SKILLED NURSING FACILITY,180.0,,,-81.74555900,30.28057100
JACKSONVILLE,DUVAL,SKILLED NURSING FACILITY,180.0,,,-81.65733600,30.44473500
JACKSONVILLE,DUVAL,SKILLED NURSING FACILITY,180.0,,,-81.60110600,30.16572400
JACKSONVILLE,DUVAL,ADULT FAMILY CARE HOME,5.0,,,-81.72505900,30.41137400
JACKSONVILLE,DUVAL,ADULT FAMILY CARE HOME,5.0,,,-81.71556400,30.24136900
JACKSONVILLE,DUVAL,ADULT FAMILY CARE HOME,5.0,,,-81.70504100,30.41387300
JACKSONVILLE,DUVAL,ADULT FAMILY CARE HOME,5.0,,,-81.71493300,30.38488600
JACKSONVILLE,DUVAL,ADULT FAMILY CARE HOME,5.0,,,-81.71603400,30.34162000
JACKSONVILLE,DUVAL,ADULT FAMILY CARE HOME,5.0,,,-81.47499200,30.33636700
JACKSONVILLE,DUVAL,ADULT FAMILY CARE HOME,5.0,,,-81.72790200,30.33190800
JACKSONVILLE,DUVAL,ADULT FAMILY CARE HOME,5.0,,,-81.68422400,30.45051000
JACKSONVILLE,DUVAL,ADULT FAMILY CARE HOME,5.0,,,-81.68556300,30.34424000
JACKSONVILLE,DUVAL,ADULT FAMILY CARE HOME,5.0,,,-81.69072100,30.40646500
JACKSONVILLE,DUVAL,ADULT FAMILY CARE HOME,5.0,,,-81.78886200,30.29383400
JACKSONVILLE,DUVAL,ADULT FAMILY CARE HOME,5.0,,,-81.72179600,30.41225800
JACKSONVILLE,DUVAL,ADULT FAMILY CARE HOME,5.0,,,-81.53645700,30.35213300
JACKSONVILLE,DUVAL,ADULT FAMILY CARE HOME,5.0,,,-81.57579100,30.35779300
JACKSONVILLE,DUVAL,ADULT FAMILY CARE HOME,5.0,,,-81.66449700,30.39371400
JACKSONVILLE,DUVAL,ADULT FAMILY CARE HOME,5.0,,,-81.68956800,30.40227600
JACKSONVILLE,DUVAL,ADULT FAMILY CARE HOME,5.0,,,-81.59331700,30.47413400
JACKSONVILLE,DUVAL,ADULT FAMILY CARE HOME,5.0,,,-81.57724500,30.30059700
JACKSONVILLE,DUVAL,ADULT FAMILY CARE HOME,5.0,,,-81.52192300,30.31784800
JACKSONVILLE,DUVAL,ADULT FAMILY CARE HOME,5.0,,,-81.69063400,30.35407800
JACKSONVILLE,DUVAL,ADULT FAMILY CARE HOME,5.0,,,-81.56575100,30.47765300
JACKSONVILLE,DUVAL,ADULT FAMILY CARE HOME,2.0,,,-81.58334700,30.34166500
JACKSONVILLE,DUVAL,ADULT FAMILY CARE HOME,3.0,,,-81.72976200,30.31379800
JACKSONVILLE,DUVAL,ADULT FAMILY CARE HOME,4.0,,,-81.70934500,30.44238500
JACKSONVILLE,DUVAL,ADULT FAMILY CARE HOME,4.0,,,-81.78239300,30.26339000
JACKSONVILLE,DUVAL,SKILLED NURSING FACILITY,122.0,,,-81.67879900,30.44360700
JACKSONVILLE,DUVAL,SKILLED NURSING FACILITY,116.0,,,-81.58527500,30.25693700
JACKSONVILLE,DUVAL,SKILLED NURSING FACILITY,104.0,,,-81.68148000,30.31821400
JACKSONVILLE,DUVAL,SKILLED NURSING FACILITY,100.0,,,-81.57741300,30.32160800
JACKSONVILLE,DUVAL,SKILLED NURSING FACILITY,84.0,,,-81.54215100,30.33103300
JACKSONVILLE,DUVAL,SKILLED NURSING FACILITY,117.0,,,-81.60240300,30.28792300
JACKSONVILLE,DUVAL,SKILLED NURSING FACILITY,163.0,,,-81.71460100,30.43844300
JACKSONVILLE,DUVAL,SKILLED NURSING FACILITY,60.0,,,-81.68859600,30.38555600
JACKSONVILLE BEACH,DUVAL,SKILLED NURSING FACILITY,165.0,,,-81.40137200,30.27090300
ATLANTIC BEACH,DUVAL,SKILLED NURSING FACILITY,80.0,,,-81.40272900,30.33162000
JACKSONVILLE,DUVAL,ASSISTED LIVING FACILITY,102.0,,,-81.55279800,30.24632500
JACKSONVILLE,DUVAL,ASSISTED LIVING FACILITY,102.0,,,-81.58189000,30.25698600
JACKSONVILLE,DUVAL,ASSISTED LIVING FACILITY,6.0,,,-81.62041000,30.18253300
JACKSONVILLE,DUVAL,ASSISTED LIVING FACILITY,6.0,,,-81.72822300,30.40761700
JACKSONVILLE,DUVAL,ASSISTED LIVING FACILITY,6.0,,,-81.63611100,30.36053300
JACKSONVILLE,DUVAL,ASSISTED LIVING FACILITY,6.0,,,-81.70133100,30.26650200
JACKSONVILLE,DUVAL,ASSISTED LIVING FACILITY,6.0,,,-81.58441200,30.32478500
JACKSONVILLE,DUVAL,ASSISTED LIVING FACILITY,6.0,,,-81.70796200,30.42758800
JACKSONVILLE,DUVAL,ASSISTED LIVING FACILITY,6.0,,,-81.57222200,30.35359800
JACKSONVILLE,DUVAL,ASSISTED LIVING FACILITY,6.0,,,-81.65932100,30.36700600
JACKSONVILLE,DUVAL,ASSISTED LIVING FACILITY,6.0,,,-81.57942700,30.33165500
JACKSONVILLE,DUVAL,ASSISTED LIVING FACILITY,6.0,,,-81.68957200,30.34542700
JACKSONVILLE,DUVAL,ASSISTED LIVING FACILITY,6.0,,,-81.68595300,30.38957100
JACKSONVILLE,DUVAL,ASSISTED LIVING FACILITY,6.0,,,-81.71559800,30.37733700
JACKSONVILLE,DUVAL,ASSISTED LIVING FACILITY,6.0,,,-81.78157200,30.24356800
JACKSONVILLE,DUVAL,ASSISTED LIVING FACILITY,6.0,,,-81.71211500,30.36554600
JACKSONVILLE,DUVAL,ASSISTED LIVING FACILITY,6.0,,,-81.73841400,30.25172000
JACKSONVILLE,DUVAL,ASSISTED LIVING FACILITY,6.0,,,-81.76697200,30.27694800
JACKSONVILLE,DUVAL,ASSISTED LIVING FACILITY,6.0,,,-81.67923200,30.41050800
JACKSONVILLE,DUVAL,ASSISTED LIVING FACILITY,6.0,,,-81.73313300,30.33417900
JACKSONVILLE,DUVAL,ASSISTED LIVING FACILITY,6.0,,,-81.62534900,30.23902300
JACKSONVILLE,DUVAL,ASSISTED LIVING FACILITY,6.0,,,-81.59914100,30.33782400
JACKSONVILLE,DUVAL,ASSISTED LIVING FACILITY,6.0,,,-81.72074800,30.40040200
JACKSONVILLE,DUVAL,ASSISTED LIVING FACILITY,6.0,,,-81.65809200,30.14294100
JACKSONVILLE,DUVAL,ASSISTED LIVING FACILITY,6.0,,,-81.73425000,30.38583100
JACKSONVILLE,DUVAL,ASSISTED LIVING FACILITY,6.0,,,-81.84081400,30.23978900
JACKSONVILLE,DUVAL,ASSISTED LIVING FACILITY,6.0,,,-81.74173300,30.30039000
JACKSONVILLE,DUVAL,ASSISTED LIVING FACILITY,6.0,,,-81.78130000,30.29989300
JACKSONVILLE,DUVAL,ASSISTED LIVING FACILITY,6.0,,,-81.70568100,30.35479400
JACKSONVILLE,DUVAL,ASSISTED LIVING FACILITY,6.0,,,-81.67603400,30.35912000
JACKSONVILLE,DUVAL,ASSISTED LIVING FACILITY,6.0,,,-81.63534900,30.32772800
JACKSONVILLE,DUVAL,ASSISTED LIVING FACILITY,6.0,,,-81.79595300,30.29435000
JACKSONVILLE,DUVAL,ASSISTED LIVING FACILITY,6.0,,,-81.70656100,30.29825200
JACKSONVILLE,DUVAL,ASSISTED LIVING FACILITY,6.0,,,-81.64781600,30.30476700
JACKSONVILLE,DUVAL,ASSISTED LIVING FACILITY,51.0,,,-81.61256000,30.29950500
JACKSONVILLE,DUVAL,ASSISTED LIVING FACILITY,11.0,,,-81.67566500,30.38347000
JACKSONVILLE,DUVAL,ASSISTED LIVING FACILITY,100.0,,,-81.43762100,30.28446500
JACKSONVILLE,DUVAL,ASSISTED LIVING FACILITY,100.0,,,-81.59263100,30.32718400
JACKSONVILLE BEACH,DUVAL,ASSISTED LIVING FACILITY,110.0,,,-81.40369800,30.25411400
JACKSONVILLE,DUVAL,ASSISTED LIVING FACILITY,5.0,,,-81.78911300,30.27313500
JACKSONVILLE,DUVAL,ASSISTED LIVING FACILITY,5.0,,,-81.72017100,30.34019300
JACKSONVILLE,DUVAL,ASSISTED LIVING FACILITY,5.0,,,-81.70136000,30.33839200
JACKSONVILLE,DUVAL,ASSISTED LIVING FACILITY,5.0,,,-81.60534800,30.18437400
JACKSONVILLE,DUVAL,ASSISTED LIVING FACILITY,5.0,,,-81.70963300,30.31892100
JACKSONVILLE,DUVAL,ASSISTED LIVING FACILITY,5.0,,,-81.59808400,30.20937800
JACKSONVILLE,DUVAL,ASSISTED LIVING FACILITY,5.0,,,-81.75091300,30.24999000
JACKSONVILLE,DUVAL,ASSISTED LIVING FACILITY,5.0,,,-81.58441200,30.32478500
JACKSONVILLE,DUVAL,ASSISTED LIVING FACILITY,5.0,,,-81.65522900,30.38603800
JACKSONVILLE,DUVAL,ASSISTED LIVING FACILITY,14.0,,,-81.72616300,30.27850000
JACKSONVILLE,DUVAL,ASSISTED LIVING FACILITY,14.0,,,-81.58332400,30.20211000
JACKSONVILLE,DUVAL,ASSISTED LIVING FACILITY,14.0,,,-81.65638200,30.35841300
JACKSONVILLE,DUVAL,ASSISTED LIVING FACILITY,14.0,,,-81.63795700,30.33404500
JACKSONVILLE,DUVAL,ASSISTED LIVING FACILITY,14.0,,,-81.64036900,30.29646700
JACKSONVILLE,DUVAL,ASSISTED LIVING FACILITY,10.0,,,-81.69352300,30.40738600
JACKSONVILLE,DUVAL,ASSISTED LIVING FACILITY,10.0,,,-81.68120000,30.34809300
JACKSONVILLE,DUVAL,ASSISTED LIVING FACILITY,10.0,,,-81.56890300,30.33536000
JACKSONVILLE,DUVAL,ASSISTED LIVING FACILITY,46.0,,,-81.68194600,30.31369400
JACKSONVILLE,DUVAL,ASSISTED LIVING FACILITY,4.0,,,-81.66648600,30.36763600
JACKSONVILLE,DUVAL,ASSISTED LIVING FACILITY,4.0,,,-81.70184100,30.32380800
JACKSONVILLE,DUVAL,ASSISTED LIVING FACILITY,,,,-81.56108933,30.23726651
JACKSONVILLE,DUVAL,ASSISTED LIVING FACILITY,,,,-81.54927965,30.19738488
JACKSONVILLE,DUVAL,ASSISTED LIVING FACILITY,,,,-81.74259125,30.40029892
JACKSONVILLE,DUVAL,ASSISTED LIVING FACILITY,,,,-81.64013473,30.35214875
JACKSONVILLE,DUVAL,ASSISTED LIVING FACILITY,,,,-81.40496327,30.29473018
JACKSONVILLE,DUVAL,ASSISTED LIVING FACILITY,,,,-81.65667177,30.34334068
JACKSONVILLE,DUVAL,ASSISTED LIVING FACILITY,,,,-81.76290511,30.26530374
JACKSONVILLE,DUVAL,ASSISTED LIVING FACILITY,,,,-81.60603812,30.32181048
JACKSONVILLE,DUVAL,ASSISTED LIVING FACILITY,,,,-81.70978659,30.30186938
JACKSONVILLE,DUVAL,ASSISTED LIVING FACILITY,60.0,,,-81.71896100,30.29011800
JACKSONVILLE,DUVAL,ASSISTED LIVING FACILITY,60.0,,,-81.55939100,30.23714100
JACKSONVILLE,DUVAL,ASSISTED LIVING FACILITY,60.0,,,-81.60533300,30.17831300
JACKSONVILLE,DUVAL,ASSISTED LIVING FACILITY,55.0,,,-81.45475400,30.25506200
ATLANTIC BEACH,DUVAL,ASSISTED LIVING FACILITY,,,,-81.41363413,30.35368424
JACKSONVILLE,DUVAL,ASSISTED LIVING FACILITY,24.0,,,-81.76217100,30.27924300
JACKSONVILLE,DUVAL,ASSISTED LIVING FACILITY,38.0,,,-81.55048100,30.35945900
JACKSONVILLE,DUVAL,ASSISTED LIVING FACILITY,38.0,,,-81.61130600,30.19437200
JACKSONVILLE,DUVAL,ASSISTED LIVING FACILITY,90.0,,,-81.62104900,30.28594000
JACKSONVILLE,DUVAL,ASSISTED LIVING FACILITY,26.0,,,-81.59408100,30.33352300
ATLANTIC BEACH,DUVAL,ASSISTED LIVING FACILITY,14.0,,,-81.42079100,30.32541300
JACKSONVILLE,DUVAL,ASSISTED LIVING FACILITY,94.0,,,-81.58466200,30.24877300
JACKSONVILLE,DUVAL,ASSISTED LIVING FACILITY,115.0,,,-81.54215100,30.33103300
JACKSONVILLE,DUVAL,ASSISTED LIVING FACILITY,288.0,,,-81.60730000,30.18275800
ATLANTIC BEACH,DUVAL,ASSISTED LIVING FACILITY,76.0,,,-81.40272900,30.33162000
JACKSONVILLE,DUVAL,ASSISTED LIVING FACILITY,44.0,,,-81.63292600,30.34535000
JACKSONVILLE,DUVAL,ASSISTED LIVING FACILITY,93.0,,,-81.71761200,30.38837400
JACKSONVILLE,DUVAL,ASSISTED LIVING FACILITY,16.0,,,-81.67593000,30.35802100
JACKSONVILLE,DUVAL,ASSISTED LIVING FACILITY,57.0,,,-81.70932700,30.31070500
OAK HILL,DUVAL,RURAL HEALTH CLINIC,0.0,,,-81.75117800,30.24575100
JACKSONVILLE,DUVAL,RESIDENTIAL TREATMENT FACILITY,12.0,,,-81.59120100,30.27217600
JACKSONVILLE,DUVAL,RESIDENTIAL TREATMENT FACILITY,39.0,,,-81.57843000,30.26030000
JACKSONVILLE,DUVAL,RESIDENTIAL TREATMENT FACILITY,8.0,,,-81.57767100,30.28970200
JACKSONVILLE,DUVAL,HOSPICE,16.0,,,-81.44764763,30.25678801
JACKSONVILLE,DUVAL,HOSPICE,16.0,,,-81.74015752,30.31394737
JACKSONVILLE,DUVAL,HOSPICE,38.0,,,-81.60539607,30.20508068
JACKSONVILLE,DUVAL,END-STAGE RENAL DISEASE,0.0,,,-81.60378700,30.32899700
JACKSONVILLE,DUVAL,END-STAGE RENAL DISEASE,0.0,,,-81.65621700,30.33147400
JACKSONVILLE,DUVAL,END-STAGE RENAL DISEASE,0.0,,,-81.52586400,30.28930100
JACKSONVILLE,DUVAL,END-STAGE RENAL DISEASE,0.0,,,-81.66584500,30.33434800
JACKSONVILLE,DUVAL,END-STAGE RENAL DISEASE,0.0,,,-81.68218300,30.31734700
JACKSONVILLE,DUVAL,END-STAGE RENAL DISEASE,0.0,,,-81.60255000,30.28564700
JACKSONVILLE,DUVAL,END-STAGE RENAL DISEASE,0.0,,,-81.63082200,30.47277000
JACKSONVILLE,DUVAL,END-STAGE RENAL DISEASE,0.0,,,-81.58841200,30.25384200
JACKSONVILLE,DUVAL,END-STAGE RENAL DISEASE,0.0,,,-81.66430500,30.34681900
JACKSONVILLE,DUVAL,END-STAGE RENAL DISEASE,0.0,,,-81.68457600,30.38627500
JACKSONVILLE,DUVAL,END-STAGE RENAL DISEASE,0.0,,,-81.65182357,30.31102401
JACKSONVILLE,DUVAL,END-STAGE RENAL DISEASE,0.0,,,-81.55039200,30.32627800
JACKSONVILLE,DUVAL,END-STAGE RENAL DISEASE,0.0,,,-81.77602400,30.29499900
JACKSONVILLE,DUVAL,END-STAGE RENAL DISEASE,0.0,,,-81.66904100,30.33208300
JACKSONVILLE,DUVAL,END-STAGE RENAL DISEASE,0.0,,,-81.60640300,30.26463300
JACKSONVILLE,DUVAL,END-STAGE RENAL DISEASE,0.0,,,-81.52045900,30.14178300
JACKSONVILLE,DUVAL,END-STAGE RENAL DISEASE,0.0,,,-81.39082400,30.27237100
JACKSONVILLE,DUVAL,END-STAGE RENAL DISEASE,0.0,,,-81.58398400,30.25379100
JACKSONVILLE,DUVAL,END-STAGE RENAL DISEASE,0.0,,,-81.64717900,30.30779600
JACKSONVILLE,DUVAL,END-STAGE RENAL DISEASE,0.0,,,-81.66500845,30.37190478
JACKSONVILLE,DUVAL,END-STAGE RENAL DISEASE,0.0,,,-81.69429300,30.42856600
JACKSONVILLE,DUVAL,CRISIS STABILIZATION UNIT,30.0,,,-81.72731114,30.35648359
JACKSONVILLE,DUVAL,CRISIS STABILIZATION UNIT,16.0,,,-81.50864658,30.28631056
JACKSONVILLE,DUVAL,BIRTH CENTER,0.0,,,-81.68265200,30.31801100
JACKSONVILLE,DUVAL,BIRTH CENTER,0.0,,,-81.39002590,30.27212437
JACKSONVILLE,DUVAL,BIRTH CENTER,0.0,,,-81.57746900,30.28996600
JACKSONVILLE,DUVAL,AMBULATORY SURGICAL CENTER,0.0,,,-81.60048700,30.28358500
JACKSONVILLE,DUVAL,AMBULATORY SURGICAL CENTER,0.0,,,-81.58470000,30.24890500
JACKSONVILLE,DUVAL,AMBULATORY SURGICAL CENTER,0.0,,,-81.58488700,30.25421700
JACKSONVILLE,DUVAL,AMBULATORY SURGICAL CENTER,0.0,,,-81.60220300,30.28908600
JACKSONVILLE,DUVAL,AMBULATORY SURGICAL CENTER,0.0,,,-81.43762300,30.26421100
JACKSONVILLE,DUVAL,AMBULATORY SURGICAL CENTER,0.0,,,-81.69451500,30.31015700
JACKSONVILLE,DUVAL,AMBULATORY SURGICAL CENTER,0.0,,,-81.70239800,30.22573700
JACKSONVILLE,DUVAL,AMBULATORY SURGICAL CENTER,0.0,,,-81.59533300,30.24226900
JACKSONVILLE,DUVAL,AMBULATORY SURGICAL CENTER,0.0,,,-81.68216200,30.31653500
JACKSONVILLE,DUVAL,AMBULATORY SURGICAL CENTER,0.0,,,-81.57804290,30.24970780
JACKSONVILLE,DUVAL,AMBULATORY SURGICAL CENTER,0.0,,,-81.54295497,30.24877744
JACKSONVILLE,DUVAL,AMBULATORY SURGICAL CENTER,0.0,,,-81.58140000,30.24828500
JACKSONVILLE,DUVAL,AMBULATORY SURGICAL CENTER,0.0,,,-81.58443700,30.25657700
JACKSONVILLE,DUVAL,AMBULATORY SURGICAL CENTER,0.0,,,-81.54374900,30.23845200
JACKSONVILLE,DUVAL,AMBULATORY SURGICAL CENTER,0.0,,,-81.68995700,30.31069400
JACKSONVILLE,DUVAL,AMBULATORY SURGICAL CENTER,,,,-81.61779775,30.29138211
JACKSONVILLE BEACH,DUVAL,AMBULATORY SURGICAL CENTER,0.0,,,-81.38789500,30.26329600
JACKSONVILLE,DUVAL,ASSISTED LIVING FACILITY,29.0,,,-81.65733300,30.34393400
JACKSONVILLE,DUVAL,ASSISTED LIVING FACILITY,3.0,,,-81.58956300,30.32380800
JACKSONVILLE,DUVAL,ASSISTED LIVING FACILITY,105.0,,,-81.62177000,30.25695600
JACKSONVILLE,DUVAL,ASSISTED LIVING FACILITY,170.0,,,-81.60632000,30.18046800
JACKSONVILLE,DUVAL,ASSISTED LIVING FACILITY,67.0,,,-81.44312300,30.26589800
JACKSONVILLE,DUVAL,ASSISTED LIVING FACILITY,17.0,,,-81.62609400,30.25217900
JACKSONVILLE,DUVAL,ASSISTED LIVING FACILITY,40.0,,,-81.69040100,30.31244900
JACKSONVILLE,DUVAL,ASSISTED LIVING FACILITY,7.0,,,-81.58441200,30.32478500
JACKSONVILLE,DUVAL,BLOOD BANK,0.0,,,-81.54379226,30.24061479
JACKSONVILLE,DUVAL,ASSISTED LIVING FACILITY,30.0,,,-81.75173200,30.28203900
JACKSONVILLE,DUVAL,ASSISTED LIVING FACILITY,62.0,,,-81.55015900,30.19808800
JACKSONVILLE,DUVAL,ASSISTED LIVING FACILITY,0.0,,,-81.72093100,30.35084784
PENSACOLA,ESCAMBIA,ASSISTED LIVING FACILITY,105.0,,,-87.22274000,30.48356800
PENSACOLA,ESCAMBIA,ASSISTED LIVING FACILITY,6.0,,,-87.22976200,30.41516300
PENSACOLA,ESCAMBIA,ASSISTED LIVING FACILITY,180.0,,,-87.31004449,30.51413321
PENSACOLA,ESCAMBIA,ASSISTED LIVING FACILITY,10.0,,,-87.26768100,30.42992200
PENSACOLA,ESCAMBIA,ASSISTED LIVING FACILITY,82.0,,,-87.20725721,30.53949798
PENSACOLA,ESCAMBIA,AMBULATORY SURGICAL CENTER,,,,-87.21885336,30.53400307
PENSACOLA,ESCAMBIA,AMBULATORY SURGICAL CENTER,,,,-87.22325484,30.47571035
PENSACOLA,ESCAMBIA,AMBULATORY SURGICAL CENTER,0.0,,,-87.22228600,30.47448300
PENSACOLA,ESCAMBIA,AMBULATORY SURGICAL CENTER,0.0,,,-87.22409900,30.46456800
PENSACOLA,ESCAMBIA,AMBULATORY SURGICAL CENTER,0.0,,,-87.22350300,30.46531200
PENSACOLA,ESCAMBIA,AMBULATORY SURGICAL CENTER,0.0,,,-87.21037700,30.48183500
PENSACOLA,ESCAMBIA,AMBULATORY SURGICAL CENTER,0.0,,,-87.22114900,30.53232600
PENSACOLA,ESCAMBIA,AMBULATORY SURGICAL CENTER,0.0,,,-87.22499200,30.47158000
PENSACOLA,ESCAMBIA,AMBULATORY SURGICAL CENTER,0.0,,,-87.21724100,30.51491800
PENSACOLA,ESCAMBIA,AMBULATORY SURGICAL CENTER,0.0,,,-87.22445200,30.46739000
PENSACOLA,ESCAMBIA,ASSISTED LIVING FACILITY,60.0,,,-87.22077200,30.52243000
PENSACOLA,ESCAMBIA,ASSISTED LIVING FACILITY,60.0,,,-87.30626000,30.48859700
PENSACOLA,ESCAMBIA,ASSISTED LIVING FACILITY,72.0,,,-87.21168200,30.51961800
PENSACOLA,ESCAMBIA,ASSISTED LIVING FACILITY,14.0,,,-87.26847100,30.43666000
PENSACOLA,ESCAMBIA,ASSISTED LIVING FACILITY,14.0,,,-87.21610200,30.49513300
CANTONMENT,ESCAMBIA,ASSISTED LIVING FACILITY,44.0,,,-87.30456200,30.53503300
PENSACOLA,ESCAMBIA,ASSISTED LIVING FACILITY,100.0,,,-87.16846800,30.50529300
PENSACOLA,ESCAMBIA,ASSISTED LIVING FACILITY,100.0,,,-87.16859400,30.50528200
CENTURY,ESCAMBIA,AMBULATORY SURGICAL CENTER,,,,-87.27468942,30.97281934
PENSACOLA,ESCAMBIA,END-STAGE RENAL DISEASE,,,,-87.22071873,30.49682159
PENSACOLA,ESCAMBIA,END-STAGE RENAL DISEASE,,,,-87.32359274,30.43133696
PENSACOLA,ESCAMBIA,END-STAGE RENAL DISEASE,,,,-87.23476864,30.42855804
PENSACOLA,ESCAMBIA,CRISIS STABILIZATION UNIT,30.0,,,-87.23475209,30.43112870
PENSACOLA,ESCAMBIA,END-STAGE RENAL DISEASE,0.0,,,-87.22953300,30.43007300
PENSACOLA,ESCAMBIA,END-STAGE RENAL DISEASE,0.0,,,-87.21147800,30.47469600
PENSACOLA,ESCAMBIA,END-STAGE RENAL DISEASE,0.0,,,-87.20850600,30.42279700
PENSACOLA,ESCAMBIA,END-STAGE RENAL DISEASE,0.0,,,-87.21777500,30.51418900
PENSACOLA,ESCAMBIA,END-STAGE RENAL DISEASE,0.0,,,-87.31722900,30.42184200
PENSACOLA,ESCAMBIA,END-STAGE RENAL DISEASE,0.0,,,-87.31740000,30.41699000
PENSACOLA,ESCAMBIA,END-STAGE RENAL DISEASE,0.0,,,-87.20038400,30.47545600
PENSACOLA,ESCAMBIA,END-STAGE RENAL DISEASE,0.0,,,-87.24282100,30.53273800
CENTURY,ESCAMBIA,END-STAGE RENAL DISEASE,0.0,,,-87.27508135,30.97072512
PENSACOLA,ESCAMBIA,HOSPICE,18.0,,,-87.21580472,30.53935373
PENSACOLA,ESCAMBIA,INTERMEDIATE CARE FACILITY,,,,-87.25812398,30.47929166
PENSACOLA,ESCAMBIA,INTERMEDIATE CARE FACILITY,,,,-87.25857041,30.52990567
PENSACOLA,ESCAMBIA,INTERMEDIATE CARE FACILITY,,,,-87.21573026,30.54064982
PENSACOLA,ESCAMBIA,INTERMEDIATE CARE FACILITY,,,,-87.24295398,30.53363550
CENTURY,ESCAMBIA,INTERMEDIATE CARE FACILITY,,,,-87.25788429,30.96976803
CENTURY,ESCAMBIA,INTERMEDIATE CARE FACILITY,,,,-87.25811529,30.97000218
CANTONMENT,ESCAMBIA,INTERMEDIATE CARE FACILITY,,,,-87.32585927,30.62079533
PENSACOLA,ESCAMBIA,RESIDENTIAL TREATMENT FACILITY,26.0,,,-87.23453244,30.43251185
PENSACOLA,ESCAMBIA,RESIDENTIAL TREATMENT FACILITY,16.0,,,-87.20157600,30.43581800
PENSACOLA,ESCAMBIA,RESIDENTIAL TREATMENT FACILITY,16.0,,,-87.23551911,30.43315402
PENSACOLA,ESCAMBIA,RESIDENTIAL TREATMENT FACILITY,12.0,,,-87.23265000,30.43300000
PENSACOLA,ESCAMBIA,RESIDENTIAL TREATMENT FACILITY,15.0,,,-87.23554232,30.43355100
PENSACOLA,ESCAMBIA,RURAL HEALTH CLINIC,0.0,,,-87.31241700,30.53426000
CENTURY,ESCAMBIA,RURAL HEALTH CLINIC,0.0,,,-87.25734100,30.98258200
PENSACOLA,ESCAMBIA,ASSISTED LIVING FACILITY,54.0,,,-87.20712997,30.53743103
PENSACOLA,ESCAMBIA,ASSISTED LIVING FACILITY,,,,-87.21418627,30.41642908
PENSACOLA,ESCAMBIA,ASSISTED LIVING FACILITY,,,,-87.19578708,30.50962119
PENSACOLA,ESCAMBIA,ASSISTED LIVING FACILITY,,,,-87.24328912,30.52589242
CANTONMENT,ESCAMBIA,ASSISTED LIVING FACILITY,14.0,,,-87.28634200,30.54808300
PENSACOLA,ESCAMBIA,ASSISTED LIVING FACILITY,65.0,,,-87.20669300,30.50776200
PENSACOLA,ESCAMBIA,ASSISTED LIVING FACILITY,64.0,,,-87.28418000,30.44235200
WALNUT HILL,ESCAMBIA,ASSISTED LIVING FACILITY,25.0,,,-87.51725114,30.78490048
PENSACOLA,ESCAMBIA,ASSISTED LIVING FACILITY,15.0,,,-87.31308300,30.42396300
PENSACOLA,ESCAMBIA,ASSISTED LIVING FACILITY,85.0,,,-87.22585200,30.51066800
PENSACOLA,ESCAMBIA,ASSISTED LIVING FACILITY,69.0,,,-87.30824787,30.42489791
PENSACOLA,ESCAMBIA,ASSISTED LIVING FACILITY,98.0,,,-87.22134300,30.52763200
PENSACOLA,ESCAMBIA,SKILLED NURSING FACILITY,120.0,,,-87.30617000,30.48961900
PENSACOLA,ESCAMBIA,SKILLED NURSING FACILITY,120.0,,,-87.21862700,30.54042800
PENSACOLA,ESCAMBIA,SKILLED NURSING FACILITY,120.0,,,-87.19822100,30.50988300
PENSACOLA,ESCAMBIA,SKILLED NURSING FACILITY,120.0,,,-87.25178000,30.47256500
PENSACOLA,ESCAMBIA,SKILLED NURSING FACILITY,120.0,,,-87.16782300,30.48229600
PENSACOLA,ESCAMBIA,SKILLED NURSING FACILITY,120.0,,,-87.20111100,30.46677700
CENTURY,ESCAMBIA,SKILLED NURSING FACILITY,88.0,,,-87.27308292,30.97130685
PENSACOLA,ESCAMBIA,SKILLED NURSING FACILITY,170.0,,,-87.21364700,30.53946500
PENSACOLA,ESCAMBIA,SKILLED NURSING FACILITY,118.0,,,-87.23936200,30.43105300
PENSACOLA,ESCAMBIA,SKILLED NURSING FACILITY,180.0,,,-87.22083400,30.51754200
PENSACOLA,ESCAMBIA,ADULT FAMILY CARE HOME,4.0,,,-87.20944000,30.44929700
PENSACOLA,ESCAMBIA,ADULT FAMILY CARE HOME,4.0,,,-87.28501700,30.51134800
PENSACOLA,ESCAMBIA,ADULT FAMILY CARE HOME,5.0,,,-87.26328100,30.45321000
PENSACOLA,ESCAMBIA,ADULT FAMILY CARE HOME,5.0,,,-87.24721200,30.52392300
PENSACOLA,ESCAMBIA,ADULT FAMILY CARE HOME,5.0,,,-87.30919200,30.44190300
PENSACOLA,ESCAMBIA,ADULT FAMILY CARE HOME,5.0,,,-87.26583000,30.45409100
PENSACOLA,ESCAMBIA,ADULT FAMILY CARE HOME,,,,-87.18696549,30.50175629
PENSACOLA,ESCAMBIA,SKILLED NURSING FACILITY,155.0,,,-87.23177300,30.44331100
PENSACOLA,ESCAMBIA,SKILLED NURSING FACILITY,210.0,,,-87.22440700,30.41401800
PALM COAST,FLAGLER,ADULT FAMILY CARE HOME,5.0,,,-81.23875100,29.52319200
PALM COAST,FLAGLER,ADULT FAMILY CARE HOME,5.0,,,-81.23000800,29.54926300
PALM COAST,FLAGLER,ADULT FAMILY CARE HOME,5.0,,,-81.26321200,29.53968200
PALM COAST ,FLAGLER,ADULT FAMILY CARE HOME,,,,,
PALM COAST,FLAGLER,ADULT FAMILY CARE HOME,,,,,
PALM COAST,FLAGLER,ADULT FAMILY CARE HOME,6.0,,,-81.24401300,29.58439100
BUNNELL,FLAGLER,PUBLIC HEALTH OFFICE,,,,,
BUNNELL,FLAGLER,SKILLED NURSING FACILITY,120.0,,,-81.25742900,29.46603400
PALM COAST,FLAGLER,SKILLED NURSING FACILITY,120.0,,,-81.19632200,29.55722600
PALM COAST,FLAGLER,ASSISTED LIVING FACILITY,6.0,,,-81.21755500,29.50712500
PALM COAST,FLAGLER,ASSISTED LIVING FACILITY,6.0,,,-81.22342800,29.57016600
PALM COAST,FLAGLER,ASSISTED LIVING FACILITY,6.0,,,-81.23000800,29.54926300
PALM COAST,FLAGLER,ASSISTED LIVING FACILITY,6.0,,,-81.21946700,29.42862500
PALM COAST,FLAGLER,ASSISTED LIVING FACILITY,6.0,,,-81.20381200,29.55377600
PALM COAST,FLAGLER,ASSISTED LIVING FACILITY,6.0,,,-81.21815100,29.53411200
PALM COAST,FLAGLER,ASSISTED LIVING FACILITY,6.0,,,-81.24234400,29.51053300
PALM COAST,FLAGLER,ASSISTED LIVING FACILITY,6.0,,,-81.26108800,29.50803800
PALM COAST,FLAGLER,ASSISTED LIVING FACILITY,6.0,,,-81.22622000,29.51354900
PALM COAST,FLAGLER,ASSISTED LIVING FACILITY,6.0,,,-81.25572100,29.55590400
PALM COAST,FLAGLER,ASSISTED LIVING FACILITY,6.0,,,-81.23010100,29.47930300
PALM COAST,FLAGLER,ASSISTED LIVING FACILITY,6.0,,,-81.25628000,29.51928200
PALM COAST,FLAGLER,ASSISTED LIVING FACILITY,6.0,,,-81.22829100,29.53302400
PALM COAST,FLAGLER,ASSISTED LIVING FACILITY,6.0,,,-81.21263800,29.51742500
PALM COAST,FLAGLER,ASSISTED LIVING FACILITY,6.0,,,-81.21960300,29.53806800
PALM COAST,FLAGLER,ASSISTED LIVING FACILITY,6.0,,,-81.21223054,29.53030632
PALM COAST,FLAGLER,ASSISTED LIVING FACILITY,6.0,,,-81.22216900,29.54561300
PALM COAST,FLAGLER,ASSISTED LIVING FACILITY,6.0,,,-81.24667800,29.57835800
PALM COAST,FLAGLER,ASSISTED LIVING FACILITY,6.0,,,-81.21821900,29.44979600
PALM COAST,FLAGLER,ASSISTED LIVING FACILITY,,,,,
PALM COAST,FLAGLER,ASSISTED LIVING FACILITY,,,,-81.21991851,29.53806055
PALM COAST,FLAGLER,ASSISTED LIVING FACILITY,,,,-81.24219850,29.55265988
PALM COAST,FLAGLER,ASSISTED LIVING FACILITY,,,,-81.23097534,29.59839028
PALM COAST ,FLAGLER,ASSISTED LIVING FACILITY,,,,,
PALM COAST ,FLAGLER,ASSISTED LIVING FACILITY,,,,-81.21263473,29.53974251
PALM COAST,FLAGLER,ASSISTED LIVING FACILITY,94.0,,,-81.19261500,29.48203300
PALM COAST,FLAGLER,ASSISTED LIVING FACILITY,60.0,,,-81.20451900,29.56674400
PALM COAST,FLAGLER,ASSISTED LIVING FACILITY,80.0,,,-81.21812500,29.44079800
FLAGLER BEACH,FLAGLER,ASSISTED LIVING FACILITY,,,,,
PALM COAST,FLAGLER,ASSISTED LIVING FACILITY,5.0,,,-81.26048100,29.54399700
PALM COAST,FLAGLER,ASSISTED LIVING FACILITY,5.0,,,-81.25067800,29.56374300
PALM COAST,FLAGLER,RURAL HEALTH CLINIC,0.0,,,-81.24612900,29.55146200
BUNNELL,FLAGLER,INTERMEDIATE CARE FACILITY,,,,,
PALM COAST,FLAGLER,HOSPICE,8.0,,,-81.18932693,29.47842487
PALM COAST,FLAGLER,END-STAGE RENAL DISEASE,0.0,,,-81.24216200,29.55128700
PALM COAST,FLAGLER,END-STAGE RENAL DISEASE,0.0,,,-81.21357400,29.55137400
PALM COAST,FLAGLER,ASSISTED LIVING FACILITY,8.0,,,-81.22136400,29.49132600
APALACHICOLA,FRANKLIN,RURAL HEALTH CLINIC,0.0,,,-84.98573360,29.72715359
CARRABELLE,FRANKLIN,RURAL HEALTH CLINIC,0.0,,,-84.65951734,29.85259478
CARRABELLE,FRANKLIN,ASSISTED LIVING FACILITY,30.0,,,-84.66693002,29.85633624
CARRABELLE,FRANKLIN,ASSISTED LIVING FACILITY,90.0,,,-84.56760594,29.90400600
APALACHICOLA,FRANKLIN,PUBLIC HEALTH OFFICE,0.0,,,-84.99330098,29.72441281
CARABELLE,FRANKLIN,PUBLIC HEALTH OFFICE,0.0,,,-84.65955933,29.85218532
HAVANA,GADSDEN,ADULT FAMILY CARE HOME,5.0,,,-84.38949100,30.60562300
QUINCY,GADSDEN,SKILLED NURSING FACILITY,120.0,,,-84.55422800,30.56817400
HAVANA,GADSDEN,ASSISTED LIVING FACILITY,3.0,,,-84.40999400,30.61864200
HAVANA,GADSDEN,ASSISTED LIVING FACILITY,24.0,,,-84.38654400,30.66539100
HAVANA,GADSDEN,ASSISTED LIVING FACILITY,24.0,,,-84.36830100,30.67482300
QUINCY,GADSDEN,RESIDENTIAL TREATMENT FACILITY,16.0,,,-84.54952700,30.56780200
QUINCY,GADSDEN,RURAL HEALTH CLINIC,0.0,,,-84.54968000,30.56809800
QUINCY,GADSDEN,END-STAGE RENAL DISEASE,0.0,,,-84.55589700,30.56681500
QUINCY,GADSDEN,ASSISTED LIVING FACILITY,44.0,,,-84.55301900,30.56908400
TRENTON,GILCHRIST,END-STAGE RENAL DISEASE,0.0,,,-82.82070786,29.61378356
TRENTON,GILCHRIST,SKILLED NURSING FACILITY,81.0,,,-82.92494882,29.60608948
TRENTON,GILCHRIST,SKILLED NURSING FACILITY,120.0,,,-82.81012598,29.61757294
TRENTON,GILCHRIST,PUBLIC HEALTH OFFICE,0.0,,,-82.81757706,29.61385414
MOORE HAVEN,GLADES,PUBLIC HEALTH OFFICE,,,,-81.12429745,26.84021744
PORT SAINT JOE,GULF,SKILLED NURSING FACILITY,120.0,,,-85.29947885,29.80733852
PORT SAINT JOE,GULF,END-STAGE RENAL DISEASE,0.0,,,-85.28626585,29.77744551
PORT SAINT JOE,GULF,RURAL HEALTH CLINIC,0.0,,,-85.30395245,29.81175303
PORT SAINT JOE,GULF,ASSISTED LIVING FACILITY,32.0,,,-85.37416300,29.91743000
JASPER,HAMILTON,RURAL HEALTH CLINIC,0.0,,,-82.95686400,30.52210700
JENNINGS,HAMILTON,ASSISTED LIVING FACILITY,12.0,,,-83.10080200,30.60229000
JENNINGS,HAMILTON,ASSISTED LIVING FACILITY,15.0,,,-83.07517300,30.57695600
JASPER,HAMILTON,SKILLED NURSING FACILITY,60.0,,,-82.95959957,30.52185440
WHITE SPRINGS,HAMILTON,ADULT FAMILY CARE HOME,5.0,,,-82.78208700,30.36200600
WAUCHULA,HARDEE,TRANSITIONAL LIVING FACILITY,4.0,,,-81.81282700,27.54473800
WAUCHULA,HARDEE,TRANSITIONAL LIVING FACILITY,127.0,,,-81.91147626,27.52465220
WAUCHULA,HARDEE,TRANSITIONAL LIVING FACILITY,12.0,,,-81.81764200,27.53509100
WAUCHULA,HARDEE,SKILLED NURSING FACILITY,79.0,,,-81.81426806,27.53442533
WAUCHULA,HARDEE,SKILLED NURSING FACILITY,25.0,,,-81.91147626,27.52465220
WAUCHULA,HARDEE,ASSISTED LIVING FACILITY,6.0,,,-81.83070200,27.55092800
WAUCHULA,HARDEE,ASSISTED LIVING FACILITY,6.0,,,-81.87150300,27.50385000
WAUCHULA,HARDEE,ASSISTED LIVING FACILITY,8.0,,,-81.90011000,27.48342000
WAUCHULA,HARDEE,ASSISTED LIVING FACILITY,8.0,,,-81.81761200,27.55349100
WAUCHULA,HARDEE,RURAL HEALTH CLINIC,0.0,,,-81.80930600,27.53085400
WAUCHULA,HARDEE,RURAL HEALTH CLINIC,0.0,,,-81.81596100,27.53642400
WAUCHULA,HARDEE,RURAL HEALTH CLINIC,0.0,,,-81.81345800,27.54724200
ZOLFO SPRINGS,HARDEE,ASSISTED LIVING FACILITY,38.0,,,-81.67844300,27.55301000
WAUCHULA,HARDEE,ASSISTED LIVING FACILITY,60.0,,,-81.80743200,27.52742800
LABELLE,HENDRY,RURAL HEALTH CLINIC,0.0,,,-81.43827200,26.75509900
LABELLE,HENDRY,RURAL HEALTH CLINIC,0.0,,,-81.43810200,26.75125900
CLEWISTON,HENDRY,RURAL HEALTH CLINIC,0.0,,,-80.94125100,26.75320300
CLEWISTON,HENDRY,END-STAGE RENAL DISEASE,0.0,,,-80.94536000,26.75237100
LABELLE,HENDRY,ASSISTED LIVING FACILITY,30.0,,,-81.43476100,26.75943100
LABELLE,HENDRY,SKILLED NURSING FACILITY,93.0,,,-81.43428400,26.75906300
CLEWISTON,HENDRY,SKILLED NURSING FACILITY,155.0,,,-80.94228200,26.75169000
LABELLE,HENDRY,PUBLIC HEALTH OFFICE,0.0,,,-81.42895564,26.74450063
SPRING HILL,HERNANDO,ADULT FAMILY CARE HOME,4.0,,,-82.58765200,28.45331200
SPRING HILL,HERNANDO,ADULT FAMILY CARE HOME,4.0,,,-82.51019100,28.44166400
SPRING HILL,HERNANDO,ADULT FAMILY CARE HOME,4.0,,,-82.56585700,28.45617300
SPRING HILL,HERNANDO,ADULT FAMILY CARE HOME,5.0,,,-82.55204300,28.46654000
SPRING HILL,HERNANDO,ADULT FAMILY CARE HOME,5.0,,,-82.52389200,28.44652400
SPRING HILL,HERNANDO,ADULT FAMILY CARE HOME,5.0,,,-82.53927500,28.49067900
SPRING HILL,HERNANDO,ADULT FAMILY CARE HOME,5.0,,,-82.54522500,28.49931700
SPRING HILL,HERNANDO,ADULT FAMILY CARE HOME,5.0,,,-82.54822500,28.45952400
SPRING HILL,HERNANDO,ADULT FAMILY CARE HOME,5.0,,,-82.53275700,28.50244600
SPRING HILL,HERNANDO,ADULT FAMILY CARE HOME,5.0,,,-82.59642800,28.45076300
BROOKSVILLE,HERNANDO,ADULT FAMILY CARE HOME,4.0,,,-82.55256000,28.53773300
SPRING HILL,HERNANDO,SKILLED NURSING FACILITY,120.0,,,-82.52004300,28.53025500
BROOKSVILLE,HERNANDO,SKILLED NURSING FACILITY,120.0,,,-82.39366446,28.55048997
BROOKSVILLE,HERNANDO,SKILLED NURSING FACILITY,120.0,,,-82.37712100,28.57717100
BROOKSVILLE,HERNANDO,SKILLED NURSING FACILITY,120.0,,,-82.52491100,28.53337300
BROOKSVILLE,HERNANDO,SKILLED NURSING FACILITY,180.0,,,-82.40271640,28.54681354
SPRING HILL,HERNANDO,ASSISTED LIVING FACILITY,50.0,,,-82.54388200,28.44105500
SPRING HILL,HERNANDO,ASSISTED LIVING FACILITY,6.0,,,-82.54162200,28.48684700
SPRING HILL,HERNANDO,ASSISTED LIVING FACILITY,6.0,,,-82.53028200,28.45688500
SPRING HILL,HERNANDO,ASSISTED LIVING FACILITY,6.0,,,-82.50658024,28.46809369
SPRING HILL,HERNANDO,ASSISTED LIVING FACILITY,6.0,,,-82.59667200,28.45869300
SPRING HILL,HERNANDO,ASSISTED LIVING FACILITY,6.0,,,-82.53000600,28.46179400
SPRING HILL,HERNANDO,ASSISTED LIVING FACILITY,6.0,,,-82.49282900,28.45773400
SPRING HILL,HERNANDO,ASSISTED LIVING FACILITY,6.0,,,-82.54450000,28.47964500
SPRING HILL,HERNANDO,ASSISTED LIVING FACILITY,6.0,,,-82.52175300,28.50625600
SPRING HILL,HERNANDO,ASSISTED LIVING FACILITY,6.0,,,-82.50601800,28.52110900
SPRING HILL,HERNANDO,ASSISTED LIVING FACILITY,6.0,,,-82.51478000,28.46342600
BROOKSVILLE,HERNANDO,ASSISTED LIVING FACILITY,75.0,,,-82.39885739,28.55348154
BROOKSVILLE,HERNANDO,ASSISTED LIVING FACILITY,8.0,,,-82.39667500,28.53601900
SPRING HILL,HERNANDO,ASSISTED LIVING FACILITY,58.0,,,-82.53336978,28.43484977
SPRING HILL,HERNANDO,ASSISTED LIVING FACILITY,5.0,,,-82.48598300,28.51496100
SPRING HILL,HERNANDO,ASSISTED LIVING FACILITY,5.0,,,-82.55072000,28.47428000
SPRING HILL,HERNANDO,ASSISTED LIVING FACILITY,240.0,,,-82.51865200,28.52973700
SPRING HILL,HERNANDO,END-STAGE RENAL DISEASE,0.0,,,-82.54611400,28.48340700
SPRING HILL,HERNANDO,AMBULATORY SURGICAL CENTER,0.0,,,-82.52318200,28.50371600
SPRING HILL,HERNANDO,AMBULATORY SURGICAL CENTER,0.0,,,-82.53362413,28.53573705
BROOKSVILLE,HERNANDO,RURAL HEALTH CLINIC,0.0,,,-82.53459100,28.53336000
BROOKSVILLE,HERNANDO,RURAL HEALTH CLINIC,0.0,,,-82.39482401,28.55084243
BROOKSVILLE,HERNANDO,RESIDENTIAL TREATMENT FACILITY,20.0,,,-82.48342700,28.53692700
RIDGE MANOR,HERNANDO,RURAL HEALTH CLINIC,0.0,,,-82.16983800,28.50997200
BROOKSVILLE,HERNANDO,HOSPICE,48.0,,,-82.52266713,28.53170216
BROOKSVILLE,HERNANDO,HOSPICE,8.0,,,-82.51650203,28.53385870
BROOKSVILLE,HERNANDO,ASSISTED LIVING FACILITY,170.0,,,-82.38717000,28.55795200
SPRING HILL,HERNANDO,ASSISTED LIVING FACILITY,255.0,,,-82.62002000,28.46606100
BROOKSVILLE,HERNANDO,ASSISTED LIVING FACILITY,7.0,,,-82.31966300,28.51468100
SPRING HILL,HERNANDO,ASSISTED LIVING FACILITY,20.0,,,-82.59850200,28.45519100
BROOKSVILLE,HERNANDO,ASSISTED LIVING FACILITY,6.0,,,-82.54754100,28.54030300
BROOKSVILLE,HERNANDO,AMBULATORY SURGICAL CENTER,0.0,,,-82.52417300,28.53336000
BROOKSVILLE,HERNANDO,AMBULATORY SURGICAL CENTER,0.0,,,-82.51315900,28.53345300
BROOKSVILLE,HERNANDO,ASSISTED LIVING FACILITY,80.0,,,-82.48354300,28.53571200
SPRING HILL,HERNANDO,ASSISTED LIVING FACILITY,135.0,,,-82.58821700,28.49080500
SPRING HILL,HERNANDO,ASSISTED LIVING FACILITY,8.0,,,-82.54993000,28.49326300
SEBRING,HIGHLANDS,ASSISTED LIVING FACILITY,97.0,,,-81.43638100,27.46878200
SEBRING,HIGHLANDS,ASSISTED LIVING FACILITY,150.0,,,-81.52476500,27.53301000
SEBRING,HIGHLANDS,ASSISTED LIVING FACILITY,57.0,,,-81.44080500,27.49405500
SEBRING,HIGHLANDS,AMBULATORY SURGICAL CENTER,0.0,,,-81.49924700,27.52669900
SEBRING,HIGHLANDS,AMBULATORY SURGICAL CENTER,0.0,,,-81.43373500,27.46800600
SEBRING,HIGHLANDS,AMBULATORY SURGICAL CENTER,0.0,,,-81.50640400,27.53884000
SEBRING,HIGHLANDS,HOSPICE,16.0,,,-81.47681142,27.47493329
SEBRING,HIGHLANDS,END-STAGE RENAL DISEASE,0.0,,,-81.51407100,27.53396200
SEBRING,HIGHLANDS,END-STAGE RENAL DISEASE,0.0,,,-81.43159900,27.46690800
SEBRING,HIGHLANDS,END-STAGE RENAL DISEASE,0.0,,,-81.50765800,27.53752500
AVON PARK,HIGHLANDS,RURAL HEALTH CLINIC,0.0,,,-81.51471000,27.61574000
AVON PARK,HIGHLANDS,RURAL HEALTH CLINIC,0.0,,,-81.51672477,27.63029859
AVON PARK,HIGHLANDS,RURAL HEALTH CLINIC,0.0,,,-81.51278200,27.59922800
SEBRING,HIGHLANDS,RURAL HEALTH CLINIC,0.0,,,-81.51553000,27.53388700
SEBRING,HIGHLANDS,RURAL HEALTH CLINIC,0.0,,,-81.49542800,27.51716600
SEBRING,HIGHLANDS,RURAL HEALTH CLINIC,0.0,,,-81.49414300,27.51277000
SEBRING,HIGHLANDS,RURAL HEALTH CLINIC,0.0,,,-81.43428200,27.46903300
SEBRING,HIGHLANDS,RURAL HEALTH CLINIC,0.0,,,-81.43830000,27.49334800
SEBRING,HIGHLANDS,RURAL HEALTH CLINIC,0.0,,,-81.50805100,27.54906200
LAKE PLACID,HIGHLANDS,RURAL HEALTH CLINIC,0.0,,,-81.35824900,27.29500400
LAKE PLACID,HIGHLANDS,RURAL HEALTH CLINIC,0.0,,,-81.37002100,27.32082900
LAKE PLACID,HIGHLANDS,RURAL HEALTH CLINIC,0.0,,,-81.37294300,27.29738300
LAKE PLACID,HIGHLANDS,RURAL HEALTH CLINIC,0.0,,,-81.35987500,27.29528200
SEBRING,HIGHLANDS,ASSISTED LIVING FACILITY,20.0,,,-81.42206000,27.51741100
SEBRING,HIGHLANDS,ASSISTED LIVING FACILITY,85.0,,,-81.51751700,27.53343200
LAKE PLACID,HIGHLANDS,ASSISTED LIVING FACILITY,126.0,,,-81.34968200,27.30154100
LAKE PLACID,HIGHLANDS,ASSISTED LIVING FACILITY,97.0,,,-81.37156000,27.32366000
SEBRING,HIGHLANDS,ASSISTED LIVING FACILITY,15.0,,,-81.45544200,27.46156200
SEBRING,HIGHLANDS,ASSISTED LIVING FACILITY,141.0,,,-81.44116700,27.49226800
SEBRING,HIGHLANDS,SKILLED NURSING FACILITY,120.0,,,-81.44116700,27.49226800
SEBRING,HIGHLANDS,SKILLED NURSING FACILITY,104.0,,,-81.43668379,27.48515889
AVON PARK,HIGHLANDS,SKILLED NURSING FACILITY,90.0,,,-81.51725574,27.62789596
AVON PARK,HIGHLANDS,SKILLED NURSING FACILITY,104.0,,,-81.51430700,27.60675300
SEBRING,HIGHLANDS,PUBLIC HEALTH OFFICE,0.0,,,-81.42090069,27.43680013
AVON PARK,HIGHLANDS,ADULT FAMILY CARE HOME,5.0,,,-81.52836900,27.61750500
LAKE PLACID,HIGHLANDS,SKILLED NURSING FACILITY,180.0,,,-81.37032500,27.32050900
TAMPA,HILLSBOROUGH,SKILLED NURSING FACILITY,150.0,,,-82.49008100,27.98544300
BRANDON,HILLSBOROUGH,SKILLED NURSING FACILITY,120.0,,,-82.29859200,27.92318300
BRANDON,HILLSBOROUGH,SKILLED NURSING FACILITY,120.0,,,-82.29407000,27.92784100
BRANDON,HILLSBOROUGH,SKILLED NURSING FACILITY,120.0,,,-82.30822700,27.93421400
BRANDON,HILLSBOROUGH,SKILLED NURSING FACILITY,120.0,,,-82.29503100,27.94510400
TAMPA,HILLSBOROUGH,SKILLED NURSING FACILITY,120.0,,,-82.41000300,28.07339100
TAMPA,HILLSBOROUGH,SKILLED NURSING FACILITY,120.0,,,-82.45926900,27.94653200
TAMPA,HILLSBOROUGH,SKILLED NURSING FACILITY,120.0,,,-82.41812900,28.07298300
TAMPA,HILLSBOROUGH,SKILLED NURSING FACILITY,120.0,,,-82.42775200,28.06011300
TAMPA,HILLSBOROUGH,SKILLED NURSING FACILITY,120.0,,,-82.46523200,28.06929300
TAMPA,HILLSBOROUGH,SKILLED NURSING FACILITY,120.0,,,-82.49502700,28.08591600
TAMPA,HILLSBOROUGH,SKILLED NURSING FACILITY,120.0,,,-82.43461300,28.06083100
TAMPA,HILLSBOROUGH,SKILLED NURSING FACILITY,120.0,,,-82.58167000,28.00055900
BRANDON,HILLSBOROUGH,ADULT FAMILY CARE HOME,4.0,,,-82.29867200,27.96653800
BRANDON,HILLSBOROUGH,ADULT FAMILY CARE HOME,4.0,,,-82.26989000,27.94782800
PLANT CITY,HILLSBOROUGH,ADULT FAMILY CARE HOME,4.0,,,-82.13109100,28.01166400
PLANT CITY,HILLSBOROUGH,ADULT FAMILY CARE HOME,4.0,,,-82.11166200,28.01112800
PLANT CITY,HILLSBOROUGH,ADULT FAMILY CARE HOME,4.0,,,-82.07726200,27.92892600
RIVERVIEW,HILLSBOROUGH,ADULT FAMILY CARE HOME,5.0,,,-82.28512200,27.84591800
RIVERVIEW,HILLSBOROUGH,ADULT FAMILY CARE HOME,5.0,,,-82.35414100,27.86142100
RIVERVIEW,HILLSBOROUGH,ADULT FAMILY CARE HOME,5.0,,,-82.31657200,27.79826100
TAMPA,HILLSBOROUGH,ADULT FAMILY CARE HOME,3.0,,,-82.52490300,28.09816200
TAMPA,HILLSBOROUGH,ADULT FAMILY CARE HOME,3.0,,,-82.43818100,28.07384800
TAMPA,HILLSBOROUGH,ADULT FAMILY CARE HOME,3.0,,,-82.41741100,28.02902300
TAMPA,HILLSBOROUGH,ADULT FAMILY CARE HOME,3.0,,,-82.52353700,27.86326700
TAMPA,HILLSBOROUGH,ADULT FAMILY CARE HOME,3.0,,,-82.47927200,27.95789800
TAMPA,HILLSBOROUGH,ADULT FAMILY CARE HOME,3.0,,,-82.36225000,27.90464100
TAMPA,HILLSBOROUGH,ADULT FAMILY CARE HOME,5.0,,,-82.44505000,28.00999000
TAMPA,HILLSBOROUGH,ADULT FAMILY CARE HOME,5.0,,,-82.55187500,28.00857600
TAMPA,HILLSBOROUGH,ADULT FAMILY CARE HOME,5.0,,,-82.39443100,27.97799000
TAMPA,HILLSBOROUGH,ADULT FAMILY CARE HOME,5.0,,,-82.42428100,27.97338800
TAMPA,HILLSBOROUGH,ADULT FAMILY CARE HOME,5.0,,,-82.36131100,27.93544800
TAMPA,HILLSBOROUGH,ADULT FAMILY CARE HOME,5.0,,,-82.49020200,27.97404800
TAMPA,HILLSBOROUGH,ADULT FAMILY CARE HOME,5.0,,,-82.48601200,28.03086800
TAMPA,HILLSBOROUGH,ADULT FAMILY CARE HOME,5.0,,,-82.58568200,28.01095800
TAMPA,HILLSBOROUGH,ADULT FAMILY CARE HOME,5.0,,,-82.36488200,27.89643300
TAMPA,HILLSBOROUGH,ADULT FAMILY CARE HOME,5.0,,,-82.41568100,28.02526800
TAMPA,HILLSBOROUGH,ADULT FAMILY CARE HOME,5.0,,,-82.40947800,27.99893400
TAMPA,HILLSBOROUGH,ADULT FAMILY CARE HOME,5.0,,,-82.37528100,27.93514800
TAMPA,HILLSBOROUGH,ADULT FAMILY CARE HOME,4.0,,,-82.47881100,27.94859100
TAMPA,HILLSBOROUGH,ADULT FAMILY CARE HOME,4.0,,,-82.36521000,27.93465000
TAMPA,HILLSBOROUGH,ADULT FAMILY CARE HOME,4.0,,,-82.46169200,28.03994300
TAMPA,HILLSBOROUGH,ADULT FAMILY CARE HOME,4.0,,,-82.45038200,27.97197800
TAMPA,HILLSBOROUGH,ADULT FAMILY CARE HOME,4.0,,,-82.45543200,28.00946000
TAMPA,HILLSBOROUGH,ADULT FAMILY CARE HOME,4.0,,,-82.42619200,27.97484800
TAMPA,HILLSBOROUGH,ADULT FAMILY CARE HOME,4.0,,,-82.44151300,27.97262100
DOVER,HILLSBOROUGH,ADULT FAMILY CARE HOME,4.0,,,-82.21096200,28.00684800
THONOTOSASSA,HILLSBOROUGH,ADULT FAMILY CARE HOME,4.0,,,-82.33850300,28.05756100
THONOTOSASSA,HILLSBOROUGH,ADULT FAMILY CARE HOME,5.0,,,-82.29035100,28.06162000
THONOTOSASSA,HILLSBOROUGH,ADULT FAMILY CARE HOME,5.0,,,-82.31644100,28.03800800
SEFFNER,HILLSBOROUGH,ADULT FAMILY CARE HOME,3.0,,,-82.26940300,27.96050100
TAMPA,HILLSBOROUGH,PUBLIC HEALTH OFFICE,0.0,,,-82.43670244,27.97489755
THONOTOSASSA,HILLSBOROUGH,ADULT FAMILY CARE HOME,3.0,,,-82.33850300,28.05699100
PLANT CITY,HILLSBOROUGH,ADULT FAMILY CARE HOME,5.0,,,-82.07417000,27.96851000
WIMAUMA,HILLSBOROUGH,ADULT FAMILY CARE HOME,4.0,,,-82.39422100,27.65754300
RUSKIN,HILLSBOROUGH,ADULT FAMILY CARE HOME,4.0,,,-82.42134200,27.71174800
BRANDON,HILLSBOROUGH,ADULT FAMILY CARE HOME,3.0,,,-82.31896100,27.94203100
SEFFNER,HILLSBOROUGH,ADULT FAMILY CARE HOME,4.0,,,-82.28368200,28.00666800
RUSKIN,HILLSBOROUGH,ADULT FAMILY CARE HOME,3.0,,,-82.41626000,27.72528100
VALRICO,HILLSBOROUGH,ADULT FAMILY CARE HOME,4.0,,,-82.26818100,27.87077300
TEMPLE TERRACE,HILLSBOROUGH,ADULT FAMILY CARE HOME,3.0,,,-82.35898700,28.04236200
VALRICO,HILLSBOROUGH,ADULT FAMILY CARE HOME,5.0,,,-82.24581300,27.95951000
TAMPA,HILLSBOROUGH,SKILLED NURSING FACILITY,80.0,,,-82.45281100,27.95969100
LUTZ,HILLSBOROUGH,TRANSITIONAL LIVING FACILITY,10.0,,,-82.43180100,28.12057300
BRANDON,HILLSBOROUGH,TRANSITIONAL LIVING FACILITY,6.0,,,-82.27749100,27.92920100
LUTZ,HILLSBOROUGH,TRANSITIONAL LIVING FACILITY,7.0,,,-82.43079200,28.09316100
LUTZ,HILLSBOROUGH,TRANSITIONAL LIVING FACILITY,8.0,,,-82.43261200,28.12058400
TAMPA,HILLSBOROUGH,SKILLED NURSING FACILITY,174.0,,,-82.48877000,27.98244100
TAMPA,HILLSBOROUGH,SKILLED NURSING FACILITY,163.0,,,-82.41558200,28.06921800
TAMPA,HILLSBOROUGH,SKILLED NURSING FACILITY,179.0,,,-82.45282400,28.09683900
TAMPA,HILLSBOROUGH,SKILLED NURSING FACILITY,179.0,,,-82.51840100,27.89624100
TAMPA,HILLSBOROUGH,SKILLED NURSING FACILITY,240.0,,,-82.44203100,27.98514900
TAMPA,HILLSBOROUGH,SKILLED NURSING FACILITY,96.0,,,-82.44772500,27.97112300
SUN CITY CENTER,HILLSBOROUGH,SKILLED NURSING FACILITY,113.0,,,-82.36651200,27.72079400
PLANT CITY,HILLSBOROUGH,SKILLED NURSING FACILITY,120.0,,,-82.14543200,28.01652800
SUN CITY CENTER,HILLSBOROUGH,SKILLED NURSING FACILITY,120.0,,,-82.37059400,27.71680700
LUTZ,HILLSBOROUGH,SKILLED NURSING FACILITY,120.0,,,-82.49013300,28.15264100
TAMPA,HILLSBOROUGH,SKILLED NURSING FACILITY,266.0,,,-82.43933200,28.06924800
TAMPA,HILLSBOROUGH,SKILLED NURSING FACILITY,45.0,,,-82.50257200,28.10952000
TAMPA,HILLSBOROUGH,SKILLED NURSING FACILITY,117.0,,,-82.49467100,27.89369800
TAMPA,HILLSBOROUGH,SKILLED NURSING FACILITY,60.0,,,-82.49075000,27.91086000
PLANT CITY,HILLSBOROUGH,SKILLED NURSING FACILITY,180.0,,,-82.09677000,28.02955100
SUN CITY CENTER,HILLSBOROUGH,SKILLED NURSING FACILITY,109.0,,,-82.35589500,27.71131700
,HILLSBOROUGH,ASSISTED LIVING FACILITY,,,,-82.26673000,27.95634000
,HILLSBOROUGH,ASSISTED LIVING FACILITY,,,,-82.49060000,28.00841000
,HILLSBOROUGH,ASSISTED LIVING FACILITY,,,,-82.31612000,27.96753000
,HILLSBOROUGH,ASSISTED LIVING FACILITY,,,,-82.48903000,28.01782000
,HILLSBOROUGH,ASSISTED LIVING FACILITY,,,,-82.55202000,28.04919000
,HILLSBOROUGH,ASSISTED LIVING FACILITY,,,,-82.43028000,28.06081000
,HILLSBOROUGH,ASSISTED LIVING FACILITY,,,,-82.57994000,28.07626000
,HILLSBOROUGH,ASSISTED LIVING FACILITY,,,,-82.32930000,27.90309000
,HILLSBOROUGH,ASSISTED LIVING FACILITY,,,,-82.42534000,28.13482000
,HILLSBOROUGH,ASSISTED LIVING FACILITY,,,,-82.58001000,28.01771000
,HILLSBOROUGH,ASSISTED LIVING FACILITY,,,,-82.21922000,27.89984000
,HILLSBOROUGH,ASSISTED LIVING FACILITY,,,,-82.58634000,28.01423000
,HILLSBOROUGH,ASSISTED LIVING FACILITY,,,,-82.51485000,28.00466000
,HILLSBOROUGH,ASSISTED LIVING FACILITY,,,,-82.43838000,28.12728000
,HILLSBOROUGH,ASSISTED LIVING FACILITY,,,,-82.12574000,27.88696000
,HILLSBOROUGH,ASSISTED LIVING FACILITY,,,,-82.30047000,27.80103000
,HILLSBOROUGH,ASSISTED LIVING FACILITY,,,,-82.07705000,27.85468000
,HILLSBOROUGH,ASSISTED LIVING FACILITY,,,,-82.50005000,28.06731000
,HILLSBOROUGH,ASSISTED LIVING FACILITY,,,,-82.27688000,27.86619000
,HILLSBOROUGH,ASSISTED LIVING FACILITY,,,,-82.29327000,27.89157000
,HILLSBOROUGH,ASSISTED LIVING FACILITY,,,,-82.48036000,28.12898000
,HILLSBOROUGH,ASSISTED LIVING FACILITY,,,,-82.28019000,27.98551000
,HILLSBOROUGH,ASSISTED LIVING FACILITY,,,,-82.56138000,28.02371000
,HILLSBOROUGH,ASSISTED LIVING FACILITY,,,,-82.57353000,28.03573000
,HILLSBOROUGH,ASSISTED LIVING FACILITY,,,,-82.54783000,28.05121000
,HILLSBOROUGH,ASSISTED LIVING FACILITY,,,,-82.56414000,28.02222000
,HILLSBOROUGH,ASSISTED LIVING FACILITY,,,,-82.29120000,27.86084000
,HILLSBOROUGH,ASSISTED LIVING FACILITY,,,,-82.29604000,27.88341000
,HILLSBOROUGH,ASSISTED LIVING FACILITY,,,,-82.09191000,27.93399000
,HILLSBOROUGH,ASSISTED LIVING FACILITY,,,,-82.46396000,28.08570000
TAMPA,HILLSBOROUGH,ASSISTED LIVING FACILITY,8.0,,,-82.44315200,28.02529300
TAMPA,HILLSBOROUGH,ASSISTED LIVING FACILITY,8.0,,,-82.46762000,27.96987000
TAMPA,HILLSBOROUGH,ASSISTED LIVING FACILITY,8.0,,,-82.49657100,27.96743300
TAMPA,HILLSBOROUGH,ASSISTED LIVING FACILITY,8.0,,,-82.43468900,28.02776400
TAMPA,HILLSBOROUGH,ASSISTED LIVING FACILITY,8.0,,,-82.52329600,27.91935500
TAMPA,HILLSBOROUGH,ASSISTED LIVING FACILITY,8.0,,,-82.50084000,28.00341100
TAMPA,HILLSBOROUGH,ASSISTED LIVING FACILITY,8.0,,,-82.60104600,28.01255400
TAMPA,HILLSBOROUGH,ASSISTED LIVING FACILITY,8.0,,,-82.47069100,28.04152100
TAMPA,HILLSBOROUGH,ASSISTED LIVING FACILITY,8.0,,,-82.46871000,27.99524600
TAMPA,HILLSBOROUGH,ASSISTED LIVING FACILITY,8.0,,,-82.44758200,28.03539800
TAMPA,HILLSBOROUGH,ASSISTED LIVING FACILITY,8.0,,,-82.45225100,27.98875400
TAMPA,HILLSBOROUGH,ASSISTED LIVING FACILITY,8.0,,,-82.46676000,27.96720000
TAMPA,HILLSBOROUGH,ASSISTED LIVING FACILITY,8.0,,,-82.49734300,27.96185000
LUTZ,HILLSBOROUGH,ASSISTED LIVING FACILITY,104.0,,,-82.45493700,28.10579700
VALRICO,HILLSBOROUGH,ASSISTED LIVING FACILITY,6.0,,,-82.24103200,27.91269800
VALRICO,HILLSBOROUGH,ASSISTED LIVING FACILITY,6.0,,,-82.24415100,27.89919000
VALRICO,HILLSBOROUGH,ASSISTED LIVING FACILITY,6.0,,,-82.25148300,27.92505100
VALRICO,HILLSBOROUGH,ASSISTED LIVING FACILITY,6.0,,,-82.23716300,27.93012400
TAMPA,HILLSBOROUGH,ASSISTED LIVING FACILITY,6.0,,,-82.47962100,27.99681800
TAMPA,HILLSBOROUGH,ASSISTED LIVING FACILITY,6.0,,,-82.51094200,28.00797100
TAMPA,HILLSBOROUGH,ASSISTED LIVING FACILITY,6.0,,,-82.55370200,28.00054300
TAMPA,HILLSBOROUGH,ASSISTED LIVING FACILITY,6.0,,,-82.47758200,28.04586100
TAMPA,HILLSBOROUGH,ASSISTED LIVING FACILITY,6.0,,,-82.56956100,28.00281000
TAMPA,HILLSBOROUGH,ASSISTED LIVING FACILITY,6.0,,,-82.51426000,27.97761800
TAMPA,HILLSBOROUGH,ASSISTED LIVING FACILITY,6.0,,,-82.48388100,27.97035700
TAMPA,HILLSBOROUGH,ASSISTED LIVING FACILITY,6.0,,,-82.46833100,28.02893300
TAMPA,HILLSBOROUGH,ASSISTED LIVING FACILITY,6.0,,,-82.49474000,27.98545300
TAMPA,HILLSBOROUGH,ASSISTED LIVING FACILITY,6.0,,,-82.55977200,28.00481900
TAMPA,HILLSBOROUGH,ASSISTED LIVING FACILITY,6.0,,,-82.55449800,28.01933600
TAMPA,HILLSBOROUGH,ASSISTED LIVING FACILITY,6.0,,,-82.56668100,28.01616800
TAMPA,HILLSBOROUGH,ASSISTED LIVING FACILITY,6.0,,,-82.48608100,27.94701800
TAMPA,HILLSBOROUGH,ASSISTED LIVING FACILITY,6.0,,,-82.51238100,28.00212100
TAMPA,HILLSBOROUGH,ASSISTED LIVING FACILITY,6.0,,,-82.56735300,27.99519100
TAMPA,HILLSBOROUGH,ASSISTED LIVING FACILITY,6.0,,,-82.49379000,28.02143600
TAMPA,HILLSBOROUGH,ASSISTED LIVING FACILITY,6.0,,,-82.56470100,27.98483800
TAMPA,HILLSBOROUGH,ASSISTED LIVING FACILITY,6.0,,,-82.47829200,28.03127800
TAMPA,HILLSBOROUGH,ASSISTED LIVING FACILITY,6.0,,,-82.51716300,28.02808100
TAMPA,HILLSBOROUGH,ASSISTED LIVING FACILITY,6.0,,,-82.47340200,28.00630100
TAMPA,HILLSBOROUGH,ASSISTED LIVING FACILITY,6.0,,,-82.44082300,28.05623200
TAMPA,HILLSBOROUGH,ASSISTED LIVING FACILITY,6.0,,,-82.49489900,28.00865700
TAMPA,HILLSBOROUGH,ASSISTED LIVING FACILITY,6.0,,,-82.50914300,28.00093000
TAMPA,HILLSBOROUGH,ASSISTED LIVING FACILITY,6.0,,,-82.58333100,28.06662300
TAMPA,HILLSBOROUGH,ASSISTED LIVING FACILITY,6.0,,,-82.49543100,27.97181300
TAMPA,HILLSBOROUGH,ASSISTED LIVING FACILITY,6.0,,,-82.51901100,28.00442800
TAMPA,HILLSBOROUGH,ASSISTED LIVING FACILITY,6.0,,,-82.55752200,27.98480100
TAMPA,HILLSBOROUGH,ASSISTED LIVING FACILITY,6.0,,,-82.52263200,28.00799300
TAMPA,HILLSBOROUGH,ASSISTED LIVING FACILITY,6.0,,,-82.52312200,28.00165400
TAMPA,HILLSBOROUGH,ASSISTED LIVING FACILITY,6.0,,,-82.48797100,28.02133300
TAMPA,HILLSBOROUGH,ASSISTED LIVING FACILITY,6.0,,,-82.55182100,28.07702800
TAMPA,HILLSBOROUGH,ASSISTED LIVING FACILITY,6.0,,,-82.55564900,28.00631200
TAMPA,HILLSBOROUGH,ASSISTED LIVING FACILITY,6.0,,,-82.48160200,28.00200400
TAMPA,HILLSBOROUGH,ASSISTED LIVING FACILITY,6.0,,,-82.52364200,28.00938300
TAMPA,HILLSBOROUGH,ASSISTED LIVING FACILITY,6.0,,,-82.48519200,28.00146800
TAMPA,HILLSBOROUGH,ASSISTED LIVING FACILITY,6.0,,,-82.51016100,28.02910300
TAMPA,HILLSBOROUGH,ASSISTED LIVING FACILITY,6.0,,,-82.44090200,28.00650400
TAMPA,HILLSBOROUGH,ASSISTED LIVING FACILITY,6.0,,,-82.49087100,27.96967800
TAMPA,HILLSBOROUGH,ASSISTED LIVING FACILITY,6.0,,,-82.45026200,27.97353800
TAMPA,HILLSBOROUGH,ASSISTED LIVING FACILITY,6.0,,,-82.46351700,28.02199500
TAMPA,HILLSBOROUGH,ASSISTED LIVING FACILITY,6.0,,,-82.55096300,28.03250000
TAMPA,HILLSBOROUGH,ASSISTED LIVING FACILITY,6.0,,,-82.43398200,27.99333800
TAMPA,HILLSBOROUGH,ASSISTED LIVING FACILITY,6.0,,,-82.47318100,28.03432800
TAMPA,HILLSBOROUGH,ASSISTED LIVING FACILITY,6.0,,,-82.57223200,28.00833300
TAMPA,HILLSBOROUGH,ASSISTED LIVING FACILITY,6.0,,,-82.56453300,28.00982200
TAMPA,HILLSBOROUGH,ASSISTED LIVING FACILITY,6.0,,,-82.55251100,28.00429800
TAMPA,HILLSBOROUGH,ASSISTED LIVING FACILITY,6.0,,,-82.51264100,28.01784100
TAMPA,HILLSBOROUGH,ASSISTED LIVING FACILITY,6.0,,,-82.54775200,28.00327800
TAMPA,HILLSBOROUGH,ASSISTED LIVING FACILITY,6.0,,,-82.48492900,28.06579400
TAMPA,HILLSBOROUGH,ASSISTED LIVING FACILITY,6.0,,,-82.44455100,27.97936800
TAMPA,HILLSBOROUGH,ASSISTED LIVING FACILITY,6.0,,,-82.45302200,27.97966300
TAMPA,HILLSBOROUGH,ASSISTED LIVING FACILITY,6.0,,,-82.51657300,28.00212100
TAMPA,HILLSBOROUGH,ASSISTED LIVING FACILITY,6.0,,,-82.47911200,28.00519300
TAMPA,HILLSBOROUGH,ASSISTED LIVING FACILITY,6.0,,,-82.48588200,27.99759300
TAMPA,HILLSBOROUGH,ASSISTED LIVING FACILITY,6.0,,,-82.46780000,28.01790000
TAMPA,HILLSBOROUGH,ASSISTED LIVING FACILITY,6.0,,,-82.58203200,28.01063300
TAMPA,HILLSBOROUGH,ASSISTED LIVING FACILITY,6.0,,,-82.55420100,27.98391000
TAMPA,HILLSBOROUGH,ASSISTED LIVING FACILITY,6.0,,,-82.57134100,27.99486300
TAMPA,HILLSBOROUGH,ASSISTED LIVING FACILITY,6.0,,,-82.48853200,27.97185800
TAMPA,HILLSBOROUGH,ASSISTED LIVING FACILITY,6.0,,,-82.49959100,27.99194300
TAMPA,HILLSBOROUGH,ASSISTED LIVING FACILITY,6.0,,,-82.49532200,28.00878300
TAMPA,HILLSBOROUGH,ASSISTED LIVING FACILITY,6.0,,,-82.49344100,28.00107000
TAMPA,HILLSBOROUGH,ASSISTED LIVING FACILITY,6.0,,,-82.50056100,27.96970800
TAMPA,HILLSBOROUGH,ASSISTED LIVING FACILITY,6.0,,,-82.56615000,28.00115900
TAMPA,HILLSBOROUGH,ASSISTED LIVING FACILITY,6.0,,,-82.48731100,27.95142800
TAMPA,HILLSBOROUGH,ASSISTED LIVING FACILITY,6.0,,,-82.57774200,28.02345300
TAMPA,HILLSBOROUGH,ASSISTED LIVING FACILITY,6.0,,,-82.57035100,28.03532000
TAMPA,HILLSBOROUGH,ASSISTED LIVING FACILITY,6.0,,,-82.59608600,28.01129500
TAMPA,HILLSBOROUGH,ASSISTED LIVING FACILITY,6.0,,,-82.58762000,28.03440800
TAMPA,HILLSBOROUGH,ASSISTED LIVING FACILITY,6.0,,,-82.49105100,28.02384000
TAMPA,HILLSBOROUGH,ASSISTED LIVING FACILITY,6.0,,,-82.50965100,28.01627300
TAMPA,HILLSBOROUGH,ASSISTED LIVING FACILITY,6.0,,,-82.47821200,27.98978200
TAMPA,HILLSBOROUGH,ASSISTED LIVING FACILITY,6.0,,,-82.48895200,28.08405800
TAMPA,HILLSBOROUGH,ASSISTED LIVING FACILITY,6.0,,,-82.55845100,28.00974000
TAMPA,HILLSBOROUGH,ASSISTED LIVING FACILITY,6.0,,,-82.40741500,28.02609500
TAMPA,HILLSBOROUGH,ASSISTED LIVING FACILITY,6.0,,,-82.49609000,27.98730900
TAMPA,HILLSBOROUGH,ASSISTED LIVING FACILITY,6.0,,,-82.56836000,28.02912000
TAMPA,HILLSBOROUGH,ASSISTED LIVING FACILITY,56.0,,,-82.49042200,27.96674800
PLANT CITY,HILLSBOROUGH,ASSISTED LIVING FACILITY,16.0,,,-82.15333200,28.04727800
PLANT CITY,HILLSBOROUGH,ASSISTED LIVING FACILITY,16.0,,,-82.11318100,28.01780000
PLANT CITY,HILLSBOROUGH,ASSISTED LIVING FACILITY,16.0,,,-82.18703800,28.02510400
TAMPA,HILLSBOROUGH,ASSISTED LIVING FACILITY,20.0,,,-82.47595000,28.02061100
TAMPA,HILLSBOROUGH,ASSISTED LIVING FACILITY,125.0,,,-82.49986200,28.08470800
TAMPA,HILLSBOROUGH,ASSISTED LIVING FACILITY,125.0,,,-82.50257200,28.10952000
BRANDON,HILLSBOROUGH,ASSISTED LIVING FACILITY,65.0,,,-82.31896100,27.90766400
TAMPA,HILLSBOROUGH,ASSISTED LIVING FACILITY,50.0,,,-82.63901000,28.05830800
TAMPA,HILLSBOROUGH,ASSISTED LIVING FACILITY,50.0,,,-82.45624200,28.06017800
TAMPA,HILLSBOROUGH,ASSISTED LIVING FACILITY,37.0,,,-82.48089000,27.94672100
TAMPA,HILLSBOROUGH,ASSISTED LIVING FACILITY,16.0,,,-82.48888100,27.97523100
TAMPA,HILLSBOROUGH,ASSISTED LIVING FACILITY,16.0,,,-82.46107100,28.06566800
PLANT CITY,HILLSBOROUGH,ASSISTED LIVING FACILITY,8.0,,,-82.13810200,28.05463800
SUN CITY CENTER,HILLSBOROUGH,ASSISTED LIVING FACILITY,40.0,,,-82.36651200,27.72079400
BRANDON,HILLSBOROUGH,ASSISTED LIVING FACILITY,6.0,,,-82.29602200,27.94013400
BRANDON,HILLSBOROUGH,ASSISTED LIVING FACILITY,6.0,,,-82.26923000,27.90020000
BRANDON,HILLSBOROUGH,ASSISTED LIVING FACILITY,6.0,,,-82.29147900,27.91426400
BRANDON,HILLSBOROUGH,ASSISTED LIVING FACILITY,6.0,,,-82.26812100,27.90824300
BRANDON,HILLSBOROUGH,ASSISTED LIVING FACILITY,6.0,,,-82.28992100,27.95354000
BRANDON,HILLSBOROUGH,ASSISTED LIVING FACILITY,6.0,,,-82.29548200,27.92915800
BRANDON,HILLSBOROUGH,ASSISTED LIVING FACILITY,6.0,,,-82.28196400,27.91529700
BRANDON,HILLSBOROUGH,ASSISTED LIVING FACILITY,6.0,,,-82.28566100,27.90894000
BRANDON,HILLSBOROUGH,ASSISTED LIVING FACILITY,6.0,,,-82.27935200,27.90935000
RUSKIN,HILLSBOROUGH,ASSISTED LIVING FACILITY,6.0,,,-82.43928800,27.69023500
TAMPA,HILLSBOROUGH,ASSISTED LIVING FACILITY,11.0,,,-82.55817100,28.02921000
TAMPA,HILLSBOROUGH,ASSISTED LIVING FACILITY,73.0,,,-82.45119000,28.03715000
TAMPA,HILLSBOROUGH,ASSISTED LIVING FACILITY,73.0,,,-82.39806200,28.04348300
PLANT CITY,HILLSBOROUGH,ASSISTED LIVING FACILITY,6.0,,,-82.13954200,27.93754300
PLANT CITY,HILLSBOROUGH,ASSISTED LIVING FACILITY,6.0,,,-82.12419200,28.00374900
PLANT CITY,HILLSBOROUGH,ASSISTED LIVING FACILITY,6.0,,,-82.12690200,27.88662600
PLANT CITY,HILLSBOROUGH,ASSISTED LIVING FACILITY,6.0,,,-82.08850300,27.94397000
BRANDON,HILLSBOROUGH,ASSISTED LIVING FACILITY,86.0,,,-82.31053300,27.93218100
TAMPA,HILLSBOROUGH,ASSISTED LIVING FACILITY,7.0,,,-82.42646300,28.01192000
TAMPA,HILLSBOROUGH,ASSISTED LIVING FACILITY,7.0,,,-82.49220200,27.96311900
TAMPA,HILLSBOROUGH,ASSISTED LIVING FACILITY,7.0,,,-82.37557200,27.92715800
RUSKIN,HILLSBOROUGH,ASSISTED LIVING FACILITY,110.0,,,-82.43400000,27.71814100
BRANDON,HILLSBOROUGH,ASSISTED LIVING FACILITY,10.0,,,-82.29366200,27.90131300
TAMPA,HILLSBOROUGH,ASSISTED LIVING FACILITY,12.0,,,-82.47254100,27.95251100
TAMPA,HILLSBOROUGH,ASSISTED LIVING FACILITY,12.0,,,-82.50808100,27.94210800
TAMPA,HILLSBOROUGH,ASSISTED LIVING FACILITY,80.0,,,-82.48323000,27.92656400
TEMPLE TERRACE,HILLSBOROUGH,ASSISTED LIVING FACILITY,6.0,,,-82.39562900,28.06566400
TEMPLE TERRACE,HILLSBOROUGH,ASSISTED LIVING FACILITY,6.0,,,-82.39457200,28.03061000
TEMPLE TERRACE,HILLSBOROUGH,ASSISTED LIVING FACILITY,6.0,,,-82.38062400,28.01959400
BRANDON,HILLSBOROUGH,ASSISTED LIVING FACILITY,7.0,,,-82.27705200,27.94680800
BRANDON,HILLSBOROUGH,ASSISTED LIVING FACILITY,5.0,,,-82.30878000,27.92022100
BRANDON,HILLSBOROUGH,ASSISTED LIVING FACILITY,5.0,,,-82.28470200,27.96181400
BRANDON,HILLSBOROUGH,ASSISTED LIVING FACILITY,5.0,,,-82.29610100,27.91634800
TAMPA,HILLSBOROUGH,ASSISTED LIVING FACILITY,190.0,,,-82.48718200,27.89363800
TAMPA,HILLSBOROUGH,ASSISTED LIVING FACILITY,190.0,,,-82.41558200,28.06921800
SUN CITY CENTER,HILLSBOROUGH,ASSISTED LIVING FACILITY,49.0,,,-82.37219200,27.71559000
SEFFNER,HILLSBOROUGH,ASSISTED LIVING FACILITY,5.0,,,-82.26889100,27.96694400
SUN CITY CENTER,HILLSBOROUGH,ASSISTED LIVING FACILITY,286.0,,,-82.35517000,27.71037900
PLANT CITY,HILLSBOROUGH,ASSISTED LIVING FACILITY,20.0,,,-82.16709100,27.90470300
BRANDON,HILLSBOROUGH,ASSISTED LIVING FACILITY,120.0,,,-82.29404300,27.92805000
RUSKIN,HILLSBOROUGH,ASSISTED LIVING FACILITY,145.0,,,-82.43400000,27.71814100
VALRICO,HILLSBOROUGH,ASSISTED LIVING FACILITY,10.0,,,-82.25441300,27.93185000
TAMPA,HILLSBOROUGH,ASSISTED LIVING FACILITY,10.0,,,-82.42449200,28.00028100
TAMPA,HILLSBOROUGH,ASSISTED LIVING FACILITY,10.0,,,-82.49529100,27.94890100
TAMPA,HILLSBOROUGH,ASSISTED LIVING FACILITY,25.0,,,-82.45530100,27.96301000
TAMPA,HILLSBOROUGH,ASSISTED LIVING FACILITY,5.0,,,-82.40999200,27.97167000
TAMPA,HILLSBOROUGH,ASSISTED LIVING FACILITY,5.0,,,-82.39416100,27.96945300
TAMPA,HILLSBOROUGH,ASSISTED LIVING FACILITY,5.0,,,-82.44168100,27.99125300
TAMPA,HILLSBOROUGH,ASSISTED LIVING FACILITY,5.0,,,-82.44459200,28.04429300
TAMPA,HILLSBOROUGH,ASSISTED LIVING FACILITY,5.0,,,-82.45044200,28.04436800
TAMPA,HILLSBOROUGH,ASSISTED LIVING FACILITY,5.0,,,-82.36113300,27.93154100
TAMPA,HILLSBOROUGH,ASSISTED LIVING FACILITY,5.0,,,-82.47978200,28.03862300
TAMPA,HILLSBOROUGH,ASSISTED LIVING FACILITY,14.0,,,-82.48619200,27.99379300
THONOTOSASSA,HILLSBOROUGH,ASSISTED LIVING FACILITY,20.0,,,-82.28972200,28.06025200
TAMPA,HILLSBOROUGH,ASSISTED LIVING FACILITY,30.0,,,-82.49364000,27.91323100
TAMPA,HILLSBOROUGH,ASSISTED LIVING FACILITY,30.0,,,-82.50487100,27.91974300
TAMPA,HILLSBOROUGH,ASSISTED LIVING FACILITY,24.0,,,-82.48830200,27.99238300
TAMPA,HILLSBOROUGH,ASSISTED LIVING FACILITY,198.0,,,-82.45274600,28.09692500
BRANDON,HILLSBOROUGH,ASSISTED LIVING FACILITY,79.0,,,-82.29402600,27.88477000
TAMPA,HILLSBOROUGH,ASSISTED LIVING FACILITY,32.0,,,-82.45125300,27.96852000
TAMPA,HILLSBOROUGH,ASSISTED LIVING FACILITY,48.0,,,-82.43308100,28.07289800
DOVER,HILLSBOROUGH,ASSISTED LIVING FACILITY,6.0,,,-82.21598000,28.03891100
DOVER,HILLSBOROUGH,ASSISTED LIVING FACILITY,6.0,,,-82.18374100,27.97766000
TAMPA,HILLSBOROUGH,ASSISTED LIVING FACILITY,60.0,,,-82.51721200,28.08726200
TAMPA,HILLSBOROUGH,ASSISTED LIVING FACILITY,60.0,,,-82.45896100,27.96222400
TAMPA,HILLSBOROUGH,ASSISTED LIVING FACILITY,68.0,,,-82.49210100,27.93869900
TAMPA,HILLSBOROUGH,ASSISTED LIVING FACILITY,15.0,,,-82.41556100,27.98820800
TAMPA,HILLSBOROUGH,ASSISTED LIVING FACILITY,15.0,,,-82.45133300,28.01021100
LUTZ,HILLSBOROUGH,ASSISTED LIVING FACILITY,53.0,,,-82.54271500,28.12630600
PLANT CITY,HILLSBOROUGH,ASSISTED LIVING FACILITY,42.0,,,-82.11247200,28.01824300
TAMPA,HILLSBOROUGH,ASSISTED LIVING FACILITY,38.0,,,-82.47463100,28.06939800
TAMPA,HILLSBOROUGH,ASSISTED LIVING FACILITY,21.0,,,-82.43811500,28.07124200
BRANDON,HILLSBOROUGH,ASSISTED LIVING FACILITY,64.0,,,-82.29961200,27.92318300
TAMPA,HILLSBOROUGH,ASSISTED LIVING FACILITY,26.0,,,-82.43453100,28.06612100
PLANT CITY,HILLSBOROUGH,ASSISTED LIVING FACILITY,25.0,,,-82.18183100,28.10902800
TAMPA,HILLSBOROUGH,ASSISTED LIVING FACILITY,66.0,,,-82.45589800,27.92964800
LUTZ,HILLSBOROUGH,ASSISTED LIVING FACILITY,7.0,,,-82.43032200,28.16383200
BRANDON,HILLSBOROUGH,ASSISTED LIVING FACILITY,46.0,,,-82.28595300,27.95185100
TAMPA,HILLSBOROUGH,ASSISTED LIVING FACILITY,22.0,,,-82.45831200,28.08050800
TAMPA,HILLSBOROUGH,ASSISTED LIVING FACILITY,19.0,,,-82.42307200,27.96303300
TAMPA,HILLSBOROUGH,ASSISTED LIVING FACILITY,98.0,,,-82.45949000,28.07971300
TAMPA,HILLSBOROUGH,ASSISTED LIVING FACILITY,75.0,,,-82.48557300,27.98192100
TAMPA,HILLSBOROUGH,ASSISTED LIVING FACILITY,100.0,,,-82.41422000,27.99165900
TAMPA,HILLSBOROUGH,ASSISTED LIVING FACILITY,156.0,,,-82.46763700,27.94051600
LITHIA,HILLSBOROUGH,ASSISTED LIVING FACILITY,5.0,,,-82.07666300,27.85788300
TAMPA,HILLSBOROUGH,ASSISTED LIVING FACILITY,120.0,,,-82.43461300,28.06083100
TAMPA,HILLSBOROUGH,ASSISTED LIVING FACILITY,120.0,,,-82.51696800,28.07020400
 ,HILLSBOROUGH,END-STAGE RENAL DISEASE,,,,-82.29149000,27.92905000
 ,HILLSBOROUGH,END-STAGE RENAL DISEASE,,,,-82.29670000,27.92209000
PLANT CITY,HILLSBOROUGH,END-STAGE RENAL DISEASE,0.0,,,-82.13464200,28.01524300
TAMPA,HILLSBOROUGH,CRISIS STABILIZATION UNIT,20.0,,,-82.42617300,28.06152100
LUTZ,HILLSBOROUGH,BIRTH CENTER,0.0,,,-82.46164200,28.12310800
TEMPLE TERRACE,HILLSBOROUGH,END-STAGE RENAL DISEASE,0.0,,,-82.39555300,28.05153000
RUSKIN,HILLSBOROUGH,END-STAGE RENAL DISEASE,0.0,,,-82.43400000,27.71814100
TAMPA,HILLSBOROUGH,END-STAGE RENAL DISEASE,0.0,,,-82.49307200,27.97769100
TAMPA,HILLSBOROUGH,END-STAGE RENAL DISEASE,0.0,,,-82.41150500,28.06923700
TAMPA,HILLSBOROUGH,END-STAGE RENAL DISEASE,0.0,,,-82.48454000,27.98824000
TAMPA,HILLSBOROUGH,END-STAGE RENAL DISEASE,0.0,,,-82.45841812,27.93812126
TAMPA,HILLSBOROUGH,END-STAGE RENAL DISEASE,0.0,,,-82.43170100,27.99606300
TAMPA,HILLSBOROUGH,END-STAGE RENAL DISEASE,0.0,,,-82.50248100,27.94471300
TAMPA,HILLSBOROUGH,END-STAGE RENAL DISEASE,0.0,,,-82.40993300,28.04621100
TAMPA,HILLSBOROUGH,END-STAGE RENAL DISEASE,0.0,,,-82.49737900,27.94240200
TAMPA,HILLSBOROUGH,END-STAGE RENAL DISEASE,0.0,,,-82.55047000,27.98492100
TAMPA,HILLSBOROUGH,END-STAGE RENAL DISEASE,0.0,,,-82.50700400,28.07740700
TAMPA,HILLSBOROUGH,END-STAGE RENAL DISEASE,0.0,,,-82.51832400,28.04825800
BRANDON,HILLSBOROUGH,END-STAGE RENAL DISEASE,0.0,,,-82.29089200,27.92997600
BRANDON,HILLSBOROUGH,END-STAGE RENAL DISEASE,0.0,,,-82.28647000,27.93780800
BRANDON,HILLSBOROUGH,END-STAGE RENAL DISEASE,0.0,,,-82.27354200,27.92310400
TAMPA,HILLSBOROUGH,AMBULATORY SURGICAL CENTER,0.0,,,-82.56790700,27.96831400
TAMPA,HILLSBOROUGH,AMBULATORY SURGICAL CENTER,0.0,,,-82.50159900,27.94469800
TAMPA,HILLSBOROUGH,AMBULATORY SURGICAL CENTER,0.0,,,-82.48451700,27.98761000
TAMPA,HILLSBOROUGH,AMBULATORY SURGICAL CENTER,0.0,,,-82.41098100,28.06923700
TAMPA,HILLSBOROUGH,AMBULATORY SURGICAL CENTER,0.0,,,-82.49104200,27.98014300
TAMPA,HILLSBOROUGH,AMBULATORY SURGICAL CENTER,0.0,,,-82.39661700,28.06911000
TAMPA,HILLSBOROUGH,AMBULATORY SURGICAL CENTER,0.0,,,-82.48448700,27.98961700
TAMPA,HILLSBOROUGH,AMBULATORY SURGICAL CENTER,0.0,,,-82.37927900,28.12691800
TAMPA,HILLSBOROUGH,AMBULATORY SURGICAL CENTER,0.0,,,-82.55438600,28.06490700
TAMPA,HILLSBOROUGH,AMBULATORY SURGICAL CENTER,0.0,,,-82.41800200,28.08048300
TAMPA,HILLSBOROUGH,AMBULATORY SURGICAL CENTER,0.0,,,-82.50372200,28.05617100
TAMPA,HILLSBOROUGH,AMBULATORY SURGICAL CENTER,0.0,,,-82.37927900,28.13138900
TAMPA,HILLSBOROUGH,AMBULATORY SURGICAL CENTER,0.0,,,-82.34003300,27.93925900
TAMPA,HILLSBOROUGH,AMBULATORY SURGICAL CENTER,0.0,,,-82.48731600,27.98136900
TAMPA,HILLSBOROUGH,AMBULATORY SURGICAL CENTER,0.0,,,-82.48891400,27.97900700
TAMPA,HILLSBOROUGH,AMBULATORY SURGICAL CENTER,0.0,,,-82.50693400,28.07252800
TAMPA,HILLSBOROUGH,AMBULATORY SURGICAL CENTER,0.0,,,-82.41940000,29.06693000
TAMPA,HILLSBOROUGH,AMBULATORY SURGICAL CENTER,0.0,,,-82.48964500,27.98127200
TAMPA,HILLSBOROUGH,AMBULATORY SURGICAL CENTER,0.0,,,-82.48443400,27.99163300
TAMPA,HILLSBOROUGH,AMBULATORY SURGICAL CENTER,0.0,,,-82.58260100,28.04853600
TAMPA,HILLSBOROUGH,AMBULATORY SURGICAL CENTER,0.0,,,-82.42598000,28.07369400
BRANDON,HILLSBOROUGH,AMBULATORY SURGICAL CENTER,0.0,,,-82.29189300,27.93262800
BRANDON,HILLSBOROUGH,AMBULATORY SURGICAL CENTER,0.0,,,-82.28567700,27.92894300
BRANDON,HILLSBOROUGH,AMBULATORY SURGICAL CENTER,0.0,,,-82.28977500,27.93578600
TEMPLE TERRACE,HILLSBOROUGH,AMBULATORY SURGICAL CENTER,0.0,,,-82.37144900,28.06664400
WIMAUMA,HILLSBOROUGH,RURAL HEALTH CLINIC,0.0,,,-82.32277200,27.71246300
TAMPA,HILLSBOROUGH,RESIDENTIAL TREATMENT FACILITY,20.0,,,-82.40156000,27.97134200
TAMPA,HILLSBOROUGH,RESIDENTIAL TREATMENT FACILITY,40.0,,,-82.43452100,28.07456100
TAMPA,HILLSBOROUGH,RESIDENTIAL TREATMENT FACILITY,15.0,,,-82.43323700,28.07293400
LUTZ,HILLSBOROUGH,RESIDENTIAL TREATMENT FACILITY,12.0,,,-82.43167100,28.08361800
TAMPA,HILLSBOROUGH,RESIDENTIAL TREATMENT FACILITY,14.0,,,-82.44282000,28.06253100
TAMPA,HILLSBOROUGH,RESIDENTIAL TREATMENT FACILITY,30.0,,,-82.43182000,27.99956800
TAMPA,HILLSBOROUGH,RESIDENTIAL TREATMENT FACILITY,16.0,,,-82.44063200,28.06192800
TAMPA,HILLSBOROUGH,RESIDENTIAL TREATMENT FACILITY,22.0,,,-82.45118200,27.99320100
TAMPA,HILLSBOROUGH,RESIDENTIAL TREATMENT FACILITY,6.0,,,-82.40889200,27.96679800
LUTZ,HILLSBOROUGH,TRANSITIONAL LIVING FACILITY,6.0,,,-82.43075300,28.09988000
YBOR CITY,HILLSBOROUGH,END-STAGE RENAL DISEASE,0.0,,,-82.43532000,27.96454200
TEMPLE TERRACE,HILLSBOROUGH,HOSPICE,24.0,,,-82.39632965,28.04885254
RUSKIN,HILLSBOROUGH,HOSPICE,24.0,,,-82.37513113,27.71736945
RIVERVIEW,HILLSBOROUGH,AMBULATORY SURGICAL CENTER,0.0,,,-82.31529400,27.89314500
TAMPA,HILLSBOROUGH,BLOOD BANK,0.0,,,-82.45841812,27.93812126
TAMPA,HILLSBOROUGH,BLOOD BANK,0.0,,,-82.49091335,27.98233668
TAMPA,HILLSBOROUGH,BLOOD BANK,0.0,,,-82.42805717,28.06444372
TAMPA,HILLSBOROUGH,BLOOD BANK,0.0,,,-82.42331939,28.07061780
PLANT CITY,HILLSBOROUGH,ASSISTED LIVING FACILITY,15.0,,,-82.09676000,28.02687200
TAMPA,HILLSBOROUGH,ASSISTED LIVING FACILITY,233.0,,,-82.57789100,28.02859300
CARROLLWOOD,HILLSBOROUGH,ASSISTED LIVING FACILITY,133.0,,,-82.49323000,28.05033100
RIVERVIEW,HILLSBOROUGH,ASSISTED LIVING FACILITY,101.0,,,-82.31375900,27.89392300
LUTZ,HILLSBOROUGH,ASSISTED LIVING FACILITY,8.0,,,-82.47916900,28.17205400
TAMPA,HILLSBOROUGH,ASSISTED LIVING FACILITY,17.0,,,-82.47058000,27.94029000
SUN CITY CENTER,HILLSBOROUGH,ASSISTED LIVING FACILITY,88.0,,,-82.36757100,27.71418800
TAMPA,HILLSBOROUGH,ASSISTED LIVING FACILITY,95.0,,,-82.56373700,28.06676200
TAMPA,HILLSBOROUGH,ASSISTED LIVING FACILITY,36.0,,,-82.44106500,27.96232400
LITHIA,HILLSBOROUGH,ASSISTED LIVING FACILITY,16.0,,,-82.09223100,27.85063800
PLANT CITY,HILLSBOROUGH,ASSISTED LIVING FACILITY,12.0,,,-82.08829600,27.93908200
TAMPA,HILLSBOROUGH,ASSISTED LIVING FACILITY,33.0,,,-82.43815612,28.06595380
TAMPA,HILLSBOROUGH,ASSISTED LIVING FACILITY,135.0,,,-82.43211100,28.00331300
BRANDON,HILLSBOROUGH,ASSISTED LIVING FACILITY,22.0,,,-82.26875000,27.93678000
THONOTOSASSA,HILLSBOROUGH,ASSISTED LIVING FACILITY,52.0,,,-82.24920200,28.06223000
LUTZ,HILLSBOROUGH,ASSISTED LIVING FACILITY,6.0,,,-82.46208300,28.10007000
RIVERVIEW,HILLSBOROUGH,ASSISTED LIVING FACILITY,4.0,,,-82.31527000,27.83723100
SUN CITY CENTER,HILLSBOROUGH,ASSISTED LIVING FACILITY,105.0,,,-82.35282000,27.71571300
LUTZ,HILLSBOROUGH,ASSISTED LIVING FACILITY,12.0,,,-82.48238200,28.12780800
BRANDON,HILLSBOROUGH,ASSISTED LIVING FACILITY,14.0,,,-82.28416200,27.94506300
BONIFAY,HOLMES,RURAL HEALTH CLINIC,0.0,,,-85.67491700,30.78800300
BONIFAY,HOLMES,RURAL HEALTH CLINIC,0.0,,,-85.67790900,30.78445300
BONIFAY,HOLMES,RURAL HEALTH CLINIC,0.0,,,-85.67708700,30.78444000
BONIFAY,HOLMES,ASSISTED LIVING FACILITY,30.0,,,-85.68173600,30.78107300
BONIFAY,HOLMES,ASSISTED LIVING FACILITY,56.0,,,-85.68922000,30.79379800
GRACEVILLE,HOLMES,ASSISTED LIVING FACILITY,12.0,,,-85.55681200,30.96296300
BONIFAY,HOLMES,ADULT FAMILY CARE HOME,4.0,,,-85.61983900,30.95893900
BONIFAY,HOLMES,SKILLED NURSING FACILITY,180.0,,,-85.68295500,30.78092900
VERO BEACH,INDIAN RIVER,SKILLED NURSING FACILITY,159.0,,,-80.39869972,27.66103528
SEBASTIAN,INDIAN RIVER,ADULT FAMILY CARE HOME,5.0,,,-80.50686900,27.76484800
VERO BEACH,INDIAN RIVER,SKILLED NURSING FACILITY,180.0,,,-80.40218998,27.65968062
VERO BEACH,INDIAN RIVER,SKILLED NURSING FACILITY,24.0,,,-80.39249168,27.65364264
VERO BEACH,INDIAN RIVER,SKILLED NURSING FACILITY,120.0,,,-80.39427986,27.63912342
VERO BEACH,INDIAN RIVER,SKILLED NURSING FACILITY,72.0,,,-80.39254064,27.64079136
VERO BEACH,INDIAN RIVER,SKILLED NURSING FACILITY,0.0,,,-80.48309248,27.64202760
VERO BEACH,INDIAN RIVER,SKILLED NURSING FACILITY,110.0,,,-80.40067934,27.65969798
VERO BEACH,INDIAN RIVER,ASSISTED LIVING FACILITY,12.0,,,-80.38556841,27.61905703
VERO BEACH,INDIAN RIVER,ASSISTED LIVING FACILITY,50.0,,,-80.38087764,27.60907735
VERO BEACH,INDIAN RIVER,ASSISTED LIVING FACILITY,50.0,,,-80.42446494,27.62822628
VERO BEACH,INDIAN RIVER,ASSISTED LIVING FACILITY,50.0,,,-80.47198885,27.63372142
VERO BEACH,INDIAN RIVER,ASSISTED LIVING FACILITY,10.0,,,-80.38722100,27.62212000
VERO BEACH,INDIAN RIVER,ASSISTED LIVING FACILITY,113.0,,,-80.49046200,27.63419600
VERO BEACH,INDIAN RIVER,ASSISTED LIVING FACILITY,100.0,,,-80.39485800,27.66867100
SEBASTIAN,INDIAN RIVER,ASSISTED LIVING FACILITY,50.0,,,-80.46703575,27.77219286
VERO BEACH,INDIAN RIVER,ASSISTED LIVING FACILITY,29.0,,,-80.41948442,27.71005248
VERO BEACH,INDIAN RIVER,ASSISTED LIVING FACILITY,40.0,,,-80.38031131,27.60901100
SEBASTIAN,INDIAN RIVER,ASSISTED LIVING FACILITY,5.0,,,-80.48221800,27.77723800
SEBASTIAN,INDIAN RIVER,ASSISTED LIVING FACILITY,5.0,,,-80.51589100,27.76912400
VERO BEACH,INDIAN RIVER,ASSISTED LIVING FACILITY,71.0,,,-80.48127734,27.64026968
VERO BEACH,INDIAN RIVER,ASSISTED LIVING FACILITY,8.0,,,-80.42072941,27.68094453
VERO BEACH,INDIAN RIVER,ASSISTED LIVING FACILITY,26.0,,,-80.40765595,27.63715578
VERO BEACH,INDIAN RIVER,HOSPICE,12.0,,,-80.39255879,27.66066717
VERO BEACH,INDIAN RIVER,END-STAGE RENAL DISEASE,0.0,,,-80.40688838,27.67541058
VERO BEACH,INDIAN RIVER,END-STAGE RENAL DISEASE,0.0,,,-80.37959777,27.63036995
SEBASTIAN,INDIAN RIVER,END-STAGE RENAL DISEASE,0.0,,,-80.47088851,27.81921459
SEBASTIAN,INDIAN RIVER,AMBULATORY SURGICAL CENTER,0.0,,,-80.48851378,27.84877458
VERO BEACH,INDIAN RIVER,AMBULATORY SURGICAL CENTER,0.0,,,-80.39242400,27.66119200
VERO BEACH,INDIAN RIVER,AMBULATORY SURGICAL CENTER,0.0,,,-80.39878279,27.65764428
VERO BEACH,INDIAN RIVER,AMBULATORY SURGICAL CENTER,0.0,,,-80.38054678,27.63388906
VERO BEACH,INDIAN RIVER,AMBULATORY SURGICAL CENTER,0.0,,,-80.39762298,27.65974891
VERO BEACH,INDIAN RIVER,AMBULATORY SURGICAL CENTER,0.0,,,-80.39728784,27.66123693
VERO BEACH,INDIAN RIVER,AMBULATORY SURGICAL CENTER,0.0,,,-80.39872756,27.65975158
VERO BEACH,INDIAN RIVER,AMBULATORY SURGICAL CENTER,0.0,,,-80.38138731,27.64731013
VERO BEACH,INDIAN RIVER,AMBULATORY SURGICAL CENTER,0.0,,,-80.40147224,27.65635050
VERO BEACH,INDIAN RIVER,AMBULATORY SURGICAL CENTER,0.0,,,-80.39021840,27.66085650
VERO BEACH,INDIAN RIVER,AMBULATORY SURGICAL CENTER,0.0,,,-80.38853813,27.66193598
VERO BEACH,INDIAN RIVER,AMBULATORY SURGICAL CENTER,0.0,,,-80.37985660,27.64728113
VERO BEACH,INDIAN RIVER,ASSISTED LIVING FACILITY,17.0,,,-80.39183067,27.65450468
VERO BEACH,INDIAN RIVER,ASSISTED LIVING FACILITY,120.0,,,-80.41021958,27.63771787
VERO BEACH,INDIAN RIVER,ASSISTED LIVING FACILITY,24.0,,,-80.40053477,27.67800084
VERO BEACH,INDIAN RIVER,ASSISTED LIVING FACILITY,24.0,,,-80.40512959,27.64012130
VERO BEACH,INDIAN RIVER,ASSISTED LIVING FACILITY,135.0,,,-80.39045011,27.66306386
VERO BEACH,INDIAN RIVER,BLOOD BANK,0.0,,,-80.39770015,27.65764492
MARIANNA,JACKSON,END-STAGE RENAL DISEASE,0.0,,,-85.25214471,30.77826786
GRACEVILLE,JACKSON,RURAL HEALTH CLINIC,0.0,,,-85.50680081,30.96314424
SNEADS,JACKSON,RURAL HEALTH CLINIC,0.0,,,-84.92760659,30.70976543
MARIANNA,JACKSON,RURAL HEALTH CLINIC,0.0,,,-85.23595100,30.78713800
MARIANNA,JACKSON,RURAL HEALTH CLINIC,0.0,,,-85.23616200,30.78713800
GRACEVILLE,JACKSON,SKILLED NURSING FACILITY,180.0,,,-85.50707056,30.96413213
MARIANNA,JACKSON,SKILLED NURSING FACILITY,120.0,,,-85.18413438,30.75124970
MARIANNA,JACKSON,SKILLED NURSING FACILITY,60.0,,,-85.23765685,30.78596329
MARIANNA,JACKSON,SKILLED NURSING FACILITY,180.0,,,-85.23783011,30.78670211
MONTICELLO,JEFFERSON,SKILLED NURSING FACILITY,60.0,,,-83.86880930,30.57139841
MONTICELLO,JEFFERSON,SKILLED NURSING FACILITY,97.0,,,-83.87301800,30.52385700
MONTICELLO,JEFFERSON,ADULT FAMILY CARE HOME,4.0,,,-83.88148700,30.56238200
MONTICELLO,JEFFERSON,ADULT FAMILY CARE HOME,5.0,,,-83.99514100,30.40282800
MONTICELLO,JEFFERSON,RURAL HEALTH CLINIC,0.0,,,-83.87018400,30.56167900
MAYO,LAFAYETTE,RURAL HEALTH CLINIC,0.0,,,-83.18470922,30.05638319
MAYO,LAFAYETTE,ASSISTED LIVING FACILITY,44.0,,,-83.18291333,30.05195797
MAYO,LAFAYETTE,SKILLED NURSING FACILITY,60.0,,,-83.18068417,30.05520206
EUSTIS,LAKE,SKILLED NURSING FACILITY,90.0,,,-81.69059200,28.84739800
EUSTIS,LAKE,SKILLED NURSING FACILITY,138.0,,,-81.68964300,28.82547000
LEESBURG,LAKE,SKILLED NURSING FACILITY,90.0,,,-81.87506000,28.81788900
LEESBURG,LAKE,SKILLED NURSING FACILITY,116.0,,,-81.89507477,28.80721476
ALTOONA,LAKE,SKILLED NURSING FACILITY,20.0,,,-81.65646800,28.96408600
LADY LAKE,LAKE,SKILLED NURSING FACILITY,145.0,,,-81.94130700,28.93754700
MOUNT DORA,LAKE,SKILLED NURSING FACILITY,116.0,,,-81.67582200,28.80976400
MOUNT DORA,LAKE,SKILLED NURSING FACILITY,120.0,,,-81.64517600,28.82209500
CLERMONT,LAKE,SKILLED NURSING FACILITY,182.0,,,-81.75476481,28.54654643
LEESBURG,LAKE,SKILLED NURSING FACILITY,120.0,,,-81.86675200,28.80650600
LEESBURG,LAKE,SKILLED NURSING FACILITY,120.0,,,-81.86097500,28.80487200
LADY LAKE,LAKE,SKILLED NURSING FACILITY,120.0,,,-81.93825800,28.91607600
EUSTIS,LAKE,SKILLED NURSING FACILITY,120.0,,,-81.68558100,28.84997100
EUSTIS,LAKE,ADULT FAMILY CARE HOME,5.0,,,-81.65865000,28.83256100
CLERMONT,LAKE,ADULT FAMILY CARE HOME,5.0,,,-81.77279400,28.65236300
EUSTIS,LAKE,ADULT FAMILY CARE HOME,4.0,,,-81.68003100,28.85640800
LEESBURG,LAKE,ASSISTED LIVING FACILITY,11.0,,,-81.87576200,28.81500300
MINNEOLA,LAKE,ASSISTED LIVING FACILITY,24.0,,,-81.75194000,28.57705100
TAVARES,LAKE,ASSISTED LIVING FACILITY,60.0,,,-81.70408617,28.81731414
TAVARES,LAKE,ASSISTED LIVING FACILITY,60.0,,,-81.70254300,28.81821400
MOUNT DORA,LAKE,ASSISTED LIVING FACILITY,14.0,,,-81.63879200,28.79283800
MOUNT DORA,LAKE,ASSISTED LIVING FACILITY,5.0,,,-81.68617300,28.79987100
TAVARES,LAKE,ASSISTED LIVING FACILITY,145.0,,,-81.71545900,28.81866000
LEESBURG,LAKE,ASSISTED LIVING FACILITY,8.0,,,-81.78715400,28.86817000
LEESBURG,LAKE,ASSISTED LIVING FACILITY,8.0,,,-81.79114300,28.85319100
MOUNT DORA,LAKE,AMBULATORY SURGICAL CENTER,0.0,,,-81.68263400,28.81328700
MOUNT DORA,LAKE,AMBULATORY SURGICAL CENTER,0.0,,,-81.66601200,28.82162000
CLERMONT,LAKE,AMBULATORY SURGICAL CENTER,0.0,,,-81.74090169,28.56394669
LEESBURG,LAKE,ASSISTED LIVING FACILITY,5.0,,,-81.77081300,28.84497200
LEESBURG,LAKE,ASSISTED LIVING FACILITY,5.0,,,-81.88251200,28.77787300
CLERMONT,LAKE,ASSISTED LIVING FACILITY,6.0,,,-81.70072200,28.61728400
LADY LAKE,LAKE,ASSISTED LIVING FACILITY,6.0,,,-81.88718100,28.91785100
MOUNT DORA,LAKE,RURAL HEALTH CLINIC,0.0,,,-81.64602800,28.82417600
UMATILLA,LAKE,RURAL HEALTH CLINIC,0.0,,,-81.67285800,28.91984500
HOWEY IN THE HILLS,LAKE,RURAL HEALTH CLINIC,0.0,,,-81.77330500,28.71354300
CLERMONT,LAKE,RURAL HEALTH CLINIC,0.0,,,-81.74104185,28.56351392
CLERMONT,LAKE,RURAL HEALTH CLINIC,0.0,,,-81.67942300,28.36109300
TAVARES,LAKE,RURAL HEALTH CLINIC,0.0,,,-81.70183439,28.81900164
LEESBURG,LAKE,RURAL HEALTH CLINIC,0.0,,,-81.89698900,28.84345000
EUSTIS,LAKE,RURAL HEALTH CLINIC,0.0,,,-81.68579300,28.86015700
UMATILLA,LAKE,RESIDENTIAL TREATMENT FACILITY,8.0,,,-81.62929100,28.93876300
LEESBURG,LAKE,RESIDENTIAL TREATMENT FACILITY,6.0,,,-81.89743400,28.83596400
MOUNT DORA,LAKE,RESIDENTIAL TREATMENT FACILITY,12.0,,,-81.63354602,28.81592649
MOUNT DORA,LAKE,RESIDENTIAL TREATMENT FACILITY,48.0,,,-81.63260784,28.81562320
MOUNT DORA,LAKE,RESIDENTIAL TREATMENT FACILITY,60.0,,,-81.63333566,28.81675196
LEESBURG,LAKE,RESIDENTIAL TREATMENT FACILITY,10.0,,,-81.89398920,28.83631974
MOUNT DORA,LAKE,END-STAGE RENAL DISEASE,0.0,,,-81.67239800,28.80770900
TAVARES,LAKE,HOSPICE,6.0,,,-81.75312457,28.77121344
CLERMONT,LAKE,HOSPICE,10.0,,,-81.71638754,28.55508375
CLERMONT,LAKE,END-STAGE RENAL DISEASE,0.0,,,-81.76633800,28.55129100
CLERMONT,LAKE,END-STAGE RENAL DISEASE,0.0,,,-81.73166700,28.56682500
LEESBURG,LAKE,END-STAGE RENAL DISEASE,0.0,,,-81.87564300,28.81223200
LEESBURG,LAKE,END-STAGE RENAL DISEASE,0.0,,,-81.87173100,28.81464600
LEESBURG,LAKE,END-STAGE RENAL DISEASE,0.0,,,-81.86583800,28.80650500
LEESBURG,LAKE,CRISIS STABILIZATION UNIT,16.0,,,-81.89520654,28.83662816
TAVARES,LAKE,AMBULATORY SURGICAL CENTER,0.0,,,-81.74991200,28.81174000
TAVARES,LAKE,AMBULATORY SURGICAL CENTER,0.0,,,-81.71578000,28.81944400
TAVARES,LAKE,AMBULATORY SURGICAL CENTER,0.0,,,-81.71122700,28.81958500
LADY LAKE,LAKE,AMBULATORY SURGICAL CENTER,0.0,,,-81.92328100,28.91902300
LEESBURG,LAKE,AMBULATORY SURGICAL CENTER,0.0,,,-81.86685900,28.80529100
LEESBURG,LAKE,AMBULATORY SURGICAL CENTER,0.0,,,-81.82197300,28.83449100
EUSTIS,LAKE,ASSISTED LIVING FACILITY,5.0,,,-81.68041100,28.83429800
EUSTIS,LAKE,ASSISTED LIVING FACILITY,30.0,,,-81.68158300,28.85522000
MOUNT DORA,LAKE,ASSISTED LIVING FACILITY,32.0,,,-81.64036200,28.80419800
LADY LAKE,LAKE,ASSISTED LIVING FACILITY,115.0,,,-81.93783500,28.91608100
EUSTIS,LAKE,ASSISTED LIVING FACILITY,6.0,,,-81.45093400,28.96052100
LADY LAKE,LAKE,ASSISTED LIVING FACILITY,80.0,,,-81.94134700,28.93750500
MONTVERDE,LAKE,ASSISTED LIVING FACILITY,10.0,,,-81.68721400,28.57135800
CLERMONT,LAKE,ASSISTED LIVING FACILITY,110.0,,,-81.72737200,28.55006800
LEESBURG,LAKE,ASSISTED LIVING FACILITY,45.0,,,-81.88169800,28.81115600
LEESBURG,LAKE,ASSISTED LIVING FACILITY,60.0,,,-81.86689000,28.80472900
TAVARES,LAKE,ASSISTED LIVING FACILITY,110.0,,,-81.71500200,28.80570800
ALTOONA,LAKE,ASSISTED LIVING FACILITY,65.0,,,-81.65597200,28.96522000
FRUITLAND PARK,LAKE,ASSISTED LIVING FACILITY,6.0,,,-81.89122300,28.88462100
LEESBURG,LAKE,ASSISTED LIVING FACILITY,20.0,,,-81.85617400,28.81470200
LEESBURG,LAKE,ASSISTED LIVING FACILITY,40.0,,,-81.86097500,28.80487200
LEESBURG,LAKE,ASSISTED LIVING FACILITY,40.0,,,-81.86693000,28.80342000
TAVARES,LAKE,ASSISTED LIVING FACILITY,36.0,,,-81.71860200,28.80402300
EUSTIS,LAKE,ASSISTED LIVING FACILITY,44.0,,,-81.67613900,28.85287900
TAVARES,LAKE,ASSISTED LIVING FACILITY,94.0,,,-81.76177300,28.78900400
EUSTIS,LAKE,ASSISTED LIVING FACILITY,8.0,,,-81.50547100,28.87485100
MOUNT DORA,LAKE,ASSISTED LIVING FACILITY,100.0,,,-81.64828100,28.82146100
LEESBURG,LAKE,ASSISTED LIVING FACILITY,6.0,,,-81.88473800,28.80911300
EUSTIS,LAKE,ASSISTED LIVING FACILITY,40.0,,,-81.68967600,28.82712100
CLERMONT,LAKE,ASSISTED LIVING FACILITY,100.0,,,-81.74699100,28.54691800
FORT MYERS,LEE,ASSISTED LIVING FACILITY,70.0,,,-81.91438025,26.51032628
LEHIGH ACRES,LEE,ASSISTED LIVING FACILITY,0.0,,,-81.68499738,26.63354318
LEHIGH ACRES,LEE,ASSISTED LIVING FACILITY,60.0,,,-81.65270283,26.60543327
CAPE CORAL,LEE,ASSISTED LIVING FACILITY,90.0,,,-81.97263730,26.63606505
CAPE CORAL,LEE,ASSISTED LIVING FACILITY,6.0,,,-81.93973439,26.66068718
CAPE CORAL,LEE,ASSISTED LIVING FACILITY,6.0,,,-81.95435683,26.65422202
CAPE CORAL,LEE,ASSISTED LIVING FACILITY,6.0,,,-81.96794379,26.60082541
CAPE CORAL,LEE,ASSISTED LIVING FACILITY,6.0,,,-81.99863889,26.68897309
CAPE CORAL,LEE,ASSISTED LIVING FACILITY,6.0,,,-81.98628411,26.57246188
CAPE CORAL,LEE,ASSISTED LIVING FACILITY,6.0,,,-81.98992394,26.56566941
CAPE CORAL,LEE,ASSISTED LIVING FACILITY,6.0,,,-81.97637003,26.59027884
CAPE CORAL,LEE,ASSISTED LIVING FACILITY,6.0,,,-81.95508923,26.67166531
CAPE CORAL,LEE,ASSISTED LIVING FACILITY,6.0,,,-81.94844463,26.63948446
CAPE CORAL,LEE,ASSISTED LIVING FACILITY,100.0,,,-81.95425630,26.55973624
FORT MYERS,LEE,ASSISTED LIVING FACILITY,64.0,,,-81.88106671,26.58667841
FORT MYERS,LEE,ASSISTED LIVING FACILITY,130.0,,,-81.99857630,26.51864686
FORT MYERS,LEE,ASSISTED LIVING FACILITY,130.0,,,-81.98131972,26.49324435
FORT MYERS,LEE,ASSISTED LIVING FACILITY,190.0,,,-81.88222154,26.54713046
LEHIGH ACRES,LEE,ASSISTED LIVING FACILITY,6.0,,,-81.58784437,26.54542627
BONITA SPRINGS,LEE,ASSISTED LIVING FACILITY,160.0,,,-81.81043024,26.34917961
FORT MYERS,LEE,ASSISTED LIVING FACILITY,19.0,,,-81.89888946,26.54273598
CAPE CORAL,LEE,ASSISTED LIVING FACILITY,4.0,,,-82.04635515,26.67519581
CAPE CORAL,LEE,ASSISTED LIVING FACILITY,50.0,,,-81.95690215,26.62561739
FORT MYERS,LEE,ASSISTED LIVING FACILITY,110.0,,,-81.87676877,26.55399335
FORT MYERS,LEE,ASSISTED LIVING FACILITY,110.0,,,-81.85659742,26.61045916
LEHIGH ACRES,LEE,ASSISTED LIVING FACILITY,10.0,,,-81.60470613,26.64347699
CAPE CORAL,LEE,ASSISTED LIVING FACILITY,16.0,,,-81.94003135,26.63776077
FORT MYERS,LEE,ASSISTED LIVING FACILITY,38.0,,,-81.82742239,26.54352990
FORT MYERS,LEE,ASSISTED LIVING FACILITY,,,,-81.79208397,26.62949768
FORT MYERS,LEE,ASSISTED LIVING FACILITY,60.0,,,-81.88879506,26.52911181
FORT MYERS,LEE,ASSISTED LIVING FACILITY,56.0,,,-81.95514944,26.51028491
FORT MYERS,LEE,ASSISTED LIVING FACILITY,55.0,,,-81.91703224,26.50495969
FORT MYERS,LEE,ASSISTED LIVING FACILITY,175.0,,,-81.86514101,26.64874078
FORT MYERS,LEE,ASSISTED LIVING FACILITY,10.0,,,-81.88283279,26.68837455
FORT MYERS,LEE,AMBULATORY SURGICAL CENTER,0.0,,,-81.88169346,26.59091032
FORT MYERS,LEE,AMBULATORY SURGICAL CENTER,0.0,,,-81.85832687,26.60121677
FORT MYERS,LEE,AMBULATORY SURGICAL CENTER,0.0,,,-81.84525365,26.53934976
FORT MYERS,LEE,AMBULATORY SURGICAL CENTER,0.0,,,-81.87125614,26.56163383
FORT MYERS,LEE,AMBULATORY SURGICAL CENTER,0.0,,,-81.87735029,26.52180162
FORT MYERS,LEE,AMBULATORY SURGICAL CENTER,0.0,,,-81.85889808,26.60371901
FORT MYERS,LEE,AMBULATORY SURGICAL CENTER,0.0,,,-81.90224805,26.55493091
FORT MYERS,LEE,AMBULATORY SURGICAL CENTER,0.0,,,-81.88330072,26.58637259
FORT MYERS,LEE,AMBULATORY SURGICAL CENTER,0.0,,,-81.89317473,26.55845292
FORT MYERS,LEE,AMBULATORY SURGICAL CENTER,0.0,,,-81.89306066,26.55769880
FORT MYERS,LEE,AMBULATORY SURGICAL CENTER,0.0,,,-81.89698671,26.51532426
FORT MYERS,LEE,AMBULATORY SURGICAL CENTER,0.0,,,-81.85911329,26.60312707
FORT MYERS,LEE,AMBULATORY SURGICAL CENTER,0.0,,,-81.86445552,26.60865623
FORT MYERS,LEE,AMBULATORY SURGICAL CENTER,0.0,,,-81.88457856,26.55313267
FORT MYERS,LEE,AMBULATORY SURGICAL CENTER,0.0,,,-81.91859392,26.53868326
FORT MYERS,LEE,AMBULATORY SURGICAL CENTER,0.0,,,-81.88182127,26.59244241
FORT MYERS,LEE,AMBULATORY SURGICAL CENTER,0.0,,,-81.88271653,26.58481401
FORT MYERS,LEE,AMBULATORY SURGICAL CENTER,0.0,,,-81.81915506,26.61240420
FORT MYERS,LEE,AMBULATORY SURGICAL CENTER,0.0,,,-81.87982459,26.52024300
FORT MYERS,LEE,AMBULATORY SURGICAL CENTER,0.0,,,-81.87225623,26.63011941
FORT MYERS,LEE,AMBULATORY SURGICAL CENTER,0.0,,,-81.89202915,26.55642737
FORT MYERS,LEE,AMBULATORY SURGICAL CENTER,0.0,,,-81.89445618,26.55731774
FORT MYERS,LEE,AMBULATORY SURGICAL CENTER,0.0,,,-81.88043849,26.55771786
FORT MYERS,LEE,AMBULATORY SURGICAL CENTER,0.0,,,-81.88159193,26.55945748
BONITA SPRINGS,LEE,AMBULATORY SURGICAL CENTER,0.0,,,-81.80869869,26.39542712
BONITA SPRINGS,LEE,AMBULATORY SURGICAL CENTER,0.0,,,-81.80648369,26.31676059
CAPE CORAL,LEE,AMBULATORY SURGICAL CENTER,0.0,,,-81.94077041,26.60110355
CAPE CORAL,LEE,AMBULATORY SURGICAL CENTER,0.0,,,-81.94049531,26.63869771
CAPE CORAL,LEE,AMBULATORY SURGICAL CENTER,0.0,,,-81.94400824,26.57435430
CAPE CORAL,LEE,BIRTH CENTER,0.0,,,-81.94174300,26.59451200
CAPE CORAL,LEE,CRISIS STABILIZATION UNIT,0.0,,,-81.94049531,26.63869771
FORT MYERS,LEE,END-STAGE RENAL DISEASE,0.0,,,-81.90879300,26.52052800
FORT MYERS,LEE,END-STAGE RENAL DISEASE,0.0,,,-81.90099300,26.52063800
FORT MYERS,LEE,END-STAGE RENAL DISEASE,0.0,,,-81.84519100,26.60068300
FORT MYERS,LEE,CRISIS STABILIZATION UNIT,30.0,,,-81.83813761,26.59531811
CAPE CORAL,LEE,END-STAGE RENAL DISEASE,0.0,,,-81.94500200,26.63706900
CAPE CORAL,LEE,END-STAGE RENAL DISEASE,0.0,,,-81.94174300,26.59451200
LEHIGH ACRES,LEE,END-STAGE RENAL DISEASE,0.0,,,-81.76068100,26.62073300
LEHIGH ACRES,LEE,END-STAGE RENAL DISEASE,0.0,,,-81.68306200,26.61707300
LEHIGH ACRES,LEE,END-STAGE RENAL DISEASE,0.0,,,-81.67122100,26.61737800
BONITA SPRINGS,LEE,END-STAGE RENAL DISEASE,0.0,,,-81.80091500,26.33080600
BONITA SPRINGS,LEE,HOSPICE,24.0,,,-81.76349780,26.34261578
LEHIGH ACRES,LEE,HOSPICE,8.0,,,-81.65067594,26.59865571
CAPE CORAL,LEE,HOSPICE,36.0,,,-81.92055981,26.68282853
LEHIGH ACRES,LEE,HOSPICE,16.0,,,-81.65067594,26.59865571
FORT MYERS,LEE,HOSPICE,16.0,,,-81.91521091,26.51166990
CAPE CORAL,LEE,INTERMEDIATE CARE FACILITY,,,,-81.94715805,26.63661453
CAPE CORAL,LEE,INTERMEDIATE CARE FACILITY,,,,-81.94042707,26.63789513
CAPE CORAL,LEE,INTERMEDIATE CARE FACILITY,,,,-81.95546437,26.63199488
CAPE CORAL,LEE,INTERMEDIATE CARE FACILITY,,,,-81.94117187,26.59871638
CAPE CORAL,LEE,INTERMEDIATE CARE FACILITY,,,,-82.00910478,26.56116339
BONITA SPRINGS,LEE,INTERMEDIATE CARE FACILITY,,,,-81.80869869,26.39542712
CAPE CORAL,LEE,INTERMEDIATE CARE FACILITY,24.0,,,-82.03369917,26.63863944
FORT MYERS,LEE,INTERMEDIATE CARE FACILITY,,,,-81.86870677,26.60627047
FORT MYERS,LEE,INTERMEDIATE CARE FACILITY,,,,-81.75479322,26.55660747
FORT MYERS,LEE,INTERMEDIATE CARE FACILITY,,,,-81.83994076,26.60067602
FORT MYERS,LEE,INTERMEDIATE CARE FACILITY,,,,-81.90718848,26.50946971
FORT MYERS,LEE,INTERMEDIATE CARE FACILITY,,,,-81.80891014,26.61481215
FORT MYERS,LEE,INTERMEDIATE CARE FACILITY,,,,-81.89629896,26.51431304
FORT MYERS,LEE,INTERMEDIATE CARE FACILITY,,,,-81.89551233,26.55857253
FORT MYERS,LEE,INTERMEDIATE CARE FACILITY,,,,-81.88314171,26.56033431
FORT MYERS,LEE,INTERMEDIATE CARE FACILITY,,,,-81.87541993,26.52627229
FORT MYERS,LEE,INTERMEDIATE CARE FACILITY,,,,-81.90649531,26.55243088
FORT MYERS,LEE,INTERMEDIATE CARE FACILITY,,,,-81.86725497,26.59601334
CAPE CORAL,LEE,INTERMEDIATE CARE FACILITY,6.0,,,-81.94773999,26.60330351
NORTH FORT MYERS,LEE,INTERMEDIATE CARE FACILITY,64.0,,,-81.88597024,26.71207099
BONITA SPRINGS,LEE,INTERMEDIATE CARE FACILITY,6.0,,,-81.79217370,26.33681724
LEHIGH ACRES,LEE,HOSPICE,,,,-81.65383233,26.59869376
NORTH FORT MYERS,LEE,END-STAGE RENAL DISEASE,0.0,,,-81.90084200,26.69692400
FORT MYERS,LEE,RESIDENTIAL TREATMENT FACILITY,16.0,,,-81.80942755,26.61959915
FORT MYERS,LEE,ASSISTED LIVING FACILITY,11.0,,,-81.86172124,26.64860350
CAPE CORAL,LEE,ASSISTED LIVING FACILITY,26.0,,,-81.94012338,26.60076086
CAPE CORAL,LEE,ASSISTED LIVING FACILITY,40.0,,,-81.97359529,26.63519270
CAPE CORAL,LEE,ASSISTED LIVING FACILITY,10.0,,,-81.93374888,26.66342498
CAPE CORAL,LEE,ASSISTED LIVING FACILITY,94.0,,,-81.97373380,26.63597594
BONITA SPRINGS,LEE,ASSISTED LIVING FACILITY,,,,-81.80615201,26.35498942
FORT MYERS,LEE,ASSISTED LIVING FACILITY,116.0,,,-81.87710843,26.56559773
CAPE CORAL,LEE,ASSISTED LIVING FACILITY,24.0,,,-81.97456960,26.62775027
FORT MYERS,LEE,ASSISTED LIVING FACILITY,80.0,,,-81.85683146,26.60343153
CAPE CORAL,LEE,ASSISTED LIVING FACILITY,75.0,,,-81.97231462,26.62737787
FORT MYERS,LEE,ASSISTED LIVING FACILITY,160.0,,,-81.98421870,26.50756904
FORT MYERS,LEE,ASSISTED LIVING FACILITY,135.0,,,-81.91188621,26.49907093
FORT MYERS,LEE,ADULT FAMILY CARE HOME,0.0,,,-81.87907361,26.55939307
FORT MYERS,LEE,ADULT FAMILY CARE HOME,0.0,,,-81.88726751,26.55843676
FORT MYERS,LEE,ADULT FAMILY CARE HOME,0.0,,,-81.87821122,26.57632374
FORT MYERS,LEE,ADULT FAMILY CARE HOME,0.0,,,-81.85830512,26.53012078
FORT MYERS,LEE,ADULT FAMILY CARE HOME,0.0,,,-81.85809711,26.60385555
FORT MYERS,LEE,SKILLED NURSING FACILITY,120.0,,,-81.85862967,26.60824459
FORT MYERS,LEE,SKILLED NURSING FACILITY,120.0,,,-81.82995351,26.54232127
FORT MYERS,LEE,SKILLED NURSING FACILITY,120.0,,,-81.84560235,26.60395716
FORT MYERS,LEE,SKILLED NURSING FACILITY,120.0,,,-81.87344914,26.62593806
FORT MYERS,LEE,SKILLED NURSING FACILITY,120.0,,,-81.87452005,26.56841545
FORT MYERS,LEE,SKILLED NURSING FACILITY,120.0,,,-81.88060011,26.58885654
CAPE CORAL,LEE,ADULT FAMILY CARE HOME,5.0,,,-81.92959436,26.65291643
CAPE CORAL,LEE,ADULT FAMILY CARE HOME,5.0,,,-82.06311668,26.70356558
CAPE CORAL,LEE,ADULT FAMILY CARE HOME,5.0,,,-82.02869491,26.58344708
CAPE CORAL,LEE,ADULT FAMILY CARE HOME,5.0,,,-81.97868081,26.61487885
CAPE CORAL,LEE,ADULT FAMILY CARE HOME,5.0,,,-81.94391041,26.62508295
CAPE CORAL,LEE,ADULT FAMILY CARE HOME,5.0,,,-82.00350545,26.68149729
CAPE CORAL,LEE,ADULT FAMILY CARE HOME,5.0,,,-81.93104280,26.64878557
FORT MYERS,LEE,SKILLED NURSING FACILITY,180.0,,,-81.86609445,26.59452056
CAPE CORAL,LEE,SKILLED NURSING FACILITY,85.0,,,-81.97231462,26.62737787
LEHIGH ACRES,LEE,ADULT FAMILY CARE HOME,4.0,,,-81.70282086,26.60533042
LEHIGH ACRES,LEE,ADULT FAMILY CARE HOME,4.0,,,-81.59364188,26.54229607
FORT MYERS,LEE,ADULT FAMILY CARE HOME,5.0,,,-81.85101817,26.68704334
FORT MYERS,LEE,ADULT FAMILY CARE HOME,5.0,,,-81.91517120,26.63928892
CAPE CORAL,LEE,ADULT FAMILY CARE HOME,0.0,,,-81.99130500,26.58092460
ALVA,LEE,ADULT FAMILY CARE HOME,3.0,,,-81.58244788,26.70645249
FORT MYERS,LEE,ADULT FAMILY CARE HOME,4.0,,,-81.84115752,26.64498042
LEHIGH ACRES,LEE,ADULT FAMILY CARE HOME,5.0,,,-81.60304501,26.62137423
LEHIGH ACRES,LEE,ADULT FAMILY CARE HOME,5.0,,,-81.59362035,26.57245599
LEHIGH ACRES,LEE,ADULT FAMILY CARE HOME,5.0,,,-81.64771717,26.58025499
LEHIGH ACRES,LEE,ADULT FAMILY CARE HOME,0.0,,,-81.65067594,26.59865571
BONITA SPRINGS,LEE,ADULT FAMILY CARE HOME,0.0,,,-81.80360827,26.32848236
CAPE CORAL,LEE,ADULT FAMILY CARE HOME,4.0,,,-81.93352697,26.66239916
NORTH FORT MYERS,LEE,PUBLIC HEALTH OFFICE,0.0,,,-81.88406615,26.66644689
FORT MYERS,LEE,PUBLIC HEALTH OFFICE,0.0,,,-81.83850931,26.47707738
FORT MYERS,LEE,PUBLIC HEALTH OFFICE,0.0,,,-81.83348795,26.64766477
LEHIGH ACRES,LEE,PUBLIC HEALTH OFFICE,0.0,,,-81.75544236,26.62044074
FORT MYERS,LEE,PUBLIC HEALTH OFFICE,,,,-81.87264466,26.59927321
FORT MYERS,LEE,PUBLIC HEALTH OFFICE,,,,-81.87039820,26.61114004
NORTH FORT MYERS,LEE,SKILLED NURSING FACILITY,120.0,,,-81.92083126,26.66663051
FORT MYERS,LEE,SKILLED NURSING FACILITY,64.0,,,-81.91827510,26.50414333
FORT MYERS,LEE,SKILLED NURSING FACILITY,60.0,,,-81.86514101,26.64874078
CAPE CORAL,LEE,SKILLED NURSING FACILITY,120.0,,,-81.94066103,26.60295580
CAPE CORAL,LEE,SKILLED NURSING FACILITY,120.0,,,-81.97549241,26.64721338
ESTERO,LEE,SKILLED NURSING FACILITY,155.0,,,-81.81351831,26.42099840
FORT MYERS,LEE,SKILLED NURSING FACILITY,107.0,,,-81.88818504,26.54923914
FORT MYERS,LEE,SKILLED NURSING FACILITY,219.0,,,-81.99623497,26.51750329
LEHIGH ACRES,LEE,SKILLED NURSING FACILITY,110.0,,,-81.66144758,26.61524554
FORT MYERS,LEE,SKILLED NURSING FACILITY,112.0,,,-81.91225231,26.51023298
TALLAHASSEE,LEON,SKILLED NURSING FACILITY,120.0,,,-84.20684100,30.47744400
TALLAHASSEE,LEON,SKILLED NURSING FACILITY,120.0,,,-84.24117300,30.45873700
TALLAHASSEE,LEON,SKILLED NURSING FACILITY,120.0,,,-84.30031000,30.45688000
TALLAHASSEE,LEON,SKILLED NURSING FACILITY,120.0,,,-84.24011900,30.47642500
TALLAHASSEE,LEON,SKILLED NURSING FACILITY,180.0,,,-84.22722500,30.47386300
TALLAHASSEE,LEON,SKILLED NURSING FACILITY,156.0,,,-84.22452200,30.47569500
TALLAHASSEE,LEON,ADULT FAMILY CARE HOME,4.0,,,-84.22202200,30.50547200
TALLAHASSEE,LEON,ASSISTED LIVING FACILITY,50.0,,,-84.23249800,30.50314300
TALLAHASSEE,LEON,BLOOD BANK,0.0,,,-84.26327283,30.45564024
TALLAHASSEE,LEON,BLOOD BANK,0.0,,,-84.23131800,30.47574100
TALLAHASSEE,LEON,BLOOD BANK,0.0,,,-84.23851638,30.46121692
TALLAHASSEE,LEON,AMBULATORY SURGICAL CENTER,0.0,,,-84.22464300,30.47583600
TALLAHASSEE,LEON,AMBULATORY SURGICAL CENTER,0.0,,,-84.22228000,30.47935700
TALLAHASSEE,LEON,AMBULATORY SURGICAL CENTER,0.0,,,-84.23666900,30.47197100
TALLAHASSEE,LEON,AMBULATORY SURGICAL CENTER,0.0,,,-84.23665500,30.45708200
TALLAHASSEE,LEON,AMBULATORY SURGICAL CENTER,0.0,,,-84.23201000,30.47309100
TALLAHASSEE,LEON,AMBULATORY SURGICAL CENTER,0.0,,,-84.22123500,30.47913900
TALLAHASSEE,LEON,AMBULATORY SURGICAL CENTER,0.0,,,-84.23109200,30.45911100
TALLAHASSEE,LEON,AMBULATORY SURGICAL CENTER,0.0,,,-84.23692300,30.48002900
TALLAHASSEE,LEON,AMBULATORY SURGICAL CENTER,0.0,,,-84.25565400,30.46015300
TALLAHASSEE,LEON,AMBULATORY SURGICAL CENTER,0.0,,,-84.24284500,30.46265300
TALLAHASSEE,LEON,AMBULATORY SURGICAL CENTER,0.0,,,-84.23639700,30.47495500
TALLAHASSEE,LEON,AMBULATORY SURGICAL CENTER,0.0,,,-84.22956400,30.47610600
TALLAHASSEE,LEON,ASSISTED LIVING FACILITY,98.0,,,-84.27816100,30.47464800
TALLAHASSEE,LEON,RESIDENTIAL TREATMENT FACILITY,16.0,,,-84.23887000,30.48751600
TALLAHASSEE,LEON,RESIDENTIAL TREATMENT FACILITY,16.0,,,-84.24165000,30.48840200
TALLAHASSEE,LEON,RESIDENTIAL TREATMENT FACILITY,24.0,,,-84.04973800,30.51931400
TALLAHASSEE,LEON,RESIDENTIAL TREATMENT FACILITY,9.0,,,-84.04973800,30.51931400
TALLAHASSEE,LEON,END-STAGE RENAL DISEASE,0.0,,,-84.25825300,30.45998000
TALLAHASSEE,LEON,END-STAGE RENAL DISEASE,0.0,,,-84.37112700,30.45611600
TALLAHASSEE,LEON,END-STAGE RENAL DISEASE,0.0,,,-84.28254600,30.41663000
TALLAHASSEE,LEON,INTERMEDIATE CARE FACILITY,0.0,,,-84.23871232,30.45808864
TALLAHASSEE,LEON,HOSPICE,12.0,,,-84.23789972,30.46176889
TALLAHASSEE,LEON,CRISIS STABILIZATION UNIT,28.0,,,-84.28065100,30.43977200
TALLAHASSEE,LEON,CRISIS STABILIZATION UNIT,4.0,,,-84.28065100,30.43977200
TALLAHASSEE,LEON,BIRTH CENTER,0.0,,,-84.27817000,30.45631800
TALLAHASSEE,LEON,ASSISTED LIVING FACILITY,120.0,,,-84.22596800,30.48026700
TALLAHASSEE,LEON,ASSISTED LIVING FACILITY,105.0,,,-84.23528500,30.42234600
TALLAHASSEE,LEON,ASSISTED LIVING FACILITY,60.0,,,-84.24778100,30.49141000
TALLAHASSEE,LEON,ASSISTED LIVING FACILITY,60.0,,,-84.21530100,30.53599900
TALLAHASSEE,LEON,ASSISTED LIVING FACILITY,99.0,,,-84.31464700,30.48623800
TALLAHASSEE,LEON,ASSISTED LIVING FACILITY,38.0,,,-84.23499100,30.47157800
TALLAHASSEE,LEON,ASSISTED LIVING FACILITY,6.0,,,-84.12568000,30.44588100
TALLAHASSEE,LEON,ASSISTED LIVING FACILITY,6.0,,,-84.35783900,30.58088500
TALLAHASSEE,LEON,ASSISTED LIVING FACILITY,6.0,,,-84.20515400,30.47445700
TALLAHASSEE,LEON,ASSISTED LIVING FACILITY,100.0,,,-84.20684100,30.47744400
TALLAHASSEE,LEON,ASSISTED LIVING FACILITY,5.0,,,-84.28140000,30.47075100
WILLISTON,LEVY,ASSISTED LIVING FACILITY,45.0,,,-82.44103200,29.38711300
CHIEFLAND,LEVY,HOSPICE,16.0,,,-82.85124692,29.48063373
CHIEFLAND,LEVY,END-STAGE RENAL DISEASE,0.0,,,-82.86010700,29.49069100
WILLISTON,LEVY,RURAL HEALTH CLINIC,0.0,,,-82.44789000,29.39033700
WILLISTON,LEVY,RURAL HEALTH CLINIC,0.0,,,-82.45576100,29.38402100
WILLISTON,LEVY,RURAL HEALTH CLINIC,0.0,,,-82.45115600,29.38783800
WILLISTON,LEVY,RURAL HEALTH CLINIC,0.0,,,-82.44576800,29.38764200
CHIEFLAND,LEVY,RURAL HEALTH CLINIC,0.0,,,-82.87057017,29.50330351
CHIEFLAND,LEVY,RURAL HEALTH CLINIC,0.0,,,-82.87389335,29.50352747
INGLIS,LEVY,RURAL HEALTH CLINIC,0.0,,,-82.67153532,29.03167650
WILLISTON,LEVY,ADULT FAMILY CARE HOME,4.0,,,-82.45651200,29.40211300
WILLISTON,LEVY,ADULT FAMILY CARE HOME,4.0,,,-82.40986000,29.38451000
WILLISTON,LEVY,ADULT FAMILY CARE HOME,3.0,,,-82.50946900,29.34764300
WILLISTON,LEVY,SKILLED NURSING FACILITY,120.0,,,-82.45115600,29.38783800
BRISTOL,LIBERTY,ASSISTED LIVING FACILITY,35.0,,,-84.96931254,30.43934646
LEE,MADISON,ASSISTED LIVING FACILITY,6.0,,,-83.29985700,30.41976200
GREENVILLE,MADISON,ASSISTED LIVING FACILITY,6.0,,,-83.63293300,30.51013100
MADISON,MADISON,RURAL HEALTH CLINIC,0.0,,,-83.41234200,30.46690300
MADISON,MADISON,RESIDENTIAL TREATMENT FACILITY,16.0,,,-83.42240500,30.46923300
MADISON,MADISON,END-STAGE RENAL DISEASE,0.0,,,-83.41307000,30.46667100
MADISON,MADISON,ASSISTED LIVING FACILITY,30.0,,,-83.36150600,30.53979900
MADISON,MADISON,ASSISTED LIVING FACILITY,13.0,,,-83.42080100,30.47028800
MADISON,MADISON,ASSISTED LIVING FACILITY,15.0,,,-83.40631300,30.45884200
MADISON,MADISON,ASSISTED LIVING FACILITY,8.0,,,-83.40591500,30.46576600
MADISON,MADISON,SKILLED NURSING FACILITY,60.0,,,-83.45150993,30.48206175
MADISON,MADISON,SKILLED NURSING FACILITY,120.0,,,-83.43130300,30.47245400
MADISON,MADISON,ADULT FAMILY CARE HOME,5.0,,,-83.41213300,30.46637100
GREENVILLE,MADISON,SKILLED NURSING FACILITY,58.0,,,-83.62685900,30.46905400
BRADENTON,MANATEE,SKILLED NURSING FACILITY,120.0,,,-82.62546610,27.48186111
BRADENTON,MANATEE,SKILLED NURSING FACILITY,120.0,,,-82.55429690,27.44180530
BRADENTON,MANATEE,SKILLED NURSING FACILITY,120.0,,,-82.62118196,27.47867581
BRADENTON,MANATEE,SKILLED NURSING FACILITY,120.0,,,-82.57736974,27.49720993
PALMETTO,MANATEE,SKILLED NURSING FACILITY,120.0,,,-82.55187187,27.52006720
BRADENTON,MANATEE,ADULT FAMILY CARE HOME,5.0,,,-82.39630577,27.43539421
BRADENTON,MANATEE,ADULT FAMILY CARE HOME,5.0,,,-82.58320527,27.44380523
PALMETTO,MANATEE,ADULT FAMILY CARE HOME,5.0,,,-82.54875128,27.54181674
BRADENTON,MANATEE,SKILLED NURSING FACILITY,60.0,,,-82.56462811,27.48132587
BRADENTON,MANATEE,SKILLED NURSING FACILITY,60.0,,,-82.61754170,27.48015539
BRADENTON,MANATEE,PUBLIC HEALTH OFFICE,,,,-82.55997940,27.49350900
BRADENTON,MANATEE,PUBLIC HEALTH OFFICE,,,,-82.55945548,27.49351826
SARASOTA,MANATEE,TRANSITIONAL LIVING FACILITY,6.0,,,-82.56738406,27.39680334
SARASOTA,MANATEE,TRANSITIONAL LIVING FACILITY,6.0,,,-82.56779335,27.39673288
BRADENTON,MANATEE,TRANSITIONAL LIVING FACILITY,4.0,,,-82.56882783,27.44181273
BRADENTON,MANATEE,SKILLED NURSING FACILITY,110.0,,,-82.54783467,27.49881008
BRADENTON,MANATEE,SKILLED NURSING FACILITY,105.0,,,-82.62482462,27.46210349
BRADENTON,MANATEE,SKILLED NURSING FACILITY,208.0,,,-82.53897138,27.49542767
SARASOTA,MANATEE,SKILLED NURSING FACILITY,120.0,,,-82.51455540,27.39493444
BRADENTON,MANATEE,SKILLED NURSING FACILITY,59.0,,,-82.57912739,27.48181075
BRADENTON,MANATEE,SKILLED NURSING FACILITY,240.0,,,-82.62374051,27.48424616
BRADENTON,MANATEE,ASSISTED LIVING FACILITY,120.0,,,-82.58850340,27.44185980
BRADENTON,MANATEE,ASSISTED LIVING FACILITY,12.0,,,-82.55064220,27.47353876
BRADENTON,MANATEE,ASSISTED LIVING FACILITY,12.0,,,-82.58415255,27.47457898
BRADENTON,MANATEE,ASSISTED LIVING FACILITY,54.0,,,-82.59019300,27.43548310
BRADENTON,MANATEE,ASSISTED LIVING FACILITY,40.0,,,-82.62428592,27.47874333
BRADENTON,MANATEE,ASSISTED LIVING FACILITY,40.0,,,-82.60454921,27.47600052
BRADENTON,MANATEE,ASSISTED LIVING FACILITY,5.0,,,-82.46902942,27.47231664
BRADENTON,MANATEE,ASSISTED LIVING FACILITY,5.0,,,-82.60143893,27.47212070
BRADENTON,MANATEE,ASSISTED LIVING FACILITY,5.0,,,-82.62607071,27.51044944
BRADENTON,MANATEE,ASSISTED LIVING FACILITY,5.0,,,-82.53256879,27.49123660
BRADENTON,MANATEE,ASSISTED LIVING FACILITY,16.0,,,-82.56343913,27.48964398
BRADENTON,MANATEE,ASSISTED LIVING FACILITY,16.0,,,-82.58018758,27.44460424
BRADENTON,MANATEE,ASSISTED LIVING FACILITY,16.0,,,-82.58788486,27.48812561
BRADENTON,MANATEE,ASSISTED LIVING FACILITY,16.0,,,-82.61183626,27.47413132
BRADENTON,MANATEE,ASSISTED LIVING FACILITY,16.0,,,-82.63273338,27.50633162
BRADENTON,MANATEE,ASSISTED LIVING FACILITY,16.0,,,-82.63295185,27.51364322
BRADENTON,MANATEE,ASSISTED LIVING FACILITY,16.0,,,-82.56213745,27.49245696
BRADENTON,MANATEE,ASSISTED LIVING FACILITY,78.0,,,-82.57377293,27.44473901
BRADENTON,MANATEE,ASSISTED LIVING FACILITY,117.0,,,-82.57736974,27.49720993
BRADENTON,MANATEE,AMBULATORY SURGICAL CENTER,0.0,,,-82.61940757,27.48064099
BRADENTON,MANATEE,AMBULATORY SURGICAL CENTER,0.0,,,-82.57922086,27.46275537
BRADENTON,MANATEE,AMBULATORY SURGICAL CENTER,0.0,,,-82.56474042,27.49729521
BRADENTON,MANATEE,AMBULATORY SURGICAL CENTER,0.0,,,-82.56802760,27.49502586
BRADENTON,MANATEE,AMBULATORY SURGICAL CENTER,0.0,,,-82.56084604,27.49565257
BRADENTON,MANATEE,AMBULATORY SURGICAL CENTER,0.0,,,-82.62181945,27.47996106
BRADENTON,MANATEE,AMBULATORY SURGICAL CENTER,0.0,,,-82.43165033,27.48064758
BRADENTON,MANATEE,AMBULATORY SURGICAL CENTER,0.0,,,-82.62336507,27.47882136
BRADENTON,MANATEE,AMBULATORY SURGICAL CENTER,0.0,,,-82.62119660,27.47439028
ELLENTON,MANATEE,END-STAGE RENAL DISEASE,0.0,,,-82.52493273,27.52218463
BRADENTON,MANATEE,END-STAGE RENAL DISEASE,0.0,,,-82.59809128,27.46108700
BRADENTON,MANATEE,END-STAGE RENAL DISEASE,0.0,,,-82.61856468,27.48065113
BRADENTON,MANATEE,END-STAGE RENAL DISEASE,0.0,,,-82.62102498,27.47989334
BRADENTON,MANATEE,END-STAGE RENAL DISEASE,0.0,,,-82.55808688,27.49483861
BRADENTON,MANATEE,CRISIS STABILIZATION UNIT,24.0,,,-82.53968462,27.47566143
UNIVERSITY PARK,MANATEE,END-STAGE RENAL DISEASE,0.0,,,-82.45427108,27.39289833
UNIVERSITY PARK,MANATEE,END-STAGE RENAL DISEASE,0.0,,,-82.45293202,27.39815131
PALMETTO,MANATEE,HOSPICE,6.0,,,-82.52142867,27.54642645
BRADENTON,MANATEE,HOSPICE,14.0,,,-82.58665285,27.47092255
BRADENTON,MANATEE,ASSISTED LIVING FACILITY,160.0,,,-82.62546610,27.48186111
BRADENTON,MANATEE,ASSISTED LIVING FACILITY,160.0,,,-82.62914053,27.49748800
BRADENTON,MANATEE,ASSISTED LIVING FACILITY,79.0,,,-82.57912739,27.48181075
PALMETTO,MANATEE,ASSISTED LIVING FACILITY,72.0,,,-82.57408752,27.51548288
BRADENTON,MANATEE,ASSISTED LIVING FACILITY,34.0,,,-82.57918054,27.49517919
PARRISH,MANATEE,ASSISTED LIVING FACILITY,6.0,,,-82.43822547,27.56172192
BRADENTON,MANATEE,ASSISTED LIVING FACILITY,9.0,,,-82.59193256,27.45668043
BRADENTON,MANATEE,ASSISTED LIVING FACILITY,80.0,,,-82.54783467,27.49881008
BRADENTON,MANATEE,ASSISTED LIVING FACILITY,76.0,,,-82.57364298,27.47191110
BRADENTON,MANATEE,ASSISTED LIVING FACILITY,65.0,,,-82.58284423,27.47137641
BRADENTON,MANATEE,ASSISTED LIVING FACILITY,86.0,,,-82.44213467,27.39291464
PALMETTO,MANATEE,ASSISTED LIVING FACILITY,16.0,,,-82.56562293,27.52564231
BRADENTON,MANATEE,ASSISTED LIVING FACILITY,8.0,,,-82.63272057,27.50493780
BRADENTON,MANATEE,ASSISTED LIVING FACILITY,85.0,,,-82.53474673,27.43957122
BRADENTON,MANATEE,ASSISTED LIVING FACILITY,142.0,,,-82.58628803,27.46979845
BRADENTON,MANATEE,ASSISTED LIVING FACILITY,135.0,,,-82.55266036,27.49463298
BRADENTON,MANATEE,ASSISTED LIVING FACILITY,50.0,,,-82.55177476,27.45999565
BRADENTON,MANATEE,ASSISTED LIVING FACILITY,48.0,,,-82.44228687,27.39195991
OCALA,MARION,ASSISTED LIVING FACILITY,5.0,,,-82.03836600,29.16760800
OCALA,MARION,ASSISTED LIVING FACILITY,6.0,,,-82.01583700,29.11676400
OCALA,MARION,ASSISTED LIVING FACILITY,6.0,,,-82.01523000,29.09736100
OCALA,MARION,ASSISTED LIVING FACILITY,6.0,,,-81.99985400,29.09796600
OCALA,MARION,ASSISTED LIVING FACILITY,6.0,,,-82.02520700,29.13661700
OCALA,MARION,ASSISTED LIVING FACILITY,6.0,,,-82.00761400,29.11339400
OCALA,MARION,ASSISTED LIVING FACILITY,28.0,,,-82.11460100,29.18697800
OCALA,MARION,ASSISTED LIVING FACILITY,36.0,,,-82.17607400,29.14841100
OCALA,MARION,ASSISTED LIVING FACILITY,94.0,,,-82.11396300,29.16398900
OCALA,MARION,ASSISTED LIVING FACILITY,120.0,,,-82.25271300,29.09180400
OCALA,MARION,ASSISTED LIVING FACILITY,120.0,,,-82.11651600,29.15999500
OCALA,MARION,ASSISTED LIVING FACILITY,120.0,,,-82.20329000,29.13942400
BELLEVIEW,MARION,ASSISTED LIVING FACILITY,5.0,,,-81.98684000,29.02856100
BELLEVIEW,MARION,ASSISTED LIVING FACILITY,34.0,,,-82.04599900,29.06129300
OCALA,MARION,ASSISTED LIVING FACILITY,54.0,,,-82.21843300,29.12972100
DUNNELLON,MARION,ASSISTED LIVING FACILITY,60.0,,,-82.32011100,29.05354300
BELLEVIEW,MARION,ASSISTED LIVING FACILITY,75.0,,,-82.05521600,29.06842000
SUMMERFIELD,MARION,ASSISTED LIVING FACILITY,46.0,,,-81.97198100,28.96859100
OCKLAWAHA,MARION,ASSISTED LIVING FACILITY,50.0,,,-81.92937000,29.04423100
OCALA,MARION,ASSISTED LIVING FACILITY,65.0,,,-82.11659200,29.16946100
MICANOPY,MARION,ASSISTED LIVING FACILITY,16.0,,,-82.21706300,29.46765400
OCALA,MARION,ASSISTED LIVING FACILITY,56.0,,,-82.17584300,29.17145100
OCALA,MARION,ASSISTED LIVING FACILITY,40.0,,,-82.15423900,29.18031800
SUMMERFIELD,MARION,HOSPICE,16.0,,,-81.97212943,28.96916413
OCALA,MARION,HOSPICE,8.0,,,-82.09684809,29.12505992
OCALA,MARION,HOSPICE,8.0,,,-82.09549777,29.12512190
OCALA,MARION,HOSPICE,24.0,,,-82.27772786,29.06371505
OCALA,MARION,END-STAGE RENAL DISEASE,0.0,,,-82.01934100,29.10583200
OCALA,MARION,END-STAGE RENAL DISEASE,0.0,,,-82.13449700,29.15960600
OCALA,MARION,END-STAGE RENAL DISEASE,0.0,,,-82.27524200,29.06182200
OCALA,MARION,END-STAGE RENAL DISEASE,0.0,,,-82.13372800,29.15908300
DUNNELLON,MARION,RURAL HEALTH CLINIC,0.0,,,-82.45769900,29.05344100
DUNNELLON,MARION,RURAL HEALTH CLINIC,0.0,,,-82.45379100,29.06234500
OCALA,MARION,RESIDENTIAL TREATMENT FACILITY,50.0,,,-82.16901000,29.15600400
OCKLAWAHA,MARION,RESIDENTIAL TREATMENT FACILITY,15.0,,,-81.90181700,29.09898500
BELLEVIEW,MARION,RURAL HEALTH CLINIC,0.0,,,-82.06869400,29.06601000
OCALA,MARION,RURAL HEALTH CLINIC,0.0,,,-82.15668100,29.16776900
OCALA,MARION,RURAL HEALTH CLINIC,0.0,,,-82.21863300,29.10703100
OCALA,MARION,RURAL HEALTH CLINIC,0.0,,,-82.16756200,29.18839300
WEIRSDALE,MARION,RURAL HEALTH CLINIC,0.0,,,-81.92267300,28.98363100
SILVER SPRINGS,MARION,RURAL HEALTH CLINIC,0.0,,,-81.88913700,29.18232600
CITRA,MARION,RURAL HEALTH CLINIC,0.0,,,-82.11055700,29.40960800
SUMMERFIELD,MARION,AMBULATORY SURGICAL CENTER,0.0,,,-81.97299900,28.96969100
SUMMERFIELD,MARION,AMBULATORY SURGICAL CENTER,0.0,,,-81.97326800,28.96811200
SUMMERFIELD,MARION,AMBULATORY SURGICAL CENTER,0.0,,,-81.97059000,28.96709700
OCALA,MARION,AMBULATORY SURGICAL CENTER,0.0,,,-82.12773400,29.15527300
OCALA,MARION,AMBULATORY SURGICAL CENTER,0.0,,,-82.17782400,29.15324700
OCALA,MARION,AMBULATORY SURGICAL CENTER,0.0,,,-82.17180700,29.15366900
OCALA,MARION,AMBULATORY SURGICAL CENTER,0.0,,,-82.17441100,29.15600200
OCALA,MARION,AMBULATORY SURGICAL CENTER,0.0,,,-82.17201800,29.15366400
OCALA,MARION,AMBULATORY SURGICAL CENTER,0.0,,,-82.12509400,29.17062500
OCALA,MARION,AMBULATORY SURGICAL CENTER,0.0,,,-82.15672400,29.14906100
OCALA,MARION,AMBULATORY SURGICAL CENTER,0.0,,,-82.17229800,29.15552600
CITRA,MARION,END-STAGE RENAL DISEASE,0.0,,,-82.17151100,29.36693300
OCALA,MARION,CRISIS STABILIZATION UNIT,12.0,,,-82.21842300,29.13052100
OCALA,MARION,CRISIS STABILIZATION UNIT,30.0,,,-82.21842300,29.13052100
OCALA,MARION,BIRTH CENTER,0.0,,,-82.05911244,29.14175961
BELLEVIEW,MARION,ASSISTED LIVING FACILITY,21.0,,,-82.04991300,29.06266000
DUNNELLON,MARION,ASSISTED LIVING FACILITY,50.0,,,-82.33488375,29.05309862
OCALA,MARION,BLOOD BANK,0.0,,,-82.20008912,29.14109295
OCALA,MARION,BLOOD BANK,0.0,,,-82.13738750,29.17670994
OCALA,MARION,ASSISTED LIVING FACILITY,70.0,,,-82.27516400,29.05794400
OCALA,MARION,ASSISTED LIVING FACILITY,95.0,,,-82.16970200,29.14799300
OCALA,MARION,ASSISTED LIVING FACILITY,180.0,,,-82.11331000,29.15805000
OCALA,MARION,ASSISTED LIVING FACILITY,80.0,,,-82.12751100,29.16991700
OCALA,MARION,ASSISTED LIVING FACILITY,68.0,,,-82.11857600,29.16112600
CANDLER,MARION,ASSISTED LIVING FACILITY,10.0,,,-81.96757000,29.07130100
OCALA,MARION,ASSISTED LIVING FACILITY,75.0,,,-82.15744300,29.16610200
OCALA,MARION,SKILLED NURSING FACILITY,133.0,,,-82.13674300,29.16739100
OCALA,MARION,SKILLED NURSING FACILITY,180.0,,,-82.28061100,29.06277300
OCALA,MARION,SKILLED NURSING FACILITY,180.0,,,-82.10044100,29.15363300
OCALA,MARION,SKILLED NURSING FACILITY,180.0,,,-82.11851700,29.16116500
OCALA,MARION,SKILLED NURSING FACILITY,180.0,,,-82.12413800,29.16444500
OCALA,MARION,SKILLED NURSING FACILITY,120.0,,,-82.08116600,29.20077700
OCALA,MARION,SKILLED NURSING FACILITY,120.0,,,-82.16970200,29.14799300
OCALA,MARION,SKILLED NURSING FACILITY,120.0,,,-82.17607400,29.14841100
THE VILLAGES,MARION,SKILLED NURSING FACILITY,60.0,,,-82.00996800,28.98171300
OCALA,MARION,ADULT FAMILY CARE HOME,5.0,,,-82.37637400,29.14693600
OCALA,MARION,ADULT FAMILY CARE HOME,5.0,,,-82.03606700,29.13306600
OCALA,MARION,ADULT FAMILY CARE HOME,5.0,,,-82.03628500,29.13773600
OCALA,MARION,ADULT FAMILY CARE HOME,5.0,,,-82.01399200,29.10269500
OCALA,MARION,ADULT FAMILY CARE HOME,5.0,,,-82.21398300,28.97975000
OCALA,MARION,ADULT FAMILY CARE HOME,5.0,,,-82.19760200,29.07736300
OCALA,MARION,ADULT FAMILY CARE HOME,5.0,,,-82.24206200,29.03223700
DUNNELLON,MARION,ADULT FAMILY CARE HOME,5.0,,,-82.30311200,29.05556500
WEIRSDALE,MARION,ADULT FAMILY CARE HOME,4.0,,,-81.86604700,28.97497300
SUMMERFIELD,MARION,ADULT FAMILY CARE HOME,5.0,,,-81.96556100,28.98196300
SUMMERFIELD,MARION,ADULT FAMILY CARE HOME,5.0,,,-82.01011300,28.99437000
OCALA,MARION,ADULT FAMILY CARE HOME,4.0,,,-82.17431400,28.97676100
OCALA,MARION,SKILLED NURSING FACILITY,99.0,,,-82.12980100,29.17168900
STUART,MARTIN,ADULT FAMILY CARE HOME,5.0,,,-80.19541035,27.14006852
STUART,MARTIN,ADULT FAMILY CARE HOME,0.0,,,-80.24198590,27.12757582
STUART,MARTIN,PUBLIC HEALTH OFFICE,0.0,,,-80.24221034,27.16437902
STUART,MARTIN,SKILLED NURSING FACILITY,120.0,,,-80.23717119,27.18573057
STUART,MARTIN,SKILLED NURSING FACILITY,120.0,,,-80.18926970,27.14124197
STUART,MARTIN,SKILLED NURSING FACILITY,120.0,,,-80.22349578,27.13218969
PALM CITY,MARTIN,SKILLED NURSING FACILITY,56.0,,,-80.27460317,27.18782757
PALM CITY,MARTIN,SKILLED NURSING FACILITY,120.0,,,-80.28694479,27.16213515
STUART,MARTIN,SKILLED NURSING FACILITY,0.0,,,-80.23562315,27.18625978
STUART,MARTIN,SKILLED NURSING FACILITY,177.0,,,-80.24220155,27.17786902
HOBE SOUND,MARTIN,SKILLED NURSING FACILITY,120.0,,,-80.14990499,27.08848170
STUART,MARTIN,ASSISTED LIVING FACILITY,12.0,,,-80.26692715,27.21506560
STUART,MARTIN,END-STAGE RENAL DISEASE,0.0,,,-80.22082936,27.19526579
STUART,MARTIN,AMBULATORY SURGICAL CENTER,0.0,,,-80.22432999,27.19678943
STUART,MARTIN,AMBULATORY SURGICAL CENTER,0.0,,,-80.25002753,27.19908892
STUART,MARTIN,AMBULATORY SURGICAL CENTER,0.0,,,-80.22878338,27.19769010
JENSEN BEACH,MARTIN,AMBULATORY SURGICAL CENTER,0.0,,,-80.27918188,27.25208998
STUART,MARTIN,RURAL HEALTH CLINIC,0.0,,,-80.24221034,27.16437902
STUART,MARTIN,RURAL HEALTH CLINIC,0.0,,,-80.23320588,27.17333909
PALM CITY,MARTIN,RURAL HEALTH CLINIC,0.0,,,-80.29462106,27.17132031
HOBE SOUND,MARTIN,RURAL HEALTH CLINIC,0.0,,,-80.13907435,27.06293720
INDIANTOWN,MARTIN,RURAL HEALTH CLINIC,0.0,,,-80.47683224,27.02048247
STUART,MARTIN,RESIDENTIAL TREATMENT FACILITY,0.0,,,-80.25265278,27.18043387
STUART,MARTIN,HOSPICE,16.0,,,-80.23824203,27.16371954
HOBE SOUND,MARTIN,ASSISTED LIVING FACILITY,48.0,,,-80.14990499,27.08848170
PALM CITY,MARTIN,ASSISTED LIVING FACILITY,20.0,,,-80.27462435,27.18906734
STUART,MARTIN,ASSISTED LIVING FACILITY,100.0,,,-80.24102190,27.17845274
STUART,MARTIN,ASSISTED LIVING FACILITY,38.0,,,-80.25457222,27.18318320
TEQUESTA,MARTIN,ASSISTED LIVING FACILITY,0.0,,,-80.11730895,26.97494841
STUART,MARTIN,ASSISTED LIVING FACILITY,24.0,,,-80.21065484,27.16383047
STUART,MARTIN,ASSISTED LIVING FACILITY,0.0,,,-80.21563265,27.19489371
STUART,MARTIN,ASSISTED LIVING FACILITY,0.0,,,-80.23448042,27.18533615
STUART,MARTIN,ASSISTED LIVING FACILITY,0.0,,,-80.22907495,27.13237306
INDIANTOWN,MARTIN,ASSISTED LIVING FACILITY,10.0,,,-80.51497100,27.09133000
STUART,MARTIN,ASSISTED LIVING FACILITY,55.0,,,-80.23478909,27.16444372
STUART,MARTIN,ASSISTED LIVING FACILITY,104.0,,,-80.23591445,27.16377736
PALM CITY,MARTIN,ASSISTED LIVING FACILITY,6.0,,,-80.35033646,27.15222956
JENSEN BEACH,MARTIN,ASSISTED LIVING FACILITY,165.0,,,-80.21398058,27.22422865
STUART,MARTIN,ASSISTED LIVING FACILITY,9.0,,,-80.24406997,27.15372504
HOMESTEAD ,MIAMI-DADE,ASSISTED LIVING FACILITY,,,,-80.45307754,25.47937010
MIAMI,MIAMI-DADE,ASSISTED LIVING FACILITY,6.0,,,-80.35848000,25.68474300
MIAMI,MIAMI-DADE,ASSISTED LIVING FACILITY,6.0,,,-80.39922100,25.73346300
MIAMI,MIAMI-DADE,ASSISTED LIVING FACILITY,6.0,,,-80.45206100,25.72185100
MIAMI,MIAMI-DADE,ASSISTED LIVING FACILITY,6.0,,,-80.41640100,25.77087100
MIAMI,MIAMI-DADE,ASSISTED LIVING FACILITY,6.0,,,-80.39186200,25.73679900
MIAMI,MIAMI-DADE,ASSISTED LIVING FACILITY,6.0,,,-80.41092600,25.71642800
MIAMI,MIAMI-DADE,ASSISTED LIVING FACILITY,6.0,,,-80.37200200,25.61222900
MIAMI,MIAMI-DADE,ASSISTED LIVING FACILITY,6.0,,,-80.42313200,25.72760400
MIAMI,MIAMI-DADE,ASSISTED LIVING FACILITY,6.0,,,-80.29601100,25.77238300
MIAMI,MIAMI-DADE,ASSISTED LIVING FACILITY,6.0,,,-80.41776000,25.75523300
MIAMI,MIAMI-DADE,ASSISTED LIVING FACILITY,6.0,,,-80.44446100,25.59952000
MIAMI,MIAMI-DADE,ASSISTED LIVING FACILITY,6.0,,,-80.36069200,25.73212200
MIAMI,MIAMI-DADE,ASSISTED LIVING FACILITY,6.0,,,-80.34273200,25.76352800
MIAMI,MIAMI-DADE,ASSISTED LIVING FACILITY,6.0,,,-80.43171900,25.62702800
MIAMI,MIAMI-DADE,ASSISTED LIVING FACILITY,6.0,,,-80.32861200,25.71387900
MIAMI,MIAMI-DADE,ASSISTED LIVING FACILITY,6.0,,,-80.17803300,25.91718800
MIAMI,MIAMI-DADE,ASSISTED LIVING FACILITY,6.0,,,-80.44140200,25.62299400
MIAMI,MIAMI-DADE,ASSISTED LIVING FACILITY,6.0,,,-80.35497100,25.75753300
MIAMI,MIAMI-DADE,ASSISTED LIVING FACILITY,6.0,,,-80.39193375,25.73249509
MIAMI,MIAMI-DADE,ASSISTED LIVING FACILITY,6.0,,,-80.39463100,25.73957400
MIAMI,MIAMI-DADE,ASSISTED LIVING FACILITY,6.0,,,-80.42433100,25.66876100
MIAMI,MIAMI-DADE,ASSISTED LIVING FACILITY,6.0,,,-80.36348200,25.71761800
MIAMI,MIAMI-DADE,ASSISTED LIVING FACILITY,6.0,,,-80.25150200,25.78854900
MIAMI,MIAMI-DADE,ASSISTED LIVING FACILITY,6.0,,,-80.21818200,25.75536100
MIAMI,MIAMI-DADE,ASSISTED LIVING FACILITY,6.0,,,-80.23361000,25.75649300
MIAMI,MIAMI-DADE,ASSISTED LIVING FACILITY,6.0,,,-80.43611200,25.71238900
MIAMI,MIAMI-DADE,ASSISTED LIVING FACILITY,6.0,,,-80.21239100,25.81434300
MIAMI,MIAMI-DADE,ASSISTED LIVING FACILITY,6.0,,,-80.42988200,25.72209900
MIAMI,MIAMI-DADE,ASSISTED LIVING FACILITY,6.0,,,-80.39811200,25.57701300
MIAMI,MIAMI-DADE,ASSISTED LIVING FACILITY,6.0,,,-80.32932100,25.76305300
MIAMI,MIAMI-DADE,ASSISTED LIVING FACILITY,6.0,,,-80.30266100,25.77226300
MIAMI,MIAMI-DADE,ASSISTED LIVING FACILITY,6.0,,,-80.42969200,25.62226900
MIAMI,MIAMI-DADE,ASSISTED LIVING FACILITY,6.0,,,-80.33100200,25.75417900
MIAMI,MIAMI-DADE,ASSISTED LIVING FACILITY,6.0,,,-80.41354100,25.72418100
MIAMI,MIAMI-DADE,ASSISTED LIVING FACILITY,6.0,,,-80.43437700,25.67599700
MIAMI,MIAMI-DADE,ASSISTED LIVING FACILITY,6.0,,,-80.42511900,25.71653400
MIAMI,MIAMI-DADE,ASSISTED LIVING FACILITY,6.0,,,-80.44377695,25.72594811
MIAMI,MIAMI-DADE,ASSISTED LIVING FACILITY,6.0,,,-80.42374000,25.67439000
MIAMI,MIAMI-DADE,ASSISTED LIVING FACILITY,6.0,,,-80.41258072,25.78127163
MIAMI,MIAMI-DADE,ASSISTED LIVING FACILITY,6.0,,,-80.40542500,25.69520600
MIAMI,MIAMI-DADE,ASSISTED LIVING FACILITY,6.0,,,-80.33958200,25.72902900
MIAMI,MIAMI-DADE,ASSISTED LIVING FACILITY,6.0,,,-80.19871321,25.92693933
MIAMI,MIAMI-DADE,ASSISTED LIVING FACILITY,6.0,,,-80.22502000,25.93736100
MIAMI,MIAMI-DADE,ASSISTED LIVING FACILITY,6.0,,,-80.37789900,25.59319200
MIAMI,MIAMI-DADE,ASSISTED LIVING FACILITY,6.0,,,-80.23687100,25.76800200
MIAMI,MIAMI-DADE,ASSISTED LIVING FACILITY,6.0,,,-80.29826200,25.75150800
MIAMI,MIAMI-DADE,ASSISTED LIVING FACILITY,6.0,,,-80.42080100,25.75918100
MIAMI,MIAMI-DADE,ASSISTED LIVING FACILITY,6.0,,,-80.44745100,25.69098000
MIAMI,MIAMI-DADE,ASSISTED LIVING FACILITY,6.0,,,-80.32475300,25.73684300
MIAMI,MIAMI-DADE,ASSISTED LIVING FACILITY,6.0,,,-80.40038200,25.74851900
MIAMI,MIAMI-DADE,ASSISTED LIVING FACILITY,6.0,,,-80.34431000,25.72590300
MIAMI,MIAMI-DADE,ASSISTED LIVING FACILITY,6.0,,,-80.32397400,25.62163200
MIAMI,MIAMI-DADE,ASSISTED LIVING FACILITY,6.0,,,-80.43397100,25.60965200
MIAMI,MIAMI-DADE,ASSISTED LIVING FACILITY,6.0,,,-80.25343300,25.77094000
MIAMI,MIAMI-DADE,ASSISTED LIVING FACILITY,6.0,,,-80.39371200,25.58144200
MIAMI,MIAMI-DADE,ASSISTED LIVING FACILITY,6.0,,,-80.30414300,25.74006800
MIAMI,MIAMI-DADE,ASSISTED LIVING FACILITY,6.0,,,-80.39036000,25.59727300
MIAMI,MIAMI-DADE,ASSISTED LIVING FACILITY,6.0,,,-80.34214000,25.58615000
MIAMI,MIAMI-DADE,ASSISTED LIVING FACILITY,6.0,,,-80.35759200,25.75440900
MIAMI,MIAMI-DADE,ASSISTED LIVING FACILITY,6.0,,,-80.29600100,25.76751200
MIAMI,MIAMI-DADE,ASSISTED LIVING FACILITY,6.0,,,-80.23545100,25.81810200
MIAMI,MIAMI-DADE,ASSISTED LIVING FACILITY,6.0,,,-80.32608100,25.75136100
MIAMI,MIAMI-DADE,ASSISTED LIVING FACILITY,6.0,,,-80.42546300,25.72328100
MIAMI,MIAMI-DADE,ASSISTED LIVING FACILITY,6.0,,,-80.41026993,25.60221463
MIAMI,MIAMI-DADE,ASSISTED LIVING FACILITY,6.0,,,-80.46170800,25.70706800
MIAMI,MIAMI-DADE,ASSISTED LIVING FACILITY,6.0,,,-80.40499100,25.70566500
MIAMI,MIAMI-DADE,ASSISTED LIVING FACILITY,6.0,,,-80.17789100,25.96616400
MIAMI,MIAMI-DADE,ASSISTED LIVING FACILITY,6.0,,,-80.35308200,25.61169900
MIAMI,MIAMI-DADE,ASSISTED LIVING FACILITY,6.0,,,-80.28649100,25.72792300
MIAMI,MIAMI-DADE,ASSISTED LIVING FACILITY,6.0,,,-80.43373000,25.60423300
MIAMI,MIAMI-DADE,ASSISTED LIVING FACILITY,6.0,,,-80.32670200,25.75809800
MIAMI,MIAMI-DADE,ASSISTED LIVING FACILITY,6.0,,,-80.42544100,25.75446100
MIAMI,MIAMI-DADE,ASSISTED LIVING FACILITY,6.0,,,-80.31350700,25.73850500
MIAMI,MIAMI-DADE,ASSISTED LIVING FACILITY,6.0,,,-80.45418100,25.67030000
MIAMI,MIAMI-DADE,ASSISTED LIVING FACILITY,6.0,,,-80.24646200,25.78212900
MIAMI,MIAMI-DADE,ASSISTED LIVING FACILITY,6.0,,,-80.32755000,25.72863300
MIAMI,MIAMI-DADE,ASSISTED LIVING FACILITY,6.0,,,-80.34850700,25.74480400
MIAMI,MIAMI-DADE,ASSISTED LIVING FACILITY,6.0,,,-80.35769100,25.74816200
MIAMI,MIAMI-DADE,ASSISTED LIVING FACILITY,6.0,,,-80.35684200,25.61993900
MIAMI,MIAMI-DADE,ASSISTED LIVING FACILITY,6.0,,,-80.43867100,25.60064200
MIAMI,MIAMI-DADE,ASSISTED LIVING FACILITY,6.0,,,-80.24208100,25.75316300
MIAMI,MIAMI-DADE,ASSISTED LIVING FACILITY,6.0,,,-80.44266100,25.73571300
MIAMI,MIAMI-DADE,ASSISTED LIVING FACILITY,6.0,,,-80.44704100,25.74409300
MIAMI,MIAMI-DADE,ASSISTED LIVING FACILITY,6.0,,,-80.30698200,25.74529900
MIAMI,MIAMI-DADE,ASSISTED LIVING FACILITY,6.0,,,-80.39204200,25.74164000
MIAMI,MIAMI-DADE,ASSISTED LIVING FACILITY,6.0,,,-80.33202300,25.75027800
MIAMI,MIAMI-DADE,ASSISTED LIVING FACILITY,6.0,,,-80.41200200,25.74250800
MIAMI,MIAMI-DADE,ASSISTED LIVING FACILITY,6.0,,,-80.31886300,25.58391600
MIAMI,MIAMI-DADE,ASSISTED LIVING FACILITY,6.0,,,-80.20713000,25.94675300
MIAMI,MIAMI-DADE,ASSISTED LIVING FACILITY,6.0,,,-80.31631100,25.74920800
MIAMI,MIAMI-DADE,ASSISTED LIVING FACILITY,6.0,,,-80.37947000,25.69284300
MIAMI,MIAMI-DADE,ASSISTED LIVING FACILITY,6.0,,,-80.43766500,25.71422300
MIAMI,MIAMI-DADE,ASSISTED LIVING FACILITY,6.0,,,-80.36993100,25.72726300
MIAMI,MIAMI-DADE,ASSISTED LIVING FACILITY,6.0,,,-80.43029100,25.72731200
MIAMI,MIAMI-DADE,ASSISTED LIVING FACILITY,6.0,,,-80.35494200,25.79954800
MIAMI,MIAMI-DADE,ASSISTED LIVING FACILITY,6.0,,,-80.24879100,25.79104300
MIAMI,MIAMI-DADE,ASSISTED LIVING FACILITY,6.0,,,-80.20425100,25.82055300
MIAMI,MIAMI-DADE,ASSISTED LIVING FACILITY,6.0,,,-80.40183100,25.77379300
MIAMI,MIAMI-DADE,ASSISTED LIVING FACILITY,6.0,,,-80.31041100,25.76709200
MIAMI,MIAMI-DADE,ASSISTED LIVING FACILITY,6.0,,,-80.26533000,25.76796300
MIAMI,MIAMI-DADE,ASSISTED LIVING FACILITY,6.0,,,-80.39870100,25.62760100
MIAMI,MIAMI-DADE,ASSISTED LIVING FACILITY,6.0,,,-80.21609100,25.95262400
MIAMI,MIAMI-DADE,ASSISTED LIVING FACILITY,6.0,,,-80.33560700,25.76997400
MIAMI,MIAMI-DADE,ASSISTED LIVING FACILITY,6.0,,,-80.41026200,25.77449900
MIAMI,MIAMI-DADE,ASSISTED LIVING FACILITY,6.0,,,-80.19119100,25.85266200
MIAMI,MIAMI-DADE,ASSISTED LIVING FACILITY,6.0,,,-80.43420500,25.70116800
MIAMI,MIAMI-DADE,ASSISTED LIVING FACILITY,6.0,,,-80.36998200,25.72954900
MIAMI,MIAMI-DADE,ASSISTED LIVING FACILITY,6.0,,,-80.45649200,25.70491000
MIAMI,MIAMI-DADE,ASSISTED LIVING FACILITY,6.0,,,-80.38933200,25.77219800
MIAMI,MIAMI-DADE,ASSISTED LIVING FACILITY,6.0,,,-80.39391804,25.73012658
MIAMI,MIAMI-DADE,ASSISTED LIVING FACILITY,6.0,,,-80.29131200,25.73310800
MIAMI,MIAMI-DADE,ASSISTED LIVING FACILITY,6.0,,,-80.22729100,25.94961300
MIAMI,MIAMI-DADE,ASSISTED LIVING FACILITY,6.0,,,-80.43357300,25.73276100
MIAMI,MIAMI-DADE,ASSISTED LIVING FACILITY,6.0,,,-80.35034200,25.72041800
MIAMI,MIAMI-DADE,ASSISTED LIVING FACILITY,6.0,,,-80.34543100,25.72928400
MIAMI,MIAMI-DADE,ASSISTED LIVING FACILITY,6.0,,,-80.22584100,25.78113100
MIAMI,MIAMI-DADE,ASSISTED LIVING FACILITY,6.0,,,-80.36669200,25.70578900
MIAMI,MIAMI-DADE,ASSISTED LIVING FACILITY,6.0,,,-80.24121100,25.76136300
MIAMI,MIAMI-DADE,ASSISTED LIVING FACILITY,6.0,,,-80.32760100,25.74698100
MIAMI,MIAMI-DADE,ASSISTED LIVING FACILITY,6.0,,,-80.30992300,25.73171900
MIAMI,MIAMI-DADE,ASSISTED LIVING FACILITY,6.0,,,-80.43716000,25.75738400
MIAMI,MIAMI-DADE,ASSISTED LIVING FACILITY,6.0,,,-80.40795200,25.73336000
MIAMI,MIAMI-DADE,ASSISTED LIVING FACILITY,6.0,,,-80.33053800,25.74539700
MIAMI,MIAMI-DADE,ASSISTED LIVING FACILITY,6.0,,,-80.18133200,25.95857800
MIAMI,MIAMI-DADE,ASSISTED LIVING FACILITY,6.0,,,-80.41734200,25.74511000
MIAMI,MIAMI-DADE,ASSISTED LIVING FACILITY,6.0,,,-80.42747300,25.62469800
MIAMI,MIAMI-DADE,ASSISTED LIVING FACILITY,6.0,,,-80.43904100,25.74973200
MIAMI,MIAMI-DADE,ASSISTED LIVING FACILITY,6.0,,,-80.35433300,25.74424800
MIAMI,MIAMI-DADE,ASSISTED LIVING FACILITY,6.0,,,-80.26214200,25.76299800
MIAMI,MIAMI-DADE,ASSISTED LIVING FACILITY,6.0,,,-80.21187200,25.76296300
MIAMI,MIAMI-DADE,ASSISTED LIVING FACILITY,6.0,,,-80.24275100,25.80434300
MIAMI,MIAMI-DADE,ASSISTED LIVING FACILITY,6.0,,,-80.17226200,25.93756900
MIAMI,MIAMI-DADE,ASSISTED LIVING FACILITY,6.0,,,-80.38820300,25.74476800
MIAMI,MIAMI-DADE,ASSISTED LIVING FACILITY,6.0,,,-80.33288100,25.76776300
MIAMI,MIAMI-DADE,ASSISTED LIVING FACILITY,6.0,,,-80.36641900,25.72576300
MIAMI,MIAMI-DADE,ASSISTED LIVING FACILITY,6.0,,,-80.40062500,25.63076300
MIAMI,MIAMI-DADE,ASSISTED LIVING FACILITY,6.0,,,-80.31020600,25.63295400
MIAMI,MIAMI-DADE,ASSISTED LIVING FACILITY,6.0,,,-80.33664100,25.75401100
MIAMI,MIAMI-DADE,ASSISTED LIVING FACILITY,6.0,,,-80.37168100,25.76989300
MIAMI,MIAMI-DADE,ASSISTED LIVING FACILITY,6.0,,,-80.41218200,25.57339800
MIAMI,MIAMI-DADE,ASSISTED LIVING FACILITY,6.0,,,-80.40983100,25.74978300
MIAMI,MIAMI-DADE,ASSISTED LIVING FACILITY,6.0,,,-80.43504200,25.74480800
MIAMI,MIAMI-DADE,ASSISTED LIVING FACILITY,6.0,,,-80.29874000,25.70380300
MIAMI,MIAMI-DADE,ASSISTED LIVING FACILITY,6.0,,,-80.23526200,25.81174900
MIAMI,MIAMI-DADE,ASSISTED LIVING FACILITY,6.0,,,-80.38118500,25.64823800
MIAMI,MIAMI-DADE,ASSISTED LIVING FACILITY,6.0,,,-80.44044200,25.59682900
MIAMI,MIAMI-DADE,ASSISTED LIVING FACILITY,6.0,,,-80.35250000,25.70133400
MIAMI,MIAMI-DADE,ASSISTED LIVING FACILITY,6.0,,,-80.43124400,25.63663100
MIAMI,MIAMI-DADE,ASSISTED LIVING FACILITY,6.0,,,-80.23674100,25.88666200
MIAMI,MIAMI-DADE,ASSISTED LIVING FACILITY,6.0,,,-80.44741200,25.73248000
MIAMI,MIAMI-DADE,ASSISTED LIVING FACILITY,6.0,,,-80.36069100,25.70664300
MIAMI,MIAMI-DADE,ASSISTED LIVING FACILITY,6.0,,,-80.39739300,25.73685800
MIAMI,MIAMI-DADE,ASSISTED LIVING FACILITY,6.0,,,-80.37998000,25.60132400
MIAMI,MIAMI-DADE,ASSISTED LIVING FACILITY,6.0,,,-80.30542000,25.75863300
MIAMI,MIAMI-DADE,ASSISTED LIVING FACILITY,6.0,,,-80.24752200,25.86847900
MIAMI,MIAMI-DADE,ASSISTED LIVING FACILITY,6.0,,,-80.45052200,25.62655800
MIAMI,MIAMI-DADE,ASSISTED LIVING FACILITY,6.0,,,-80.42811200,25.75820900
MIAMI,MIAMI-DADE,ASSISTED LIVING FACILITY,6.0,,,-80.21730000,25.91451300
MIAMI,MIAMI-DADE,ASSISTED LIVING FACILITY,6.0,,,-80.18765300,25.90123800
MIAMI,MIAMI-DADE,ASSISTED LIVING FACILITY,6.0,,,-80.41493200,25.77694200
MIAMI,MIAMI-DADE,ASSISTED LIVING FACILITY,6.0,,,-80.33208200,25.58073800
MIAMI,MIAMI-DADE,ASSISTED LIVING FACILITY,6.0,,,-80.37998300,25.71415900
MIAMI,MIAMI-DADE,ASSISTED LIVING FACILITY,6.0,,,-80.43400700,25.70546600
MIAMI,MIAMI-DADE,ASSISTED LIVING FACILITY,6.0,,,-80.37758100,25.56813800
MIAMI,MIAMI-DADE,ASSISTED LIVING FACILITY,6.0,,,-80.29220792,25.77762546
MIAMI,MIAMI-DADE,ASSISTED LIVING FACILITY,6.0,,,-80.35170100,25.73469000
MIAMI,MIAMI-DADE,ASSISTED LIVING FACILITY,6.0,,,-80.22611000,25.81845300
MIAMI,MIAMI-DADE,ASSISTED LIVING FACILITY,6.0,,,-80.35172200,25.75082200
MIAMI,MIAMI-DADE,ASSISTED LIVING FACILITY,6.0,,,-80.33031200,25.73597800
MIAMI,MIAMI-DADE,ASSISTED LIVING FACILITY,6.0,,,-80.20207300,25.94922800
MIAMI,MIAMI-DADE,ASSISTED LIVING FACILITY,6.0,,,-80.44034200,25.75437300
MIAMI,MIAMI-DADE,ASSISTED LIVING FACILITY,6.0,,,-80.22923300,25.74745800
MIAMI,MIAMI-DADE,ASSISTED LIVING FACILITY,6.0,,,-80.23568100,25.78127400
MIAMI,MIAMI-DADE,ASSISTED LIVING FACILITY,6.0,,,-80.35267200,25.56571100
MIAMI,MIAMI-DADE,ASSISTED LIVING FACILITY,6.0,,,-80.34333100,25.71627300
MIAMI,MIAMI-DADE,ASSISTED LIVING FACILITY,6.0,,,-80.34626200,25.76027900
MIAMI,MIAMI-DADE,ASSISTED LIVING FACILITY,6.0,,,-80.31081900,25.61381800
MIAMI,MIAMI-DADE,ASSISTED LIVING FACILITY,6.0,,,-80.32345200,25.68777000
MIAMI,MIAMI-DADE,ASSISTED LIVING FACILITY,6.0,,,-80.33706100,25.76039100
MIAMI,MIAMI-DADE,ASSISTED LIVING FACILITY,6.0,,,-80.42987200,25.66204000
MIAMI,MIAMI-DADE,ASSISTED LIVING FACILITY,6.0,,,-80.45389200,25.70168800
MIAMI,MIAMI-DADE,ASSISTED LIVING FACILITY,6.0,,,-80.33064100,25.72855300
MIAMI,MIAMI-DADE,ASSISTED LIVING FACILITY,6.0,,,-80.41216100,25.77118900
MIAMI,MIAMI-DADE,ASSISTED LIVING FACILITY,6.0,,,-80.43748100,25.59613300
MIAMI,MIAMI-DADE,ASSISTED LIVING FACILITY,6.0,,,-80.37998200,25.74157000
MIAMI,MIAMI-DADE,ASSISTED LIVING FACILITY,6.0,,,-80.25749300,25.78511800
MIAMI,MIAMI-DADE,ASSISTED LIVING FACILITY,6.0,,,-80.35377200,25.71736600
MIAMI,MIAMI-DADE,ASSISTED LIVING FACILITY,6.0,,,-80.35781200,25.62374000
MIAMI,MIAMI-DADE,ASSISTED LIVING FACILITY,6.0,,,-80.20125200,25.90098900
MIAMI,MIAMI-DADE,ASSISTED LIVING FACILITY,6.0,,,-80.37959778,25.72940161
MIAMI,MIAMI-DADE,ASSISTED LIVING FACILITY,6.0,,,-80.40441200,25.74812800
MIAMI,MIAMI-DADE,ASSISTED LIVING FACILITY,6.0,,,-80.20896100,25.81372300
MIAMI,MIAMI-DADE,ASSISTED LIVING FACILITY,6.0,,,-80.45186000,25.70815300
MIAMI,MIAMI-DADE,ASSISTED LIVING FACILITY,6.0,,,-80.25016100,25.73849000
MIAMI,MIAMI-DADE,ASSISTED LIVING FACILITY,6.0,,,-80.40655200,25.71387900
MIAMI,MIAMI-DADE,ASSISTED LIVING FACILITY,6.0,,,-80.40875200,25.74664900
MIAMI,MIAMI-DADE,ASSISTED LIVING FACILITY,6.0,,,-80.38940200,25.65888800
MIAMI,MIAMI-DADE,ASSISTED LIVING FACILITY,6.0,,,-80.35183200,25.76301800
MIAMI,MIAMI-DADE,ASSISTED LIVING FACILITY,6.0,,,-80.18760400,25.90127100
MIAMI,MIAMI-DADE,ASSISTED LIVING FACILITY,6.0,,,-80.34830200,25.75754500
MIAMI,MIAMI-DADE,ASSISTED LIVING FACILITY,6.0,,,-80.36115200,25.71999800
MIAMI,MIAMI-DADE,ASSISTED LIVING FACILITY,6.0,,,-80.35599100,25.56444100
MIAMI,MIAMI-DADE,ASSISTED LIVING FACILITY,6.0,,,-80.40114200,25.72011800
MIAMI,MIAMI-DADE,ASSISTED LIVING FACILITY,6.0,,,-80.41452100,25.76444200
MIAMI,MIAMI-DADE,ASSISTED LIVING FACILITY,6.0,,,-80.32361500,25.76468500
MIAMI,MIAMI-DADE,ASSISTED LIVING FACILITY,6.0,,,-80.34582200,25.58636400
MIAMI,MIAMI-DADE,ASSISTED LIVING FACILITY,6.0,,,-80.40281100,25.75116300
MIAMI,MIAMI-DADE,ASSISTED LIVING FACILITY,6.0,,,-80.40440700,25.71128600
MIAMI,MIAMI-DADE,ASSISTED LIVING FACILITY,6.0,,,-80.34982800,25.62067300
MIAMI,MIAMI-DADE,ASSISTED LIVING FACILITY,6.0,,,-80.19744200,25.87327800
MIAMI,MIAMI-DADE,ASSISTED LIVING FACILITY,6.0,,,-80.44435100,25.65797300
MIAMI,MIAMI-DADE,ASSISTED LIVING FACILITY,6.0,,,-80.36949100,25.62522300
MIAMI,MIAMI-DADE,ASSISTED LIVING FACILITY,6.0,,,-80.47178765,25.57225427
MIAMI,MIAMI-DADE,ASSISTED LIVING FACILITY,6.0,,,-80.43979456,25.73787362
MIAMI,MIAMI-DADE,ASSISTED LIVING FACILITY,6.0,,,-80.20522400,25.75819200
MIAMI,MIAMI-DADE,ASSISTED LIVING FACILITY,6.0,,,-80.25221200,25.78353100
MIAMI,MIAMI-DADE,ASSISTED LIVING FACILITY,6.0,,,-80.25467100,25.75360200
MIAMI,MIAMI-DADE,ASSISTED LIVING FACILITY,6.0,,,-80.44489002,25.74628732
MIAMI,MIAMI-DADE,ASSISTED LIVING FACILITY,6.0,,,-80.36246100,25.61944200
MIAMI,MIAMI-DADE,ASSISTED LIVING FACILITY,6.0,,,-80.31368200,25.77542800
MIAMI,MIAMI-DADE,ASSISTED LIVING FACILITY,6.0,,,-80.40502100,25.56374400
MIAMI,MIAMI-DADE,ASSISTED LIVING FACILITY,6.0,,,-80.40786100,25.69237600
MIAMI,MIAMI-DADE,ASSISTED LIVING FACILITY,6.0,,,-80.31849100,25.74165300
MIAMI,MIAMI-DADE,ASSISTED LIVING FACILITY,6.0,,,-80.32872300,25.72530800
MIAMI,MIAMI-DADE,ASSISTED LIVING FACILITY,6.0,,,-80.43899650,25.70720424
MIAMI,MIAMI-DADE,ASSISTED LIVING FACILITY,6.0,,,-80.40581100,25.73514200
MIAMI,MIAMI-DADE,ASSISTED LIVING FACILITY,6.0,,,-80.44488426,25.70664862
MIAMI,MIAMI-DADE,ASSISTED LIVING FACILITY,6.0,,,-80.40276100,25.58998300
MIAMI,MIAMI-DADE,ASSISTED LIVING FACILITY,6.0,,,-80.30747900,25.76522200
MIAMI,MIAMI-DADE,ASSISTED LIVING FACILITY,6.0,,,-80.32215200,25.70769000
MIAMI,MIAMI-DADE,ASSISTED LIVING FACILITY,6.0,,,-80.41684300,25.72276700
MIAMI,MIAMI-DADE,ASSISTED LIVING FACILITY,6.0,,,-80.24563300,25.87068800
MIAMI,MIAMI-DADE,ASSISTED LIVING FACILITY,6.0,,,-80.28918000,25.76552300
MIAMI,MIAMI-DADE,ASSISTED LIVING FACILITY,6.0,,,-80.48431200,25.66640000
MIAMI,MIAMI-DADE,ASSISTED LIVING FACILITY,6.0,,,-80.44777200,25.71754100
MIAMI,MIAMI-DADE,ASSISTED LIVING FACILITY,6.0,,,-80.39429800,25.58784000
MIAMI,MIAMI-DADE,ASSISTED LIVING FACILITY,6.0,,,-80.36952500,25.70456500
MIAMI,MIAMI-DADE,ASSISTED LIVING FACILITY,6.0,,,-80.44427000,25.75712300
MIAMI,MIAMI-DADE,ASSISTED LIVING FACILITY,6.0,,,-80.24381300,25.76683800
MIAMI,MIAMI-DADE,ASSISTED LIVING FACILITY,6.0,,,-80.34328300,25.59270000
MIAMI,MIAMI-DADE,ASSISTED LIVING FACILITY,6.0,,,-80.39339600,25.75000400
MIAMI,MIAMI-DADE,ASSISTED LIVING FACILITY,6.0,,,-80.42664000,25.74018300
MIAMI,MIAMI-DADE,ASSISTED LIVING FACILITY,6.0,,,-80.35795300,25.81714200
MIAMI,MIAMI-DADE,ASSISTED LIVING FACILITY,6.0,,,-80.39359200,25.63381900
MIAMI,MIAMI-DADE,ASSISTED LIVING FACILITY,6.0,,,-80.39707200,25.58544100
MIAMI,MIAMI-DADE,ASSISTED LIVING FACILITY,6.0,,,-80.31229700,25.74138500
MIAMI,MIAMI-DADE,ASSISTED LIVING FACILITY,6.0,,,-80.38043100,25.56100100
MIAMI,MIAMI-DADE,ASSISTED LIVING FACILITY,6.0,,,-80.36265100,25.75920200
MIAMI,MIAMI-DADE,ASSISTED LIVING FACILITY,6.0,,,-80.22669100,25.89764300
MIAMI,MIAMI-DADE,ASSISTED LIVING FACILITY,6.0,,,-80.35755300,25.75178100
MIAMI,MIAMI-DADE,ASSISTED LIVING FACILITY,6.0,,,-80.34841300,25.68099000
MIAMI,MIAMI-DADE,ASSISTED LIVING FACILITY,6.0,,,-80.22310200,25.76325800
MIAMI,MIAMI-DADE,ASSISTED LIVING FACILITY,6.0,,,-80.44763200,25.67931000
MIAMI,MIAMI-DADE,ASSISTED LIVING FACILITY,6.0,,,-80.37319200,25.64527900
MIAMI,MIAMI-DADE,ASSISTED LIVING FACILITY,6.0,,,-80.41455200,25.65753300
MIAMI,MIAMI-DADE,ASSISTED LIVING FACILITY,6.0,,,-80.23404500,25.88937700
MIAMI,MIAMI-DADE,ASSISTED LIVING FACILITY,6.0,,,-80.41628100,25.72662000
MIAMI,MIAMI-DADE,ASSISTED LIVING FACILITY,6.0,,,-80.35864400,25.55624200
MIAMI,MIAMI-DADE,ASSISTED LIVING FACILITY,6.0,,,-80.45724700,25.72383700
MIAMI,MIAMI-DADE,ASSISTED LIVING FACILITY,6.0,,,-80.40190200,25.68813400
MIAMI,MIAMI-DADE,ASSISTED LIVING FACILITY,6.0,,,-80.36691200,25.74241000
MIAMI,MIAMI-DADE,ASSISTED LIVING FACILITY,6.0,,,-80.45073100,25.69820300
MIAMI,MIAMI-DADE,ASSISTED LIVING FACILITY,6.0,,,-80.20521900,25.75828000
MIAMI,MIAMI-DADE,ASSISTED LIVING FACILITY,6.0,,,-80.38283900,25.76210700
MIAMI,MIAMI-DADE,ASSISTED LIVING FACILITY,6.0,,,-80.30644100,25.73407300
MIAMI,MIAMI-DADE,ASSISTED LIVING FACILITY,6.0,,,-80.38186400,25.64498700
MIAMI,MIAMI-DADE,ASSISTED LIVING FACILITY,6.0,,,-80.33637324,25.63244885
MIAMI,MIAMI-DADE,ASSISTED LIVING FACILITY,6.0,,,-80.44823100,25.74794400
MIAMI,MIAMI-DADE,ASSISTED LIVING FACILITY,6.0,,,-80.43001400,25.67173700
MIAMI,MIAMI-DADE,ASSISTED LIVING FACILITY,6.0,,,-80.39921200,25.74138200
MIAMI,MIAMI-DADE,ASSISTED LIVING FACILITY,6.0,,,-80.44663100,25.75122800
MIAMI,MIAMI-DADE,ASSISTED LIVING FACILITY,6.0,,,-80.34278100,25.73616200
MIAMI,MIAMI-DADE,ASSISTED LIVING FACILITY,6.0,,,-80.40938300,25.70068200
MIAMI,MIAMI-DADE,ASSISTED LIVING FACILITY,6.0,,,-80.24473300,25.82196800
MIAMI,MIAMI-DADE,ASSISTED LIVING FACILITY,6.0,,,-80.44058200,25.60790800
MIAMI,MIAMI-DADE,ASSISTED LIVING FACILITY,6.0,,,-80.34837200,25.69379400
MIAMI,MIAMI-DADE,ASSISTED LIVING FACILITY,6.0,,,-80.37461100,25.60527300
MIAMI,MIAMI-DADE,ASSISTED LIVING FACILITY,6.0,,,-80.37475100,25.72216800
MIAMI,MIAMI-DADE,ASSISTED LIVING FACILITY,6.0,,,-80.44774300,25.69473800
MIAMI,MIAMI-DADE,ASSISTED LIVING FACILITY,6.0,,,-80.43400100,25.63443300
MIAMI,MIAMI-DADE,ASSISTED LIVING FACILITY,6.0,,,-80.38884300,25.75348100
MIAMI,MIAMI-DADE,ASSISTED LIVING FACILITY,6.0,,,-80.23401100,25.77400400
MIAMI,MIAMI-DADE,ASSISTED LIVING FACILITY,6.0,,,-80.34651200,25.74011800
MIAMI,MIAMI-DADE,ASSISTED LIVING FACILITY,6.0,,,-80.42311100,25.73725200
MIAMI,MIAMI-DADE,ASSISTED LIVING FACILITY,6.0,,,-80.40721100,25.71956300
MIAMI,MIAMI-DADE,ASSISTED LIVING FACILITY,6.0,,,-80.21340300,25.80100800
MIAMI,MIAMI-DADE,ASSISTED LIVING FACILITY,6.0,,,-80.35441426,25.61780026
MIAMI,MIAMI-DADE,ASSISTED LIVING FACILITY,6.0,,,-80.40025200,25.67082900
MIAMI,MIAMI-DADE,ASSISTED LIVING FACILITY,6.0,,,-80.39185200,25.76257000
MIAMI,MIAMI-DADE,ASSISTED LIVING FACILITY,6.0,,,-80.34097719,25.57376807
MIAMI,MIAMI-DADE,ASSISTED LIVING FACILITY,6.0,,,-80.25295100,25.74896300
MIAMI,MIAMI-DADE,ASSISTED LIVING FACILITY,6.0,,,-80.38273100,25.72359200
MIAMI,MIAMI-DADE,ASSISTED LIVING FACILITY,6.0,,,-80.45531200,25.68842000
MIAMI,MIAMI-DADE,ASSISTED LIVING FACILITY,6.0,,,-80.21182100,25.82846300
MIAMI,MIAMI-DADE,ASSISTED LIVING FACILITY,6.0,,,-80.44110200,25.60001800
MIAMI,MIAMI-DADE,ASSISTED LIVING FACILITY,6.0,,,-80.31303500,25.76926500
MIAMI,MIAMI-DADE,ASSISTED LIVING FACILITY,6.0,,,-80.41699200,25.74105900
MIAMI,MIAMI-DADE,ASSISTED LIVING FACILITY,6.0,,,-80.44001200,25.71778000
MIAMI,MIAMI-DADE,ASSISTED LIVING FACILITY,6.0,,,-80.35135300,25.68905000
MIAMI,MIAMI-DADE,ASSISTED LIVING FACILITY,6.0,,,-80.30612200,25.76963300
MIAMI,MIAMI-DADE,ASSISTED LIVING FACILITY,6.0,,,-80.43672200,25.74659800
MIAMI,MIAMI-DADE,ASSISTED LIVING FACILITY,6.0,,,-80.41164300,25.76171300
MIAMI,MIAMI-DADE,ASSISTED LIVING FACILITY,6.0,,,-80.38635100,25.55318300
MIAMI,MIAMI-DADE,ASSISTED LIVING FACILITY,6.0,,,-80.40431500,25.68633700
MIAMI,MIAMI-DADE,ASSISTED LIVING FACILITY,6.0,,,-80.37964100,25.57692100
MIAMI,MIAMI-DADE,ASSISTED LIVING FACILITY,6.0,,,-80.42461100,25.59908100
MIAMI,MIAMI-DADE,ASSISTED LIVING FACILITY,6.0,,,-80.41730300,25.75132800
MIAMI,MIAMI-DADE,ASSISTED LIVING FACILITY,6.0,,,-80.41318000,25.73194300
MIAMI,MIAMI-DADE,ASSISTED LIVING FACILITY,6.0,,,-80.40610031,25.77860155
MIAMI,MIAMI-DADE,ASSISTED LIVING FACILITY,6.0,,,-80.29071200,25.73791900
MIAMI,MIAMI-DADE,ASSISTED LIVING FACILITY,6.0,,,-80.34219200,25.70248000
MIAMI,MIAMI-DADE,ASSISTED LIVING FACILITY,6.0,,,-80.44353300,25.74460800
MIAMI,MIAMI-DADE,ASSISTED LIVING FACILITY,6.0,,,-80.41604300,25.73547900
MIAMI,MIAMI-DADE,ASSISTED LIVING FACILITY,6.0,,,-80.37416300,25.66419800
MIAMI,MIAMI-DADE,ASSISTED LIVING FACILITY,6.0,,,-80.41221100,25.76790200
MIAMI,MIAMI-DADE,ASSISTED LIVING FACILITY,6.0,,,-80.34300300,25.74312800
MIAMI,MIAMI-DADE,ASSISTED LIVING FACILITY,6.0,,,-80.42353100,25.72033800
MIAMI,MIAMI-DADE,ASSISTED LIVING FACILITY,6.0,,,-80.33373000,25.72538400
MIAMI,MIAMI-DADE,ASSISTED LIVING FACILITY,6.0,,,-80.36383100,25.76699300
MIAMI,MIAMI-DADE,ASSISTED LIVING FACILITY,6.0,,,-80.35350800,25.58565500
MIAMI,MIAMI-DADE,ASSISTED LIVING FACILITY,6.0,,,-80.33488200,25.75320100
MIAMI,MIAMI-DADE,ASSISTED LIVING FACILITY,6.0,,,-80.39612100,25.74446100
MIAMI,MIAMI-DADE,ASSISTED LIVING FACILITY,6.0,,,-80.24040000,25.77858300
MIAMI,MIAMI-DADE,ASSISTED LIVING FACILITY,6.0,,,-80.37590803,25.73159691
MIAMI,MIAMI-DADE,ASSISTED LIVING FACILITY,6.0,,,-80.45718893,25.67603767
MIAMI,MIAMI-DADE,ASSISTED LIVING FACILITY,6.0,,,-80.22833900,25.93931400
MIAMI,MIAMI-DADE,ASSISTED LIVING FACILITY,6.0,,,-80.34016200,25.76131000
MIAMI,MIAMI-DADE,ASSISTED LIVING FACILITY,6.0,,,-80.19874200,25.89231300
MIAMI,MIAMI-DADE,ASSISTED LIVING FACILITY,6.0,,,-80.34811800,25.75384200
MIAMI,MIAMI-DADE,ASSISTED LIVING FACILITY,6.0,,,-80.37645100,25.82679300
MIAMI,MIAMI-DADE,ASSISTED LIVING FACILITY,6.0,,,-80.42415200,25.75746000
MIAMI,MIAMI-DADE,ASSISTED LIVING FACILITY,6.0,,,-80.25460300,25.78409800
MIAMI,MIAMI-DADE,ASSISTED LIVING FACILITY,6.0,,,-80.44030100,25.68382400
MIAMI,MIAMI-DADE,ASSISTED LIVING FACILITY,6.0,,,-80.34704200,25.73646800
MIAMI,MIAMI-DADE,ASSISTED LIVING FACILITY,6.0,,,-80.35659200,25.58358100
MIAMI,MIAMI-DADE,ASSISTED LIVING FACILITY,6.0,,,-80.37323100,25.55415800
MIAMI,MIAMI-DADE,ASSISTED LIVING FACILITY,6.0,,,-80.37981300,25.58375000
MIAMI,MIAMI-DADE,ASSISTED LIVING FACILITY,6.0,,,-80.35200000,25.75935300
MIAMI,MIAMI-DADE,ASSISTED LIVING FACILITY,6.0,,,-80.38375300,25.67560700
MIAMI,MIAMI-DADE,ASSISTED LIVING FACILITY,6.0,,,-80.41036200,25.67499800
MIAMI,MIAMI-DADE,ASSISTED LIVING FACILITY,6.0,,,-80.41867100,25.70028300
MIAMI,MIAMI-DADE,ASSISTED LIVING FACILITY,6.0,,,-80.29575200,25.71084900
MIAMI,MIAMI-DADE,ASSISTED LIVING FACILITY,6.0,,,-80.44126300,25.71306800
MIAMI,MIAMI-DADE,ASSISTED LIVING FACILITY,6.0,,,-80.31829400,25.77440200
MIAMI,MIAMI-DADE,ASSISTED LIVING FACILITY,6.0,,,-80.41392000,25.69645300
MIAMI,MIAMI-DADE,ASSISTED LIVING FACILITY,6.0,,,-80.44763100,25.73869100
MIAMI,MIAMI-DADE,ASSISTED LIVING FACILITY,6.0,,,-80.28892900,25.80586300
MIAMI,MIAMI-DADE,ASSISTED LIVING FACILITY,6.0,,,-80.38316200,25.57560800
MIAMI,MIAMI-DADE,ASSISTED LIVING FACILITY,6.0,,,-80.32350200,25.74120000
MIAMI,MIAMI-DADE,ASSISTED LIVING FACILITY,6.0,,,-80.34813300,25.68638800
MIAMI,MIAMI-DADE,ASSISTED LIVING FACILITY,6.0,,,-80.35505000,25.76606300
MIAMI,MIAMI-DADE,ASSISTED LIVING FACILITY,6.0,,,-80.20207000,25.94413400
MIAMI,MIAMI-DADE,ASSISTED LIVING FACILITY,6.0,,,-80.36428300,25.60015800
MIAMI,MIAMI-DADE,ASSISTED LIVING FACILITY,6.0,,,-80.26077344,25.78234509
MIAMI,MIAMI-DADE,ASSISTED LIVING FACILITY,6.0,,,-80.20312300,25.87376800
MIAMI,MIAMI-DADE,ASSISTED LIVING FACILITY,6.0,,,-80.41567200,25.71670200
MIAMI,MIAMI-DADE,ASSISTED LIVING FACILITY,6.0,,,-80.31409300,25.75480800
MIAMI,MIAMI-DADE,ASSISTED LIVING FACILITY,6.0,,,-80.35247100,25.73077900
MIAMI,MIAMI-DADE,ASSISTED LIVING FACILITY,6.0,,,-80.44779200,25.76014800
MIAMI,MIAMI-DADE,ASSISTED LIVING FACILITY,6.0,,,-80.43362300,25.66167800
MIAMI,MIAMI-DADE,ASSISTED LIVING FACILITY,6.0,,,-80.39815100,25.75889400
MIAMI,MIAMI-DADE,ASSISTED LIVING FACILITY,6.0,,,-80.22189800,25.95783400
MIAMI,MIAMI-DADE,ASSISTED LIVING FACILITY,6.0,,,-80.31262200,25.76370800
MIAMI,MIAMI-DADE,ASSISTED LIVING FACILITY,6.0,,,-80.30030300,25.76506800
MIAMI,MIAMI-DADE,ASSISTED LIVING FACILITY,6.0,,,-80.39344100,25.75796300
MIAMI,MIAMI-DADE,ASSISTED LIVING FACILITY,6.0,,,-80.43023100,25.60205300
MIAMI,MIAMI-DADE,ASSISTED LIVING FACILITY,6.0,,,-80.36452100,25.73664000
MIAMI,MIAMI-DADE,ASSISTED LIVING FACILITY,6.0,,,-80.32750200,25.59325800
MIAMI,MIAMI-DADE,ASSISTED LIVING FACILITY,6.0,,,-80.36870200,25.71827300
MIAMI,MIAMI-DADE,ASSISTED LIVING FACILITY,6.0,,,-80.22948100,25.94629000
MIAMI,MIAMI-DADE,ASSISTED LIVING FACILITY,6.0,,,-80.40153100,25.77730400
MIAMI,MIAMI-DADE,ASSISTED LIVING FACILITY,6.0,,,-80.29646100,25.74902200
MIAMI,MIAMI-DADE,ASSISTED LIVING FACILITY,6.0,,,-80.33894200,25.73904000
MIAMI,MIAMI-DADE,ASSISTED LIVING FACILITY,6.0,,,-80.27988200,25.77012000
MIAMI,MIAMI-DADE,ASSISTED LIVING FACILITY,6.0,,,-80.42062100,25.69111200
MIAMI,MIAMI-DADE,ASSISTED LIVING FACILITY,6.0,,,-80.35544100,25.69158300
MIAMI,MIAMI-DADE,ASSISTED LIVING FACILITY,6.0,,,-80.40403100,25.56911100
MIAMI,MIAMI-DADE,ASSISTED LIVING FACILITY,6.0,,,-80.42661100,25.74425200
MIAMI,MIAMI-DADE,ASSISTED LIVING FACILITY,6.0,,,-80.21673000,25.81351300
MIAMI,MIAMI-DADE,ASSISTED LIVING FACILITY,6.0,,,-80.44333200,25.75143300
MIAMI,MIAMI-DADE,ASSISTED LIVING FACILITY,6.0,,,-80.23329000,25.76362300
MIAMI,MIAMI-DADE,ASSISTED LIVING FACILITY,6.0,,,-80.41770100,25.73072200
MIAMI,MIAMI-DADE,ASSISTED LIVING FACILITY,6.0,,,-80.33057200,25.66620800
MIAMI,MIAMI-DADE,ASSISTED LIVING FACILITY,6.0,,,-80.20812100,25.94231300
MIAMI,MIAMI-DADE,ASSISTED LIVING FACILITY,6.0,,,-80.44521100,25.59591300
MIAMI,MIAMI-DADE,ASSISTED LIVING FACILITY,6.0,,,-80.41035500,25.71936800
MIAMI,MIAMI-DADE,ASSISTED LIVING FACILITY,6.0,,,-80.42010100,25.74999300
MIAMI,MIAMI-DADE,ASSISTED LIVING FACILITY,6.0,,,-80.38573200,25.59970800
MIAMI,MIAMI-DADE,ASSISTED LIVING FACILITY,6.0,,,-80.42624300,25.61888800
MIAMI,MIAMI-DADE,ASSISTED LIVING FACILITY,6.0,,,-80.35906200,25.73537800
MIAMI,MIAMI-DADE,ASSISTED LIVING FACILITY,6.0,,,-80.21175100,25.82293300
MIAMI,MIAMI-DADE,ASSISTED LIVING FACILITY,6.0,,,-80.35849200,25.76801300
MIAMI,MIAMI-DADE,ASSISTED LIVING FACILITY,6.0,,,-80.25009100,25.77716200
MIAMI,MIAMI-DADE,ASSISTED LIVING FACILITY,6.0,,,-80.29304100,25.77423300
MIAMI,MIAMI-DADE,ASSISTED LIVING FACILITY,6.0,,,-80.42959500,25.61719700
MIAMI,MIAMI-DADE,ASSISTED LIVING FACILITY,6.0,,,-80.42502400,25.69115400
MIAMI,MIAMI-DADE,ASSISTED LIVING FACILITY,6.0,,,-80.24373200,25.77621900
MIAMI,MIAMI-DADE,ASSISTED LIVING FACILITY,6.0,,,-80.36159200,25.75344900
MIAMI,MIAMI-DADE,ASSISTED LIVING FACILITY,6.0,,,-80.26257200,25.77593700
MIAMI,MIAMI-DADE,ASSISTED LIVING FACILITY,6.0,,,-80.36353200,25.70184600
MIAMI,MIAMI-DADE,ASSISTED LIVING FACILITY,6.0,,,-80.35728200,25.72845800
MIAMI,MIAMI-DADE,ASSISTED LIVING FACILITY,6.0,,,-80.41980400,25.69508100
MIAMI,MIAMI-DADE,ASSISTED LIVING FACILITY,6.0,,,-80.20287500,25.91115400
MIAMI,MIAMI-DADE,ASSISTED LIVING FACILITY,6.0,,,-80.37786100,25.59865400
MIAMI,MIAMI-DADE,ASSISTED LIVING FACILITY,6.0,,,-80.40888900,25.74179800
MIAMI,MIAMI-DADE,ASSISTED LIVING FACILITY,6.0,,,-80.18083295,25.89544689
MIAMI,MIAMI-DADE,ASSISTED LIVING FACILITY,6.0,,,-80.36402000,25.74468300
MIAMI,MIAMI-DADE,ASSISTED LIVING FACILITY,6.0,,,-80.36800294,25.73178563
MIAMI,MIAMI-DADE,ASSISTED LIVING FACILITY,6.0,,,-80.35974300,25.74549000
MIAMI,MIAMI-DADE,ASSISTED LIVING FACILITY,6.0,,,-80.39317100,25.76599300
MIAMI,MIAMI-DADE,ASSISTED LIVING FACILITY,6.0,,,-80.22188200,25.75938800
MIAMI,MIAMI-DADE,ASSISTED LIVING FACILITY,6.0,,,-80.41631200,25.75823000
MIAMI,MIAMI-DADE,ASSISTED LIVING FACILITY,6.0,,,-80.33824200,25.73176800
MIAMI,MIAMI-DADE,ASSISTED LIVING FACILITY,6.0,,,-80.28717300,25.77094500
MIAMI,MIAMI-DADE,ASSISTED LIVING FACILITY,6.0,,,-80.42827100,25.60563400
MIAMI,MIAMI-DADE,ASSISTED LIVING FACILITY,6.0,,,-80.34745100,25.71938300
MIAMI,MIAMI-DADE,ASSISTED LIVING FACILITY,6.0,,,-80.35060200,25.72704800
MIAMI,MIAMI-DADE,ASSISTED LIVING FACILITY,6.0,,,-80.42969100,25.69315100
MIAMI,MIAMI-DADE,ASSISTED LIVING FACILITY,6.0,,,-80.41191100,25.70303100
MIAMI,MIAMI-DADE,ASSISTED LIVING FACILITY,6.0,,,-80.37660200,25.71517800
MIAMI,MIAMI-DADE,ASSISTED LIVING FACILITY,6.0,,,-80.31911300,25.76620200
MIAMI,MIAMI-DADE,ASSISTED LIVING FACILITY,6.0,,,-80.42409300,25.68245200
MIAMI,MIAMI-DADE,ASSISTED LIVING FACILITY,6.0,,,-80.40023000,25.72714400
MIAMI,MIAMI-DADE,ASSISTED LIVING FACILITY,6.0,,,-80.22115200,25.76014800
MIAMI,MIAMI-DADE,ASSISTED LIVING FACILITY,6.0,,,-80.35144704,25.57801155
MIAMI,MIAMI-DADE,ASSISTED LIVING FACILITY,6.0,,,-80.31970100,25.61202200
MIAMI,MIAMI-DADE,ASSISTED LIVING FACILITY,6.0,,,-80.38801984,25.73188114
MIAMI,MIAMI-DADE,ASSISTED LIVING FACILITY,6.0,,,-80.37509100,25.71922200
MIAMI,MIAMI-DADE,ASSISTED LIVING FACILITY,6.0,,,-80.21081200,25.86826800
MIAMI,MIAMI-DADE,ASSISTED LIVING FACILITY,6.0,,,-80.32854200,25.73917900
MIAMI,MIAMI-DADE,ASSISTED LIVING FACILITY,6.0,,,-80.31411000,25.75547300
MIAMI,MIAMI-DADE,ASSISTED LIVING FACILITY,6.0,,,-80.35652900,25.69593500
MIAMI,MIAMI-DADE,ASSISTED LIVING FACILITY,6.0,,,-80.43991200,25.74646000
MIAMI,MIAMI-DADE,ASSISTED LIVING FACILITY,6.0,,,-80.30413300,25.76813000
MIAMI,MIAMI-DADE,ASSISTED LIVING FACILITY,6.0,,,-80.37458100,25.57764300
MIAMI,MIAMI-DADE,ASSISTED LIVING FACILITY,6.0,,,-80.24220300,25.75673900
MIAMI,MIAMI-DADE,ASSISTED LIVING FACILITY,6.0,,,-80.44630100,25.63153500
MIAMI,MIAMI-DADE,ASSISTED LIVING FACILITY,6.0,,,-80.37400300,25.68222800
MIAMI,MIAMI-DADE,ASSISTED LIVING FACILITY,6.0,,,-80.33385100,25.75860300
MIAMI,MIAMI-DADE,ASSISTED LIVING FACILITY,6.0,,,-80.42739300,25.67367800
MIAMI,MIAMI-DADE,ASSISTED LIVING FACILITY,6.0,,,-80.36876000,25.60401300
MIAMI,MIAMI-DADE,ASSISTED LIVING FACILITY,6.0,,,-80.40425400,25.72692500
MIAMI,MIAMI-DADE,ASSISTED LIVING FACILITY,6.0,,,-80.20614100,25.88754300
MIAMI,MIAMI-DADE,ASSISTED LIVING FACILITY,6.0,,,-80.43402900,25.67252800
MIAMI,MIAMI-DADE,ASSISTED LIVING FACILITY,6.0,,,-80.29178300,25.75368600
MIAMI,MIAMI-DADE,ASSISTED LIVING FACILITY,6.0,,,-80.31064500,25.75424700
MIAMI,MIAMI-DADE,ASSISTED LIVING FACILITY,6.0,,,-80.35188200,25.75379900
MIAMI,MIAMI-DADE,ASSISTED LIVING FACILITY,6.0,,,-80.33528200,25.72239900
MIAMI,MIAMI-DADE,ASSISTED LIVING FACILITY,6.0,,,-80.18341100,25.96473700
MIAMI,MIAMI-DADE,ASSISTED LIVING FACILITY,6.0,,,-80.25763838,25.77436398
MIAMI,MIAMI-DADE,ASSISTED LIVING FACILITY,6.0,,,-80.21831000,25.89356300
MIAMI,MIAMI-DADE,ASSISTED LIVING FACILITY,6.0,,,-80.21348300,25.90784800
MIAMI,MIAMI-DADE,ASSISTED LIVING FACILITY,6.0,,,-80.23835200,25.86577900
MIAMI,MIAMI-DADE,ASSISTED LIVING FACILITY,6.0,,,-80.29952200,25.81928900
MIAMI,MIAMI-DADE,ASSISTED LIVING FACILITY,6.0,,,-80.34239100,25.74969300
MIAMI,MIAMI-DADE,ASSISTED LIVING FACILITY,6.0,,,-80.41863200,25.62164100
MIAMI,MIAMI-DADE,ASSISTED LIVING FACILITY,6.0,,,-80.40095100,25.74511100
MIAMI,MIAMI-DADE,ASSISTED LIVING FACILITY,6.0,,,-80.29984200,25.76874800
MIAMI,MIAMI-DADE,ASSISTED LIVING FACILITY,6.0,,,-80.17522100,25.97099200
MIAMI,MIAMI-DADE,ASSISTED LIVING FACILITY,6.0,,,-80.40128100,25.68094400
MIAMI,MIAMI-DADE,ASSISTED LIVING FACILITY,6.0,,,-80.39106200,25.77005000
MIAMI,MIAMI-DADE,ASSISTED LIVING FACILITY,6.0,,,-80.29774200,25.69908100
MIAMI,MIAMI-DADE,ASSISTED LIVING FACILITY,6.0,,,-80.41510200,25.69127200
MIAMI,MIAMI-DADE,ASSISTED LIVING FACILITY,6.0,,,-80.29208200,25.76930300
MIAMI,MIAMI-DADE,ASSISTED LIVING FACILITY,6.0,,,-80.31207200,25.75132800
MIAMI,MIAMI-DADE,ASSISTED LIVING FACILITY,6.0,,,-80.33361100,25.62976200
MIAMI,MIAMI-DADE,ASSISTED LIVING FACILITY,6.0,,,-80.42512700,25.62223500
MIAMI,MIAMI-DADE,ASSISTED LIVING FACILITY,6.0,,,-80.36471100,25.62454200
MIAMI,MIAMI-DADE,ASSISTED LIVING FACILITY,6.0,,,-80.34740000,25.56345100
MIAMI,MIAMI-DADE,ASSISTED LIVING FACILITY,6.0,,,-80.36790100,25.76217300
MIAMI,MIAMI-DADE,ASSISTED LIVING FACILITY,6.0,,,-80.20754000,25.88166400
MIAMI,MIAMI-DADE,ASSISTED LIVING FACILITY,6.0,,,-80.41441200,25.67674200
MIAMI,MIAMI-DADE,ASSISTED LIVING FACILITY,6.0,,,-80.26619200,25.77086900
MIAMI,MIAMI-DADE,ASSISTED LIVING FACILITY,6.0,,,-80.43668100,25.73706300
MIAMI,MIAMI-DADE,ASSISTED LIVING FACILITY,6.0,,,-80.43976100,25.63786100
MIAMI,MIAMI-DADE,ASSISTED LIVING FACILITY,6.0,,,-80.17751200,25.85036800
MIAMI,MIAMI-DADE,ASSISTED LIVING FACILITY,6.0,,,-80.42871200,25.71480900
MIAMI,MIAMI-DADE,ASSISTED LIVING FACILITY,7.0,,,-80.22856200,25.86037800
MIAMI,MIAMI-DADE,ASSISTED LIVING FACILITY,7.0,,,-80.42639085,25.61408849
MIAMI,MIAMI-DADE,ASSISTED LIVING FACILITY,7.0,,,-80.42757200,25.62724900
MIAMI,MIAMI-DADE,ASSISTED LIVING FACILITY,7.0,,,-80.42379400,25.60279800
MIAMI,MIAMI-DADE,ASSISTED LIVING FACILITY,7.0,,,-80.34188100,25.61366300
MIAMI,MIAMI-DADE,ASSISTED LIVING FACILITY,7.0,,,-80.41605200,25.75160900
MIAMI,MIAMI-DADE,ASSISTED LIVING FACILITY,7.0,,,-80.34956100,25.71427400
MIAMI,MIAMI-DADE,ASSISTED LIVING FACILITY,7.0,,,-80.38487914,25.60581488
MIAMI,MIAMI-DADE,ASSISTED LIVING FACILITY,7.0,,,-80.28010076,25.76583954
MIAMI,MIAMI-DADE,ASSISTED LIVING FACILITY,7.0,,,-80.43878500,25.72452100
MIAMI,MIAMI-DADE,ASSISTED LIVING FACILITY,7.0,,,-80.41125200,25.68850000
MIAMI,MIAMI-DADE,ASSISTED LIVING FACILITY,7.0,,,-80.38834100,25.60896300
MIAMI,MIAMI-DADE,ASSISTED LIVING FACILITY,7.0,,,-80.28842100,25.73197100
MIAMI,MIAMI-DADE,ASSISTED LIVING FACILITY,7.0,,,-80.44097897,25.71007871
MIAMI,MIAMI-DADE,ASSISTED LIVING FACILITY,7.0,,,-80.26404000,25.76872300
MIAMI,MIAMI-DADE,ASSISTED LIVING FACILITY,7.0,,,-80.43221100,25.71077100
MIAMI,MIAMI-DADE,ASSISTED LIVING FACILITY,7.0,,,-80.22012100,25.88969300
MIAMI,MIAMI-DADE,ASSISTED LIVING FACILITY,7.0,,,-80.42661200,25.66539900
MIAMI,MIAMI-DADE,ASSISTED LIVING FACILITY,7.0,,,-80.39320200,25.56827300
MIAMI,MIAMI-DADE,ASSISTED LIVING FACILITY,7.0,,,-80.43103200,25.60581800
MIAMI,MIAMI-DADE,ASSISTED LIVING FACILITY,7.0,,,-80.43104200,25.73945800
MIAMI,MIAMI-DADE,ASSISTED LIVING FACILITY,7.0,,,-80.45155100,25.69077300
MIAMI,MIAMI-DADE,ASSISTED LIVING FACILITY,7.0,,,-80.44418200,25.72990900
MIAMI,MIAMI-DADE,ASSISTED LIVING FACILITY,7.0,,,-80.37836200,25.74589000
MIAMI,MIAMI-DADE,ASSISTED LIVING FACILITY,7.0,,,-80.41452798,25.60231454
MIAMI,MIAMI-DADE,ASSISTED LIVING FACILITY,7.0,,,-80.39317200,25.56653300
MIAMI,MIAMI-DADE,ASSISTED LIVING FACILITY,7.0,,,-80.43040100,25.73091300
MIAMI,MIAMI-DADE,ASSISTED LIVING FACILITY,7.0,,,-80.41205370,25.67172803
MIAMI,MIAMI-DADE,ASSISTED LIVING FACILITY,7.0,,,-80.42243100,25.69944100
MIAMI,MIAMI-DADE,ASSISTED LIVING FACILITY,7.0,,,-80.41019852,25.60033649
MIAMI,MIAMI-DADE,ASSISTED LIVING FACILITY,7.0,,,-80.40994200,25.72716300
MIAMI,MIAMI-DADE,ASSISTED LIVING FACILITY,7.0,,,-80.45455100,25.67187300
MIAMI,MIAMI-DADE,ASSISTED LIVING FACILITY,7.0,,,-80.37909100,25.58839300
MIAMI,MIAMI-DADE,ASSISTED LIVING FACILITY,7.0,,,-80.47893494,25.56380883
MIAMI,MIAMI-DADE,ASSISTED LIVING FACILITY,7.0,,,-80.44997300,25.68645800
MIAMI,MIAMI-DADE,ASSISTED LIVING FACILITY,7.0,,,-80.39274200,25.68176800
MIAMI,MIAMI-DADE,ASSISTED LIVING FACILITY,7.0,,,-80.38800800,25.73897800
MIAMI,MIAMI-DADE,ASSISTED LIVING FACILITY,7.0,,,-80.37772100,25.57458100
MIAMI,MIAMI-DADE,ASSISTED LIVING FACILITY,7.0,,,-80.45312200,25.66872200
MIAMI,MIAMI-DADE,ASSISTED LIVING FACILITY,7.0,,,-80.45287300,25.72730800
MIAMI,MIAMI-DADE,ASSISTED LIVING FACILITY,7.0,,,-80.21704000,25.94712900
MIAMI,MIAMI-DADE,ASSISTED LIVING FACILITY,7.0,,,-80.36336500,25.57657800
MIAMI,MIAMI-DADE,ASSISTED LIVING FACILITY,7.0,,,-80.41700200,25.66991800
MIAMI,MIAMI-DADE,ASSISTED LIVING FACILITY,7.0,,,-80.51094000,25.58877700
MIAMI,MIAMI-DADE,ASSISTED LIVING FACILITY,7.0,,,-80.24448200,25.86318900
MIAMI,MIAMI-DADE,ASSISTED LIVING FACILITY,7.0,,,-80.38402039,25.59151441
MIAMI,MIAMI-DADE,ASSISTED LIVING FACILITY,7.0,,,-80.43756100,25.69969300
MIAMI,MIAMI-DADE,ASSISTED LIVING FACILITY,7.0,,,-80.44814100,25.72711100
MIAMI,MIAMI-DADE,ASSISTED LIVING FACILITY,7.0,,,-80.45685100,25.71587100
MIAMI,MIAMI-DADE,ASSISTED LIVING FACILITY,7.0,,,-80.46022095,25.68090446
MIAMI,MIAMI-DADE,ASSISTED LIVING FACILITY,7.0,,,-80.33482300,25.72852800
MIAMI,MIAMI-DADE,ASSISTED LIVING FACILITY,7.0,,,-80.38714100,25.60832300
MIAMI,MIAMI-DADE,ASSISTED LIVING FACILITY,7.0,,,-80.36623900,25.72183700
MIAMI,MIAMI-DADE,ASSISTED LIVING FACILITY,7.0,,,-80.28690200,25.76903800
MIAMI,MIAMI-DADE,ASSISTED LIVING FACILITY,7.0,,,-80.35520300,25.69924400
MIAMI,MIAMI-DADE,ASSISTED LIVING FACILITY,7.0,,,-80.34720100,25.74706400
MIAMI,MIAMI-DADE,ASSISTED LIVING FACILITY,7.0,,,-80.41377200,25.73921000
MIAMI,MIAMI-DADE,ASSISTED LIVING FACILITY,7.0,,,-80.33172714,25.59607246
AVENTURA,MIAMI-DADE,ASSISTED LIVING FACILITY,171.0,,,-80.14519811,25.94627221
MIAMI,MIAMI-DADE,ASSISTED LIVING FACILITY,8.0,,,-80.33502885,25.73690745
MIAMI,MIAMI-DADE,ASSISTED LIVING FACILITY,8.0,,,-80.31820100,25.75776000
MIAMI,MIAMI-DADE,ASSISTED LIVING FACILITY,8.0,,,-80.40228100,25.58338800
MIAMI,MIAMI-DADE,ASSISTED LIVING FACILITY,8.0,,,-80.35153200,25.76860900
MIAMI,MIAMI-DADE,ASSISTED LIVING FACILITY,8.0,,,-80.30462300,25.69684900
MIAMI,MIAMI-DADE,ASSISTED LIVING FACILITY,8.0,,,-80.23319100,25.87921300
MIAMI,MIAMI-DADE,ASSISTED LIVING FACILITY,8.0,,,-80.42622500,25.67819400
MIAMI,MIAMI-DADE,ASSISTED LIVING FACILITY,8.0,,,-80.41635100,25.76784200
MIAMI,MIAMI-DADE,ASSISTED LIVING FACILITY,8.0,,,-80.22123200,25.82607800
MIAMI,MIAMI-DADE,ASSISTED LIVING FACILITY,8.0,,,-80.30950100,25.75707300
MIAMI,MIAMI-DADE,ASSISTED LIVING FACILITY,8.0,,,-80.33352666,25.73255909
MIAMI,MIAMI-DADE,ASSISTED LIVING FACILITY,8.0,,,-80.20078300,25.76598400
MIAMI,MIAMI-DADE,ASSISTED LIVING FACILITY,8.0,,,-80.40043000,25.66401400
MIAMI,MIAMI-DADE,ASSISTED LIVING FACILITY,8.0,,,-80.27335200,25.76919800
MIAMI,MIAMI-DADE,ASSISTED LIVING FACILITY,8.0,,,-80.22992000,25.79246300
MIAMI,MIAMI-DADE,ASSISTED LIVING FACILITY,8.0,,,-80.22537200,25.79333300
MIAMI,MIAMI-DADE,ASSISTED LIVING FACILITY,8.0,,,-80.33018500,25.62620200
MIAMI,MIAMI-DADE,ASSISTED LIVING FACILITY,8.0,,,-80.23827100,25.76366300
MIAMI,MIAMI-DADE,ASSISTED LIVING FACILITY,8.0,,,-80.23196200,25.78020100
MIAMI,MIAMI-DADE,ASSISTED LIVING FACILITY,8.0,,,-80.43451200,25.66727000
MIAMI,MIAMI-DADE,ASSISTED LIVING FACILITY,8.0,,,-80.38256000,25.58827300
MIAMI,MIAMI-DADE,ASSISTED LIVING FACILITY,8.0,,,-80.27967100,25.77335300
MIAMI,MIAMI-DADE,ASSISTED LIVING FACILITY,8.0,,,-80.42066100,25.74285300
MIAMI,MIAMI-DADE,ASSISTED LIVING FACILITY,8.0,,,-80.19465000,25.83773900
MIAMI,MIAMI-DADE,ASSISTED LIVING FACILITY,8.0,,,-80.41984100,25.73413100
MIAMI,MIAMI-DADE,ASSISTED LIVING FACILITY,8.0,,,-80.41699000,25.66711300
MIAMI,MIAMI-DADE,ASSISTED LIVING FACILITY,8.0,,,-80.36627200,25.70255900
MIAMI,MIAMI-DADE,ASSISTED LIVING FACILITY,8.0,,,-80.35800100,25.61719300
MIAMI,MIAMI-DADE,ASSISTED LIVING FACILITY,8.0,,,-80.39442300,25.55629000
MIAMI,MIAMI-DADE,ASSISTED LIVING FACILITY,8.0,,,-80.20295100,25.89442200
MIAMI,MIAMI-DADE,ASSISTED LIVING FACILITY,8.0,,,-80.37341300,25.70874700
MIAMI,MIAMI-DADE,ASSISTED LIVING FACILITY,8.0,,,-80.30365100,25.74510800
MIAMI,MIAMI-DADE,ASSISTED LIVING FACILITY,8.0,,,-80.26039000,25.77805300
MIAMI,MIAMI-DADE,ASSISTED LIVING FACILITY,8.0,,,-80.46283200,25.71590800
MIAMI,MIAMI-DADE,ASSISTED LIVING FACILITY,8.0,,,-80.40973100,25.77890300
MIAMI,MIAMI-DADE,ASSISTED LIVING FACILITY,8.0,,,-80.42445200,25.74991100
MIAMI,MIAMI-DADE,ASSISTED LIVING FACILITY,8.0,,,-80.22348300,25.88103800
MIAMI,MIAMI-DADE,ASSISTED LIVING FACILITY,8.0,,,-80.37876100,25.72295400
MIAMI,MIAMI-DADE,ASSISTED LIVING FACILITY,8.0,,,-80.22657700,25.95468000
MIAMI,MIAMI-DADE,ASSISTED LIVING FACILITY,8.0,,,-80.35017200,25.74109100
MIAMI,MIAMI-DADE,ASSISTED LIVING FACILITY,8.0,,,-80.31652100,25.75924100
MIAMI,MIAMI-DADE,ASSISTED LIVING FACILITY,8.0,,,-80.39425100,25.77424200
MIAMI,MIAMI-DADE,ASSISTED LIVING FACILITY,8.0,,,-80.35115500,25.69659300
MIAMI,MIAMI-DADE,ASSISTED LIVING FACILITY,8.0,,,-80.33493100,25.59331500
MIAMI,MIAMI-DADE,ASSISTED LIVING FACILITY,8.0,,,-80.28608100,25.76436300
MIAMI,MIAMI-DADE,ASSISTED LIVING FACILITY,8.0,,,-80.40570200,25.69961000
MIAMI,MIAMI-DADE,ASSISTED LIVING FACILITY,8.0,,,-80.23519200,25.81050000
MIAMI,MIAMI-DADE,ASSISTED LIVING FACILITY,8.0,,,-80.34316200,25.75624100
MIAMI,MIAMI-DADE,ASSISTED LIVING FACILITY,8.0,,,-80.29416200,25.76430000
MIAMI,MIAMI-DADE,ASSISTED LIVING FACILITY,8.0,,,-80.40424300,25.72748000
MIAMI,MIAMI-DADE,ASSISTED LIVING FACILITY,8.0,,,-80.32684000,25.76363500
MIAMI,MIAMI-DADE,ASSISTED LIVING FACILITY,8.0,,,-80.25252000,25.76101300
MIAMI,MIAMI-DADE,ASSISTED LIVING FACILITY,8.0,,,-80.20608200,25.87321000
MIAMI,MIAMI-DADE,ASSISTED LIVING FACILITY,8.0,,,-80.38171000,25.59978300
MIAMI,MIAMI-DADE,ASSISTED LIVING FACILITY,8.0,,,-80.20540300,25.75840200
MIAMI,MIAMI-DADE,ASSISTED LIVING FACILITY,8.0,,,-80.41424000,25.68389300
MIAMI,MIAMI-DADE,ASSISTED LIVING FACILITY,8.0,,,-80.22221100,25.75664300
MIAMI,MIAMI-DADE,ASSISTED LIVING FACILITY,8.0,,,-80.42141200,25.73091800
MIAMI,MIAMI-DADE,ASSISTED LIVING FACILITY,8.0,,,-80.43065200,25.68864100
MIAMI,MIAMI-DADE,ASSISTED LIVING FACILITY,8.0,,,-80.38191200,25.72034900
MIAMI,MIAMI-DADE,ASSISTED LIVING FACILITY,8.0,,,-80.24572100,25.79335400
MIAMI,MIAMI-DADE,ASSISTED LIVING FACILITY,8.0,,,-80.24977100,25.73599600
MIAMI,MIAMI-DADE,ASSISTED LIVING FACILITY,8.0,,,-80.34235100,25.75322300
MIAMI,MIAMI-DADE,ASSISTED LIVING FACILITY,8.0,,,-80.22103200,25.81274800
MIAMI,MIAMI-DADE,ASSISTED LIVING FACILITY,8.0,,,-80.30301200,25.76552000
MIAMI,MIAMI-DADE,ASSISTED LIVING FACILITY,8.0,,,-80.24481000,25.75162400
MIAMI,MIAMI-DADE,ASSISTED LIVING FACILITY,8.0,,,-80.37593200,25.58024000
MIAMI,MIAMI-DADE,ASSISTED LIVING FACILITY,8.0,,,-80.28449000,25.76657400
MIAMI,MIAMI-DADE,ASSISTED LIVING FACILITY,8.0,,,-80.34542100,25.70828200
MIAMI LAKES,MIAMI-DADE,ASSISTED LIVING FACILITY,6.0,,,-80.34619475,25.93433970
MIAMI LAKES,MIAMI-DADE,ASSISTED LIVING FACILITY,6.0,,,-80.34651800,25.90645400
MIAMI LAKES,MIAMI-DADE,ASSISTED LIVING FACILITY,6.0,,,-80.34485100,25.90512300
MIAMI LAKES,MIAMI-DADE,ASSISTED LIVING FACILITY,6.0,,,-80.34645200,25.91210900
MIAMI LAKES,MIAMI-DADE,ASSISTED LIVING FACILITY,6.0,,,-80.34559200,25.90713900
MIAMI LAKES,MIAMI-DADE,ASSISTED LIVING FACILITY,6.0,,,-80.34456200,25.92726800
MIAMI LAKES,MIAMI-DADE,ASSISTED LIVING FACILITY,6.0,,,-80.32025700,25.90304400
MIAMI LAKES,MIAMI-DADE,ASSISTED LIVING FACILITY,6.0,,,-80.34085700,25.89922400
MIAMI LAKES,MIAMI-DADE,ASSISTED LIVING FACILITY,6.0,,,-80.30205200,25.91239900
MIAMI LAKES,MIAMI-DADE,ASSISTED LIVING FACILITY,6.0,,,-80.34507200,25.92181900
MIAMI LAKES,MIAMI-DADE,ASSISTED LIVING FACILITY,6.0,,,-80.30736300,25.90400600
MIAMI,MIAMI-DADE,ASSISTED LIVING FACILITY,9.0,,,-80.42588200,25.66483800
MIAMI,MIAMI-DADE,ASSISTED LIVING FACILITY,9.0,,,-80.38220100,25.71115200
MIAMI,MIAMI-DADE,ASSISTED LIVING FACILITY,9.0,,,-80.36455200,25.73945000
MIAMI,MIAMI-DADE,ASSISTED LIVING FACILITY,9.0,,,-80.40283200,25.78050800
MIAMI,MIAMI-DADE,ASSISTED LIVING FACILITY,9.0,,,-80.34895200,25.72401200
MIAMI,MIAMI-DADE,ASSISTED LIVING FACILITY,9.0,,,-80.23464200,25.80650800
MIAMI,MIAMI-DADE,ASSISTED LIVING FACILITY,9.0,,,-80.37376100,25.72856300
MIAMI,MIAMI-DADE,ASSISTED LIVING FACILITY,9.0,,,-80.24064819,25.78947420
MIAMI,MIAMI-DADE,ASSISTED LIVING FACILITY,9.0,,,-80.21096300,25.86825800
HIALEAH,MIAMI-DADE,ASSISTED LIVING FACILITY,12.0,,,-80.28564100,25.83109100
HIALEAH,MIAMI-DADE,ASSISTED LIVING FACILITY,12.0,,,-80.28283300,25.84559800
MIAMI,MIAMI-DADE,ASSISTED LIVING FACILITY,16.0,,,-80.27846100,25.77609900
MIAMI,MIAMI-DADE,ASSISTED LIVING FACILITY,16.0,,,-80.26506200,25.76291800
MIAMI,MIAMI-DADE,ASSISTED LIVING FACILITY,16.0,,,-80.25019300,25.76574800
MIAMI,MIAMI-DADE,ASSISTED LIVING FACILITY,16.0,,,-80.21562700,25.78158000
MIAMI,MIAMI-DADE,ASSISTED LIVING FACILITY,16.0,,,-80.21635100,25.78073100
MIAMI,MIAMI-DADE,ASSISTED LIVING FACILITY,16.0,,,-80.22630200,25.76236800
OPA LOCKA,MIAMI-DADE,ASSISTED LIVING FACILITY,6.0,,,-80.25635200,25.90865100
OPA LOCKA,MIAMI-DADE,ASSISTED LIVING FACILITY,6.0,,,-80.26467200,25.93660800
OPA LOCKA,MIAMI-DADE,ASSISTED LIVING FACILITY,6.0,,,-80.27992200,25.95051800
OPA LOCKA,MIAMI-DADE,ASSISTED LIVING FACILITY,6.0,,,-80.27362200,25.94648900
MIAMI,MIAMI-DADE,ASSISTED LIVING FACILITY,14.0,,,-80.23307300,25.79408900
MIAMI,MIAMI-DADE,ASSISTED LIVING FACILITY,14.0,,,-80.22869100,25.77789300
MIAMI,MIAMI-DADE,ASSISTED LIVING FACILITY,14.0,,,-80.24992300,25.77277000
MIAMI,MIAMI-DADE,ASSISTED LIVING FACILITY,14.0,,,-80.24184100,25.77025300
MIAMI,MIAMI-DADE,ASSISTED LIVING FACILITY,14.0,,,-80.26742767,25.77559604
MIAMI,MIAMI-DADE,ASSISTED LIVING FACILITY,14.0,,,-80.22960100,25.75283300
MIAMI,MIAMI-DADE,ASSISTED LIVING FACILITY,14.0,,,-80.23834200,25.77761000
MIAMI,MIAMI-DADE,ASSISTED LIVING FACILITY,14.0,,,-80.24795200,25.74916800
MIAMI,MIAMI-DADE,ASSISTED LIVING FACILITY,14.0,,,-80.19818300,25.80147800
MIAMI,MIAMI-DADE,ASSISTED LIVING FACILITY,14.0,,,-80.24761050,25.73943741
MIAMI,MIAMI-DADE,ASSISTED LIVING FACILITY,14.0,,,-80.19934200,25.80748900
MIAMI,MIAMI-DADE,ASSISTED LIVING FACILITY,14.0,,,-80.21414100,25.80929200
MIAMI,MIAMI-DADE,ASSISTED LIVING FACILITY,14.0,,,-80.26983200,25.77798800
MIAMI,MIAMI-DADE,ASSISTED LIVING FACILITY,14.0,,,-80.23707500,25.77864900
MIAMI,MIAMI-DADE,ASSISTED LIVING FACILITY,14.0,,,-80.26925900,25.77202600
MIAMI,MIAMI-DADE,ASSISTED LIVING FACILITY,14.0,,,-80.24226000,25.74739300
MIAMI,MIAMI-DADE,ASSISTED LIVING FACILITY,14.0,,,-80.23729200,25.78845200
MIAMI,MIAMI-DADE,ASSISTED LIVING FACILITY,14.0,,,-80.37932900,25.76642400
MIAMI,MIAMI-DADE,ASSISTED LIVING FACILITY,14.0,,,-80.22428400,25.76918900
MIAMI,MIAMI-DADE,ASSISTED LIVING FACILITY,14.0,,,-80.25440100,25.76690300
MIAMI,MIAMI-DADE,ASSISTED LIVING FACILITY,14.0,,,-80.23819200,25.77433000
MIAMI,MIAMI-DADE,ASSISTED LIVING FACILITY,14.0,,,-80.22402100,25.77899300
MIAMI,MIAMI-DADE,ASSISTED LIVING FACILITY,14.0,,,-80.17250100,25.87905400
MIAMI,MIAMI-DADE,ASSISTED LIVING FACILITY,14.0,,,-80.22362946,25.77512902
MIAMI,MIAMI-DADE,ASSISTED LIVING FACILITY,14.0,,,-80.26206200,25.77193100
MIAMI,MIAMI-DADE,ASSISTED LIVING FACILITY,14.0,,,-80.22153200,25.80105000
MIAMI,MIAMI-DADE,ASSISTED LIVING FACILITY,14.0,,,-80.38209000,25.61099300
MIAMI,MIAMI-DADE,ASSISTED LIVING FACILITY,14.0,,,-80.21995200,25.75001000
MIAMI,MIAMI-DADE,ASSISTED LIVING FACILITY,14.0,,,-80.25300800,25.75724400
MIAMI,MIAMI-DADE,ASSISTED LIVING FACILITY,14.0,,,-80.22815200,25.76906800
MIAMI,MIAMI-DADE,ASSISTED LIVING FACILITY,14.0,,,-80.22010000,25.76655300
MIAMI,MIAMI-DADE,ASSISTED LIVING FACILITY,14.0,,,-80.31752100,25.76934100
MIAMI,MIAMI-DADE,ASSISTED LIVING FACILITY,14.0,,,-80.20963902,25.77535471
MIAMI,MIAMI-DADE,ASSISTED LIVING FACILITY,14.0,,,-80.25068100,25.74305300
MIAMI,MIAMI-DADE,ASSISTED LIVING FACILITY,14.0,,,-80.21623100,25.76221200
MIAMI,MIAMI-DADE,ASSISTED LIVING FACILITY,14.0,,,-80.23845700,25.79273500
MIAMI,MIAMI-DADE,ASSISTED LIVING FACILITY,14.0,,,-80.31035200,25.77152500
MIAMI,MIAMI-DADE,ASSISTED LIVING FACILITY,14.0,,,-80.20389100,25.78153300
MIAMI,MIAMI-DADE,ASSISTED LIVING FACILITY,14.0,,,-80.24096200,25.75076800
MIAMI,MIAMI-DADE,ASSISTED LIVING FACILITY,14.0,,,-80.21415100,25.75019300
MIAMI,MIAMI-DADE,ASSISTED LIVING FACILITY,14.0,,,-80.22044086,25.80853842
MIAMI,MIAMI-DADE,ASSISTED LIVING FACILITY,14.0,,,-80.24155100,25.73986300
MIAMI,MIAMI-DADE,ASSISTED LIVING FACILITY,14.0,,,-80.25019300,25.77859900
MIAMI,MIAMI-DADE,ASSISTED LIVING FACILITY,14.0,,,-80.27294200,25.77640900
MIAMI,MIAMI-DADE,ASSISTED LIVING FACILITY,14.0,,,-80.23424000,25.87225200
MIAMI,MIAMI-DADE,ASSISTED LIVING FACILITY,14.0,,,-80.21778300,25.74804100
MIAMI,MIAMI-DADE,ASSISTED LIVING FACILITY,14.0,,,-80.23879600,25.74422600
HIALEAH,MIAMI-DADE,ASSISTED LIVING FACILITY,6.0,,,-80.26321100,25.83800900
HIALEAH,MIAMI-DADE,ASSISTED LIVING FACILITY,6.0,,,-80.35746100,25.88504200
HIALEAH,MIAMI-DADE,ASSISTED LIVING FACILITY,6.0,,,-80.35330100,25.88974200
HIALEAH,MIAMI-DADE,ASSISTED LIVING FACILITY,6.0,,,-80.27844200,25.83640800
HIALEAH,MIAMI-DADE,ASSISTED LIVING FACILITY,6.0,,,-80.33942200,25.88791800
HIALEAH,MIAMI-DADE,ASSISTED LIVING FACILITY,6.0,,,-80.29785200,25.86119000
HIALEAH,MIAMI-DADE,ASSISTED LIVING FACILITY,6.0,,,-80.31265200,25.89025900
HIALEAH,MIAMI-DADE,ASSISTED LIVING FACILITY,6.0,,,-80.33439200,25.88461900
HIALEAH,MIAMI-DADE,ASSISTED LIVING FACILITY,6.0,,,-80.26697200,25.86977000
HIALEAH,MIAMI-DADE,ASSISTED LIVING FACILITY,6.0,,,-80.28346200,25.87990100
HIALEAH,MIAMI-DADE,ASSISTED LIVING FACILITY,6.0,,,-80.32791200,25.92319300
HIALEAH,MIAMI-DADE,ASSISTED LIVING FACILITY,6.0,,,-80.28842100,25.87321300
HIALEAH,MIAMI-DADE,ASSISTED LIVING FACILITY,6.0,,,-80.29703200,25.88836300
HIALEAH,MIAMI-DADE,ASSISTED LIVING FACILITY,6.0,,,-80.30881100,25.88118800
HIALEAH,MIAMI-DADE,ASSISTED LIVING FACILITY,6.0,,,-80.31202100,25.88419200
HIALEAH,MIAMI-DADE,ASSISTED LIVING FACILITY,6.0,,,-80.34533200,25.89087200
HIALEAH,MIAMI-DADE,ASSISTED LIVING FACILITY,6.0,,,-80.32020200,25.89672000
HIALEAH,MIAMI-DADE,ASSISTED LIVING FACILITY,6.0,,,-80.31278100,25.87559100
HIALEAH,MIAMI-DADE,ASSISTED LIVING FACILITY,6.0,,,-80.29853100,25.85781100
HIALEAH,MIAMI-DADE,ASSISTED LIVING FACILITY,6.0,,,-80.29380100,25.86083100
HIALEAH,MIAMI-DADE,ASSISTED LIVING FACILITY,6.0,,,-80.32789100,25.95647300
HIALEAH,MIAMI-DADE,ASSISTED LIVING FACILITY,6.0,,,-80.31625200,25.88249800
HIALEAH,MIAMI-DADE,ASSISTED LIVING FACILITY,6.0,,,-80.27405300,25.85794900
HIALEAH,MIAMI-DADE,ASSISTED LIVING FACILITY,6.0,,,-80.32471100,25.87687200
HIALEAH,MIAMI-DADE,ASSISTED LIVING FACILITY,6.0,,,-80.31298200,25.87872000
HIALEAH,MIAMI-DADE,ASSISTED LIVING FACILITY,6.0,,,-80.30554100,25.84886300
HIALEAH,MIAMI-DADE,ASSISTED LIVING FACILITY,6.0,,,-80.32746300,25.93620400
HIALEAH,MIAMI-DADE,ASSISTED LIVING FACILITY,6.0,,,-80.31579200,25.90712000
HIALEAH,MIAMI-DADE,ASSISTED LIVING FACILITY,6.0,,,-80.29295100,25.88046300
HIALEAH,MIAMI-DADE,ASSISTED LIVING FACILITY,6.0,,,-80.29474200,25.86397900
HIALEAH,MIAMI-DADE,ASSISTED LIVING FACILITY,6.0,,,-80.32093190,25.86037290
HIALEAH,MIAMI-DADE,ASSISTED LIVING FACILITY,6.0,,,-80.29527200,25.85165800
HIALEAH,MIAMI-DADE,ASSISTED LIVING FACILITY,6.0,,,-80.27488100,25.87579100
HIALEAH,MIAMI-DADE,ASSISTED LIVING FACILITY,6.0,,,-80.26379200,25.86847900
HIALEAH,MIAMI-DADE,ASSISTED LIVING FACILITY,6.0,,,-80.26384100,25.82686300
HIALEAH,MIAMI-DADE,ASSISTED LIVING FACILITY,6.0,,,-80.34578200,25.94135800
HIALEAH,MIAMI-DADE,ASSISTED LIVING FACILITY,6.0,,,-80.26963200,25.86734800
HIALEAH,MIAMI-DADE,ASSISTED LIVING FACILITY,6.0,,,-80.30486200,25.88559800
HIALEAH,MIAMI-DADE,ASSISTED LIVING FACILITY,6.0,,,-80.28583100,25.87632300
HIALEAH,MIAMI-DADE,ASSISTED LIVING FACILITY,6.0,,,-80.29143200,25.87345800
HIALEAH,MIAMI-DADE,ASSISTED LIVING FACILITY,6.0,,,-80.26587100,25.86092100
HIALEAH,MIAMI-DADE,ASSISTED LIVING FACILITY,6.0,,,-80.30049200,25.87343800
HIALEAH,MIAMI-DADE,ASSISTED LIVING FACILITY,6.0,,,-80.31566100,25.88627200
HIALEAH,MIAMI-DADE,ASSISTED LIVING FACILITY,6.0,,,-80.28161200,25.87332800
HIALEAH,MIAMI-DADE,ASSISTED LIVING FACILITY,6.0,,,-80.29924100,25.87852200
HIALEAH,MIAMI-DADE,ASSISTED LIVING FACILITY,6.0,,,-80.34123200,25.90616100
HIALEAH,MIAMI-DADE,ASSISTED LIVING FACILITY,6.0,,,-80.30813200,25.89612900
HIALEAH,MIAMI-DADE,ASSISTED LIVING FACILITY,6.0,,,-80.26260200,25.85809000
HIALEAH,MIAMI-DADE,ASSISTED LIVING FACILITY,6.0,,,-80.30844100,25.89370300
HIALEAH,MIAMI-DADE,ASSISTED LIVING FACILITY,6.0,,,-80.27375200,25.85424800
HIALEAH,MIAMI-DADE,ASSISTED LIVING FACILITY,6.0,,,-80.34921100,25.92625100
HIALEAH,MIAMI-DADE,ASSISTED LIVING FACILITY,6.0,,,-80.30646900,25.94917600
HIALEAH,MIAMI-DADE,ASSISTED LIVING FACILITY,6.0,,,-80.26150200,25.85944900
HIALEAH,MIAMI-DADE,ASSISTED LIVING FACILITY,6.0,,,-80.30213200,25.84978400
HIALEAH,MIAMI-DADE,ASSISTED LIVING FACILITY,6.0,,,-80.28529300,25.83800800
HIALEAH,MIAMI-DADE,ASSISTED LIVING FACILITY,6.0,,,-80.31108100,25.87196200
HIALEAH,MIAMI-DADE,ASSISTED LIVING FACILITY,6.0,,,-80.30626100,25.87091800
HIALEAH,MIAMI-DADE,ASSISTED LIVING FACILITY,6.0,,,-80.34645200,25.92999800
HIALEAH,MIAMI-DADE,ASSISTED LIVING FACILITY,6.0,,,-80.29763750,25.84639990
HIALEAH,MIAMI-DADE,ASSISTED LIVING FACILITY,6.0,,,-80.33356000,25.94061800
HIALEAH,MIAMI-DADE,ASSISTED LIVING FACILITY,6.0,,,-80.29327100,25.85864300
HIALEAH,MIAMI-DADE,ASSISTED LIVING FACILITY,6.0,,,-80.29050100,25.83295800
HIALEAH,MIAMI-DADE,ASSISTED LIVING FACILITY,6.0,,,-80.32205674,25.94554761
HIALEAH,MIAMI-DADE,ASSISTED LIVING FACILITY,6.0,,,-80.26506200,25.81969900
HIALEAH,MIAMI-DADE,ASSISTED LIVING FACILITY,6.0,,,-80.32881200,25.93272800
HIALEAH,MIAMI-DADE,ASSISTED LIVING FACILITY,6.0,,,-80.34969200,25.88606800
HIALEAH,MIAMI-DADE,ASSISTED LIVING FACILITY,6.0,,,-80.30296000,25.86172600
HIALEAH,MIAMI-DADE,ASSISTED LIVING FACILITY,6.0,,,-80.28831375,25.86540821
HIALEAH,MIAMI-DADE,ASSISTED LIVING FACILITY,6.0,,,-80.27755100,25.87157300
HIALEAH,MIAMI-DADE,ASSISTED LIVING FACILITY,6.0,,,-80.34731100,25.89406800
HIALEAH,MIAMI-DADE,ASSISTED LIVING FACILITY,6.0,,,-80.27274200,25.83112800
HIALEAH,MIAMI-DADE,ASSISTED LIVING FACILITY,6.0,,,-80.27884200,25.83276800
HIALEAH,MIAMI-DADE,ASSISTED LIVING FACILITY,6.0,,,-80.31034200,25.85806800
HIALEAH,MIAMI-DADE,ASSISTED LIVING FACILITY,6.0,,,-80.34196786,25.88505100
HIALEAH,MIAMI-DADE,ASSISTED LIVING FACILITY,6.0,,,-80.26957686,25.87436032
HIALEAH,MIAMI-DADE,ASSISTED LIVING FACILITY,6.0,,,-80.29345200,25.88273400
HIALEAH,MIAMI-DADE,ASSISTED LIVING FACILITY,6.0,,,-80.33719400,25.95075800
HIALEAH,MIAMI-DADE,ASSISTED LIVING FACILITY,6.0,,,-80.26715200,25.86365800
HIALEAH,MIAMI-DADE,ASSISTED LIVING FACILITY,6.0,,,-80.31165200,25.88350000
HIALEAH,MIAMI-DADE,ASSISTED LIVING FACILITY,6.0,,,-80.26900200,25.85072800
HIALEAH,MIAMI-DADE,ASSISTED LIVING FACILITY,6.0,,,-80.29439100,25.89394200
HIALEAH,MIAMI-DADE,ASSISTED LIVING FACILITY,6.0,,,-80.27084000,25.86350400
HIALEAH,MIAMI-DADE,ASSISTED LIVING FACILITY,6.0,,,-80.32950200,25.94181900
HIALEAH,MIAMI-DADE,ASSISTED LIVING FACILITY,6.0,,,-80.31621200,25.89717000
HIALEAH,MIAMI-DADE,ASSISTED LIVING FACILITY,6.0,,,-80.26612700,25.83872300
HIALEAH,MIAMI-DADE,ASSISTED LIVING FACILITY,6.0,,,-80.34326200,25.88150400
HIALEAH,MIAMI-DADE,ASSISTED LIVING FACILITY,6.0,,,-80.35894200,25.88907000
HIALEAH,MIAMI-DADE,ASSISTED LIVING FACILITY,6.0,,,-80.28152200,25.86511800
HIALEAH,MIAMI-DADE,ASSISTED LIVING FACILITY,48.0,,,-80.27998200,25.82818800
HIALEAH,MIAMI-DADE,ASSISTED LIVING FACILITY,48.0,,,-80.28149000,25.82674300
MIAMI,MIAMI-DADE,ASSISTED LIVING FACILITY,12.0,,,-80.22451300,25.83241800
MIAMI,MIAMI-DADE,ASSISTED LIVING FACILITY,12.0,,,-80.22358100,25.75283200
MIAMI,MIAMI-DADE,ASSISTED LIVING FACILITY,12.0,,,-80.24826200,25.74556700
MIAMI,MIAMI-DADE,ASSISTED LIVING FACILITY,12.0,,,-80.21433000,25.76466600
MIAMI,MIAMI-DADE,ASSISTED LIVING FACILITY,12.0,,,-80.37326235,25.76432767
MIAMI,MIAMI-DADE,ASSISTED LIVING FACILITY,12.0,,,-80.23080100,25.74372500
MIAMI,MIAMI-DADE,ASSISTED LIVING FACILITY,12.0,,,-80.24814200,25.74556700
MIAMI,MIAMI-DADE,ASSISTED LIVING FACILITY,12.0,,,-80.28364000,25.77550300
MIAMI,MIAMI-DADE,ASSISTED LIVING FACILITY,12.0,,,-80.37718900,25.76223400
MIAMI,MIAMI-DADE,ASSISTED LIVING FACILITY,12.0,,,-80.29893100,25.73273300
MIAMI,MIAMI-DADE,ASSISTED LIVING FACILITY,12.0,,,-80.22467929,25.76221333
MIAMI,MIAMI-DADE,ASSISTED LIVING FACILITY,12.0,,,-80.22604500,25.78858300
MIAMI,MIAMI-DADE,ASSISTED LIVING FACILITY,12.0,,,-80.32544200,25.76897000
HOMESTEAD,MIAMI-DADE,ASSISTED LIVING FACILITY,,,,-80.42341601,25.49448112
HOMESTEAD,MIAMI-DADE,ASSISTED LIVING FACILITY,,,,-80.47174310,25.50382558
HOMESTEAD,MIAMI-DADE,ASSISTED LIVING FACILITY,,,,-80.46737797,25.48512129
HOMESTEAD,MIAMI-DADE,ASSISTED LIVING FACILITY,,,,-80.43013120,25.50293675
HOMESTEAD,MIAMI-DADE,ASSISTED LIVING FACILITY,,,,-80.40913022,25.49864888
HOMESTEAD,MIAMI-DADE,ASSISTED LIVING FACILITY,,,,-80.45854897,25.49319217
HOMESTEAD,MIAMI-DADE,ASSISTED LIVING FACILITY,,,,-80.40922109,25.50379585
HOMESTEAD,MIAMI-DADE,ASSISTED LIVING FACILITY,,,,-80.45457672,25.53665338
HOMESTEAD,MIAMI-DADE,ASSISTED LIVING FACILITY,,,,-80.45721605,25.49023052
HOMESTEAD,MIAMI-DADE,ASSISTED LIVING FACILITY,,,,-80.42303703,25.47350755
HIALEAH,MIAMI-DADE,ASSISTED LIVING FACILITY,40.0,,,-80.28357200,25.84920800
HIALEAH,MIAMI-DADE,ASSISTED LIVING FACILITY,40.0,,,-80.28528000,25.82979300
NORTH MIAMI BEACH,MIAMI-DADE,ASSISTED LIVING FACILITY,6.0,,,-80.16458200,25.94330800
NORTH MIAMI BEACH,MIAMI-DADE,ASSISTED LIVING FACILITY,6.0,,,-80.16129200,25.92258900
NORTH MIAMI BEACH,MIAMI-DADE,ASSISTED LIVING FACILITY,6.0,,,-80.19545200,25.93653000
HOMESTEAD,MIAMI-DADE,ASSISTED LIVING FACILITY,6.0,,,-80.44597941,25.48559751
HOMESTEAD,MIAMI-DADE,ASSISTED LIVING FACILITY,6.0,,,-80.38858200,25.51831700
HOMESTEAD,MIAMI-DADE,ASSISTED LIVING FACILITY,6.0,,,-80.47292382,25.48473539
HOMESTEAD,MIAMI-DADE,ASSISTED LIVING FACILITY,6.0,,,-80.38958200,25.52786100
HOMESTEAD,MIAMI-DADE,ASSISTED LIVING FACILITY,6.0,,,-80.45337200,25.49930900
HOMESTEAD,MIAMI-DADE,ASSISTED LIVING FACILITY,6.0,,,-80.43346200,25.49141800
HOMESTEAD,MIAMI-DADE,ASSISTED LIVING FACILITY,6.0,,,-80.43175200,25.48697000
HOMESTEAD,MIAMI-DADE,ASSISTED LIVING FACILITY,6.0,,,-80.38972100,25.52150100
HOMESTEAD,MIAMI-DADE,ASSISTED LIVING FACILITY,6.0,,,-80.42836499,25.49974437
HOMESTEAD,MIAMI-DADE,ASSISTED LIVING FACILITY,6.0,,,-80.43074190,25.49892284
HOMESTEAD,MIAMI-DADE,ASSISTED LIVING FACILITY,6.0,,,-80.40770100,25.50449800
HOMESTEAD,MIAMI-DADE,ASSISTED LIVING FACILITY,6.0,,,-80.49985200,25.46970800
HOMESTEAD,MIAMI-DADE,ASSISTED LIVING FACILITY,6.0,,,-80.42697200,25.48750100
HOMESTEAD,MIAMI-DADE,ASSISTED LIVING FACILITY,6.0,,,-80.43553725,25.48861139
HOMESTEAD,MIAMI-DADE,ASSISTED LIVING FACILITY,6.0,,,-80.45690336,25.46464406
HOMESTEAD,MIAMI-DADE,ASSISTED LIVING FACILITY,6.0,,,-80.36407200,25.54253400
HOMESTEAD,MIAMI-DADE,ASSISTED LIVING FACILITY,6.0,,,-80.48724830,25.47867224
HOMESTEAD,MIAMI-DADE,ASSISTED LIVING FACILITY,6.0,,,-80.49778200,25.48103900
HOMESTEAD,MIAMI-DADE,ASSISTED LIVING FACILITY,6.0,,,-80.42813200,25.49216300
HOMESTEAD,MIAMI-DADE,ASSISTED LIVING FACILITY,6.0,,,-80.39292800,25.51933100
HOMESTEAD,MIAMI-DADE,ASSISTED LIVING FACILITY,6.0,,,-80.45581130,25.45912189
HOMESTEAD,MIAMI-DADE,ASSISTED LIVING FACILITY,6.0,,,-80.40544231,25.50872934
HOMESTEAD,MIAMI-DADE,ASSISTED LIVING FACILITY,6.0,,,-80.44512100,25.49201300
HOMESTEAD,MIAMI-DADE,ASSISTED LIVING FACILITY,6.0,,,-80.42343996,25.49986438
North Miami,MIAMI-DADE,ASSISTED LIVING FACILITY,10.0,,,-80.18580644,25.89615803
MIAMI,MIAMI-DADE,ASSISTED LIVING FACILITY,310.0,,,-80.37619200,25.69017900
HIALEAH,MIAMI-DADE,ASSISTED LIVING FACILITY,19.0,,,-80.28496100,25.83341300
HIALEAH,MIAMI-DADE,ASSISTED LIVING FACILITY,19.0,,,-80.28297200,25.84558800
HIALEAH,MIAMI-DADE,ASSISTED LIVING FACILITY,19.0,,,-80.28535800,25.83338100
HIALEAH,MIAMI-DADE,ASSISTED LIVING FACILITY,19.0,,,-80.28479100,25.82887300
HIALEAH,MIAMI-DADE,ASSISTED LIVING FACILITY,19.0,,,-80.30307200,25.84256800
NORTH MIAMI,MIAMI-DADE,ASSISTED LIVING FACILITY,50.0,,,-80.16750300,25.90926800
Miami,MIAMI-DADE,ASSISTED LIVING FACILITY,6.0,,,-80.32912894,25.75614798
Miami,MIAMI-DADE,ASSISTED LIVING FACILITY,6.0,,,-80.43284904,25.69084170
Miami,MIAMI-DADE,ASSISTED LIVING FACILITY,6.0,,,-80.42829125,25.60608669
Miami,MIAMI-DADE,ASSISTED LIVING FACILITY,6.0,,,-80.25142307,25.73736199
HIALEAH,MIAMI-DADE,ASSISTED LIVING FACILITY,20.0,,,-80.26907100,25.84119400
HIALEAH,MIAMI-DADE,ASSISTED LIVING FACILITY,20.0,,,-80.27330300,25.85056800
Miami,MIAMI-DADE,ASSISTED LIVING FACILITY,0.0,,,-80.38376246,25.69331108
Miami,MIAMI-DADE,ASSISTED LIVING FACILITY,0.0,,,-80.45224987,25.63582243
HIALEAH,MIAMI-DADE,ASSISTED LIVING FACILITY,26.0,,,-80.27341200,25.84574800
Homestead,MIAMI-DADE,ASSISTED LIVING FACILITY,,,,-80.44921689,25.45933857
CUTLER RIDGE,MIAMI-DADE,ASSISTED LIVING FACILITY,6.0,,,-80.39283409,25.55206722
CUTLER RIDGE,MIAMI-DADE,ASSISTED LIVING FACILITY,6.0,,,-80.33465248,25.58525573
CUTLER RIDGE,MIAMI-DADE,ASSISTED LIVING FACILITY,6.0,,,-80.33612187,25.56484521
MIAMI GARDENS,MIAMI-DADE,ASSISTED LIVING FACILITY,6.0,,,-80.27339800,25.93949300
MIAMI GARDENS,MIAMI-DADE,ASSISTED LIVING FACILITY,6.0,,,-80.26667200,25.91662900
MIAMI GARDENS,MIAMI-DADE,ASSISTED LIVING FACILITY,6.0,,,-80.27715800,25.93459100
MIAMI GARDENS,MIAMI-DADE,ASSISTED LIVING FACILITY,6.0,,,-80.26102000,25.96699300
MIAMI GARDENS,MIAMI-DADE,ASSISTED LIVING FACILITY,6.0,,,-80.24893300,25.93282800
MIAMI GARDENS,MIAMI-DADE,ASSISTED LIVING FACILITY,6.0,,,-80.25520200,25.91391200
MIAMI GARDENS,MIAMI-DADE,ASSISTED LIVING FACILITY,6.0,,,-80.26612300,25.93142800
MIAMI GARDENS,MIAMI-DADE,ASSISTED LIVING FACILITY,6.0,,,-80.27508200,25.92349800
MIAMI GARDENS,MIAMI-DADE,ASSISTED LIVING FACILITY,6.0,,,-80.25677300,25.96355900
MIAMI GARDENS,MIAMI-DADE,ASSISTED LIVING FACILITY,6.0,,,-80.26168900,25.93019300
MIAMI GARDENS,MIAMI-DADE,ASSISTED LIVING FACILITY,6.0,,,-80.23667862,25.94453786
MIAMI GARDENS,MIAMI-DADE,ASSISTED LIVING FACILITY,6.0,,,-80.21730200,25.93470800
MIAMI GARDENS,MIAMI-DADE,ASSISTED LIVING FACILITY,6.0,,,-80.27726700,25.93785600
MIAMI GARDENS,MIAMI-DADE,ASSISTED LIVING FACILITY,6.0,,,-80.22446900,25.92743000
MIAMI GARDENS,MIAMI-DADE,ASSISTED LIVING FACILITY,6.0,,,-80.28084420,25.94667494
MIAMI GARDENS,MIAMI-DADE,ASSISTED LIVING FACILITY,6.0,,,-80.26003900,25.95581300
MIAMI GARDENS,MIAMI-DADE,ASSISTED LIVING FACILITY,6.0,,,-80.23676000,25.93111100
MIAMI GARDENS,MIAMI-DADE,ASSISTED LIVING FACILITY,6.0,,,-80.24262200,25.91396700
MIAMI GARDENS,MIAMI-DADE,ASSISTED LIVING FACILITY,6.0,,,-80.26491100,25.92392300
MIAMI GARDENS,MIAMI-DADE,ASSISTED LIVING FACILITY,6.0,,,-80.22665000,25.93356300
HIALEAH,MIAMI-DADE,ASSISTED LIVING FACILITY,67.0,,,-80.27651100,25.82641300
PRINCETON,MIAMI-DADE,ASSISTED LIVING FACILITY,120.0,,,-80.40676700,25.54088200
CORAL GABLES,MIAMI-DADE,ASSISTED LIVING FACILITY,6.0,,,-80.28747200,25.75872800
HIALEAH,MIAMI-DADE,ASSISTED LIVING FACILITY,61.0,,,-80.28160300,25.83123600
MIAMI,MIAMI-DADE,ASSISTED LIVING FACILITY,13.0,,,-80.41989300,25.66340800
MIAMI,MIAMI-DADE,ASSISTED LIVING FACILITY,13.0,,,-80.25341200,25.74541800
MIAMI,MIAMI-DADE,ASSISTED LIVING FACILITY,13.0,,,-80.22652200,25.76226000
MIAMI,MIAMI-DADE,ASSISTED LIVING FACILITY,13.0,,,-80.22521300,25.80434800
MIAMI,MIAMI-DADE,ASSISTED LIVING FACILITY,13.0,,,-80.20953300,25.76499800
CUTLER BAY,MIAMI-DADE,ASSISTED LIVING FACILITY,6.0,,,-80.35513700,25.57497800
CUTLER BAY,MIAMI-DADE,ASSISTED LIVING FACILITY,6.0,,,-80.34171115,25.57063797
CUTLER BAY,MIAMI-DADE,ASSISTED LIVING FACILITY,6.0,,,-80.34903422,25.56952440
MIAMI,MIAMI-DADE,ASSISTED LIVING FACILITY,51.0,,,-80.14558651,25.94572431
HIALEAH GARDENS,MIAMI-DADE,ASSISTED LIVING FACILITY,6.0,,,-80.34083200,25.87340800
HIALEAH GARDENS,MIAMI-DADE,ASSISTED LIVING FACILITY,6.0,,,-80.34687100,25.87972700
HIALEAH GARDENS,MIAMI-DADE,ASSISTED LIVING FACILITY,6.0,,,-80.36888200,25.89056300
HIALEAH GARDENS,MIAMI-DADE,ASSISTED LIVING FACILITY,6.0,,,-80.34556200,25.87638800
HIALEAH GARDENS,MIAMI-DADE,ASSISTED LIVING FACILITY,6.0,,,-80.34090200,25.87934300
HIALEAH GARDENS,MIAMI-DADE,ASSISTED LIVING FACILITY,6.0,,,-80.34396269,25.88296031
HIALEAH GARDENS,MIAMI-DADE,ASSISTED LIVING FACILITY,6.0,,,-80.35087200,25.88370300
MIAMI BEACH,MIAMI-DADE,ASSISTED LIVING FACILITY,12.0,,,-80.14009200,25.85255900
HIALEAH,MIAMI-DADE,ASSISTED LIVING FACILITY,8.0,,,-80.26004300,25.83898800
HIALEAH,MIAMI-DADE,ASSISTED LIVING FACILITY,8.0,,,-80.34738200,25.89275800
HIALEAH,MIAMI-DADE,ASSISTED LIVING FACILITY,8.0,,,-80.26383200,25.81475000
HIALEAH,MIAMI-DADE,ASSISTED LIVING FACILITY,8.0,,,-80.27768100,25.87791300
HIALEAH,MIAMI-DADE,ASSISTED LIVING FACILITY,8.0,,,-80.29275100,25.89140100
HIALEAH,MIAMI-DADE,ASSISTED LIVING FACILITY,8.0,,,-80.30022100,25.88972300
HIALEAH,MIAMI-DADE,ASSISTED LIVING FACILITY,8.0,,,-80.28965200,25.86207800
HIALEAH,MIAMI-DADE,ASSISTED LIVING FACILITY,8.0,,,-80.30468200,25.88203300
HIALEAH,MIAMI-DADE,ASSISTED LIVING FACILITY,8.0,,,-80.27276200,25.87120100
HIALEAH,MIAMI-DADE,ASSISTED LIVING FACILITY,8.0,,,-80.30777100,25.88934100
HIALEAH,MIAMI-DADE,ASSISTED LIVING FACILITY,8.0,,,-80.29120200,25.85023900
HIALEAH,MIAMI-DADE,ASSISTED LIVING FACILITY,34.0,,,-80.27995200,25.83784000
MIAMI,MIAMI-DADE,ASSISTED LIVING FACILITY,10.0,,,-80.24195200,25.78229200
MIAMI,MIAMI-DADE,ASSISTED LIVING FACILITY,10.0,,,-80.22508000,25.81324400
MIAMI,MIAMI-DADE,ASSISTED LIVING FACILITY,10.0,,,-80.36877100,25.60821200
MIAMI,MIAMI-DADE,ASSISTED LIVING FACILITY,10.0,,,-80.42971300,25.71807800
MIAMI,MIAMI-DADE,ASSISTED LIVING FACILITY,10.0,,,-80.27324300,25.77285800
MIAMI,MIAMI-DADE,ASSISTED LIVING FACILITY,10.0,,,-80.26802200,25.78030000
MIAMI,MIAMI-DADE,ASSISTED LIVING FACILITY,10.0,,,-80.36957200,25.66171000
MIAMI,MIAMI-DADE,ASSISTED LIVING FACILITY,5.0,,,-80.18921200,25.91829900
MIAMI,MIAMI-DADE,ASSISTED LIVING FACILITY,5.0,,,-80.41210700,25.69338400
MIAMI,MIAMI-DADE,ASSISTED LIVING FACILITY,5.0,,,-80.33506200,25.67002900
MIAMI,MIAMI-DADE,ASSISTED LIVING FACILITY,5.0,,,-80.23015200,25.75870300
MIAMI,MIAMI-DADE,ASSISTED LIVING FACILITY,5.0,,,-80.29339100,25.73596300
MIAMI,MIAMI-DADE,ASSISTED LIVING FACILITY,5.0,,,-80.20605100,25.86514400
MIAMI GARDENS,MIAMI-DADE,ASSISTED LIVING FACILITY,9.0,,,-80.23209060,25.91838114
MIAMI,MIAMI-DADE,ASSISTED LIVING FACILITY,32.0,,,-80.22660000,25.76342100
HIALEAH,MIAMI-DADE,ASSISTED LIVING FACILITY,72.0,,,-80.27451100,25.85014200
HIALEAH,MIAMI-DADE,ASSISTED LIVING FACILITY,72.0,,,-80.28291100,25.82804300
HIALEAH,MIAMI-DADE,ASSISTED LIVING FACILITY,42.0,,,-80.28192000,25.83653600
MIAMI,MIAMI-DADE,ASSISTED LIVING FACILITY,92.0,,,-80.29176000,25.76341300
HIALEAH,MIAMI-DADE,ASSISTED LIVING FACILITY,7.0,,,-80.27528100,25.86805300
HIALEAH,MIAMI-DADE,ASSISTED LIVING FACILITY,7.0,,,-80.29632100,25.86760300
HIALEAH,MIAMI-DADE,ASSISTED LIVING FACILITY,7.0,,,-80.34259100,25.88825900
HIALEAH,MIAMI-DADE,ASSISTED LIVING FACILITY,7.0,,,-80.31945200,25.87993900
HIALEAH,MIAMI-DADE,ASSISTED LIVING FACILITY,7.0,,,-80.34405200,25.90180900
HIALEAH,MIAMI-DADE,ASSISTED LIVING FACILITY,7.0,,,-80.27002000,25.85892300
HIALEAH,MIAMI-DADE,ASSISTED LIVING FACILITY,7.0,,,-80.30849100,25.85478100
HIALEAH,MIAMI-DADE,ASSISTED LIVING FACILITY,7.0,,,-80.26803100,25.81860300
HIALEAH,MIAMI-DADE,ASSISTED LIVING FACILITY,7.0,,,-80.27588100,25.88156300
HIALEAH,MIAMI-DADE,ASSISTED LIVING FACILITY,7.0,,,-80.27599200,25.83893800
HIALEAH,MIAMI-DADE,ASSISTED LIVING FACILITY,7.0,,,-80.31044200,25.85106000
HIALEAH,MIAMI-DADE,ASSISTED LIVING FACILITY,7.0,,,-80.26360200,25.86248100
HIALEAH,MIAMI-DADE,ASSISTED LIVING FACILITY,7.0,,,-80.34134200,25.91280800
HIALEAH,MIAMI-DADE,ASSISTED LIVING FACILITY,7.0,,,-80.33306965,25.88872669
HOMESTEAD,MIAMI-DADE,ASSISTED LIVING FACILITY,8.0,,,-80.39281100,25.53262400
HOMESTEAD,MIAMI-DADE,ASSISTED LIVING FACILITY,8.0,,,-80.47989940,25.48601840
MIAMI,MIAMI-DADE,ASSISTED LIVING FACILITY,11.0,,,-80.23642100,25.75655200
MIAMI,MIAMI-DADE,ASSISTED LIVING FACILITY,11.0,,,-80.38173100,25.71760100
MIAMI,MIAMI-DADE,ASSISTED LIVING FACILITY,11.0,,,-80.21166200,25.83301800
HIALEAH,MIAMI-DADE,ASSISTED LIVING FACILITY,16.0,,,-80.26685100,25.81553200
HIALEAH,MIAMI-DADE,ASSISTED LIVING FACILITY,25.0,,,-80.27373300,25.85055800
MIAMI GARDENS,MIAMI-DADE,ASSISTED LIVING FACILITY,5.0,,,-80.24795200,25.96680800
MIAMI GARDENS,MIAMI-DADE,ASSISTED LIVING FACILITY,5.0,,,-80.25482000,25.93689400
HOMESTEAD,MIAMI-DADE,ASSISTED LIVING FACILITY,200.0,,,-80.47662969,25.48315356
HIALEAH,MIAMI-DADE,ASSISTED LIVING FACILITY,15.0,,,-80.27350200,25.85056800
HIALEAH,MIAMI-DADE,ASSISTED LIVING FACILITY,76.0,,,-80.28056000,25.84088300
CUTLER RIDGE,MIAMI-DADE,ASSISTED LIVING FACILITY,7.0,,,-80.34910233,25.58441182
AVENTURA,MIAMI-DADE,ASSISTED LIVING FACILITY,26.0,,,-80.13856100,25.95446600
HOMESTEAD,MIAMI-DADE,ASSISTED LIVING FACILITY,12.0,,,-80.48011884,25.47596609
MIAMI SPRINGS,MIAMI-DADE,ASSISTED LIVING FACILITY,6.0,,,-80.28014200,25.81691000
MIAMI SPRINGS,MIAMI-DADE,ASSISTED LIVING FACILITY,6.0,,,-80.29250100,25.82163100
MIAMI SPRINGS,MIAMI-DADE,ASSISTED LIVING FACILITY,6.0,,,-80.27554100,25.81342200
MIAMI SPRINGS,MIAMI-DADE,ASSISTED LIVING FACILITY,6.0,,,-80.30301200,25.82714800
MIAMI SPRINGS,MIAMI-DADE,ASSISTED LIVING FACILITY,60.0,,,-80.28301618,25.81869982
Miami,MIAMI-DADE,ASSISTED LIVING FACILITY,5.0,,,-80.40371917,25.66192932
HIALEAH,MIAMI-DADE,ASSISTED LIVING FACILITY,86.0,,,-80.28504100,25.84727300
MIAMI GARDENS,MIAMI-DADE,ASSISTED LIVING FACILITY,7.0,,,-80.27491200,25.94269900
MIAMI,MIAMI-DADE,ASSISTED LIVING FACILITY,44.0,,,-80.30430200,25.75025300
HOMESTEAD,MIAMI-DADE,ASSISTED LIVING FACILITY,7.0,,,-80.46576915,25.48843889
HOMESTEAD,MIAMI-DADE,ASSISTED LIVING FACILITY,7.0,,,-80.40034200,25.51846100
HOMESTEAD,MIAMI-DADE,ASSISTED LIVING FACILITY,7.0,,,-80.43408200,25.49575300
HOMESTEAD,MIAMI-DADE,ASSISTED LIVING FACILITY,7.0,,,-80.40260200,25.52503800
HOMESTEAD,MIAMI-DADE,ASSISTED LIVING FACILITY,7.0,,,-80.40984300,25.51762800
13776 SW 8th Street,MIAMI-DADE,ASSISTED LIVING FACILITY,0.0,,,-80.41931150,25.75959368
NORTH MIAMI,MIAMI-DADE,ASSISTED LIVING FACILITY,6.0,,,-80.17650300,25.89895800
FLORIDA CITY,MIAMI-DADE,ASSISTED LIVING FACILITY,,,,-80.48642078,25.45074020
NORTH MIAMI BEACH,MIAMI-DADE,ASSISTED LIVING FACILITY,7.0,,,-80.17493000,25.93571300
MIAMI,MIAMI-DADE,ASSISTED LIVING FACILITY,26.0,,,-80.36113200,25.57013800
MIAMI,MIAMI-DADE,ASSISTED LIVING FACILITY,15.0,,,-80.24202300,25.78572200
MIAMI,MIAMI-DADE,ASSISTED LIVING FACILITY,15.0,,,-80.28588081,25.77212316
MIAMI,MIAMI-DADE,ASSISTED LIVING FACILITY,15.0,,,-80.25712200,25.73628000
MIAMI,MIAMI-DADE,ASSISTED LIVING FACILITY,15.0,,,-80.21137100,25.80379100
MIAMI,MIAMI-DADE,ASSISTED LIVING FACILITY,100.0,,,-80.19642100,25.78309400
MIAMI,MIAMI-DADE,ASSISTED LIVING FACILITY,350.0,,,-80.28703200,25.77805800
MIAMI,MIAMI-DADE,ASSISTED LIVING FACILITY,132.0,,,-80.19993800,25.82207100
MIAMI,MIAMI-DADE,ASSISTED LIVING FACILITY,24.0,,,-80.32538200,25.75947300
HIALEAH,MIAMI-DADE,ASSISTED LIVING FACILITY,30.0,,,-80.28567100,25.83176200
HIALEAH,MIAMI-DADE,ASSISTED LIVING FACILITY,14.0,,,-80.28486100,25.83069300
MIAMI,MIAMI-DADE,ASSISTED LIVING FACILITY,,,,-80.49399698,25.57448179
HIALEAH,MIAMI-DADE,ASSISTED LIVING FACILITY,27.0,,,-80.30446100,25.85427100
PALMETTO BAY,MIAMI-DADE,ASSISTED LIVING FACILITY,6.0,,,-80.33668400,25.62041200
CUTLER BAY,MIAMI-DADE,ASSISTED LIVING FACILITY,12.0,,,-80.35748200,25.57180800
Miami,MIAMI-DADE,ASSISTED LIVING FACILITY,24.0,,,-80.39070518,25.70140073
HIALEAH,MIAMI-DADE,ASSISTED LIVING FACILITY,21.0,,,-80.28256100,25.83440300
MIAMI,MIAMI-DADE,ASSISTED LIVING FACILITY,0.0,,,-80.44570712,25.69813567
OPA LOCKA,MIAMI-DADE,ASSISTED LIVING FACILITY,7.0,,,-80.27979300,25.92645800
BISCAYNE PARK,MIAMI-DADE,ASSISTED LIVING FACILITY,6.0,,,-80.17885000,25.88591400
MIAMI,MIAMI-DADE,ASSISTED LIVING FACILITY,2.0,,,-80.25091100,25.77799200
OPA LOCKA,MIAMI-DADE,ASSISTED LIVING FACILITY,10.0,,,-80.27690200,25.92879900
Miami,MIAMI-DADE,ASSISTED LIVING FACILITY,8.0,,,-80.40173770,25.69431124
HIALEAH,MIAMI-DADE,ASSISTED LIVING FACILITY,22.0,,,-80.28379200,25.82625900
MIAMI,MIAMI-DADE,ASSISTED LIVING FACILITY,34.0,,,-80.20398100,25.77479300
MIAMI,MIAMI-DADE,ASSISTED LIVING FACILITY,34.0,,,-80.22815200,25.78098900
NORTH MIAMI,MIAMI-DADE,ASSISTED LIVING FACILITY,140.0,,,-80.19490700,25.95302800
NORTH MIAMI BEACH,MIAMI-DADE,ASSISTED LIVING FACILITY,120.0,,,-80.20394500,25.91759600
MIAMI LAKES,MIAMI-DADE,ASSISTED LIVING FACILITY,7.0,,,-80.34326100,25.91100200
HIALEAH GARDENS,MIAMI-DADE,HOSPICE,13.0,,,-80.34297957,25.88365649
MIAMI,MIAMI-DADE,RESIDENTIAL TREATMENT FACILITY,38.0,,,-80.21118100,25.79864200
NORTH MIAMI,MIAMI-DADE,RESIDENTIAL TREATMENT FACILITY,9.0,,,-80.18767300,25.91751300
MIAMI,MIAMI-DADE,END-STAGE RENAL DISEASE,0.0,,,-80.21601002,25.78951444
MIAMI,MIAMI-DADE,END-STAGE RENAL DISEASE,0.0,,,-80.38677200,25.68975100
MIAMI,MIAMI-DADE,END-STAGE RENAL DISEASE,0.0,,,-80.21394513,25.86019430
MIAMI,MIAMI-DADE,END-STAGE RENAL DISEASE,0.0,,,-80.21555100,25.76668300
MIAMI,MIAMI-DADE,END-STAGE RENAL DISEASE,0.0,,,-80.21469100,25.77588100
MIAMI,MIAMI-DADE,END-STAGE RENAL DISEASE,0.0,,,-80.35860500,25.59049400
MIAMI,MIAMI-DADE,END-STAGE RENAL DISEASE,0.0,,,-80.28537491,25.77067922
MIAMI,MIAMI-DADE,END-STAGE RENAL DISEASE,0.0,,,-80.33471817,25.68470161
MIAMI,MIAMI-DADE,END-STAGE RENAL DISEASE,0.0,,,-80.33553100,25.63634300
MIAMI,MIAMI-DADE,END-STAGE RENAL DISEASE,0.0,,,-80.40683100,25.65625200
MIAMI,MIAMI-DADE,END-STAGE RENAL DISEASE,0.0,,,-80.32257300,25.74816500
MIAMI,MIAMI-DADE,END-STAGE RENAL DISEASE,0.0,,,-80.25404401,25.74268532
MIAMI,MIAMI-DADE,END-STAGE RENAL DISEASE,0.0,,,-80.20858510,25.79060288
MIAMI,MIAMI-DADE,END-STAGE RENAL DISEASE,0.0,,,-80.46334000,25.68373300
MIAMI,MIAMI-DADE,END-STAGE RENAL DISEASE,0.0,,,-80.22509300,25.75084800
MIAMI,MIAMI-DADE,END-STAGE RENAL DISEASE,0.0,,,-80.23682700,25.75049800
MIAMI,MIAMI-DADE,END-STAGE RENAL DISEASE,0.0,,,-80.34136300,25.70208800
MIAMI,MIAMI-DADE,END-STAGE RENAL DISEASE,0.0,,,-80.41391100,25.68532300
MIAMI,MIAMI-DADE,END-STAGE RENAL DISEASE,0.0,,,-80.20365500,25.93604300
MIAMI,MIAMI-DADE,END-STAGE RENAL DISEASE,0.0,,,-80.41602900,25.74176300
MIAMI,MIAMI-DADE,END-STAGE RENAL DISEASE,0.0,,,-80.21987600,25.92912400
MIAMI LAKES,MIAMI-DADE,END-STAGE RENAL DISEASE,0.0,,,-80.29881100,25.90627800
MIAMI LAKES,MIAMI-DADE,END-STAGE RENAL DISEASE,0.0,,,-80.33109300,25.91467600
MIAMI LAKES,MIAMI-DADE,END-STAGE RENAL DISEASE,0.0,,,-80.32828000,25.90504200
MIAMI LAKES,MIAMI-DADE,END-STAGE RENAL DISEASE,0.0,,,-80.33042800,25.91455400
CORAL GABLES,MIAMI-DADE,END-STAGE RENAL DISEASE,0.0,,,-80.25499900,25.77185200
CORAL GABLES,MIAMI-DADE,END-STAGE RENAL DISEASE,0.0,,,-80.25866571,25.74141938
NORTH MIAMI,MIAMI-DADE,END-STAGE RENAL DISEASE,0.0,,,-80.18016921,25.89027013
NORTH MIAMI,MIAMI-DADE,END-STAGE RENAL DISEASE,0.0,,,-80.18144316,25.88984439
HIALEAH,MIAMI-DADE,END-STAGE RENAL DISEASE,0.0,,,-80.32520414,25.88691299
HIALEAH,MIAMI-DADE,END-STAGE RENAL DISEASE,0.0,,,-80.32552009,25.88597230
HIALEAH,MIAMI-DADE,END-STAGE RENAL DISEASE,0.0,,,-80.33821100,25.88414300
HIALEAH,MIAMI-DADE,END-STAGE RENAL DISEASE,0.0,,,-80.26150100,25.83241300
MIAMI BEACH,MIAMI-DADE,END-STAGE RENAL DISEASE,0.0,,,-80.14115700,25.79214200
NORTH MIAMI BEACH,MIAMI-DADE,END-STAGE RENAL DISEASE,0.0,,,-80.19830000,25.93109300
NORTH MIAMI BEACH,MIAMI-DADE,END-STAGE RENAL DISEASE,0.0,,,-80.20469200,25.93887200
NORTH MIAMI BEACH,MIAMI-DADE,END-STAGE RENAL DISEASE,0.0,,,-80.19635200,25.92969200
AVENTURA,MIAMI-DADE,END-STAGE RENAL DISEASE,0.0,,,-80.14277600,25.95166100
HOMESTEAD,MIAMI-DADE,END-STAGE RENAL DISEASE,0.0,,,-80.47482200,25.47725600
HOMESTEAD,MIAMI-DADE,END-STAGE RENAL DISEASE,0.0,,,-80.42575100,25.52021100
SOUTH MIAMI,MIAMI-DADE,RESIDENTIAL TREATMENT FACILITY,20.0,,,-80.29258000,25.70042400
MIAMI,MIAMI-DADE,RESIDENTIAL TREATMENT FACILITY,20.0,,,-80.18767300,25.91751300
MIAMI,MIAMI-DADE,RESIDENTIAL TREATMENT FACILITY,40.0,,,-80.21658100,25.83065800
HOMESTEAD,MIAMI-DADE,RESIDENTIAL TREATMENT FACILITY,14.0,,,-80.42468100,25.51378200
HIALEAH,MIAMI-DADE,RESIDENTIAL TREATMENT FACILITY,16.0,,,-80.32175182,25.85973932
MIAMI,MIAMI-DADE,RESIDENTIAL TREATMENT FACILITY,30.0,,,-80.37284029,25.55569081
NORTH MIAMI BEACH,MIAMI-DADE,RESIDENTIAL TREATMENT FACILITY,36.0,,,-80.15825200,25.93277900
MIAMI,MIAMI-DADE,RESIDENTIAL TREATMENT FACILITY,8.0,,,-80.19640100,25.81411800
MIAMI,MIAMI-DADE,RESIDENTIAL TREATMENT FACILITY,14.0,,,-80.25549178,25.78218094
MIAMI,MIAMI-DADE,RESIDENTIAL TREATMENT FACILITY,16.0,,,-80.18682200,25.89823900
SOUTH MIAMI,MIAMI-DADE,RESIDENTIAL TREATMENT FACILITY,44.0,,,-80.28514200,25.69718000
NORTH MIAMI BEACH,MIAMI-DADE,RESIDENTIAL TREATMENT FACILITY,15.0,,,-80.16841100,25.92471400
MIAMI,MIAMI-DADE,RESIDENTIAL TREATMENT FACILITY,68.0,,,-80.18104605,25.96626115
HIALEAH,MIAMI-DADE,RESIDENTIAL TREATMENT FACILITY,14.0,,,-80.26264100,25.81128200
MIAMI,MIAMI-DADE,AMBULATORY SURGICAL CENTER,0.0,,,-80.33607555,25.68515934
MIAMI,MIAMI-DADE,AMBULATORY SURGICAL CENTER,0.0,,,-80.33450674,25.69826196
MIAMI,MIAMI-DADE,AMBULATORY SURGICAL CENTER,0.0,,,-80.21449855,25.77968501
MIAMI,MIAMI-DADE,AMBULATORY SURGICAL CENTER,0.0,,,-80.33383541,25.68653151
MIAMI,MIAMI-DADE,AMBULATORY SURGICAL CENTER,0.0,,,-80.38648237,25.68473416
MIAMI,MIAMI-DADE,AMBULATORY SURGICAL CENTER,0.0,,,-80.26334500,25.76804100
MIAMI,MIAMI-DADE,AMBULATORY SURGICAL CENTER,0.0,,,-80.27706200,25.76400700
MIAMI,MIAMI-DADE,AMBULATORY SURGICAL CENTER,0.0,,,-80.25435900,25.74581000
MIAMI,MIAMI-DADE,AMBULATORY SURGICAL CENTER,0.0,,,-80.33445396,25.69902282
MIAMI,MIAMI-DADE,AMBULATORY SURGICAL CENTER,0.0,,,-80.21420836,25.74131089
MIAMI,MIAMI-DADE,AMBULATORY SURGICAL CENTER,0.0,,,-80.33206900,25.76955200
MIAMI,MIAMI-DADE,AMBULATORY SURGICAL CENTER,0.0,,,-80.32255600,25.67390600
MIAMI,MIAMI-DADE,AMBULATORY SURGICAL CENTER,0.0,,,-80.25409469,25.74228686
MIAMI,MIAMI-DADE,AMBULATORY SURGICAL CENTER,,,,-80.31337800,25.68608700
MIAMI,MIAMI-DADE,AMBULATORY SURGICAL CENTER,,,,-80.37169737,25.76025184
MIAMI,MIAMI-DADE,AMBULATORY SURGICAL CENTER,,,,-80.34099530,25.68470242
DORAL,MIAMI-DADE,AMBULATORY SURGICAL CENTER,0.0,,,-80.32997950,25.80845018
AVENTURA,MIAMI-DADE,AMBULATORY SURGICAL CENTER,0.0,,,-80.14723700,25.96638600
NORTH MIAMI,MIAMI-DADE,BIRTH CENTER,0.0,,,-80.18325400,25.89453200
SOUTH MIAMI,MIAMI-DADE,AMBULATORY SURGICAL CENTER,,,,-80.29378000,25.70401000
HIALEAH,MIAMI-DADE,AMBULATORY SURGICAL CENTER,0.0,,,-80.32652400,25.88362800
HIALEAH,MIAMI-DADE,AMBULATORY SURGICAL CENTER,0.0,,,-80.28528039,25.86709369
HIALEAH,MIAMI-DADE,AMBULATORY SURGICAL CENTER,0.0,,,-80.32629200,25.89146200
CORAL GABLES,MIAMI-DADE,AMBULATORY SURGICAL CENTER,0.0,,,-80.25458000,25.74847600
CORAL GABLES,MIAMI-DADE,AMBULATORY SURGICAL CENTER,0.0,,,-80.26312000,25.76142300
SOUTH MIAMI,MIAMI-DADE,AMBULATORY SURGICAL CENTER,0.0,,,-80.29233893,25.70577093
SOUTH MIAMI,MIAMI-DADE,AMBULATORY SURGICAL CENTER,0.0,,,-80.29390317,25.70332116
NORTH MIAMI BEACH,MIAMI-DADE,AMBULATORY SURGICAL CENTER,0.0,,,-80.19776794,25.92763163
NORTH MIAMI BEACH,MIAMI-DADE,AMBULATORY SURGICAL CENTER,0.0,,,-80.19631800,25.92963700
Miami,MIAMI-DADE,AMBULATORY SURGICAL CENTER,,,,-80.33582807,25.69934868
CUTLER BAY,MIAMI-DADE,END-STAGE RENAL DISEASE,0.0,,,-80.35429700,25.59859200
MIAMI GARDENS,MIAMI-DADE,END-STAGE RENAL DISEASE,0.0,,,-80.25588000,25.92624100
FLORIDA CITY,MIAMI-DADE,BIRTH CENTER,0.0,,,-80.48627000,25.44788900
MIAMI,MIAMI-DADE,BIRTH CENTER,0.0,,,-80.19563100,25.88437300
OPA LOCKA,MIAMI-DADE,CRISIS STABILIZATION UNIT,20.0,,,-80.24387200,25.91144200
MIAMI,MIAMI-DADE,CRISIS STABILIZATION UNIT,16.0,,,-80.22117475,25.80985170
MIAMI,MIAMI-DADE,CRISIS STABILIZATION UNIT,16.0,,,-80.35909100,25.56648400
HIALEAH,MIAMI-DADE,CRISIS STABILIZATION UNIT,24.0,,,-80.32175182,25.85973932
MIAMI,MIAMI-DADE,CRISIS STABILIZATION UNIT,15.0,,,-80.25704400,25.77177900
HIALEAH,MIAMI-DADE,CRISIS STABILIZATION UNIT,16.0,,,-80.32175182,25.85973932
MIAMI SHORES,MIAMI-DADE,END-STAGE RENAL DISEASE,0.0,,,-80.19339325,25.86663275
MIAMI,MIAMI-DADE,ASSISTED LIVING FACILITY,102.0,,,-80.20953100,25.78511900
Miami,MIAMI-DADE,ASSISTED LIVING FACILITY,7.0,,,-80.42608720,25.73387184
Miami,MIAMI-DADE,ASSISTED LIVING FACILITY,7.0,,,-80.35158443,25.62771043
MIAMI,MIAMI-DADE,ASSISTED LIVING FACILITY,30.0,,,-80.24406000,25.74318500
MIAMI GARDENS,MIAMI-DADE,ASSISTED LIVING FACILITY,4.0,,,-80.20575000,25.93881400
HIALEAH,MIAMI-DADE,ASSISTED LIVING FACILITY,125.0,,,-80.31639060,25.87019978
HIALEAH,MIAMI-DADE,ASSISTED LIVING FACILITY,17.0,,,-80.28824000,25.83149300
HOMESTEAD,MIAMI-DADE,ASSISTED LIVING FACILITY,18.0,,,-80.47963700,25.48288700
HIALEAH,MIAMI-DADE,ASSISTED LIVING FACILITY,29.0,,,-80.30934300,25.84975400
MIAMI,MIAMI-DADE,ASSISTED LIVING FACILITY,55.0,,,-80.26909900,25.76431200
MIAMI BEACH,MIAMI-DADE,ASSISTED LIVING FACILITY,30.0,,,-80.13885200,25.79310100
HIALEAH,MIAMI-DADE,ASSISTED LIVING FACILITY,24.0,,,-80.27574200,25.82558800
MIAMI,MIAMI-DADE,ASSISTED LIVING FACILITY,111.0,,,-80.22978100,25.75942300
NORTH MIAMI BEACH,MIAMI-DADE,ASSISTED LIVING FACILITY,8.0,,,-80.16075900,25.93981300
MIAMI,MIAMI-DADE,ASSISTED LIVING FACILITY,65.0,,,-80.16327200,25.93693300
MIAMI GARDENS,MIAMI-DADE,ASSISTED LIVING FACILITY,8.0,,,-80.23848900,25.91825900
MIAMI,MIAMI-DADE,ASSISTED LIVING FACILITY,118.0,,,-80.18941000,25.88812000
HIALEAH,MIAMI-DADE,ASSISTED LIVING FACILITY,9.0,,,-80.30817600,25.87698700
MIAMI,MIAMI-DADE,ASSISTED LIVING FACILITY,39.0,,,-80.24972000,25.74717300
HOMESTEAD,MIAMI-DADE,ASSISTED LIVING FACILITY,16.0,,,-80.47001394,25.49687658
OPA LOCKA,MIAMI-DADE,ASSISTED LIVING FACILITY,12.0,,,-80.23729200,25.92048200
MIAMI BEACH,MIAMI-DADE,ASSISTED LIVING FACILITY,35.0,,,-80.12305300,25.86327000
MIAMI,MIAMI-DADE,ASSISTED LIVING FACILITY,41.0,,,-80.18773200,25.80863800
MIAMI,MIAMI-DADE,ASSISTED LIVING FACILITY,18.0,,,-80.25514100,25.73887200
KEY BISCAYNE,MIAMI-DADE,AMBULATORY SURGICAL CENTER,0.0,,,-80.16391100,25.69046500
MIAMI,MIAMI-DADE,BLOOD BANK,0.0,,,-80.20672881,25.79460443
MIAMI,MIAMI-DADE,BLOOD BANK,0.0,,,-80.21785500,25.80952800
NORTH MIAMI,MIAMI-DADE,AMBULATORY SURGICAL CENTER,,,,-80.20976483,25.92262267
MIAMI LAKES,MIAMI-DADE,AMBULATORY SURGICAL CENTER,0.0,,,-80.30856570,25.91419935
North Miami,MIAMI-DADE,ASSISTED LIVING FACILITY,,,,-80.17337765,25.90043870
MIAMI LAKES,MIAMI-DADE,ASSISTED LIVING FACILITY,8.0,,,-80.34672200,25.90774300
Miami Gardens,MIAMI-DADE,ASSISTED LIVING FACILITY,8.0,,,-80.25773630,25.95124476
MIAMI BEACH,MIAMI-DADE,ASSISTED LIVING FACILITY,64.0,,,-80.13340100,25.77289700
HOMESTEAD,MIAMI-DADE,SKILLED NURSING FACILITY,64.0,,,-80.47961300,25.48305100
NORTH MIAMI BEACH,MIAMI-DADE,SKILLED NURSING FACILITY,120.0,,,-80.20416200,25.92293900
NORTH MIAMI BEACH,MIAMI-DADE,SKILLED NURSING FACILITY,120.0,,,-80.14700528,25.97216176
MIAMI,MIAMI-DADE,SKILLED NURSING FACILITY,120.0,,,-80.20856921,25.79345629
MIAMI,MIAMI-DADE,SKILLED NURSING FACILITY,120.0,,,-80.19789000,25.95010300
MIAMI,MIAMI-DADE,SKILLED NURSING FACILITY,120.0,,,-80.21594553,25.74138367
MIAMI,MIAMI-DADE,SKILLED NURSING FACILITY,120.0,,,-80.21219019,25.86114740
MIAMI,MIAMI-DADE,SKILLED NURSING FACILITY,120.0,,,-80.20851300,25.77762800
MIAMI,MIAMI-DADE,SKILLED NURSING FACILITY,120.0,,,-80.25020100,25.85410200
NORTH MIAMI,MIAMI-DADE,SKILLED NURSING FACILITY,98.0,,,-80.16634100,25.89170200
MIAMI,MIAMI-DADE,SKILLED NURSING FACILITY,264.0,,,-80.21084937,25.77701510
MIAMI,MIAMI-DADE,SKILLED NURSING FACILITY,90.0,,,-80.24894100,25.77280100
MIAMI,MIAMI-DADE,SKILLED NURSING FACILITY,46.0,,,-80.19183300,25.90469800
MIAMI,MIAMI-DADE,SKILLED NURSING FACILITY,60.0,,,-80.32987036,25.58844923
MIAMI BEACH,MIAMI-DADE,SKILLED NURSING FACILITY,196.0,,,-80.13368100,25.77942300
MIAMI,MIAMI-DADE,SKILLED NURSING FACILITY,95.0,,,-80.31866900,25.76243300
HIALEAH,MIAMI-DADE,SKILLED NURSING FACILITY,120.0,,,-80.31865233,25.87033476
HIALEAH,MIAMI-DADE,SKILLED NURSING FACILITY,120.0,,,-80.29485200,25.94243800
MIAMI,MIAMI-DADE,SKILLED NURSING FACILITY,99.0,,,-80.21026098,25.86071097
MIAMI,MIAMI-DADE,SKILLED NURSING FACILITY,180.0,,,-80.23173000,25.79960100
MIAMI,MIAMI-DADE,SKILLED NURSING FACILITY,180.0,,,-80.35277316,25.63075581
MIAMI,MIAMI-DADE,SKILLED NURSING FACILITY,180.0,,,-80.37317307,25.69069103
MIAMI,MIAMI-DADE,SKILLED NURSING FACILITY,180.0,,,-80.34704804,25.60764455
MIAMI,MIAMI-DADE,SKILLED NURSING FACILITY,180.0,,,-80.19685468,25.95410417
MIAMI,MIAMI-DADE,SKILLED NURSING FACILITY,87.0,,,-80.30983000,25.76286400
AVENTURA,MIAMI-DADE,SKILLED NURSING FACILITY,40.0,,,-80.13856100,25.95446600
MIAMI BEACH,MIAMI-DADE,SKILLED NURSING FACILITY,230.0,,,-80.13416200,25.76941700
HIALEAH,MIAMI-DADE,SKILLED NURSING FACILITY,90.0,,,-80.32852300,25.88363000
NORTH MIAMI BEACH,MIAMI-DADE,SKILLED NURSING FACILITY,99.0,,,-80.15575300,25.93260800
KENDALL,MIAMI-DADE,SKILLED NURSING FACILITY,120.0,,,-80.41809688,25.67910621
NORTH MIAMI BEACH,MIAMI-DADE,SKILLED NURSING FACILITY,150.0,,,-80.15610200,25.92918900
CUTLER RIDGE,MIAMI-DADE,SKILLED NURSING FACILITY,163.0,,,-80.32627540,25.58647606
NORTH MIAMI,MIAMI-DADE,SKILLED NURSING FACILITY,245.0,,,-80.22133300,25.89790800
MIAMI,MIAMI-DADE,SKILLED NURSING FACILITY,220.0,,,-80.38421829,25.58947670
AVENTURA,MIAMI-DADE,SKILLED NURSING FACILITY,180.0,,,-80.15041162,25.95045948
MIAMI,MIAMI-DADE,SKILLED NURSING FACILITY,147.0,,,-80.21429669,25.76992862
MIAMI SPRINGS,MIAMI-DADE,SKILLED NURSING FACILITY,320.0,,,-80.28301618,25.81869982
NORTH MIAMI,MIAMI-DADE,SKILLED NURSING FACILITY,100.0,,,-80.19199200,25.90059900
MIAMI,MIAMI-DADE,SKILLED NURSING FACILITY,294.0,,,-80.21945700,25.79759200
Hialeah,MIAMI-DADE,SKILLED NURSING FACILITY,214.0,,,-80.33378961,25.86349315
CORAL GABLES,MIAMI-DADE,SKILLED NURSING FACILITY,223.0,,,-80.28179733,25.70538761
NORTH MIAMI BEACH,MIAMI-DADE,SKILLED NURSING FACILITY,86.0,,,-80.16393831,25.93020685
HIALEAH GARDENS,MIAMI-DADE,SKILLED NURSING FACILITY,214.0,,,-80.32504100,25.85647600
HIALEAH GARDENS,MIAMI-DADE,SKILLED NURSING FACILITY,20.0,,,-80.34297957,25.88365649
HIALEAH,MIAMI-DADE,SKILLED NURSING FACILITY,276.0,,,-80.28605700,25.84721300
MIAMI BEACH,MIAMI-DADE,SKILLED NURSING FACILITY,104.0,,,-80.13344200,25.77270700
NORTH MIAMI,MIAMI-DADE,SKILLED NURSING FACILITY,146.0,,,-80.19134000,25.89918300
MIAMI,MIAMI-DADE,SKILLED NURSING FACILITY,150.0,,,-80.19344045,25.87847412
MIAMI,MIAMI-DADE,ADULT FAMILY CARE HOME,2.0,,,-80.21562100,25.87548300
MIAMI,MIAMI-DADE,ADULT FAMILY CARE HOME,5.0,,,-80.22325000,25.93086300
MIAMI,MIAMI-DADE,ADULT FAMILY CARE HOME,5.0,,,-80.35274400,25.69394600
MIAMI,MIAMI-DADE,ADULT FAMILY CARE HOME,5.0,,,-80.31256100,25.76024100
MIAMI,MIAMI-DADE,ADULT FAMILY CARE HOME,5.0,,,-80.20874900,25.91413800
MIAMI,MIAMI-DADE,ADULT FAMILY CARE HOME,5.0,,,-80.40880700,25.69092400
MIAMI,MIAMI-DADE,ADULT FAMILY CARE HOME,5.0,,,-80.25034800,25.79747800
MIAMI,MIAMI-DADE,ADULT FAMILY CARE HOME,5.0,,,-80.30662200,25.72402900
MIAMI,MIAMI-DADE,ADULT FAMILY CARE HOME,5.0,,,-80.50664200,25.55432100
MIAMI,MIAMI-DADE,ADULT FAMILY CARE HOME,5.0,,,-80.20433000,25.88946300
MIAMI,MIAMI-DADE,ADULT FAMILY CARE HOME,5.0,,,-80.40719200,25.59488600
MIAMI,MIAMI-DADE,ADULT FAMILY CARE HOME,5.0,,,-80.34189200,25.72316100
MIAMI,MIAMI-DADE,ADULT FAMILY CARE HOME,5.0,,,-80.36107300,25.73794800
MIAMI,MIAMI-DADE,ADULT FAMILY CARE HOME,5.0,,,-80.31831200,25.60426800
MIAMI,MIAMI-DADE,ADULT FAMILY CARE HOME,5.0,,,-80.43207400,25.67795400
MIAMI,MIAMI-DADE,ADULT FAMILY CARE HOME,5.0,,,-80.35473100,25.73986300
MIAMI,MIAMI-DADE,ADULT FAMILY CARE HOME,6.0,,,-80.41026993,25.60221463
MIAMI,MIAMI-DADE,ADULT FAMILY CARE HOME,6.0,,,-80.42160200,25.61183800
MIAMI GARDENS,MIAMI-DADE,ADULT FAMILY CARE HOME,5.0,,,-80.28063801,25.93029329
OPA LOCKA,MIAMI-DADE,ADULT FAMILY CARE HOME,5.0,,,-80.25112200,25.96732800
NORTH MIAMI BEACH,MIAMI-DADE,ADULT FAMILY CARE HOME,5.0,,,-80.18239100,25.91976300
MIAMI,MIAMI-DADE,ADULT FAMILY CARE HOME,4.0,,,-80.19964900,25.93360000
MIAMI,MIAMI-DADE,ADULT FAMILY CARE HOME,4.0,,,-80.19659000,25.92453300
MIAMI SHORES,MIAMI-DADE,ADULT FAMILY CARE HOME,5.0,,,-80.19854200,25.86586800
MIAMI,MIAMI-DADE,ADULT FAMILY CARE HOME,11.0,,,-80.27996800,25.77294100
NORTH BAY VILLAGE,MIAMI-DADE,SKILLED NURSING FACILITY,176.0,,,-80.14978864,25.84761905
MIAMI,MIAMI-DADE,SKILLED NURSING FACILITY,203.0,,,-80.35379123,25.68656957
NORTH MIAMI,MIAMI-DADE,SKILLED NURSING FACILITY,240.0,,,-80.19212200,25.90334900
NORTH MIAMI,MIAMI-DADE,SKILLED NURSING FACILITY,212.0,,,-80.17731838,25.88990375
HOMESTEAD,MIAMI-DADE,SKILLED NURSING FACILITY,180.0,,,-80.44626400,25.46066100
TAVERNIER,MONROE,SKILLED NURSING FACILITY,120.0,,,-80.55085915,24.98158701
KEY WEST,MONROE,SKILLED NURSING FACILITY,120.0,,,-81.74223800,24.58217800
KEY WEST,MONROE,ASSISTED LIVING FACILITY,16.0,,,-81.74958203,24.57351738
MARATHON,MONROE,CRISIS STABILIZATION UNIT,11.0,,,-81.08686200,24.71219100
KEY WEST,MONROE,AMBULATORY SURGICAL CENTER,0.0,,,-81.76219800,24.56995800
MARATHON,MONROE,RESIDENTIAL TREATMENT FACILITY,2.0,,,-81.04282000,24.72747100
MARATHON,MONROE,ASSISTED LIVING FACILITY,16.0,,,-81.01343600,24.73037400
HILLIARD,NASSAU,ASSISTED LIVING FACILITY,116.0,,,-81.91848000,30.69053400
FERNANDINA BEACH,NASSAU,ASSISTED LIVING FACILITY,56.0,,,-81.44047100,30.64120300
AMELIA ISLAND,NASSAU,ASSISTED LIVING FACILITY,44.0,,,-81.45727900,30.58933100
FERNANDINA BEACH,NASSAU,ASSISTED LIVING FACILITY,30.0,,,-81.45144900,30.65194000
HILLIARD,NASSAU,RURAL HEALTH CLINIC,0.0,,,-81.92659000,30.68783200
FERNANDINA BEACH,NASSAU,END-STAGE RENAL DISEASE,0.0,,,-81.45123800,30.65456800
HILLIARD,NASSAU,END-STAGE RENAL DISEASE,0.0,,,-81.91848000,30.69053400
HILLIARD,NASSAU,SKILLED NURSING FACILITY,120.0,,,-81.91774400,30.69251500
FERNANDINA BEACH,NASSAU,SKILLED NURSING FACILITY,120.0,,,-81.44993900,30.65442800
FORT WALTON BEACH,OKALOOSA,SKILLED NURSING FACILITY,120.0,,,-86.63680100,30.46190800
FORT WALTON BEACH,OKALOOSA,SKILLED NURSING FACILITY,120.0,,,-86.60578200,30.40862300
CRESTVIEW,OKALOOSA,SKILLED NURSING FACILITY,120.0,,,-86.56212200,30.73383300
CRESTVIEW,OKALOOSA,SKILLED NURSING FACILITY,180.0,,,-86.55195700,30.76558200
CRESTVIEW,OKALOOSA,SKILLED NURSING FACILITY,60.0,,,-86.56036400,30.73141900
NICEVILLE,OKALOOSA,SKILLED NURSING FACILITY,120.0,,,-86.41311800,30.48254700
FORT WALTON BEACH,OKALOOSA,SKILLED NURSING FACILITY,60.0,,,-86.63212100,30.45549100
DESTIN,OKALOOSA,SKILLED NURSING FACILITY,119.0,,,-86.47119000,30.39269000
CRESTVIEW,OKALOOSA,END-STAGE RENAL DISEASE,0.0,,,-86.56788400,30.73699300
CRESTVIEW,OKALOOSA,END-STAGE RENAL DISEASE,0.0,,,-86.56330200,30.73692300
FORT WALTON BEACH,OKALOOSA,CRISIS STABILIZATION UNIT,0.0,,,-86.61199700,30.40525100
NICEVILLE,OKALOOSA,BIRTH CENTER,0.0,,,-86.48850900,30.51953600
FORT WALTON BEACH,OKALOOSA,AMBULATORY SURGICAL CENTER,0.0,,,-86.63199600,30.45464600
FORT WALTON BEACH,OKALOOSA,AMBULATORY SURGICAL CENTER,0.0,,,-86.63609200,30.45492200
CRESTVIEW,OKALOOSA,RURAL HEALTH CLINIC,0.0,,,-86.56344000,30.73690100
FORT WALTON BEACH,OKALOOSA,END-STAGE RENAL DISEASE,0.0,,,-86.63207900,30.45234000
FORT WALTON BEACH,OKALOOSA,ASSISTED LIVING FACILITY,72.0,,,-86.63106800,30.45135600
DESTIN,OKALOOSA,AMBULATORY SURGICAL CENTER,0.0,,,-86.40428700,30.38719300
DESTIN,OKALOOSA,AMBULATORY SURGICAL CENTER,0.0,,,-86.39804500,30.38545600
CRESTVIEW,OKALOOSA,ASSISTED LIVING FACILITY,,,,,
CRESTVIEW,OKALOOSA,ASSISTED LIVING FACILITY,65.0,,,-86.57154900,30.76207900
FORT WALTON BEACH,OKALOOSA,ASSISTED LIVING FACILITY,56.0,,,-86.64560100,30.44230800
CRESTVIEW,OKALOOSA,ASSISTED LIVING FACILITY,8.0,,,-86.53559200,30.76552800
NICEVILLE,OKALOOSA,ASSISTED LIVING FACILITY,16.0,,,-86.43877200,30.49572300
NICEVILLE,OKALOOSA,ASSISTED LIVING FACILITY,50.0,,,-86.41851200,30.48813500
NICEVILLE,OKALOOSA,ASSISTED LIVING FACILITY,50.0,,,-86.47023000,30.51680000
CRESTVIEW,OKALOOSA,ASSISTED LIVING FACILITY,28.0,,,-86.52473600,30.75537500
NICEVILLE,OKALOOSA,ASSISTED LIVING FACILITY,80.0,,,-86.46023400,30.53092100
CRESTVIEW,OKALOOSA,ASSISTED LIVING FACILITY,30.0,,,-86.56821900,30.73575800
SHALIMAR,OKALOOSA,ASSISTED LIVING FACILITY,75.0,,,-86.57932900,30.46468900
OKEECHOBEE,OKEECHOBEE,ASSISTED LIVING FACILITY,32.0,,,-80.82865000,27.24972900
OKEECHOBEE,OKEECHOBEE,ASSISTED LIVING FACILITY,37.0,,,-80.82799100,27.24214800
OKEECHOBEE,OKEECHOBEE,END-STAGE RENAL DISEASE,0.0,,,-80.83163200,27.22846300
OKEECHOBEE,OKEECHOBEE,END-STAGE RENAL DISEASE,0.0,,,-80.82972000,27.21320100
OKEECHOBEE,OKEECHOBEE,HOSPICE,2.0,,,-80.82583205,27.24033015
OKEECHOBEE,OKEECHOBEE,HOSPICE,10.0,,,-80.82589705,27.24032770
OKEECHOBEE,OKEECHOBEE,AMBULATORY SURGICAL CENTER,0.0,,,-80.82999100,27.25885300
OKEECHOBEE,OKEECHOBEE,PUBLIC HEALTH OFFICE,0.0,,,-80.83831037,27.25923377
OKEECHOBEE,OKEECHOBEE,SKILLED NURSING FACILITY,180.0,,,-80.82990100,27.25854100
ORLANDO,ORANGE,SKILLED NURSING FACILITY,118.0,,,-81.31108300,28.57231000
ORLANDO,ORANGE,SKILLED NURSING FACILITY,116.0,,,-81.41967800,28.36436700
MAITLAND,ORANGE,SKILLED NURSING FACILITY,180.0,,,-81.37120600,28.61170200
ORLANDO,ORANGE,SKILLED NURSING FACILITY,120.0,,,-81.46339200,28.53203400
ORLANDO,ORANGE,SKILLED NURSING FACILITY,120.0,,,-81.41475156,28.53927014
ORLANDO,ORANGE,SKILLED NURSING FACILITY,120.0,,,-81.38949000,28.60382800
ORLANDO,ORANGE,SKILLED NURSING FACILITY,120.0,,,-81.27749300,28.54247000
ORLANDO,ORANGE,SKILLED NURSING FACILITY,120.0,,,-81.44370400,28.49944800
ORLANDO,ORANGE,SKILLED NURSING FACILITY,120.0,,,-81.40469000,28.42597000
ORLANDO,ORANGE,SKILLED NURSING FACILITY,120.0,,,-81.25280300,28.55309000
ORLANDO,ORANGE,SKILLED NURSING FACILITY,120.0,,,-81.22431100,28.59487300
ORLANDO,ORANGE,SKILLED NURSING FACILITY,120.0,,,-81.43065200,28.56849000
ORLANDO,ORANGE,SKILLED NURSING FACILITY,120.0,,,-81.42725100,28.60694000
ORLANDO,ORANGE,SKILLED NURSING FACILITY,120.0,,,-81.37910000,28.53564300
ORLANDO,ORANGE,SKILLED NURSING FACILITY,120.0,,,-81.32122200,28.52439900
ORLANDO,ORANGE,SKILLED NURSING FACILITY,60.0,,,-81.37404900,28.52979700
WINTER GARDEN,ORANGE,SKILLED NURSING FACILITY,120.0,,,-81.57046200,28.55116800
WINTER PARK,ORANGE,SKILLED NURSING FACILITY,60.0,,,-81.31984200,28.60405000
WINTER GARDEN,ORANGE,SKILLED NURSING FACILITY,180.0,,,-81.61142100,28.55107400
OCOEE,ORANGE,SKILLED NURSING FACILITY,120.0,,,-81.54203000,28.54886000
OCOEE,ORANGE,SKILLED NURSING FACILITY,120.0,,,-81.53152300,28.55391000
WINTER PARK,ORANGE,SKILLED NURSING FACILITY,103.0,,,-81.30904100,28.59713300
ORLANDO,ORANGE,SKILLED NURSING FACILITY,135.0,,,-81.37289300,28.54008900
WINTER PARK,ORANGE,SKILLED NURSING FACILITY,120.0,,,-81.30757200,28.60577000
WINTER PARK,ORANGE,SKILLED NURSING FACILITY,120.0,,,-81.32779300,28.58243100
ORLANDO,ORANGE,SKILLED NURSING FACILITY,420.0,,,-81.39158701,28.51146547
APOPKA,ORANGE,SKILLED NURSING FACILITY,120.0,,,-81.50532000,28.68033700
MAITLAND,ORANGE,SKILLED NURSING FACILITY,39.0,,,-81.37807800,28.63115800
ORLANDO,ORANGE,TRANSITIONAL LIVING FACILITY,20.0,,,-81.15611000,28.51116600
ORLANDO,ORANGE,SKILLED NURSING FACILITY,115.0,,,-81.37958300,28.52157000
WINTER PARK,ORANGE,SKILLED NURSING FACILITY,40.0,,,-81.35567200,28.59762300
WINTER PARK,ORANGE,SKILLED NURSING FACILITY,138.0,,,-81.32399400,28.59669000
ORLANDO,ORANGE,ADULT FAMILY CARE HOME,4.0,,,-81.46024100,28.58488600
ORLANDO,ORANGE,ADULT FAMILY CARE HOME,4.0,,,-81.47813200,28.56804900
ORLANDO,ORANGE,ADULT FAMILY CARE HOME,5.0,,,-81.23687500,28.50399700
ORLANDO,ORANGE,ADULT FAMILY CARE HOME,5.0,,,-81.22853200,28.50882300
ORLANDO,ORANGE,ADULT FAMILY CARE HOME,5.0,,,-81.44992800,28.56791500
ORLANDO,ORANGE,ADULT FAMILY CARE HOME,5.0,,,-81.44830300,28.58667000
ORLANDO,ORANGE,ADULT FAMILY CARE HOME,5.0,,,-81.48855900,28.51314300
ORLANDO,ORANGE,ADULT FAMILY CARE HOME,5.0,,,-81.45668200,28.56315900
ORLANDO,ORANGE,ADULT FAMILY CARE HOME,5.0,,,-81.46320300,28.56296200
ORLANDO,ORANGE,ADULT FAMILY CARE HOME,5.0,,,-81.49356000,28.61193800
ORLANDO,ORANGE,ADULT FAMILY CARE HOME,5.0,,,-81.42610100,28.54407100
ORLANDO,ORANGE,ADULT FAMILY CARE HOME,5.0,,,-81.45876000,28.59768000
ORLANDO,ORANGE,ADULT FAMILY CARE HOME,5.0,,,-81.49673100,28.58777200
APOPKA,ORANGE,ADULT FAMILY CARE HOME,5.0,,,-81.53439900,28.74767700
APOPKA,ORANGE,ADULT FAMILY CARE HOME,4.0,,,-81.52903900,28.72226300
ORLANDO,ORANGE,ADULT FAMILY CARE HOME,3.0,,,-81.43990200,28.52153100
ORLANDO,ORANGE,ADULT FAMILY CARE HOME,3.0,,,-81.47870300,28.48343200
WINDERMERE,ORANGE,ADULT FAMILY CARE HOME,5.0,,,-81.52426300,28.52390100
WINTER GARDEN,ORANGE,SKILLED NURSING FACILITY,228.0,,,-81.58359000,28.57207100
ORLANDO,ORANGE,SKILLED NURSING FACILITY,180.0,,,-81.27872200,28.53911400
OCOEE,ORANGE,ADULT FAMILY CARE HOME,5.0,,,-81.50319600,28.59296400
OCOEE,ORANGE,ADULT FAMILY CARE HOME,4.0,,,-81.51572600,28.56654800
ORLANDO,ORANGE,AMBULATORY SURGICAL CENTER,0.0,,,-81.38027500,28.52684100
ORLANDO,ORANGE,AMBULATORY SURGICAL CENTER,0.0,,,-81.37638600,28.52574300
ORLANDO,ORANGE,AMBULATORY SURGICAL CENTER,0.0,,,-81.36438500,28.56776900
ORLANDO,ORANGE,AMBULATORY SURGICAL CENTER,0.0,,,-81.38050500,28.52244700
ORLANDO,ORANGE,AMBULATORY SURGICAL CENTER,0.0,,,-81.37912900,28.55503900
ORLANDO,ORANGE,AMBULATORY SURGICAL CENTER,0.0,,,-81.24434200,28.54370400
ORLANDO,ORANGE,AMBULATORY SURGICAL CENTER,0.0,,,-81.37920100,28.52013600
ORLANDO,ORANGE,AMBULATORY SURGICAL CENTER,0.0,,,-81.36438500,28.56783500
ORLANDO,ORANGE,AMBULATORY SURGICAL CENTER,0.0,,,-81.44047100,28.48823600
ORLANDO,ORANGE,AMBULATORY SURGICAL CENTER,0.0,,,-81.48081000,28.43123800
ORLANDO,ORANGE,AMBULATORY SURGICAL CENTER,0.0,,,-81.37211100,28.51089200
ORLANDO,ORANGE,AMBULATORY SURGICAL CENTER,0.0,,,-81.37637500,28.52460800
ORLANDO,ORANGE,AMBULATORY SURGICAL CENTER,0.0,,,-81.47531021,28.46165881
ORLANDO,ORANGE,AMBULATORY SURGICAL CENTER,0.0,,,-81.37776300,28.51479300
WINTER PARK,ORANGE,AMBULATORY SURGICAL CENTER,0.0,,,-81.29010000,28.59768500
WINTER PARK,ORANGE,AMBULATORY SURGICAL CENTER,0.0,,,-81.32552700,28.60039500
WINTER PARK,ORANGE,AMBULATORY SURGICAL CENTER,0.0,,,-81.37106700,28.60608900
WINTER GARDEN,ORANGE,BIRTH CENTER,0.0,,,-81.58348600,28.56313500
MAITLAND,ORANGE,AMBULATORY SURGICAL CENTER,0.0,,,-81.37458700,28.63226900
MAITLAND,ORANGE,AMBULATORY SURGICAL CENTER,0.0,,,-81.36548400,28.63725900
MAITLAND,ORANGE,AMBULATORY SURGICAL CENTER,0.0,,,-81.39267000,28.63431800
ORLANDO,ORANGE,CRISIS STABILIZATION UNIT,27.0,,,-81.37738900,28.53823400
ORLANDO,ORANGE,CRISIS STABILIZATION UNIT,30.0,,,-81.39216200,28.61844300
ORLANDO,ORANGE,CRISIS STABILIZATION UNIT,30.0,,,-81.47531021,28.46165881
ORLANDO,ORANGE,CRISIS STABILIZATION UNIT,29.0,,,-81.39153092,28.61688993
ORLANDO,ORANGE,CRISIS STABILIZATION UNIT,20.0,,,-81.39216200,28.61844300
WINTER PARK,ORANGE,BIRTH CENTER,0.0,,,-81.36601000,28.59454100
OCOEE,ORANGE,END-STAGE RENAL DISEASE,0.0,,,-81.54447100,28.55157400
WINTER PARK,ORANGE,END-STAGE RENAL DISEASE,0.0,,,-81.28638500,28.59408000
WINTER PARK,ORANGE,END-STAGE RENAL DISEASE,0.0,,,-81.29138400,28.59942200
WINTER PARK,ORANGE,END-STAGE RENAL DISEASE,0.0,,,-81.29729900,28.60658200
ORLANDO,ORANGE,END-STAGE RENAL DISEASE,0.0,,,-81.43135200,28.50022100
ORLANDO,ORANGE,END-STAGE RENAL DISEASE,0.0,,,-81.40699100,28.57500300
ORLANDO,ORANGE,END-STAGE RENAL DISEASE,0.0,,,-81.38102200,28.53250800
ORLANDO,ORANGE,END-STAGE RENAL DISEASE,0.0,,,-81.42046100,28.36167400
ORLANDO,ORANGE,END-STAGE RENAL DISEASE,0.0,,,-81.21508100,28.54657400
ORLANDO,ORANGE,END-STAGE RENAL DISEASE,0.0,,,-81.38100200,28.52492300
ORLANDO,ORANGE,END-STAGE RENAL DISEASE,0.0,,,-81.40225600,28.50746700
ORLANDO,ORANGE,END-STAGE RENAL DISEASE,0.0,,,-81.39345000,28.60533700
ORLANDO,ORANGE,END-STAGE RENAL DISEASE,0.0,,,-81.40067000,28.46620000
ORLANDO,ORANGE,END-STAGE RENAL DISEASE,0.0,,,-81.20793200,28.57429800
ORLANDO,ORANGE,END-STAGE RENAL DISEASE,0.0,,,-81.36990400,28.57321900
ORLANDO,ORANGE,END-STAGE RENAL DISEASE,0.0,,,-81.37922137,28.52326334
ORLANDO,ORANGE,END-STAGE RENAL DISEASE,0.0,,,-81.45311400,28.55260900
ORLANDO,ORANGE,END-STAGE RENAL DISEASE,0.0,,,-81.45774200,28.55225300
WINTER GARDEN,ORANGE,END-STAGE RENAL DISEASE,0.0,,,-81.59144900,28.52314200
WINTER GARDEN,ORANGE,END-STAGE RENAL DISEASE,0.0,,,-81.58350000,28.55489100
APOPKA,ORANGE,END-STAGE RENAL DISEASE,0.0,,,-81.48201500,28.66336400
ORLANDO,ORANGE,RESIDENTIAL TREATMENT FACILITY,5.0,,,-81.36819200,28.56136800
ORLANDO,ORANGE,RESIDENTIAL TREATMENT FACILITY,5.0,,,-81.36855100,28.55468000
ORLANDO,ORANGE,RESIDENTIAL TREATMENT FACILITY,16.0,,,-81.39990700,28.59877400
ORLANDO,ORANGE,RESIDENTIAL TREATMENT FACILITY,36.0,,,-81.39990700,28.59877400
ORLANDO,ORANGE,RESIDENTIAL TREATMENT FACILITY,6.0,,,-81.37608100,28.55760800
ORLANDO,ORANGE,RESIDENTIAL TREATMENT FACILITY,15.0,,,-81.39981100,28.59868500
ORLANDO,ORANGE,RESIDENTIAL TREATMENT FACILITY,24.0,,,-81.46540300,28.60414800
WINTER PARK,ORANGE,ASSISTED LIVING FACILITY,95.0,,,-81.38503300,28.60681300
ORLANDO,ORANGE,BLOOD BANK,0.0,,,-81.27297355,28.37673992
ORLANDO,ORANGE,BLOOD BANK,0.0,,,-81.43036360,28.44922594
ORLANDO,ORANGE,ASSISTED LIVING FACILITY,6.0,,,-81.46434300,28.59803300
ORLANDO,ORANGE,ASSISTED LIVING FACILITY,6.0,,,-81.23017200,28.55098800
ORLANDO,ORANGE,ASSISTED LIVING FACILITY,6.0,,,-81.35864100,28.49982300
ORLANDO,ORANGE,ASSISTED LIVING FACILITY,6.0,,,-81.50284000,28.56507400
ORLANDO,ORANGE,ASSISTED LIVING FACILITY,6.0,,,-81.32112300,28.52790000
ORLANDO,ORANGE,ASSISTED LIVING FACILITY,6.0,,,-81.46000100,28.57325100
ORLANDO,ORANGE,ASSISTED LIVING FACILITY,6.0,,,-81.20303800,28.53249200
ORLANDO,ORANGE,ASSISTED LIVING FACILITY,6.0,,,-81.17952000,28.58522200
ORLANDO,ORANGE,ASSISTED LIVING FACILITY,6.0,,,-81.46720500,28.48302800
ORLANDO,ORANGE,ASSISTED LIVING FACILITY,6.0,,,-81.44548700,28.61231800
ORLANDO,ORANGE,ASSISTED LIVING FACILITY,6.0,,,-81.48079300,28.58786000
ORLANDO,ORANGE,ASSISTED LIVING FACILITY,6.0,,,-81.24133100,28.55533300
ORLANDO,ORANGE,ASSISTED LIVING FACILITY,6.0,,,-81.49487000,28.47588300
ORLANDO,ORANGE,ASSISTED LIVING FACILITY,6.0,,,-81.27628300,28.49871700
ORLANDO,ORANGE,ASSISTED LIVING FACILITY,6.0,,,-81.44783000,28.45780100
ORLANDO,ORANGE,ASSISTED LIVING FACILITY,6.0,,,-81.47570100,28.53608100
ORLANDO,ORANGE,ASSISTED LIVING FACILITY,6.0,,,-81.46077200,28.58205800
ORLANDO,ORANGE,ASSISTED LIVING FACILITY,6.0,,,-81.35300100,28.50499100
ORLANDO,ORANGE,ASSISTED LIVING FACILITY,6.0,,,-81.47327700,28.56454600
ORLANDO,ORANGE,ASSISTED LIVING FACILITY,6.0,,,-81.39839300,28.61332900
ORLANDO,ORANGE,ASSISTED LIVING FACILITY,6.0,,,-81.43610100,28.57153000
ORLANDO,ORANGE,ASSISTED LIVING FACILITY,6.0,,,-81.33922300,28.51302100
ORLANDO,ORANGE,ASSISTED LIVING FACILITY,6.0,,,-81.36852800,28.35180800
ORLANDO,ORANGE,ASSISTED LIVING FACILITY,6.0,,,-81.49289500,28.42197800
ORLANDO,ORANGE,ASSISTED LIVING FACILITY,6.0,,,-81.50158300,28.57686100
ORLANDO,ORANGE,ASSISTED LIVING FACILITY,6.0,,,-81.43603200,28.57718800
ORLANDO,ORANGE,ASSISTED LIVING FACILITY,6.0,,,-81.39315300,28.49802100
ORLANDO,ORANGE,ASSISTED LIVING FACILITY,6.0,,,-81.46218000,28.59741100
ORLANDO,ORANGE,ASSISTED LIVING FACILITY,6.0,,,-81.15858000,28.52997900
ORLANDO,ORANGE,ASSISTED LIVING FACILITY,6.0,,,-81.41231000,28.39053100
ORLANDO,ORANGE,ASSISTED LIVING FACILITY,6.0,,,-81.28926100,28.53380400
ORLANDO,ORANGE,ASSISTED LIVING FACILITY,6.0,,,-81.23551000,28.55278200
ORLANDO,ORANGE,ASSISTED LIVING FACILITY,6.0,,,-81.44684100,28.55740800
ORLANDO,ORANGE,ASSISTED LIVING FACILITY,6.0,,,-81.47657100,28.60465300
ORLANDO,ORANGE,ASSISTED LIVING FACILITY,6.0,,,-81.15579800,28.52772700
ORLANDO,ORANGE,ASSISTED LIVING FACILITY,6.0,,,-81.15798300,28.53543000
ORLANDO,ORANGE,ASSISTED LIVING FACILITY,6.0,,,-81.22716000,28.55943200
OCOEE,ORANGE,AMBULATORY SURGICAL CENTER,0.0,,,-81.54454700,28.55154800
OAKLAND,ORANGE,ASSISTED LIVING FACILITY,5.0,,,-81.64503000,28.55147400
ORLANDO,ORANGE,ASSISTED LIVING FACILITY,150.0,,,-81.36936100,28.43136600
APOPKA,ORANGE,ASSISTED LIVING FACILITY,22.0,,,-81.50208300,28.66861000
ORLANDO,ORANGE,ASSISTED LIVING FACILITY,60.0,,,-81.37910000,28.53564300
ORLANDO,ORANGE,ASSISTED LIVING FACILITY,18.0,,,-81.46368300,28.57944100
ORLANDO,ORANGE,ASSISTED LIVING FACILITY,18.0,,,-81.47586100,28.55458100
WINTER PARK,ORANGE,ASSISTED LIVING FACILITY,121.0,,,-81.30757200,28.60577000
ORLANDO,ORANGE,ASSISTED LIVING FACILITY,34.0,,,-81.39003200,28.51740800
ORLANDO,ORANGE,ASSISTED LIVING FACILITY,11.0,,,-81.37339200,28.57049800
ORLANDO,ORANGE,ASSISTED LIVING FACILITY,5.0,,,-81.35172100,28.50171300
ORLANDO,ORANGE,ASSISTED LIVING FACILITY,5.0,,,-81.48653200,28.47410300
ORLANDO,ORANGE,ASSISTED LIVING FACILITY,5.0,,,-81.35708300,28.50812000
ORLANDO,ORANGE,ASSISTED LIVING FACILITY,5.0,,,-81.50281500,28.51969600
ORLANDO,ORANGE,ASSISTED LIVING FACILITY,5.0,,,-81.46453100,28.55670100
ORLANDO,ORANGE,ASSISTED LIVING FACILITY,5.0,,,-81.37738900,28.53823400
WINTER GARDEN,ORANGE,ASSISTED LIVING FACILITY,57.0,,,-81.58324900,28.53493700
APOPKA,ORANGE,ASSISTED LIVING FACILITY,10.0,,,-81.50946300,28.68291100
APOPKA,ORANGE,ASSISTED LIVING FACILITY,6.0,,,-81.51129200,28.69554800
APOPKA,ORANGE,ASSISTED LIVING FACILITY,6.0,,,-81.46592200,28.65476300
APOPKA,ORANGE,ASSISTED LIVING FACILITY,6.0,,,-81.51031100,28.68033300
ORLANDO,ORANGE,ASSISTED LIVING FACILITY,7.0,,,-81.46423000,28.58845100
ORLANDO,ORANGE,ASSISTED LIVING FACILITY,10.0,,,-81.46252300,28.55565100
ORLANDO,ORANGE,ASSISTED LIVING FACILITY,108.0,,,-81.42207200,28.36495500
ORLANDO,ORANGE,ASSISTED LIVING FACILITY,12.0,,,-81.34550300,28.52433500
ORLANDO,ORANGE,ASSISTED LIVING FACILITY,12.0,,,-81.36911100,28.54230300
ORLANDO,ORANGE,ASSISTED LIVING FACILITY,12.0,,,-81.47567100,28.54482900
ORLANDO,ORANGE,ASSISTED LIVING FACILITY,12.0,,,-81.39043100,28.57526300
MOUNT DORA,ORANGE,ASSISTED LIVING FACILITY,11.0,,,-81.59293000,28.78103300
MAITLAND,ORANGE,ASSISTED LIVING FACILITY,116.0,,,-81.38602300,28.63401300
WINTER GARDEN,ORANGE,ASSISTED LIVING FACILITY,108.0,,,-81.60268700,28.56114400
ORLANDO,ORANGE,ASSISTED LIVING FACILITY,16.0,,,-81.38866500,28.51408200
ORLANDO,ORANGE,ASSISTED LIVING FACILITY,16.0,,,-81.43671100,28.62561800
ORLANDO,ORANGE,ASSISTED LIVING FACILITY,40.0,,,-81.49240100,28.48482900
ORLANDO,ORANGE,ASSISTED LIVING FACILITY,8.0,,,-81.44285100,28.63772800
ORLANDO,ORANGE,ASSISTED LIVING FACILITY,8.0,,,-81.33466100,28.48368300
ORLANDO,ORANGE,ASSISTED LIVING FACILITY,8.0,,,-81.38172100,28.52014300
OCOEE,ORANGE,ASSISTED LIVING FACILITY,5.0,,,-81.50824100,28.58518400
WINTER PARK,ORANGE,ASSISTED LIVING FACILITY,12.0,,,-81.38161100,28.60626100
WINTER GARDEN,ORANGE,ASSISTED LIVING FACILITY,6.0,,,-81.58743200,28.57543900
ORLANDO,ORANGE,ASSISTED LIVING FACILITY,45.0,,,-81.25282100,28.55229000
WINTER PARK,ORANGE,ASSISTED LIVING FACILITY,31.0,,,-81.31984200,28.60405000
APOPKA,ORANGE,ASSISTED LIVING FACILITY,5.0,,,-81.52605300,28.60738400
WINTER PARK,ORANGE,ASSISTED LIVING FACILITY,73.0,,,-81.32779300,28.58243100
APOPKA,ORANGE,ASSISTED LIVING FACILITY,97.0,,,-81.46796100,28.67535000
ORLANDO,ORANGE,ASSISTED LIVING FACILITY,80.0,,,-81.41489000,28.63114100
ORLANDO,ORANGE,ASSISTED LIVING FACILITY,80.0,,,-81.49384200,28.48462800
ORLANDO,ORANGE,ASSISTED LIVING FACILITY,75.0,,,-81.30652100,28.54275100
ORLANDO,ORANGE,ASSISTED LIVING FACILITY,14.0,,,-81.40929400,28.60777600
ORLANDO,ORANGE,ASSISTED LIVING FACILITY,14.0,,,-81.31596200,28.54675800
ORLANDO,ORANGE,ASSISTED LIVING FACILITY,109.0,,,-81.37274300,28.53973900
ORLANDO,ORANGE,ASSISTED LIVING FACILITY,103.0,,,-81.31369200,28.51461800
OCOEE,ORANGE,ASSISTED LIVING FACILITY,105.0,,,-81.51427800,28.59013200
ORLANDO,ORANGE,ASSISTED LIVING FACILITY,24.0,,,-81.47077300,28.55359000
MAITLAND,ORANGE,ASSISTED LIVING FACILITY,112.0,,,-81.37807800,28.63115800
WINTER PARK,ORANGE,ASSISTED LIVING FACILITY,19.0,,,-81.33955800,28.61016600
ORLANDO,ORANGE,ASSISTED LIVING FACILITY,15.0,,,-81.37778100,28.51929300
WINTER PARK,ORANGE,ASSISTED LIVING FACILITY,5.0,,,-81.27880000,28.59928100
ORLANDO,ORANGE,ASSISTED LIVING FACILITY,114.0,,,-81.22427000,28.59398100
APOPKA,ORANGE,ASSISTED LIVING FACILITY,8.0,,,-81.51546300,28.65126000
ORLANDO,ORANGE,ASSISTED LIVING FACILITY,4.0,,,-81.17166100,28.61030100
KISSIMMEE,OSCEOLA,ASSISTED LIVING FACILITY,6.0,,,-81.44320173,28.25000989
KISSIMMEE,OSCEOLA,ASSISTED LIVING FACILITY,6.0,,,-81.47017881,28.16160308
KISSIMMEE,OSCEOLA,ASSISTED LIVING FACILITY,6.0,,,-81.35761387,28.32107140
KISSIMMEE,OSCEOLA,ASSISTED LIVING FACILITY,6.0,,,-81.37531163,28.31705161
KISSIMMEE,OSCEOLA,ASSISTED LIVING FACILITY,6.0,,,-81.42152231,28.30104007
KISSIMMEE,OSCEOLA,ASSISTED LIVING FACILITY,6.0,,,-81.37541115,28.28365338
KISSIMMEE,OSCEOLA,ASSISTED LIVING FACILITY,6.0,,,-81.43586469,28.22714577
KISSIMMEE,OSCEOLA,ASSISTED LIVING FACILITY,6.0,,,-81.36902746,28.32357184
KISSIMMEE,OSCEOLA,ASSISTED LIVING FACILITY,75.0,,,-81.40931976,28.29297904
KISSIMMEE,OSCEOLA,ASSISTED LIVING FACILITY,,,,-81.41427000,28.31883000
KISSIMMEE,OSCEOLA,ASSISTED LIVING FACILITY,,,,-81.43976000,28.21193000
SAINT CLOUD,OSCEOLA,ASSISTED LIVING FACILITY,33.0,,,-81.31550903,28.24807995
KISSIMMEE,OSCEOLA,ASSISTED LIVING FACILITY,0.0,,,-81.37570647,28.31915092
SAINT CLOUD,OSCEOLA,ASSISTED LIVING FACILITY,12.0,,,-81.30713542,28.21318434
KISSIMMEE,OSCEOLA,ASSISTED LIVING FACILITY,44.0,,,-81.43706123,28.26389173
KISSIMMEE,OSCEOLA,ASSISTED LIVING FACILITY,34.0,,,-81.34629299,28.30499793
SAINT CLOUD,OSCEOLA,ASSISTED LIVING FACILITY,13.0,,,-81.31326660,28.24817086
SAINT CLOUD,OSCEOLA,ASSISTED LIVING FACILITY,40.0,,,-81.28437339,28.24711105
SAINT CLOUD,OSCEOLA,ASSISTED LIVING FACILITY,36.0,,,-81.31723046,28.23217621
SAINT CLOUD,OSCEOLA,ASSISTED LIVING FACILITY,48.0,,,-81.30988991,28.25361373
KISSIMMEE,OSCEOLA,ASSISTED LIVING FACILITY,50.0,,,-81.41444167,28.31841340
KISSIMMEE,OSCEOLA,RESIDENTIAL TREATMENT FACILITY,,,,-81.41417000,28.29680000
KISSIMMEE,OSCEOLA,RESIDENTIAL TREATMENT FACILITY,20.0,,,-81.41293268,28.29687101
CELEBRATION,OSCEOLA,END-STAGE RENAL DISEASE,0.0,,,-81.55349922,28.32088964
KISSIMMEE,OSCEOLA,RESIDENTIAL TREATMENT FACILITY,0.0,,,-81.41376250,28.29697082
KISSIMMEE,OSCEOLA,END-STAGE RENAL DISEASE,0.0,,,-81.41654363,28.29962628
KISSIMMEE,OSCEOLA,END-STAGE RENAL DISEASE,0.0,,,-81.44637778,28.14598213
SAINT CLOUD,OSCEOLA,END-STAGE RENAL DISEASE,0.0,,,-81.31540348,28.25660080
KISSIMMEE,OSCEOLA,CRISIS STABILIZATION UNIT,75.0,,,-81.40666984,28.31233881
KISSIMMEE,OSCEOLA,AMBULATORY SURGICAL CENTER,0.0,,,-81.41106013,28.30260668
KISSIMMEE,OSCEOLA,AMBULATORY SURGICAL CENTER,0.0,,,-81.40320208,28.30045197
KISSIMMEE,OSCEOLA,AMBULATORY SURGICAL CENTER,0.0,,,-81.40811610,28.31251281
ST CLOUD,OSCEOLA,ADULT FAMILY CARE HOME,0.0,,,-81.22091262,28.18148843
KISSIMMEE,OSCEOLA,ADULT FAMILY CARE HOME,5.0,,,-81.45614122,28.28704104
SAINT CLOUD,OSCEOLA,SKILLED NURSING FACILITY,120.0,,,-81.31503329,28.22760039
SAINT CLOUD,OSCEOLA,SKILLED NURSING FACILITY,120.0,,,-81.31701809,28.23359160
SAINT CLOUD,OSCEOLA,SKILLED NURSING FACILITY,120.0,,,-81.31345448,28.25394338
KISSIMMEE,OSCEOLA,ADULT FAMILY CARE HOME,0.0,,,-81.42878605,28.29870907
KISSIMMEE,OSCEOLA,SKILLED NURSING FACILITY,120.0,,,-81.41514263,28.32007441
KISSIMMEE,OSCEOLA,SKILLED NURSING FACILITY,120.0,,,-81.41509431,28.31820400
KISSIMMEE,OSCEOLA,SKILLED NURSING FACILITY,120.0,,,-81.40778870,28.31396576
KISSIMMEE,OSCEOLA,SKILLED NURSING FACILITY,170.0,,,-81.43885783,28.26332625
KISSIMMEE,OSCEOLA,SKILLED NURSING FACILITY,59.0,,,-81.40467093,28.29735765
SAINT CLOUD,OSCEOLA,SKILLED NURSING FACILITY,131.0,,,-81.30287838,28.24535466
DELRAY BEACH,PALM BEACH,SKILLED NURSING FACILITY,0.0,,,-80.09470117,26.44433294
DELRAY BEACH,PALM BEACH,SKILLED NURSING FACILITY,90.0,,,-80.10154700,26.43859500
LAKE WORTH,PALM BEACH,SKILLED NURSING FACILITY,117.0,,,-80.06580453,26.61770280
WEST PALM BEACH,PALM BEACH,SKILLED NURSING FACILITY,176.0,,,-80.07930606,26.71449018
BOYNTON BEACH,PALM BEACH,SKILLED NURSING FACILITY,167.0,,,-80.07075054,26.50306557
ROYAL PALM BEACH,PALM BEACH,SKILLED NURSING FACILITY,120.0,,,-80.20746900,26.69776300
BOCA RATON,PALM BEACH,SKILLED NURSING FACILITY,180.0,,,-80.08733300,26.39461900
BOCA RATON,PALM BEACH,SKILLED NURSING FACILITY,180.0,,,-80.14425112,26.35998409
BOCA RATON,PALM BEACH,SKILLED NURSING FACILITY,120.0,,,-80.19866948,26.35853401
BOCA RATON,PALM BEACH,SKILLED NURSING FACILITY,120.0,,,-80.15974900,26.34727900
BOCA RATON,PALM BEACH,SKILLED NURSING FACILITY,120.0,,,-80.10174948,26.36021074
LAKE WORTH,PALM BEACH,SKILLED NURSING FACILITY,138.0,,,-80.06378200,26.64344200
LAKE PARK,PALM BEACH,SKILLED NURSING FACILITY,85.0,,,-80.06822186,26.79364555
LAKE WORTH,PALM BEACH,SKILLED NURSING FACILITY,99.0,,,-80.06581324,26.60842656
BOYNTON BEACH,PALM BEACH,SKILLED NURSING FACILITY,168.0,,,-80.10574625,26.53327354
WEST PALM BEACH,PALM BEACH,SKILLED NURSING FACILITY,120.0,,,-80.09246963,26.73140940
WEST PALM BEACH,PALM BEACH,SKILLED NURSING FACILITY,120.0,,,-80.14505300,26.65803300
WEST PALM BEACH,PALM BEACH,SKILLED NURSING FACILITY,120.0,,,-80.09614600,26.65363600
WEST PALM BEACH,PALM BEACH,SKILLED NURSING FACILITY,120.0,,,-80.12192726,26.63465442
WEST PALM BEACH,PALM BEACH,SKILLED NURSING FACILITY,120.0,,,-80.12160000,26.68131700
BOCA RATON,PALM BEACH,SKILLED NURSING FACILITY,119.0,,,-80.14028783,26.36241360
BOCA RATON,PALM BEACH,SKILLED NURSING FACILITY,51.0,,,-80.07639100,26.38461100
JUPITER,PALM BEACH,SKILLED NURSING FACILITY,120.0,,,-80.12747218,26.93831577
JUPITER,PALM BEACH,SKILLED NURSING FACILITY,120.0,,,-80.09460100,26.92244200
WELLINGTON,PALM BEACH,SKILLED NURSING FACILITY,120.0,,,-80.20889406,26.64052976
PALM BEACH GARDENS,PALM BEACH,SKILLED NURSING FACILITY,76.0,,,-80.13545486,26.81023265
LAKE WORTH,PALM BEACH,SKILLED NURSING FACILITY,120.0,,,-80.06061644,26.60120973
LAKE WORTH,PALM BEACH,SKILLED NURSING FACILITY,120.0,,,-80.11211320,26.62317503
LANTANA,PALM BEACH,SKILLED NURSING FACILITY,60.0,,,-80.05502800,26.57687400
LAKE WORTH,PALM BEACH,SKILLED NURSING FACILITY,60.0,,,-80.11414300,26.61243700
LAKE WORTH,PALM BEACH,SKILLED NURSING FACILITY,60.0,,,-80.07132460,26.59065596
BOYNTON BEACH,PALM BEACH,SKILLED NURSING FACILITY,180.0,,,-80.09097019,26.49874364
WEST PALM BEACH,PALM BEACH,SKILLED NURSING FACILITY,30.0,,,-80.08926816,26.73563404
PAHOKEE,PALM BEACH,SKILLED NURSING FACILITY,120.0,,,-80.66121100,26.82130100
WEST PALM BEACH,PALM BEACH,SKILLED NURSING FACILITY,280.0,,,-80.11535286,26.74618663
BOYNTON BEACH,PALM BEACH,SKILLED NURSING FACILITY,120.0,,,-80.10071077,26.53143918
BOYNTON BEACH,PALM BEACH,SKILLED NURSING FACILITY,120.0,,,-80.07732960,26.57147169
DELRAY BEACH,PALM BEACH,SKILLED NURSING FACILITY,120.0,,,-80.14565511,26.43624027
DELRAY BEACH,PALM BEACH,SKILLED NURSING FACILITY,120.0,,,-80.12988000,26.43916300
BOCA RATON,PALM BEACH,SKILLED NURSING FACILITY,144.0,,,-80.10942374,26.36293475
WEST PALM BEACH,PALM BEACH,SKILLED NURSING FACILITY,220.0,,,-80.09481784,26.71162152
WEST PALM BEACH,PALM BEACH,SKILLED NURSING FACILITY,132.0,,,-80.05126518,26.71060721
PALM BEACH GARDENS,PALM BEACH,SKILLED NURSING FACILITY,120.0,,,-80.07309816,26.84153340
PALM BEACH GARDENS,PALM BEACH,SKILLED NURSING FACILITY,120.0,,,-80.09224600,26.84475100
BOCA RATON,PALM BEACH,SKILLED NURSING FACILITY,101.0,,,-80.15171365,26.32966546
DELRAY BEACH,PALM BEACH,SKILLED NURSING FACILITY,54.0,,,-80.06868200,26.43986800
BOYNTON BEACH,PALM BEACH,SKILLED NURSING FACILITY,29.0,,,-80.09103154,26.51443786
JUNO BEACH,PALM BEACH,SKILLED NURSING FACILITY,60.0,,,-80.05758200,26.85786300
WEST PALM BEACH,PALM BEACH,SKILLED NURSING FACILITY,107.0,,,-80.06787510,26.73536162
BOCA RATON,PALM BEACH,SKILLED NURSING FACILITY,154.0,,,-80.15934200,26.35166800
WEST PALM BEACH,PALM BEACH,SKILLED NURSING FACILITY,99.0,,,-80.09707403,26.76147448
WEST PALM BEACH,PALM BEACH,ADULT FAMILY CARE HOME,2.0,,,-80.08709315,26.75196196
ROYAL PALM BEACH,PALM BEACH,ADULT FAMILY CARE HOME,5.0,,,-80.22917700,26.70532000
LOXAHATCHEE,PALM BEACH,ADULT FAMILY CARE HOME,5.0,,,-80.31035727,26.78147751
LOXAHATCHEE,PALM BEACH,ADULT FAMILY CARE HOME,5.0,,,-80.32507055,26.80011387
BOYNTON BEACH,PALM BEACH,ADULT FAMILY CARE HOME,4.0,,,-80.11162149,26.56510377
WEST PALM BEACH,PALM BEACH,ADULT FAMILY CARE HOME,4.0,,,-80.15275100,26.66815200
WEST PALM BEACH,PALM BEACH,ADULT FAMILY CARE HOME,4.0,,,-80.14205976,26.73375600
ROYAL PALM BEACH,PALM BEACH,ADULT FAMILY CARE HOME,3.0,,,-80.20729211,26.66905153
ROYAL PALM BEACH,PALM BEACH,ADULT FAMILY CARE HOME,4.0,,,-80.22917700,26.70532000
PALM BEACH GARDENS,PALM BEACH,SKILLED NURSING FACILITY,40.0,,,-80.08402200,26.85264000
BOYNTON BEACH,PALM BEACH,SKILLED NURSING FACILITY,81.0,,,-80.17017484,26.52295921
BOCA RATON,PALM BEACH,SKILLED NURSING FACILITY,60.0,,,-80.14375328,26.33058196
WELLINGTON,PALM BEACH,ADULT FAMILY CARE HOME,5.0,,,-80.26744169,26.64172825
WEST PALM BEACH,PALM BEACH,ADULT FAMILY CARE HOME,5.0,,,-80.27735696,26.81797279
LAKE WORTH,PALM BEACH,AMBULATORY SURGICAL CENTER,0.0,,,-80.20628645,26.60529851
LAKE WORTH,PALM BEACH,AMBULATORY SURGICAL CENTER,0.0,,,-80.11492367,26.59383801
LAKE WORTH,PALM BEACH,AMBULATORY SURGICAL CENTER,0.0,,,-80.08678658,26.62902601
LAKE WORTH,PALM BEACH,AMBULATORY SURGICAL CENTER,0.0,,,-80.16422778,26.61637273
BOYNTON BEACH,PALM BEACH,AMBULATORY SURGICAL CENTER,0.0,,,-80.16685503,26.52330684
BOYNTON BEACH,PALM BEACH,AMBULATORY SURGICAL CENTER,0.0,,,-80.08038000,26.51395700
BOYNTON BEACH,PALM BEACH,AMBULATORY SURGICAL CENTER,0.0,,,-80.06611400,26.50779900
DELRAY BEACH,PALM BEACH,BIRTH CENTER,0.0,,,-80.07324100,26.46897100
WELLINGTON,PALM BEACH,AMBULATORY SURGICAL CENTER,0.0,,,-80.20387282,26.65941330
BOCA RATON,PALM BEACH,AMBULATORY SURGICAL CENTER,0.0,,,-80.09054960,26.36354097
BOCA RATON,PALM BEACH,AMBULATORY SURGICAL CENTER,0.0,,,-80.12598858,26.40881002
BOCA RATON,PALM BEACH,AMBULATORY SURGICAL CENTER,0.0,,,-80.07631000,26.39829400
BOCA RATON,PALM BEACH,AMBULATORY SURGICAL CENTER,0.0,,,-80.09632061,26.36283942
BOCA RATON,PALM BEACH,AMBULATORY SURGICAL CENTER,0.0,,,-80.10411767,26.36068391
WEST PALM BEACH,PALM BEACH,AMBULATORY SURGICAL CENTER,0.0,,,-80.05084021,26.73080468
WEST PALM BEACH,PALM BEACH,AMBULATORY SURGICAL CENTER,0.0,,,-80.09126056,26.84644104
WEST PALM BEACH,PALM BEACH,AMBULATORY SURGICAL CENTER,0.0,,,-80.09849319,26.76023921
WEST PALM BEACH,PALM BEACH,AMBULATORY SURGICAL CENTER,0.0,,,-80.08490667,26.72731676
WEST PALM BEACH,PALM BEACH,AMBULATORY SURGICAL CENTER,0.0,,,-80.05203816,26.72316268
WEST PALM BEACH,PALM BEACH,AMBULATORY SURGICAL CENTER,0.0,,,-80.09335500,26.71513400
WEST PALM BEACH,PALM BEACH,AMBULATORY SURGICAL CENTER,0.0,,,-80.04987897,26.73131504
JUPITER,PALM BEACH,AMBULATORY SURGICAL CENTER,0.0,,,-80.10254681,26.88879492
JUPITER,PALM BEACH,AMBULATORY SURGICAL CENTER,0.0,,,-80.08290253,26.93452940
JUPITER,PALM BEACH,AMBULATORY SURGICAL CENTER,0.0,,,-80.10128879,26.91500996
BELLE GLADE,PALM BEACH,CRISIS STABILIZATION UNIT,10.0,,,-80.67617100,26.68949300
DELRAY BEACH,PALM BEACH,CRISIS STABILIZATION UNIT,20.0,,,-80.12039046,26.43661019
PALM BEACH GARDENS,PALM BEACH,END-STAGE RENAL DISEASE,0.0,,,-80.07804520,26.84517826
ATLANTIS,PALM BEACH,END-STAGE RENAL DISEASE,0.0,,,-80.09213194,26.59766694
BELLE GLADE,PALM BEACH,END-STAGE RENAL DISEASE,0.0,,,-80.66921500,26.67574100
BOYNTON BEACH,PALM BEACH,END-STAGE RENAL DISEASE,0.0,,,-80.12143800,26.54864800
BOYNTON BEACH,PALM BEACH,END-STAGE RENAL DISEASE,0.0,,,-80.10507200,26.52731800
BOYNTON BEACH,PALM BEACH,END-STAGE RENAL DISEASE,0.0,,,-80.12174200,26.55482800
BOYNTON BEACH,PALM BEACH,END-STAGE RENAL DISEASE,0.0,,,-80.11871700,26.51252400
WEST PALM BEACH,PALM BEACH,END-STAGE RENAL DISEASE,0.0,,,-80.06343616,26.75492032
WEST PALM BEACH,PALM BEACH,END-STAGE RENAL DISEASE,0.0,,,-80.05313443,26.73672441
WEST PALM BEACH,PALM BEACH,END-STAGE RENAL DISEASE,0.0,,,-80.15118300,26.70819500
WEST PALM BEACH,PALM BEACH,END-STAGE RENAL DISEASE,0.0,,,-80.08890000,26.65105300
WEST PALM BEACH,PALM BEACH,END-STAGE RENAL DISEASE,0.0,,,-80.08835200,26.64011200
WEST PALM BEACH,PALM BEACH,END-STAGE RENAL DISEASE,0.0,,,-80.05308100,26.72708100
WEST PALM BEACH,PALM BEACH,END-STAGE RENAL DISEASE,0.0,,,-80.08508400,26.75660300
WEST PALM BEACH,PALM BEACH,END-STAGE RENAL DISEASE,0.0,,,-80.07880821,26.71392583
WEST PALM BEACH,PALM BEACH,END-STAGE RENAL DISEASE,0.0,,,-80.08488423,26.76302471
DELRAY BEACH,PALM BEACH,END-STAGE RENAL DISEASE,0.0,,,-80.12274834,26.43891154
DELRAY BEACH,PALM BEACH,END-STAGE RENAL DISEASE,0.0,,,-80.14637105,26.45024994
DELRAY BEACH,PALM BEACH,END-STAGE RENAL DISEASE,0.0,,,-80.10079141,26.45891112
BOCA RATON,PALM BEACH,END-STAGE RENAL DISEASE,0.0,,,-80.07666300,26.39179000
BOCA RATON,PALM BEACH,END-STAGE RENAL DISEASE,0.0,,,-80.11984730,26.37872903
BOCA RATON,PALM BEACH,END-STAGE RENAL DISEASE,0.0,,,-80.12598858,26.40881002
BOCA RATON,PALM BEACH,END-STAGE RENAL DISEASE,0.0,,,-80.19544104,26.38293273
BOCA RATON,PALM BEACH,END-STAGE RENAL DISEASE,0.0,,,-80.10532521,26.35965965
BOCA RATON,PALM BEACH,RESIDENTIAL TREATMENT FACILITY,8.0,,,-80.07463200,26.40283300
WEST PALM BEACH,PALM BEACH,RESIDENTIAL TREATMENT FACILITY,25.0,,,-80.05274360,26.74702610
WEST PALM BEACH,PALM BEACH,HOSPICE,36.0,,,-80.06682173,26.75812515
BOCA RATON,PALM BEACH,HOSPICE,30.0,,,-80.11667910,26.35194351
DELRAY BEACH,PALM BEACH,HOSPICE,8.0,,,-80.13882900,26.45426000
ROYAL PALM BEACH,PALM BEACH,END-STAGE RENAL DISEASE,0.0,,,-80.21881485,26.70816632
LAKE WORTH,PALM BEACH,END-STAGE RENAL DISEASE,0.0,,,-80.20132200,26.61733700
LAKE WORTH,PALM BEACH,END-STAGE RENAL DISEASE,0.0,,,-80.09190600,26.59606600
JUPITER,PALM BEACH,END-STAGE RENAL DISEASE,0.0,,,-80.10108851,26.91742514
DELRAY BEACH,PALM BEACH,RESIDENTIAL TREATMENT FACILITY,16.0,,,-80.12052540,26.43690236
WEST PALM BEACH,PALM BEACH,RESIDENTIAL TREATMENT FACILITY,4.0,,,-80.11546767,26.74916307
DELRAY BEACH,PALM BEACH,RESIDENTIAL TREATMENT FACILITY,11.0,,,-80.12143035,26.43682558
BOCA RATON,PALM BEACH,RESIDENTIAL TREATMENT FACILITY,5.0,,,-80.07481200,26.40283300
LAKE WORTH,PALM BEACH,RESIDENTIAL TREATMENT FACILITY,8.0,,,-80.08530851,26.60773971
TEQUESTA,PALM BEACH,RESIDENTIAL TREATMENT FACILITY,92.0,,,-80.09408000,26.95872300
PAHOKEE,PALM BEACH,RURAL HEALTH CLINIC,0.0,,,-80.65971900,26.82726300
PAHOKEE,PALM BEACH,RURAL HEALTH CLINIC,0.0,,,-80.66120000,26.82298000
BELLE GLADE,PALM BEACH,RURAL HEALTH CLINIC,0.0,,,-80.67010561,26.68557563
BELLE GLADE,PALM BEACH,RURAL HEALTH CLINIC,0.0,,,-80.66827470,26.69639646
WEST PALM BEACH,PALM BEACH,ASSISTED LIVING FACILITY,5.0,,,-80.13368200,26.67419300
WEST PALM BEACH,PALM BEACH,ASSISTED LIVING FACILITY,5.0,,,-80.10544200,26.66109300
WEST PALM BEACH,PALM BEACH,ASSISTED LIVING FACILITY,5.0,,,-80.08694669,26.71545128
WEST PALM BEACH,PALM BEACH,ASSISTED LIVING FACILITY,5.0,,,-80.21526238,26.75963796
WEST PALM BEACH,PALM BEACH,ASSISTED LIVING FACILITY,5.0,,,-80.28611200,26.82045900
WEST PALM BEACH,PALM BEACH,ASSISTED LIVING FACILITY,5.0,,,-80.08332100,26.65858800
DELRAY BEACH,PALM BEACH,ASSISTED LIVING FACILITY,56.0,,,-80.14481023,26.43656862
WELLINGTON,PALM BEACH,ASSISTED LIVING FACILITY,14.0,,,-80.26474900,26.66313300
PALM BEACH GARDENS,PALM BEACH,AMBULATORY SURGICAL CENTER,0.0,,,-80.09646596,26.83012657
PALM BEACH GARDENS,PALM BEACH,AMBULATORY SURGICAL CENTER,0.0,,,-80.13345983,26.83714299
DELRAY BEACH,PALM BEACH,AMBULATORY SURGICAL CENTER,0.0,,,-80.11563291,26.43665399
DELRAY BEACH,PALM BEACH,AMBULATORY SURGICAL CENTER,0.0,,,-80.12112248,26.43595554
DELRAY BEACH,PALM BEACH,AMBULATORY SURGICAL CENTER,0.0,,,-80.11977735,26.44087866
DELRAY BEACH,PALM BEACH,AMBULATORY SURGICAL CENTER,0.0,,,-80.11823624,26.43869750
LAKE PARK,PALM BEACH,BLOOD BANK,0.0,,,-80.08947035,26.80931535
WEST PALM BEACH,PALM BEACH,ASSISTED LIVING FACILITY,6.0,,,-80.11416200,26.69205300
WEST PALM BEACH,PALM BEACH,ASSISTED LIVING FACILITY,6.0,,,-80.23084908,26.80476726
WEST PALM BEACH,PALM BEACH,ASSISTED LIVING FACILITY,6.0,,,-80.06305300,26.74591400
WEST PALM BEACH,PALM BEACH,ASSISTED LIVING FACILITY,6.0,,,-80.14122300,26.67442300
WEST PALM BEACH,PALM BEACH,ASSISTED LIVING FACILITY,6.0,,,-80.11704617,26.74197903
WEST PALM BEACH,PALM BEACH,ASSISTED LIVING FACILITY,6.0,,,-80.11804100,26.64672800
WEST PALM BEACH,PALM BEACH,ASSISTED LIVING FACILITY,6.0,,,-80.13197200,26.67905300
WEST PALM BEACH,PALM BEACH,ASSISTED LIVING FACILITY,6.0,,,-80.13340163,26.69507051
WEST PALM BEACH,PALM BEACH,ASSISTED LIVING FACILITY,6.0,,,-80.13223871,26.69380391
WEST PALM BEACH,PALM BEACH,ASSISTED LIVING FACILITY,6.0,,,-80.06389100,26.65583900
WEST PALM BEACH,PALM BEACH,ASSISTED LIVING FACILITY,6.0,,,-80.09174300,26.66142300
WEST PALM BEACH,PALM BEACH,ASSISTED LIVING FACILITY,6.0,,,-80.11850100,26.70479800
WEST PALM BEACH,PALM BEACH,ASSISTED LIVING FACILITY,6.0,,,-80.09285200,26.65753300
PALM SPRINGS,PALM BEACH,AMBULATORY SURGICAL CENTER,0.0,,,-80.08827400,26.63631500
LOXAHATCHEE,PALM BEACH,AMBULATORY SURGICAL CENTER,0.0,,,-80.25034486,26.68628703
ROYAL PALM BEACH,PALM BEACH,AMBULATORY SURGICAL CENTER,0.0,,,-80.20106737,26.68336514
JUPITER,PALM BEACH,AMBULATORY SURGICAL CENTER,,,,-80.08079000,26.93302000
RIVIERA BEACH,PALM BEACH,ASSISTED LIVING FACILITY,18.0,,,-80.06380346,26.76986606
BOYNTON BEACH,PALM BEACH,ASSISTED LIVING FACILITY,93.0,,,-80.07660041,26.56808657
BOYNTON BEACH,PALM BEACH,ASSISTED LIVING FACILITY,148.0,,,-80.06039559,26.51105962
PALM BEACH GARDENS,PALM BEACH,ASSISTED LIVING FACILITY,6.0,,,-80.09184677,26.81959224
ROYAL PALM BEACH,PALM BEACH,ASSISTED LIVING FACILITY,6.0,,,-80.23480100,26.68297600
ROYAL PALM BEACH,PALM BEACH,ASSISTED LIVING FACILITY,6.0,,,-80.20684100,26.69430800
ROYAL PALM BEACH,PALM BEACH,ASSISTED LIVING FACILITY,6.0,,,-80.21830100,26.72887000
ROYAL PALM BEACH,PALM BEACH,ASSISTED LIVING FACILITY,6.0,,,-80.22620453,26.70112735
ROYAL PALM BEACH,PALM BEACH,ASSISTED LIVING FACILITY,6.0,,,-80.22390200,26.71768600
ROYAL PALM BEACH,PALM BEACH,ASSISTED LIVING FACILITY,6.0,,,-80.21739200,26.69261200
ROYAL PALM BEACH,PALM BEACH,ASSISTED LIVING FACILITY,6.0,,,-80.21913100,26.70983900
ROYAL PALM BEACH,PALM BEACH,ASSISTED LIVING FACILITY,6.0,,,-80.22013100,26.71838900
JUPITER,PALM BEACH,ASSISTED LIVING FACILITY,80.0,,,-80.12438900,26.89435200
WEST PALM BEACH,PALM BEACH,ASSISTED LIVING FACILITY,15.0,,,-80.11074200,26.64418300
WEST PALM BEACH,PALM BEACH,ASSISTED LIVING FACILITY,15.0,,,-80.05649048,26.73741724
GREENACRES,PALM BEACH,ASSISTED LIVING FACILITY,98.0,,,-80.14574233,26.60679819
LAKE WORTH,PALM BEACH,ASSISTED LIVING FACILITY,6.0,,,-80.16180157,26.58765996
LAKE WORTH,PALM BEACH,ASSISTED LIVING FACILITY,6.0,,,-80.08245839,26.62220162
LAKE WORTH,PALM BEACH,ASSISTED LIVING FACILITY,6.0,,,-80.13522528,26.59269778
LAKE WORTH,PALM BEACH,ASSISTED LIVING FACILITY,6.0,,,-80.06417000,26.63875800
LAKE WORTH,PALM BEACH,ASSISTED LIVING FACILITY,6.0,,,-80.10779907,26.61654416
LAKE WORTH,PALM BEACH,ASSISTED LIVING FACILITY,6.0,,,-80.17069276,26.60727760
PALM BEACH GARDENS,PALM BEACH,ASSISTED LIVING FACILITY,48.0,,,-80.13545486,26.81023265
PALM BEACH GARDENS,PALM BEACH,ASSISTED LIVING FACILITY,48.0,,,-80.08402200,26.85264000
JUPITER,PALM BEACH,ASSISTED LIVING FACILITY,6.0,,,-80.13170334,26.92047731
PALM BEACH GARDENS,PALM BEACH,ASSISTED LIVING FACILITY,11.0,,,-80.14360996,26.88646118
LAKE PARK,PALM BEACH,ASSISTED LIVING FACILITY,10.0,,,-80.07816048,26.80919303
BOCA RATON,PALM BEACH,ASSISTED LIVING FACILITY,6.0,,,-80.21315100,26.34178800
BOCA RATON,PALM BEACH,ASSISTED LIVING FACILITY,6.0,,,-80.13818100,26.37588000
BOCA RATON,PALM BEACH,ASSISTED LIVING FACILITY,6.0,,,-80.18514100,26.34636000
WEST PALM BEACH,PALM BEACH,ASSISTED LIVING FACILITY,14.0,,,-80.11045100,26.66760800
TEQUESTA,PALM BEACH,ASSISTED LIVING FACILITY,50.0,,,-80.08815192,26.96545478
DELRAY BEACH,PALM BEACH,ASSISTED LIVING FACILITY,14.0,,,-80.09470117,26.44433294
WEST PALM BEACH,PALM BEACH,ASSISTED LIVING FACILITY,38.0,,,-80.12192726,26.63465442
BOYNTON BEACH,PALM BEACH,ASSISTED LIVING FACILITY,101.0,,,-80.08902612,26.50575042
DELRAY BEACH,PALM BEACH,ASSISTED LIVING FACILITY,170.0,,,-80.13094200,26.46036000
TEQUESTA,PALM BEACH,ASSISTED LIVING FACILITY,106.0,,,-80.08592079,26.96484194
JUPITER,PALM BEACH,ASSISTED LIVING FACILITY,115.0,,,-80.12954100,26.92670400
LAKE WORTH,PALM BEACH,ASSISTED LIVING FACILITY,75.0,,,-80.04048867,26.58472313
BOCA RATON,PALM BEACH,ASSISTED LIVING FACILITY,51.0,,,-80.15171365,26.32966546
BELLE GLADE,PALM BEACH,ASSISTED LIVING FACILITY,8.0,,,-80.66741200,26.67400100
WEST PALM BEACH,PALM BEACH,ASSISTED LIVING FACILITY,20.0,,,-80.05697908,26.78329323
WEST PALM BEACH,PALM BEACH,ASSISTED LIVING FACILITY,20.0,,,-80.05711892,26.73938158
DELRAY BEACH,PALM BEACH,ASSISTED LIVING FACILITY,18.0,,,-80.11939610,26.43687048
LAKE PARK,PALM BEACH,ASSISTED LIVING FACILITY,16.0,,,-80.06116370,26.80462099
WELLINGTON,PALM BEACH,ASSISTED LIVING FACILITY,6.0,,,-80.26787017,26.67295768
WELLINGTON,PALM BEACH,ASSISTED LIVING FACILITY,6.0,,,-80.24293500,26.66924149
WELLINGTON,PALM BEACH,ASSISTED LIVING FACILITY,6.0,,,-80.22131200,26.65216300
WELLINGTON,PALM BEACH,ASSISTED LIVING FACILITY,6.0,,,-80.27799729,26.67341024
WEST PALM BEACH,PALM BEACH,ASSISTED LIVING FACILITY,24.0,,,-80.05514340,26.69259754
LOXAHATCHEE,PALM BEACH,ASSISTED LIVING FACILITY,10.0,,,-80.28844702,26.71046723
WELLINGTON,PALM BEACH,ASSISTED LIVING FACILITY,21.0,,,-80.27009300,26.66339600
WEST PALM BEACH,PALM BEACH,ASSISTED LIVING FACILITY,114.0,,,-80.08926816,26.73563404
WEST PALM BEACH,PALM BEACH,ASSISTED LIVING FACILITY,200.0,,,-80.05683200,26.71239400
WELLINGTON,PALM BEACH,ASSISTED LIVING FACILITY,5.0,,,-80.23036100,26.65633200
LAKE WORTH,PALM BEACH,ASSISTED LIVING FACILITY,12.0,,,-80.06029240,26.61009547
BOCA RATON,PALM BEACH,ASSISTED LIVING FACILITY,5.0,,,-80.18176100,26.34413000
LANTANA,PALM BEACH,ASSISTED LIVING FACILITY,60.0,,,-80.05502800,26.57687400
DELRAY BEACH,PALM BEACH,ASSISTED LIVING FACILITY,6.0,,,-80.10813100,26.47609700
DELRAY BEACH,PALM BEACH,ASSISTED LIVING FACILITY,6.0,,,-80.09555200,26.46594700
BOCA RATON,PALM BEACH,ASSISTED LIVING FACILITY,160.0,,,-80.10805466,26.36288571
WEST PALM BEACH,PALM BEACH,ASSISTED LIVING FACILITY,72.0,,,-80.11560470,26.74810010
WEST PALM BEACH,PALM BEACH,ASSISTED LIVING FACILITY,56.0,,,-80.09232131,26.73219881
PALM BEACH GARDENS,PALM BEACH,ASSISTED LIVING FACILITY,5.0,,,-80.08631679,26.84048939
DELRAY BEACH,PALM BEACH,ASSISTED LIVING FACILITY,94.0,,,-80.17230960,26.45232962
BOCA RATON,PALM BEACH,ASSISTED LIVING FACILITY,16.0,,,-80.08066200,26.39179600
JUPITER,PALM BEACH,ASSISTED LIVING FACILITY,75.0,,,-80.07693359,26.92515008
BOYNTON BEACH,PALM BEACH,ASSISTED LIVING FACILITY,6.0,,,-80.09907000,26.53879300
BOYNTON BEACH,PALM BEACH,ASSISTED LIVING FACILITY,6.0,,,-80.06891200,26.49268100
BOYNTON BEACH,PALM BEACH,ASSISTED LIVING FACILITY,6.0,,,-80.06411200,26.53704800
BOYNTON BEACH,PALM BEACH,ASSISTED LIVING FACILITY,6.0,,,-80.07151916,26.49891862
BOCA RATON,PALM BEACH,ASSISTED LIVING FACILITY,75.0,,,-80.13729200,26.34090000
WEST PALM BEACH,PALM BEACH,ASSISTED LIVING FACILITY,92.0,,,-80.05197235,26.74599870
BOYNTON BEACH,PALM BEACH,ASSISTED LIVING FACILITY,167.0,,,-80.15023100,26.55233000
BELLE GLADE,PALM BEACH,ASSISTED LIVING FACILITY,10.0,,,-80.67911977,26.68376973
BOCA RATON,PALM BEACH,ASSISTED LIVING FACILITY,40.0,,,-80.14083041,26.35991438
LANTANA,PALM BEACH,ASSISTED LIVING FACILITY,70.0,,,-80.05502800,26.57687400
BOYNTON BEACH,PALM BEACH,ASSISTED LIVING FACILITY,125.0,,,-80.09103154,26.51443786
DELRAY BEACH,PALM BEACH,ASSISTED LIVING FACILITY,8.0,,,-80.11470049,26.47795277
WEST PALM BEACH,PALM BEACH,ASSISTED LIVING FACILITY,16.0,,,-80.05146933,26.72110570
WEST PALM BEACH,PALM BEACH,ASSISTED LIVING FACILITY,22.0,,,-80.03626523,26.78260506
WEST PALM BEACH,PALM BEACH,ASSISTED LIVING FACILITY,22.0,,,-80.06020300,26.78354300
BOCA RATON,PALM BEACH,ASSISTED LIVING FACILITY,49.0,,,-80.13801500,26.35390000
WEST PALM BEACH,PALM BEACH,ASSISTED LIVING FACILITY,76.0,,,-80.14026895,26.70494149
WELLINGTON,PALM BEACH,ASSISTED LIVING FACILITY,54.0,,,-80.20889406,26.64052976
TEQUESTA,PALM BEACH,ASSISTED LIVING FACILITY,55.0,,,-80.08906067,26.96561686
BOYNTON BEACH,PALM BEACH,ASSISTED LIVING FACILITY,30.0,,,-80.05761100,26.53706700
JUPITER,PALM BEACH,ASSISTED LIVING FACILITY,129.0,,,-80.13635011,26.91829566
WEST PALM BEACH,PALM BEACH,ASSISTED LIVING FACILITY,4.0,,,-80.11086300,26.73848100
PALM SPRINGS,PALM BEACH,ASSISTED LIVING FACILITY,6.0,,,-80.09289346,26.63010172
PALM BEACH GARDENS,PALM BEACH,ASSISTED LIVING FACILITY,14.0,,,-80.10971200,26.81242600
BOYNTON BEACH,PALM BEACH,ASSISTED LIVING FACILITY,38.0,,,-80.07015304,26.51370719
ROYAL PALM BEACH,PALM BEACH,ASSISTED LIVING FACILITY,5.0,,,-80.22917700,26.70532000
ROYAL PALM BEACH,PALM BEACH,ASSISTED LIVING FACILITY,5.0,,,-80.21805600,26.72886500
LAKE WORTH,PALM BEACH,ASSISTED LIVING FACILITY,5.0,,,-80.08878000,26.57586100
BOCA RATON,PALM BEACH,ASSISTED LIVING FACILITY,88.0,,,-80.19621232,26.39484828
WEST PALM BEACH,PALM BEACH,ASSISTED LIVING FACILITY,21.0,,,-80.05707587,26.74223501
LAKE WORTH,PALM BEACH,ASSISTED LIVING FACILITY,52.0,,,-80.05374891,26.61228588
RIVIERA BEACH,PALM BEACH,ASSISTED LIVING FACILITY,6.0,,,-80.07425630,26.78826315
LOXAHATCHEE,PALM BEACH,ASSISTED LIVING FACILITY,6.0,,,-80.30455836,26.73711969
LOXAHATCHEE,PALM BEACH,ASSISTED LIVING FACILITY,6.0,,,-80.26611781,26.80115715
GREENACRES,PALM BEACH,ASSISTED LIVING FACILITY,97.0,,,-80.14529820,26.62804664
WEST PALM BEACH,PALM BEACH,ASSISTED LIVING FACILITY,102.0,,,-80.08037129,26.71421518
LAKE PARK,PALM BEACH,ASSISTED LIVING FACILITY,6.0,,,-80.07112789,26.79806098
PALM BEACH GARDENS,PALM BEACH,ASSISTED LIVING FACILITY,65.0,,,-80.10238100,26.79247800
RIVIERA BEACH,PALM BEACH,ASSISTED LIVING FACILITY,4.0,,,-80.05704950,26.78059759
BOCA RATON,PALM BEACH,ASSISTED LIVING FACILITY,155.0,,,-80.14398080,26.33102783
PAHOKEE,PALM BEACH,ASSISTED LIVING FACILITY,50.0,,,-80.64703600,26.82406600
WEST PALM BEACH,PALM BEACH,ASSISTED LIVING FACILITY,37.0,,,-80.05610200,26.65324200
PALM BEACH GARDENS,PALM BEACH,ASSISTED LIVING FACILITY,155.0,,,-80.07550520,26.84208913
BOYNTON BEACH,PALM BEACH,ASSISTED LIVING FACILITY,118.0,,,-80.05842100,26.54334200
LANTANA,PALM BEACH,ASSISTED LIVING FACILITY,104.0,,,-80.05502800,26.57687400
BOCA RATON,PALM BEACH,ASSISTED LIVING FACILITY,32.0,,,-80.20136200,26.39406500
WEST PALM BEACH,PALM BEACH,ASSISTED LIVING FACILITY,50.0,,,-80.05140474,26.71106219
LAKE WORTH,PALM BEACH,ASSISTED LIVING FACILITY,150.0,,,-80.07132460,26.59065596
LANTANA,PALM BEACH,ASSISTED LIVING FACILITY,38.0,,,-80.06771200,26.59372100
WEST PALM BEACH,PALM BEACH,ASSISTED LIVING FACILITY,308.0,,,-80.12256300,26.63693400
NEW PORT RICHEY,PASCO,ASSISTED LIVING FACILITY,16.0,,,-82.72569781,28.25890863
NEW PORT RICHEY,PASCO,ASSISTED LIVING FACILITY,16.0,,,-82.66410723,28.31840179
NEW PORT RICHEY,PASCO,ASSISTED LIVING FACILITY,76.0,,,-82.69107873,28.23994941
HUDSON,PASCO,ASSISTED LIVING FACILITY,9.0,,,-82.67051171,28.39774245
HUDSON,PASCO,ASSISTED LIVING FACILITY,9.0,,,-82.65451657,28.38729579
DADE CITY  FL 33525,PASCO,ASSISTED LIVING FACILITY,,,,-82.19545436,28.35535451
DADE CITY  FL 33525,PASCO,ASSISTED LIVING FACILITY,,,,-82.18794726,28.36807585
SPRING HILL,PASCO,ASSISTED LIVING FACILITY,6.0,,,-82.56174160,28.41262723
NEW PORT RICHEY,PASCO,ASSISTED LIVING FACILITY,12.0,,,-82.72711965,28.22459201
NEW PORT RICHEY,PASCO,ASSISTED LIVING FACILITY,12.0,,,-82.71170472,28.25920899
ZEPHYRHILLS,PASCO,ASSISTED LIVING FACILITY,12.0,,,-82.18258245,28.26447882
ZEPHYRHILLS,PASCO,ASSISTED LIVING FACILITY,12.0,,,-82.17225809,28.26702412
NEW PORT RICHEY,PASCO,ASSISTED LIVING FACILITY,72.0,,,-82.69142185,28.22208746
ZEPHYRHILLS,PASCO,ASSISTED LIVING FACILITY,9.0,,,-82.16990620,28.27321014
ZEPHYRHILLS,PASCO,ASSISTED LIVING FACILITY,9.0,,,-82.15772648,28.27327747
SPRING HILL,PASCO,ASSISTED LIVING FACILITY,5.0,,,-82.57240384,28.42026021
NEW PORT RICHEY,PASCO,ASSISTED LIVING FACILITY,24.0,,,-82.70980493,28.27166323
NEW PORT RICHEY,PASCO,ASSISTED LIVING FACILITY,10.0,,,-82.66488115,28.31817500
NEW PORT RICHEY,PASCO,ASSISTED LIVING FACILITY,10.0,,,-82.70243170,28.24224365
NEW PORT RICHEY,PASCO,ASSISTED LIVING FACILITY,100.0,,,-82.72549166,28.23990022
ZEPHYRHILLS,PASCO,ASSISTED LIVING FACILITY,18.0,,,-82.17333734,28.24424599
NEW PORT RICHEY,PASCO,ASSISTED LIVING FACILITY,38.0,,,-82.72068487,28.24836317
NEW PORT RICHEY,PASCO,ASSISTED LIVING FACILITY,242.0,,,-82.70885855,28.22407800
HOLIDAY,PASCO,ASSISTED LIVING FACILITY,10.0,,,-82.72202814,28.19816583
HOLIDAY,PASCO,ASSISTED LIVING FACILITY,15.0,,,-82.72442769,28.19385339
NEW PORT RICHEY  FL 34643,PASCO,ASSISTED LIVING FACILITY,,,,-82.71140109,28.22545608
PORT RICHEY,PASCO,ASSISTED LIVING FACILITY,6.0,,,-82.67138885,28.32423791
PORT RICHEY,PASCO,ASSISTED LIVING FACILITY,6.0,,,-82.66788709,28.32410542
ZEPHYRHILLS,PASCO,ASSISTED LIVING FACILITY,135.0,,,-82.18467279,28.25486614
HUDSON  FL 34667,PASCO,ASSISTED LIVING FACILITY,,,,-82.67168484,28.32682379
HUDSON  FL 34667,PASCO,ASSISTED LIVING FACILITY,,,,-82.69398497,28.33861155
HUDSON,PASCO,ASSISTED LIVING FACILITY,37.0,,,-82.61750594,28.34650946
NEW PORT RICHEY  FL 34652,PASCO,ASSISTED LIVING FACILITY,,,,-82.70941255,28.25189578
NEW PORT RICHEY  FL 34652,PASCO,ASSISTED LIVING FACILITY,,,,-82.67717976,28.22608257
DADE CITY,PASCO,ASSISTED LIVING FACILITY,180.0,,,-82.19091347,28.36537949
HUDSON,PASCO,ASSISTED LIVING FACILITY,210.0,,,-82.69179481,28.35585097
NEW PORT RICHEY  FL 34653,PASCO,ASSISTED LIVING FACILITY,,,,-82.71294706,28.25456484
ZEPHYRHILLS,PASCO,ASSISTED LIVING FACILITY,10.0,,,-82.19951858,28.28427146
ZEPHYRHILLS,PASCO,ASSISTED LIVING FACILITY,8.0,,,-82.15529592,28.27428880
LAND O LAKES,PASCO,ASSISTED LIVING FACILITY,85.0,,,-82.48290027,28.27269227
NEW PORT RICHEY,PASCO,ASSISTED LIVING FACILITY,8.0,,,-82.72236721,28.23223403
PORT RICHEY,PASCO,ASSISTED LIVING FACILITY,100.0,,,-82.71688101,28.27344214
SPRING HILL,PASCO,ASSISTED LIVING FACILITY,8.0,,,-82.55479498,28.39855775
WESLEY CHAPEL,PASCO,ASSISTED LIVING FACILITY,6.0,,,-82.36184679,28.17833803
WESLEY CHAPEL,PASCO,ASSISTED LIVING FACILITY,6.0,,,-82.33088852,28.17869920
WESLEY CHAPEL,PASCO,ASSISTED LIVING FACILITY,6.0,,,-82.33447635,28.17410515
WESLEY CHAPEL,PASCO,ASSISTED LIVING FACILITY,6.0,,,-82.34546371,28.17166141
HUDSON,PASCO,ASSISTED LIVING FACILITY,232.0,,,-82.68337726,28.33334875
NEW PORT RICHEY,PASCO,ASSISTED LIVING FACILITY,58.0,,,-82.67948131,28.26054135
PORT RICHEY,PASCO,ASSISTED LIVING FACILITY,30.0,,,-82.69324268,28.32882620
NEW PORT RICHEY,PASCO,ASSISTED LIVING FACILITY,135.0,,,-82.69510752,28.23476632
NEW PORT RICHEY,PASCO,ASSISTED LIVING FACILITY,11.0,,,-82.72593478,28.24027966
ZEPHYRHILLS,PASCO,ASSISTED LIVING FACILITY,85.0,,,-82.19779079,28.25251913
HUDSON,PASCO,ASSISTED LIVING FACILITY,14.0,,,-82.69561440,28.33619664
HUDSON,PASCO,ASSISTED LIVING FACILITY,10.0,,,-82.62455868,28.38016938
NEW PORT RICHEY  FL 34654,PASCO,ASSISTED LIVING FACILITY,,,,-82.67617946,28.26553866
NEW PORT RICHEY,PASCO,ASSISTED LIVING FACILITY,126.0,,,-82.70570039,28.24812294
HUDSON FL 34667,PASCO,ASSISTED LIVING FACILITY,,,,-82.67257422,28.35084334
HUDSON,PASCO,ASSISTED LIVING FACILITY,17.0,,,-82.69874675,28.36227023
PORT RICHEY,PASCO,ASSISTED LIVING FACILITY,8.0,,,-82.71390429,28.28388483
HOLIDAY,PASCO,ASSISTED LIVING FACILITY,108.0,,,-82.72693663,28.20185917
ZEPHYRHILLS,PASCO,ASSISTED LIVING FACILITY,48.0,,,-82.19102420,28.24173651
BAYONET POINT,PASCO,ASSISTED LIVING FACILITY,27.0,,,-82.68978320,28.33085503
ZEPHYRHILLS  FL 33248,PASCO,ASSISTED LIVING FACILITY,,,,-82.18200347,28.22100610
ZEPHYRHILLS  FL 33248,PASCO,ASSISTED LIVING FACILITY,,,,-82.17836929,28.25204461
HUDSON,PASCO,ASSISTED LIVING FACILITY,21.0,,,-82.68792960,28.37319788
NEW PORT RICHEY,PASCO,AMBULATORY SURGICAL CENTER,0.0,,,-82.72050000,28.23636000
NEW PORT RICHEY,PASCO,AMBULATORY SURGICAL CENTER,0.0,,,-82.73429551,28.22501356
NEW PORT RICHEY,PASCO,AMBULATORY SURGICAL CENTER,0.0,,,-82.69826837,28.18836510
NEW PORT RICHEY,PASCO,AMBULATORY SURGICAL CENTER,,,,-82.62790700,28.19116000
NEW PORT RICHEY,PASCO,AMBULATORY SURGICAL CENTER,,,,-82.64110000,28.20582000
ZEPHYRHILLS,PASCO,AMBULATORY SURGICAL CENTER,0.0,,,-82.18574363,28.25406392
ZEPHYRHILLS,PASCO,AMBULATORY SURGICAL CENTER,0.0,,,-82.18875930,28.25582809
TRINITY,PASCO,AMBULATORY SURGICAL CENTER,0.0,,,-82.67645525,28.19017494
TRINITY,PASCO,AMBULATORY SURGICAL CENTER,0.0,,,-82.66006226,28.20378611
NEW PORT RICHEY,PASCO,ASSISTED LIVING FACILITY,14.0,,,-82.69993387,28.25088066
HOLIDAY,PASCO,RESIDENTIAL TREATMENT FACILITY,16.0,,,-82.76159136,28.19388462
NEW PORT RICHEY,PASCO,RESIDENTIAL TREATMENT FACILITY,135.0,,,-82.67741505,28.27433280
HUDSON,PASCO,END-STAGE RENAL DISEASE,0.0,,,-82.68749481,28.36342670
HUDSON,PASCO,END-STAGE RENAL DISEASE,0.0,,,-82.68841255,28.36324457
WESLEY CHAPEL,PASCO,END-STAGE RENAL DISEASE,0.0,,,-82.35917960,28.18967949
NEW PORT RICHEY,PASCO,HOSPICE,48.0,,,-82.70067888,28.25623829
ZEPHYRHILLS,PASCO,HOSPICE,14.0,,,-82.21226146,28.24137232
DADE CITY,PASCO,HOSPICE,32.0,,,-82.19847627,28.32942203
NEW PORT RICHEY,PASCO,END-STAGE RENAL DISEASE,0.0,,,-82.72279773,28.22816342
PORT RICHEY,PASCO,END-STAGE RENAL DISEASE,0.0,,,-82.69185134,28.28117706
ZEPHYRHILLS,PASCO,END-STAGE RENAL DISEASE,0.0,,,-82.18580966,28.25341033
HUDSON,PASCO,AMBULATORY SURGICAL CENTER,0.0,,,-82.69095049,28.36079189
HUDSON,PASCO,AMBULATORY SURGICAL CENTER,0.0,,,-82.69363418,28.36475658
HUDSON,PASCO,AMBULATORY SURGICAL CENTER,0.0,,,-82.68608362,28.36224046
ODESSA,PASCO,AMBULATORY SURGICAL CENTER,0.0,,,-82.58230027,28.19432274
HOLIDAY,PASCO,AMBULATORY SURGICAL CENTER,0.0,,,-82.74143902,28.17491438
WESLEY CHAPEL,PASCO,AMBULATORY SURGICAL CENTER,0.0,,,-82.37388393,28.19115547
NEW PORT RICHEY,PASCO,ADULT FAMILY CARE HOME,5.0,,,-82.71364508,28.24191103
NEW PORT RICHEY,PASCO,ADULT FAMILY CARE HOME,5.0,,,-82.64541173,28.23216699
NEW PORT RICHEY,PASCO,ADULT FAMILY CARE HOME,5.0,,,-82.72242978,28.23288083
NEW PORT RICHEY,PASCO,ADULT FAMILY CARE HOME,5.0,,,-82.71299475,28.23335024
NEW PORT RICHEY,PASCO,ADULT FAMILY CARE HOME,5.0,,,-82.71526541,28.24586839
PORT RICHEY,PASCO,ADULT FAMILY CARE HOME,5.0,,,-82.67906319,28.29417847
PORT RICHEY,PASCO,ADULT FAMILY CARE HOME,5.0,,,-82.70985545,28.28646413
WESLEY CHAPEL,PASCO,ADULT FAMILY CARE HOME,5.0,,,-82.30494259,28.23158946
WESLEY CHAPEL,PASCO,ADULT FAMILY CARE HOME,5.0,,,-82.39102128,28.22986763
LAND O LAKES,PASCO,ADULT FAMILY CARE HOME,5.0,,,-82.48268820,28.19740735
LAND O LAKES,PASCO,ADULT FAMILY CARE HOME,5.0,,,-82.44051135,28.22404945
TRINITY,PASCO,SKILLED NURSING FACILITY,120.0,,,-82.68109505,28.19041602
DADE CITY,PASCO,SKILLED NURSING FACILITY,120.0,,,-82.20070764,28.35842045
DADE CITY,PASCO,SKILLED NURSING FACILITY,120.0,,,-82.20016800,28.35307300
NEW PORT RICHEY,PASCO,SKILLED NURSING FACILITY,120.0,,,-82.70478592,28.25640185
NEW PORT RICHEY,PASCO,SKILLED NURSING FACILITY,120.0,,,-82.70368479,28.23064738
NEW PORT RICHEY,PASCO,SKILLED NURSING FACILITY,120.0,,,-82.67496536,28.21790869
NEW PORT RICHEY,PASCO,SKILLED NURSING FACILITY,120.0,,,-82.70672158,28.24851919
LAND O LAKES,PASCO,ADULT FAMILY CARE HOME,4.0,,,-82.55388263,28.31350912
WESLEY CHAPEL,PASCO,ADULT FAMILY CARE HOME,3.0,,,-82.36167968,28.17527512
ZEPHYRHILLS,PASCO,ADULT FAMILY CARE HOME,4.0,,,-82.23194211,28.26586621
NEW PORT RICHEY,PASCO,PUBLIC HEALTH OFFICE,0.0,,,-82.66663349,28.31537315
NEW PORT RICHEY,PASCO,PUBLIC HEALTH OFFICE,0.0,,,-82.72074272,28.24996601
LAND O LAKES,PASCO,PUBLIC HEALTH OFFICE,0.0,,,-82.45921606,28.21861311
DADE CITY,PASCO,PUBLIC HEALTH OFFICE,0.0,,,-82.19374683,28.36929642
DADE CITY,PASCO,PUBLIC HEALTH OFFICE,0.0,,,-82.19846118,28.36102741
ZEPHYRHILLS,PASCO,PUBLIC HEALTH OFFICE,0.0,,,-82.16807531,28.22607832
HUDSON,PASCO,PUBLIC HEALTH OFFICE,0.0,,,-82.62430475,28.39057203
HUDSON,PASCO,ADULT FAMILY CARE HOME,4.0,,,-82.61511540,28.36187409
NEW PORT RICHEY,PASCO,SKILLED NURSING FACILITY,113.0,,,-82.69200211,28.22532420
NEW PORT RICHEY,PASCO,SKILLED NURSING FACILITY,119.0,,,-82.71497484,28.25304353
HUDSON,PASCO,SKILLED NURSING FACILITY,120.0,,,-82.68109854,28.35820010
HUDSON,PASCO,SKILLED NURSING FACILITY,120.0,,,-82.68124798,28.33203747
HUDSON,PASCO,SKILLED NURSING FACILITY,180.0,,,-82.69560191,28.33734936
ZEPHYRHILLS,PASCO,SKILLED NURSING FACILITY,120.0,,,-82.18337597,28.22849597
ZEPHYRHILLS,PASCO,SKILLED NURSING FACILITY,120.0,,,-82.18437383,28.24751465
ZEPHYRHILLS,PASCO,SKILLED NURSING FACILITY,103.0,,,-82.18258245,28.26447882
LAND O LAKES,PASCO,SKILLED NURSING FACILITY,120.0,,,-82.44864921,28.25061843
HUDSON,PASCO,SKILLED NURSING FACILITY,103.0,,,-82.69190525,28.35761815
PINELLAS PARK,PINELLAS,SKILLED NURSING FACILITY,120.0,,,-82.70002000,27.85121100
PINELLAS PARK,PINELLAS,SKILLED NURSING FACILITY,120.0,,,-82.73231200,27.85015800
PINELLAS PARK,PINELLAS,SKILLED NURSING FACILITY,120.0,,,-82.69212600,27.85081300
LARGO,PINELLAS,SKILLED NURSING FACILITY,120.0,,,-82.73993200,27.89402400
LARGO,PINELLAS,SKILLED NURSING FACILITY,120.0,,,-82.78564100,27.90205800
GULFPORT,PINELLAS,SKILLED NURSING FACILITY,120.0,,,-82.71407100,27.75606000
SAINT PETERSBURG,PINELLAS,SKILLED NURSING FACILITY,74.0,,,-82.63875700,27.77119200
SAFETY HARBOR,PINELLAS,SKILLED NURSING FACILITY,120.0,,,-82.70281200,27.99364300
LARGO,PINELLAS,SKILLED NURSING FACILITY,244.0,,,-82.76835000,27.92149100
CLEARWATER,PINELLAS,SKILLED NURSING FACILITY,60.0,,,-82.80254000,27.96101000
CLEARWATER,PINELLAS,SKILLED NURSING FACILITY,60.0,,,-82.72377200,27.99459000
SEMINOLE,PINELLAS,SKILLED NURSING FACILITY,120.0,,,-82.76900100,27.83945800
SEMINOLE,PINELLAS,SKILLED NURSING FACILITY,120.0,,,-82.78903300,27.84419300
SAINT PETERSBURG,PINELLAS,SKILLED NURSING FACILITY,60.0,,,-82.67516200,27.71711100
SAINT PETERSBURG,PINELLAS,SKILLED NURSING FACILITY,60.0,,,-82.74245100,27.80641800
SAINT PETERSBURG,PINELLAS,SKILLED NURSING FACILITY,60.0,,,-82.67585200,27.82382900
SAINT PETERSBURG,PINELLAS,SKILLED NURSING FACILITY,120.0,,,-82.64874500,27.70490800
SAINT PETERSBURG,PINELLAS,SKILLED NURSING FACILITY,120.0,,,-82.64379500,27.86766400
SAINT PETERSBURG,PINELLAS,SKILLED NURSING FACILITY,120.0,,,-82.72019100,27.76553000
SAINT PETERSBURG,PINELLAS,SKILLED NURSING FACILITY,120.0,,,-82.67523300,27.72971100
SAINT PETERSBURG,PINELLAS,SKILLED NURSING FACILITY,105.0,,,-82.63895300,27.86622100
SAINT PETERSBURG,PINELLAS,SKILLED NURSING FACILITY,45.0,,,-82.65485100,27.78505100
CLEARWATER,PINELLAS,SKILLED NURSING FACILITY,120.0,,,-82.72240220,27.97011110
CLEARWATER,PINELLAS,SKILLED NURSING FACILITY,120.0,,,-82.75667100,27.99003800
CLEARWATER,PINELLAS,SKILLED NURSING FACILITY,120.0,,,-82.70935100,28.04758200
CLEARWATER,PINELLAS,SKILLED NURSING FACILITY,120.0,,,-82.70895800,28.04243600
CLEARWATER,PINELLAS,SKILLED NURSING FACILITY,120.0,,,-82.77459939,27.95385054
CLEARWATER,PINELLAS,SKILLED NURSING FACILITY,120.0,,,-82.78415100,27.95935800
CLEARWATER,PINELLAS,SKILLED NURSING FACILITY,120.0,,,-82.74070100,27.91650800
CLEARWATER,PINELLAS,SKILLED NURSING FACILITY,120.0,,,-82.72306200,27.95889500
CLEARWATER,PINELLAS,SKILLED NURSING FACILITY,120.0,,,-82.79774300,27.93519800
CLEARWATER,PINELLAS,SKILLED NURSING FACILITY,76.0,,,-82.79169500,27.95840900
SAINT PETERSBURG,PINELLAS,SKILLED NURSING FACILITY,159.0,,,-82.63902200,27.73046800
SAINT PETERSBURG,PINELLAS,SKILLED NURSING FACILITY,159.0,,,-82.72302100,27.81361300
SAINT PETERSBURG,PINELLAS,SKILLED NURSING FACILITY,99.0,,,-82.66520300,27.78237000
LARGO,PINELLAS,SKILLED NURSING FACILITY,140.0,,,-82.76247700,27.89441400
SAINT PETERSBURG,PINELLAS,SKILLED NURSING FACILITY,180.0,,,-82.71420100,27.77403000
LARGO,PINELLAS,SKILLED NURSING FACILITY,180.0,,,-82.82368700,27.89655900
SAINT PETERSBURG,PINELLAS,SKILLED NURSING FACILITY,92.0,,,-82.64869100,27.78055100
SAINT PETERSBURG,PINELLAS,SKILLED NURSING FACILITY,59.0,,,-82.72854300,27.78234000
SAINT PETERSBURG,PINELLAS,SKILLED NURSING FACILITY,59.0,,,-82.66009100,27.75382400
DUNEDIN,PINELLAS,SKILLED NURSING FACILITY,100.0,,,-82.77973200,28.01432100
SOUTH PASADENA,PINELLAS,SKILLED NURSING FACILITY,58.0,,,-82.73779600,27.75121400
SEMINOLE,PINELLAS,SKILLED NURSING FACILITY,116.0,,,-82.78983100,27.84203800
PALM HARBOR,PINELLAS,SKILLED NURSING FACILITY,180.0,,,-82.73150300,28.06739800
DUNEDIN,PINELLAS,SKILLED NURSING FACILITY,120.0,,,-82.77562300,28.01407000
TARPON SPRINGS,PINELLAS,SKILLED NURSING FACILITY,120.0,,,-82.74296400,28.16687300
TARPON SPRINGS,PINELLAS,SKILLED NURSING FACILITY,120.0,,,-82.76753200,28.15177000
CLEARWATER,PINELLAS,SKILLED NURSING FACILITY,150.0,,,-82.75198100,27.97525400
PALM HARBOR,PINELLAS,SKILLED NURSING FACILITY,60.0,,,-82.71232100,28.06448100
SEMINOLE,PINELLAS,SKILLED NURSING FACILITY,60.0,,,-82.79601100,27.87282300
BELLEAIR,PINELLAS,SKILLED NURSING FACILITY,120.0,,,-82.80135100,27.94993800
SOUTH PASADENA,PINELLAS,SKILLED NURSING FACILITY,109.0,,,-82.73672000,27.75773000
OLDSMAR,PINELLAS,SKILLED NURSING FACILITY,120.0,,,-82.67082200,28.04133700
PALM HARBOR,PINELLAS,SKILLED NURSING FACILITY,120.0,,,-82.73767500,28.08787300
PALM HARBOR,PINELLAS,SKILLED NURSING FACILITY,120.0,,,-82.71296100,28.05655800
SAINT PETERSBURG,PINELLAS,SKILLED NURSING FACILITY,42.0,,,-82.62792700,27.78077700
DUNEDIN,PINELLAS,SKILLED NURSING FACILITY,104.0,,,-82.76992100,28.02312300
DUNEDIN,PINELLAS,SKILLED NURSING FACILITY,93.0,,,-82.77031200,28.01200300
SAINT PETERSBURG,PINELLAS,SKILLED NURSING FACILITY,52.0,,,-82.69590000,27.71860000
SAINT PETERSBURG,PINELLAS,SKILLED NURSING FACILITY,85.0,,,-82.63441000,27.80170100
SAINT PETERSBURG,PINELLAS,SKILLED NURSING FACILITY,57.0,,,-82.68095100,27.74953300
SAINT PETERSBURG,PINELLAS,SKILLED NURSING FACILITY,299.0,,,-82.72871300,27.81077100
CLEARWATER,PINELLAS,ADULT FAMILY CARE HOME,3.0,,,-82.77268200,27.97754300
CLEARWATER,PINELLAS,ADULT FAMILY CARE HOME,3.0,,,-82.79099200,27.97853900
CLEARWATER,PINELLAS,ADULT FAMILY CARE HOME,3.0,,,-82.73417200,27.91314900
SAINT PETERSBURG,PINELLAS,ADULT FAMILY CARE HOME,5.0,,,-82.64279100,27.85497000
SAINT PETERSBURG,PINELLAS,ADULT FAMILY CARE HOME,5.0,,,-82.67324200,27.80652800
SAINT PETERSBURG,PINELLAS,ADULT FAMILY CARE HOME,5.0,,,-82.64566800,27.74264600
SAINT PETERSBURG,PINELLAS,ADULT FAMILY CARE HOME,5.0,,,-82.66549200,27.77470800
SAINT PETERSBURG,PINELLAS,ADULT FAMILY CARE HOME,5.0,,,-82.64721700,27.71057700
SAFETY HARBOR,PINELLAS,ADULT FAMILY CARE HOME,3.0,,,-82.70218300,27.99648100
CLEARWATER,PINELLAS,ADULT FAMILY CARE HOME,4.0,,,-82.77994200,27.98029300
CLEARWATER,PINELLAS,ADULT FAMILY CARE HOME,4.0,,,-82.77404100,27.97755300
TARPON SPRINGS,PINELLAS,ADULT FAMILY CARE HOME,5.0,,,-82.72619900,28.15069300
DUNEDIN,PINELLAS,ADULT FAMILY CARE HOME,5.0,,,-82.77040200,28.03914300
CLEARWATER,PINELLAS,ADULT FAMILY CARE HOME,5.0,,,-82.78957300,27.98298100
CLEARWATER,PINELLAS,ADULT FAMILY CARE HOME,5.0,,,-82.78320100,27.98111300
SAINT PETERSBURG,PINELLAS,ADULT FAMILY CARE HOME,3.0,,,-82.65913100,27.74605000
SAINT PETERSBURG,PINELLAS,ADULT FAMILY CARE HOME,3.0,,,-82.66117300,27.81064100
CLEARWATER,PINELLAS,ADULT FAMILY CARE HOME,40.0,,,-82.74458908,28.02000298
SAINT PETERSBURG,PINELLAS,ADULT FAMILY CARE HOME,4.0,,,-82.63719300,27.74287200
SAINT PETERSBURG,PINELLAS,SKILLED NURSING FACILITY,39.0,,,-82.63800732,27.78512869
PALM HARBOR,PINELLAS,SKILLED NURSING FACILITY,80.0,,,-82.73566900,28.07884600
LARGO,PINELLAS,SKILLED NURSING FACILITY,158.0,,,-82.77085800,27.86527400
SAINT PETERSBURG,PINELLAS,SKILLED NURSING FACILITY,56.0,,,-82.68303900,27.78183400
SAINT PETERSBURG,PINELLAS,SKILLED NURSING FACILITY,152.0,,,-82.64687000,27.83645100
SAINT PETERSBURG,PINELLAS,SKILLED NURSING FACILITY,96.0,,,-82.74926900,27.73822700
SAINT PETERSBURG,PINELLAS,SKILLED NURSING FACILITY,109.0,,,-82.60305800,27.81322900
DUNEDIN,PINELLAS,ADULT FAMILY CARE HOME,3.0,,,-82.77886100,28.01050300
PINELLAS PARK,PINELLAS,ADULT FAMILY CARE HOME,5.0,,,-82.70402100,27.85332300
GULFPORT,PINELLAS,ADULT FAMILY CARE HOME,2.0,,,-82.69399000,27.74209000
CLEARWATER,PINELLAS,AMBULATORY SURGICAL CENTER,0.0,,,-82.79807000,27.94650600
CLEARWATER,PINELLAS,AMBULATORY SURGICAL CENTER,0.0,,,-82.79844900,27.93520600
CLEARWATER,PINELLAS,AMBULATORY SURGICAL CENTER,0.0,,,-82.80234700,27.95371000
CLEARWATER,PINELLAS,AMBULATORY SURGICAL CENTER,0.0,,,-82.80130800,27.94985600
CLEARWATER,PINELLAS,AMBULATORY SURGICAL CENTER,0.0,,,-82.74499200,27.96801100
CLEARWATER,PINELLAS,AMBULATORY SURGICAL CENTER,0.0,,,-82.70895000,28.04167700
SAINT PETERSBURG,PINELLAS,AMBULATORY SURGICAL CENTER,12.0,,,-82.69979500,27.82396600
SAINT PETERSBURG,PINELLAS,AMBULATORY SURGICAL CENTER,0.0,,,-82.65478600,27.77936500
SAINT PETERSBURG,PINELLAS,AMBULATORY SURGICAL CENTER,0.0,,,-82.66800200,27.89224100
SAINT PETERSBURG,PINELLAS,AMBULATORY SURGICAL CENTER,0.0,,,-82.72310600,27.82106800
SAINT PETERSBURG,PINELLAS,AMBULATORY SURGICAL CENTER,0.0,,,-82.63874900,27.81442100
SAINT PETERSBURG,PINELLAS,AMBULATORY SURGICAL CENTER,0.0,,,-82.65532600,27.80664800
SAINT PETERSBURG,PINELLAS,AMBULATORY SURGICAL CENTER,0.0,,,-82.64324100,27.76418600
CLEARWATER,PINELLAS,BIRTH CENTER,0.0,,,-82.70953500,28.00109400
SAINT PETERSBURG,PINELLAS,AMBULATORY SURGICAL CENTER,8.0,,,-82.73449800,27.77000000
DUNEDIN,PINELLAS,AMBULATORY SURGICAL CENTER,25.0,,,-82.74191900,28.04869300
LARGO,PINELLAS,AMBULATORY SURGICAL CENTER,10.0,,,-82.74000300,27.87206300
SAINT PETERSBURG,PINELLAS,AMBULATORY SURGICAL CENTER,15.0,,,-82.64877100,27.77811800
ST PETERSBURG,PINELLAS,AMBULATORY SURGICAL CENTER,10.0,,,-82.64705478,27.79448217
SAINT PETERSBURG,PINELLAS,END-STAGE RENAL DISEASE,0.0,,,-82.64668000,27.78303100
SAINT PETERSBURG,PINELLAS,END-STAGE RENAL DISEASE,0.0,,,-82.64529100,27.76425800
SAINT PETERSBURG,PINELLAS,END-STAGE RENAL DISEASE,0.0,,,-82.72850100,27.80400100
SAINT PETERSBURG,PINELLAS,END-STAGE RENAL DISEASE,0.0,,,-82.72266900,27.68050400
SAINT PETERSBURG,PINELLAS,END-STAGE RENAL DISEASE,0.0,,,-82.67915400,27.74236800
SAINT PETERSBURG,PINELLAS,END-STAGE RENAL DISEASE,0.0,,,-82.65882900,27.76355800
SAINT PETERSBURG,PINELLAS,END-STAGE RENAL DISEASE,0.0,,,-82.65066840,27.77283462
TARPON SPRINGS,PINELLAS,END-STAGE RENAL DISEASE,,,,,
SAINT PETERSBURG,PINELLAS,END-STAGE RENAL DISEASE,,,,,
PINELLAS PARK,PINELLAS,CRISIS STABILIZATION UNIT,15.0,,,-82.71253300,27.87373000
LARGO,PINELLAS,BIRTH CENTER,0.0,,,-82.76795400,27.91674800
DUNEDIN,PINELLAS,BIRTH CENTER,0.0,,,-82.78985300,28.01556000
PINELLAS PARK,PINELLAS,CRISIS STABILIZATION UNIT,14.0,,,-82.71253300,27.87373000
PINELLAS PARK,PINELLAS,CRISIS STABILIZATION UNIT,6.0,,,-82.71253300,27.87373000
SAINT PETERSBURG,PINELLAS,CRISIS STABILIZATION UNIT,40.0,,,-82.65482100,27.77671200
CLEARWATER,PINELLAS,END-STAGE RENAL DISEASE,0.0,,,-82.79763200,27.94813300
CLEARWATER,PINELLAS,END-STAGE RENAL DISEASE,0.0,,,-82.79054200,27.94988800
CLEARWATER,PINELLAS,END-STAGE RENAL DISEASE,0.0,,,-82.73555300,28.01298100
CLEARWATER,PINELLAS,END-STAGE RENAL DISEASE,0.0,,,-82.73837300,28.03861100
ST PETERSBURG,PINELLAS,END-STAGE RENAL DISEASE,,,,-82.64528088,27.76785010
DUNEDIN,PINELLAS,END-STAGE RENAL DISEASE,,,,-82.76207615,28.01893367
CLEARWATER,PINELLAS,END-STAGE RENAL DISEASE,,,,,
CLEARWATER,PINELLAS,INTERMEDIATE CARE FACILITY,14.0,,,-82.75522132,27.96136289
ST PETERSBURG,PINELLAS,INTERMEDIATE CARE FACILITY,74.0,,,-82.64300224,27.74826544
LARGO,PINELLAS,INTERMEDIATE CARE FACILITY,,,,-82.76132132,27.88611285
PINELLAS PARK,PINELLAS,RESIDENTIAL TREATMENT FACILITY,12.0,,,-82.71253300,27.87373000
PINELLAS PARK,PINELLAS,RESIDENTIAL TREATMENT FACILITY,12.0,,,-82.72388200,27.83852100
ST PETERSBURG,PINELLAS,INTERMEDIATE CARE FACILITY,,,,-82.67901212,27.76377756
ST PETERSBURG,PINELLAS,INTERMEDIATE CARE FACILITY,,,,-82.67504064,27.77600973
PALM HARBOR,PINELLAS,HOSPICE,30.0,,,-82.73515295,28.06779022
PINELLAS PARK,PINELLAS,HOSPICE,50.0,,,-82.73174876,27.86423784
SEMINOLE,PINELLAS,END-STAGE RENAL DISEASE,0.0,,,-82.78816100,27.83974100
PINELLAS PARK,PINELLAS,END-STAGE RENAL DISEASE,0.0,,,-82.68726500,27.84392500
LARGO,PINELLAS,END-STAGE RENAL DISEASE,0.0,,,-82.79999200,27.89456400
LARGO,PINELLAS,END-STAGE RENAL DISEASE,0.0,,,-82.76228000,27.88521100
DUNEDIN,PINELLAS,END-STAGE RENAL DISEASE,0.0,,,-82.75608000,28.02068200
DUNEDIN,PINELLAS,END-STAGE RENAL DISEASE,0.0,,,-82.76967000,28.02544100
SAINT PETERSBURG,PINELLAS,RESIDENTIAL TREATMENT FACILITY,25.0,,,-82.67536300,27.76545100
CLEARWATER,PINELLAS,RESIDENTIAL TREATMENT FACILITY,8.0,,,-82.79900700,27.94081800
CLEARWATER,PINELLAS,RESIDENTIAL TREATMENT FACILITY,29.0,,,-82.74929200,27.97895800
CLEARWATER,PINELLAS,RESIDENTIAL TREATMENT FACILITY,50.0,,,-82.78845674,27.93302582
SAINT PETERSBURG,PINELLAS,RESIDENTIAL TREATMENT FACILITY,15.0,,,-82.68361100,27.80949000
SEMINOLE,PINELLAS,RESIDENTIAL TREATMENT FACILITY,20.0,,,-82.76698300,27.86517300
SAINT PETERSBURG,PINELLAS,RESIDENTIAL TREATMENT FACILITY,16.0,,,-82.64539600,27.76315800
SAINT PETERSBURG,PINELLAS,RESIDENTIAL TREATMENT FACILITY,16.0,,,-82.72872400,27.80089300
SAINT PETERSBURG,PINELLAS,RESIDENTIAL TREATMENT FACILITY,8.0,,,-82.63699100,27.83754300
SAINT PETERSBURG,PINELLAS,RESIDENTIAL TREATMENT FACILITY,0.0,,,-82.64170100,27.73978300
SAINT PETERSBURG,PINELLAS,RESIDENTIAL TREATMENT FACILITY,12.0,,,-82.74718300,27.81287100
PINELLAS PARK,PINELLAS,ASSISTED LIVING FACILITY,42.0,,,-82.74384200,27.84274300
PALM HARBOR,PINELLAS,ASSISTED LIVING FACILITY,45.0,,,-82.75621200,28.04877800
CLEARWATER,PINELLAS,ASSISTED LIVING FACILITY,6.0,,,-82.73684000,27.95711000
CLEARWATER,PINELLAS,ASSISTED LIVING FACILITY,6.0,,,-82.72469200,28.04636000
CLEARWATER,PINELLAS,ASSISTED LIVING FACILITY,6.0,,,-82.78022900,27.94308700
CLEARWATER,PINELLAS,ASSISTED LIVING FACILITY,6.0,,,-82.71759100,27.98506300
CLEARWATER,PINELLAS,ASSISTED LIVING FACILITY,6.0,,,-82.73260300,28.02465800
CLEARWATER,PINELLAS,ASSISTED LIVING FACILITY,6.0,,,-82.77798100,27.97543800
CLEARWATER,PINELLAS,ASSISTED LIVING FACILITY,6.0,,,-82.77082100,27.98550100
CLEARWATER,PINELLAS,ASSISTED LIVING FACILITY,6.0,,,-82.76723200,27.94821300
CLEARWATER,PINELLAS,ASSISTED LIVING FACILITY,6.0,,,-82.75769300,27.99101100
CLEARWATER,PINELLAS,ASSISTED LIVING FACILITY,6.0,,,-82.72269200,27.92364300
CLEARWATER,PINELLAS,ASSISTED LIVING FACILITY,6.0,,,-82.74290300,28.00570900
CLEARWATER,PINELLAS,ASSISTED LIVING FACILITY,6.0,,,-82.79974700,27.96558200
CLEARWATER,PINELLAS,ASSISTED LIVING FACILITY,6.0,,,-82.75274000,27.95850100
CLEARWATER,PINELLAS,ASSISTED LIVING FACILITY,6.0,,,-82.79222200,27.98092800
SAINT PETERSBURG,PINELLAS,BLOOD BANK,0.0,,,-82.64846476,27.86369766
CLEARWATER,PINELLAS,BLOOD BANK,0.0,,,-82.80325149,27.95322893
TARPON SPRINGS,PINELLAS,ASSISTED LIVING FACILITY,10.0,,,-82.77184200,28.14500800
TARPON SPRINGS,PINELLAS,ASSISTED LIVING FACILITY,10.0,,,-82.78350100,28.14490300
TARPON SPRINGS,PINELLAS,ASSISTED LIVING FACILITY,10.0,,,-82.73499100,28.14200300
LARGO,PINELLAS,AMBULATORY SURGICAL CENTER,6.0,,,-82.72928600,27.88475200
LARGO,PINELLAS,AMBULATORY SURGICAL CENTER,16.0,,,-82.80157700,27.91585500
LARGO,PINELLAS,AMBULATORY SURGICAL CENTER,4.0,,,-82.80267300,27.91668800
PINELLAS PARK,PINELLAS,AMBULATORY SURGICAL CENTER,0.0,,,-82.72861300,27.83097100
PINELLAS PARK,PINELLAS,AMBULATORY SURGICAL CENTER,2.0,,,-82.72990900,27.84273900
TARPON SPRINGS,PINELLAS,AMBULATORY SURGICAL CENTER,0.0,,,-82.74029000,28.16519200
CLEARWATER,PINELLAS,AMBULATORY SURGICAL CENTER,35.0,,,-82.70924700,28.04108000
LARGO,PINELLAS,AMBULATORY SURGICAL CENTER,0.0,,,-82.79878600,27.91681600
LARGO,PINELLAS,AMBULATORY SURGICAL CENTER,0.0,,,-82.76021500,27.87244100
ST PETERSBURG,PINELLAS,ASSISTED LIVING FACILITY,16.0,,,-82.74358752,27.80004947
PALM HARBOR,PINELLAS,ASSISTED LIVING FACILITY,10.0,,,-82.75276100,28.07910400
PALM HARBOR,PINELLAS,ASSISTED LIVING FACILITY,10.0,,,-82.75564164,28.06841314
SAINT PETERSBURG,PINELLAS,ASSISTED LIVING FACILITY,62.0,,,-82.73795900,27.80822900
PALM HARBOR,PINELLAS,ASSISTED LIVING FACILITY,6.0,,,-82.72766300,28.06394200
PALM HARBOR,PINELLAS,ASSISTED LIVING FACILITY,6.0,,,-82.75929200,28.05647300
PALM HARBOR,PINELLAS,ASSISTED LIVING FACILITY,6.0,,,-82.69651200,28.10585800
PALM HARBOR,PINELLAS,ASSISTED LIVING FACILITY,6.0,,,-82.72238100,28.05296200
SEMINOLE,PINELLAS,ASSISTED LIVING FACILITY,158.0,,,-82.76467459,27.87345017
CLEARWATER,PINELLAS,ASSISTED LIVING FACILITY,20.0,,,-82.74251100,27.93851800
CLEARWATER,PINELLAS,ASSISTED LIVING FACILITY,20.0,,,-82.70868400,27.99880700
CLEARWATER,PINELLAS,ASSISTED LIVING FACILITY,90.0,,,-82.75481200,28.00593600
LARGO,PINELLAS,ASSISTED LIVING FACILITY,10.0,,,-82.82044300,27.90674000
LARGO,PINELLAS,ASSISTED LIVING FACILITY,10.0,,,-82.77694300,27.92692300
CLEARWATER,PINELLAS,ASSISTED LIVING FACILITY,175.0,,,-82.80254000,27.96101000
CLEARWATER,PINELLAS,ASSISTED LIVING FACILITY,200.0,,,-82.72421200,27.96800800
SAINT PETERSBURG,PINELLAS,ASSISTED LIVING FACILITY,10.0,,,-82.72533300,27.81756100
SAINT PETERSBURG,PINELLAS,ASSISTED LIVING FACILITY,10.0,,,-82.69103200,27.82016800
SAINT PETERSBURG,PINELLAS,ASSISTED LIVING FACILITY,10.0,,,-82.72475200,27.80820800
SAINT PETERSBURG,PINELLAS,ASSISTED LIVING FACILITY,10.0,,,-82.64032100,27.78033700
LARGO,PINELLAS,ASSISTED LIVING FACILITY,6.0,,,-82.79854100,27.90052300
LARGO,PINELLAS,ASSISTED LIVING FACILITY,6.0,,,-82.76447218,27.87107211
LARGO,PINELLAS,ASSISTED LIVING FACILITY,6.0,,,-82.76336100,27.87588800
LARGO,PINELLAS,ASSISTED LIVING FACILITY,6.0,,,-82.82227100,27.86933700
LARGO,PINELLAS,ASSISTED LIVING FACILITY,6.0,,,-82.73489100,27.88324200
SAINT PETERSBURG,PINELLAS,ASSISTED LIVING FACILITY,5.0,,,-82.63975900,27.77968800
SAINT PETERSBURG,PINELLAS,ASSISTED LIVING FACILITY,5.0,,,-82.71704100,27.78815800
LARGO,PINELLAS,ASSISTED LIVING FACILITY,110.0,,,-82.78386100,27.90198300
LARGO,PINELLAS,ASSISTED LIVING FACILITY,110.0,,,-82.82530100,27.89537100
SAFETY HARBOR,PINELLAS,ASSISTED LIVING FACILITY,8.0,,,-82.69224300,27.99612000
CLEARWATER,PINELLAS,ASSISTED LIVING FACILITY,25.0,,,-82.80057100,27.95797400
CLEARWATER,PINELLAS,ASSISTED LIVING FACILITY,16.0,,,-82.72349100,27.92363300
SAINT PETERSBURG,PINELLAS,ASSISTED LIVING FACILITY,16.0,,,-82.69811100,27.76161300
SAINT PETERSBURG,PINELLAS,ASSISTED LIVING FACILITY,16.0,,,-82.72544200,27.76999800
SAINT PETERSBURG,PINELLAS,ASSISTED LIVING FACILITY,16.0,,,-82.63701200,27.78395700
PALM HARBOR,PINELLAS,ASSISTED LIVING FACILITY,40.0,,,-82.71232100,28.06448100
SAINT PETERSBURG,PINELLAS,ASSISTED LIVING FACILITY,6.0,,,-82.73292000,27.76433500
SAINT PETERSBURG,PINELLAS,ASSISTED LIVING FACILITY,6.0,,,-82.66113900,27.74639600
SAINT PETERSBURG,PINELLAS,ASSISTED LIVING FACILITY,6.0,,,-82.78530700,27.81531500
SAINT PETERSBURG,PINELLAS,ASSISTED LIVING FACILITY,6.0,,,-82.72398000,27.80384100
SAINT PETERSBURG,PINELLAS,ASSISTED LIVING FACILITY,6.0,,,-82.75147200,27.79457800
SAINT PETERSBURG,PINELLAS,ASSISTED LIVING FACILITY,6.0,,,-82.74070300,27.79158100
SAINT PETERSBURG,PINELLAS,ASSISTED LIVING FACILITY,6.0,,,-82.71672200,27.77180900
SAINT PETERSBURG,PINELLAS,ASSISTED LIVING FACILITY,6.0,,,-82.74727800,27.82752600
SAINT PETERSBURG,PINELLAS,ASSISTED LIVING FACILITY,6.0,,,-82.70483200,27.79257300
SAINT PETERSBURG,PINELLAS,ASSISTED LIVING FACILITY,6.0,,,-82.65598200,27.81949800
SAINT PETERSBURG,PINELLAS,ASSISTED LIVING FACILITY,6.0,,,-82.65219200,27.84800200
DUNEDIN,PINELLAS,ASSISTED LIVING FACILITY,122.0,,,-82.78115400,28.01591300
SAINT PETERSBURG,PINELLAS,ASSISTED LIVING FACILITY,100.0,,,-82.68074200,27.82112800
SAINT PETERSBURG,PINELLAS,ASSISTED LIVING FACILITY,100.0,,,-82.73373000,27.78827000
SAINT PETERSBURG,PINELLAS,ASSISTED LIVING FACILITY,100.0,,,-82.77480100,27.81401800
DUNEDIN,PINELLAS,ASSISTED LIVING FACILITY,50.0,,,-82.78423100,28.01879800
DUNEDIN,PINELLAS,ASSISTED LIVING FACILITY,50.0,,,-82.76701800,28.04944400
DUNEDIN,PINELLAS,ASSISTED LIVING FACILITY,8.0,,,-82.77175300,28.03459000
CLEARWATER,PINELLAS,ASSISTED LIVING FACILITY,8.0,,,-82.72349100,27.92363300
CLEARWATER,PINELLAS,ASSISTED LIVING FACILITY,8.0,,,-82.75081200,27.96273300
CLEARWATER,PINELLAS,ASSISTED LIVING FACILITY,8.0,,,-82.76492300,27.95328400
CLEARWATER,PINELLAS,ASSISTED LIVING FACILITY,8.0,,,-82.76747000,27.97244100
CLEARWATER,PINELLAS,ASSISTED LIVING FACILITY,8.0,,,-82.74612200,27.95634000
CLEARWATER,PINELLAS,ASSISTED LIVING FACILITY,8.0,,,-82.74149200,27.99320800
CLEARWATER,PINELLAS,ASSISTED LIVING FACILITY,8.0,,,-82.76483200,27.94234300
SAINT PETERSBURG,PINELLAS,ASSISTED LIVING FACILITY,105.0,,,-82.64178700,27.86623200
SAFETY HARBOR,PINELLAS,ASSISTED LIVING FACILITY,50.0,,,-82.68818700,27.99086700
ST PETERSBURG,PINELLAS,ASSISTED LIVING FACILITY,192.0,,,-82.67792451,27.73468404
SEMINOLE,PINELLAS,ASSISTED LIVING FACILITY,39.0,,,-82.81584300,27.84321100
DUNEDIN,PINELLAS,ASSISTED LIVING FACILITY,6.0,,,-82.78274323,28.00384463
CLEARWATER,PINELLAS,ASSISTED LIVING FACILITY,24.0,,,-82.74597200,27.93082200
CLEARWATER,PINELLAS,ASSISTED LIVING FACILITY,11.0,,,-82.76295100,27.98793100
LARGO,PINELLAS,ASSISTED LIVING FACILITY,36.0,,,-82.78702100,27.89950100
SEMINOLE,PINELLAS,ASSISTED LIVING FACILITY,20.0,,,-82.76343100,27.85032300
SAINT PETERSBURG,PINELLAS,ASSISTED LIVING FACILITY,13.0,,,-82.64597200,27.75342300
PALM HARBOR,PINELLAS,ASSISTED LIVING FACILITY,101.0,,,-82.70636100,28.06277200
LARGO,PINELLAS,ASSISTED LIVING FACILITY,128.0,,,-82.76629100,27.91670800
LARGO,PINELLAS,ASSISTED LIVING FACILITY,150.0,,,-82.77065000,27.92148100
ST PETERSBURG,PINELLAS,ASSISTED LIVING FACILITY,,,,,
SEMINOLE,PINELLAS,ASSISTED LIVING FACILITY,150.0,,,-82.78983100,27.84203800
CLEARWATER,PINELLAS,ASSISTED LIVING FACILITY,12.0,,,-82.75311000,27.93741100
CLEARWATER,PINELLAS,ASSISTED LIVING FACILITY,12.0,,,-82.77539200,27.98287000
CLEARWATER,PINELLAS,ASSISTED LIVING FACILITY,12.0,,,-82.73660200,27.94210800
CLEARWATER,PINELLAS,ASSISTED LIVING FACILITY,130.0,,,-82.74857100,27.99360300
ST PETERSBURG,PINELLAS,ASSISTED LIVING FACILITY,10.0,,,-82.68223735,27.77758586
ST PETERSBURG,PINELLAS,ASSISTED LIVING FACILITY,10.0,,,-82.68689458,27.81101242
SAINT PETERSBURG,PINELLAS,ASSISTED LIVING FACILITY,103.0,,,-82.63289100,27.71721800
SAFETY HARBOR,PINELLAS,ASSISTED LIVING FACILITY,22.0,,,-82.70888900,28.02325300
SAINT PETERSBURG,PINELLAS,ASSISTED LIVING FACILITY,76.0,,,-82.67523300,27.72868000
TARPON SPRINGS,PINELLAS,ASSISTED LIVING FACILITY,,,,,
SAINT PETERSBURG,PINELLAS,ASSISTED LIVING FACILITY,19.0,,,-82.64250300,27.74912100
SAINT PETERSBURG,PINELLAS,ASSISTED LIVING FACILITY,19.0,,,-82.66184200,27.80838800
PINELLAS PARK,PINELLAS,ASSISTED LIVING FACILITY,50.0,,,-82.73663000,27.83781100
PALM HARBOR,PINELLAS,ASSISTED LIVING FACILITY,30.0,,,-82.73641200,28.05626300
PALM HARBOR,PINELLAS,ASSISTED LIVING FACILITY,25.0,,,-82.75150273,28.04943350
CLEARWATER,PINELLAS,ASSISTED LIVING FACILITY,98.0,,,-82.79705100,27.93899800
PALM HARBOR,PINELLAS,ASSISTED LIVING FACILITY,56.0,,,-82.73044200,28.06741800
DUNEDIN,PINELLAS,ASSISTED LIVING FACILITY,24.0,,,-82.77035200,28.01200300
SAINT PETERSBURG,PINELLAS,ASSISTED LIVING FACILITY,14.0,,,-82.64303100,27.76848300
SAINT PETERSBURG,PINELLAS,ASSISTED LIVING FACILITY,14.0,,,-82.64658100,27.75362100
LARGO,PINELLAS,ASSISTED LIVING FACILITY,50.0,,,-82.81935725,27.87384240
LARGO,PINELLAS,ASSISTED LIVING FACILITY,50.0,,,-82.78706100,27.90634100
DUNEDIN,PINELLAS,ASSISTED LIVING FACILITY,43.0,,,-82.74693100,28.03698100
TARPON SPRINGS,PINELLAS,ASSISTED LIVING FACILITY,14.0,,,-82.76826200,28.15096900
TARPON SPRINGS,PINELLAS,ASSISTED LIVING FACILITY,14.0,,,-82.76229100,28.13689200
CLEARWATER,PINELLAS,ASSISTED LIVING FACILITY,7.0,,,-82.74953600,27.97001700
CLEARWATER,PINELLAS,ASSISTED LIVING FACILITY,7.0,,,-82.76747000,27.97354100
DUNEDIN,PINELLAS,ASSISTED LIVING FACILITY,19.0,,,-82.79143300,28.01134500
SAINT PETERSBURG,PINELLAS,ASSISTED LIVING FACILITY,24.0,,,-82.71426900,27.77376400
LARGO,PINELLAS,ASSISTED LIVING FACILITY,225.0,,,-82.77067100,27.92037000
PALM HARBOR,PINELLAS,ASSISTED LIVING FACILITY,128.0,,,-82.73067100,28.06723300
DUNEDIN,PINELLAS,ASSISTED LIVING FACILITY,15.0,,,-82.78434300,28.01300600
CLEARWATER,PINELLAS,ASSISTED LIVING FACILITY,87.0,,,-82.70921200,28.04095000
LARGO,PINELLAS,ASSISTED LIVING FACILITY,,,,,
CLEARWATER,PINELLAS,ASSISTED LIVING FACILITY,10.0,,,-82.72611000,27.91703300
CLEARWATER,PINELLAS,ASSISTED LIVING FACILITY,10.0,,,-82.74084100,27.93418400
CLEARWATER,PINELLAS,ASSISTED LIVING FACILITY,10.0,,,-82.77689200,27.93881300
SAINT PETERSBURG,PINELLAS,ASSISTED LIVING FACILITY,11.0,,,-82.63136100,27.78304300
SAINT PETERSBURG,PINELLAS,ASSISTED LIVING FACILITY,60.0,,,-82.64665000,27.78215300
SAINT PETERSBURG,PINELLAS,ASSISTED LIVING FACILITY,60.0,,,-82.66546200,27.77106800
SAINT PETERSBURG,PINELLAS,ASSISTED LIVING FACILITY,60.0,,,-82.62792700,27.78077700
CLEARWATER,PINELLAS,ASSISTED LIVING FACILITY,28.0,,,-82.72377200,27.99459000
SEMINOLE,PINELLAS,ASSISTED LIVING FACILITY,10.0,,,-82.82414200,27.86080100
ST. PETERSBURG,PINELLAS,ASSISTED LIVING FACILITY,,,,,
PINELLAS PARK,PINELLAS,ASSISTED LIVING FACILITY,43.0,,,-82.72730100,27.84005100
SAINT PETERSBURG,PINELLAS,ASSISTED LIVING FACILITY,20.0,,,-82.63491100,27.78391300
SAINT PETERSBURG,PINELLAS,ASSISTED LIVING FACILITY,12.0,,,-82.64570200,27.77811100
SAINT PETERSBURG,PINELLAS,ASSISTED LIVING FACILITY,12.0,,,-82.63854000,27.74476000
SAINT PETERSBURG,PINELLAS,ASSISTED LIVING FACILITY,12.0,,,-82.63546200,27.78124900
SAFETY HARBOR,PINELLAS,ASSISTED LIVING FACILITY,6.0,,,-82.69716200,28.01339000
SAINT PETERSBURG,PINELLAS,ASSISTED LIVING FACILITY,9.0,,,-82.65378100,27.77582000
PINELLAS PARK,PINELLAS,ASSISTED LIVING FACILITY,34.0,,,-82.71708200,27.84005100
SEMINOLE,PINELLAS,ASSISTED LIVING FACILITY,15.0,,,-82.79341200,27.83605800
PINELLAS PARK,PINELLAS,ASSISTED LIVING FACILITY,125.0,,,-82.70026300,27.85356000
CLEARWATER,PINELLAS,ASSISTED LIVING FACILITY,75.0,,,-82.67934019,27.89877093
PALM HARBOR,PINELLAS,ASSISTED LIVING FACILITY,41.0,,,-82.74405100,28.07897800
SAINT PETERSBURG,PINELLAS,ASSISTED LIVING FACILITY,55.0,,,-82.64616200,27.83888300
BELLEAIR,PINELLAS,ASSISTED LIVING FACILITY,88.0,,,-82.79920717,27.93474057
CLEARWATER,PINELLAS,ASSISTED LIVING FACILITY,32.0,,,-82.79617308,27.95594292
CLEARWATER,PINELLAS,ASSISTED LIVING FACILITY,26.0,,,-82.72478200,28.04889400
DUNEDIN,PINELLAS,ASSISTED LIVING FACILITY,10.0,,,-82.78472000,28.01335100
SAINT PETERSBURG,PINELLAS,ASSISTED LIVING FACILITY,41.0,,,-82.63856200,27.77718000
PINELLAS PARK,PINELLAS,ASSISTED LIVING FACILITY,14.0,,,-82.70602100,27.83763100
LARGO,PINELLAS,ASSISTED LIVING FACILITY,5.0,,,-82.79700300,27.90126100
TARPON SPRINGS,PINELLAS,ASSISTED LIVING FACILITY,20.0,,,-82.71346500,28.15184800
KENNETH CITY,PINELLAS,ASSISTED LIVING FACILITY,6.0,,,-82.71350200,27.81881800
CLEARWATER,PINELLAS,ASSISTED LIVING FACILITY,9.0,,,-82.75138000,27.95352100
LARGO,PINELLAS,ASSISTED LIVING FACILITY,8.0,,,-82.77846200,27.92279800
PINELLAS PARK,PINELLAS,ASSISTED LIVING FACILITY,8.0,,,-82.71649300,27.83799800
CLEARWATER,PINELLAS,ASSISTED LIVING FACILITY,119.0,,,-82.70892100,28.03426100
DUNEDIN,PINELLAS,ASSISTED LIVING FACILITY,12.0,,,-82.78095200,27.99738800
DUNEDIN,PINELLAS,ASSISTED LIVING FACILITY,12.0,,,-82.75845200,28.04861300
DUNEDIN,PINELLAS,ASSISTED LIVING FACILITY,12.0,,,-82.78266200,28.03773900
SEMINOLE,PINELLAS,ASSISTED LIVING FACILITY,40.0,,,-82.78698100,27.84864300
SAINT PETERSBURG,PINELLAS,ASSISTED LIVING FACILITY,70.0,,,-82.72529200,27.81364800
SAINT PETERSBURG,PINELLAS,ASSISTED LIVING FACILITY,90.0,,,-82.69590000,27.71860000
PALM HARBOR,PINELLAS,ASSISTED LIVING FACILITY,75.0,,,-82.72782843,28.07610487
PALM HARBOR,PINELLAS,ASSISTED LIVING FACILITY,75.0,,,-82.74048900,28.07893100
LARGO,PINELLAS,ASSISTED LIVING FACILITY,79.0,,,-82.74581000,27.91314100
CLEARWATER,PINELLAS,ASSISTED LIVING FACILITY,14.0,,,-82.75688200,27.99724800
LARGO,PINELLAS,ASSISTED LIVING FACILITY,16.0,,,-82.79500990,27.92542445
PINELLAS PARK,PINELLAS,ASSISTED LIVING FACILITY,6.0,,,-82.73664100,27.82889100
PINELLAS PARK,PINELLAS,ASSISTED LIVING FACILITY,6.0,,,-82.68538200,27.83289800
PINELLAS PARK,PINELLAS,ASSISTED LIVING FACILITY,6.0,,,-82.69088200,27.83562800
SEMINOLE,PINELLAS,ASSISTED LIVING FACILITY,100.0,,,-82.76644200,27.84670900
CLEARWATER,PINELLAS,ASSISTED LIVING FACILITY,50.0,,,-82.78845674,27.93302582
TARPON SPRINGS,PINELLAS,ASSISTED LIVING FACILITY,62.0,,,-82.69478600,28.11757300
SEMINOLE,PINELLAS,ASSISTED LIVING FACILITY,56.0,,,-82.82823900,27.85751500
LARGO,PINELLAS,ASSISTED LIVING FACILITY,52.0,,,-82.81998100,27.87658100
LARGO,PINELLAS,ASSISTED LIVING FACILITY,75.0,,,-82.79736100,27.87242700
DUNEDIN,PINELLAS,ASSISTED LIVING FACILITY,120.0,,,-82.77564200,28.01529100
CLEARWATER,PINELLAS,ASSISTED LIVING FACILITY,29.0,,,-82.79447000,27.99626900
CLEARWATER,PINELLAS,ASSISTED LIVING FACILITY,29.0,,,-82.71363400,27.92053100
SAINT PETERSBURG,PINELLAS,ASSISTED LIVING FACILITY,8.0,,,-82.66247100,27.78102300
TARPON SPRINGS,PINELLAS,ASSISTED LIVING FACILITY,100.0,,,-82.75893100,28.12932800
DUNEDIN,PINELLAS,ASSISTED LIVING FACILITY,,,,,
SAINT PETERSBURG,PINELLAS,ASSISTED LIVING FACILITY,22.0,,,-82.65368300,27.78049100
DUNEDIN,PINELLAS,ASSISTED LIVING FACILITY,21.0,,,-82.79084600,28.01109800
CLEARWATER,PINELLAS,ASSISTED LIVING FACILITY,3.0,,,-82.72349100,27.92363300
SAINT PETERSBURG,PINELLAS,ASSISTED LIVING FACILITY,175.0,,,-82.73672000,27.75773000
SAFETY HARBOR,PINELLAS,ASSISTED LIVING FACILITY,14.0,,,-82.70154300,27.99923100
LARGO,PINELLAS,ASSISTED LIVING FACILITY,54.0,,,-82.79429300,27.88011400
SAINT PETERSBURG,PINELLAS,ASSISTED LIVING FACILITY,15.0,,,-82.64460000,27.77833100
CLEARWATER,PINELLAS,ASSISTED LIVING FACILITY,70.0,,,-82.77361216,27.95367999
SAINT PETERSBURG,PINELLAS,ASSISTED LIVING FACILITY,102.0,,,-82.63441000,27.80170100
SAFETY HARBOR,PINELLAS,ASSISTED LIVING FACILITY,20.0,,,-82.69903300,27.99504000
SEMINOLE,PINELLAS,ASSISTED LIVING FACILITY,12.0,,,-82.81990000,27.84151100
SAINT PETERSBURG,PINELLAS,ASSISTED LIVING FACILITY,240.0,,,-82.72180100,27.77086300
LARGO,PINELLAS,ASSISTED LIVING FACILITY,56.0,,,-82.77418900,27.91941648
PALM HARBOR,PINELLAS,ASSISTED LIVING FACILITY,5.0,,,-82.74159000,28.11026000
MADEIRA BEACH,PINELLAS,ASSISTED LIVING FACILITY,5.0,,,-82.80205800,27.80427300
PINELLAS PARK,PINELLAS,ASSISTED LIVING FACILITY,162.0,,,-82.70595000,27.87010000
PINELLAS PARK,PINELLAS,ASSISTED LIVING FACILITY,110.0,,,-82.68577100,27.82831400
SAINT PETERSBURG,PINELLAS,ASSISTED LIVING FACILITY,66.0,,,-82.63851100,27.79783100
TARPON SPRINGS,PINELLAS,ASSISTED LIVING FACILITY,16.0,,,-82.74720400,28.14727700
LARGO,PINELLAS,ASSISTED LIVING FACILITY,120.0,,,-82.80010100,27.90946800
SAINT PETERSBURG,PINELLAS,ASSISTED LIVING FACILITY,4.0,,,-82.63517300,27.82566100
LARGO,PINELLAS,ASSISTED LIVING FACILITY,143.0,,,-82.76254300,27.90996100
TARPON SPRINGS,PINELLAS,ASSISTED LIVING FACILITY,30.0,,,-82.69668200,28.13664400
SAINT PETERSBURG,PINELLAS,ASSISTED LIVING FACILITY,40.0,,,-82.64874500,27.70490800
PALM HARBOR,PINELLAS,ASSISTED LIVING FACILITY,495.0,,,-82.73566900,28.07884600
LARGO,PINELLAS,ASSISTED LIVING FACILITY,24.0,,,-82.82004300,27.86781000
SAFETY HARBOR,PINELLAS,ASSISTED LIVING FACILITY,19.0,,,-82.68525100,27.99804300
DUNEDIN,PINELLAS,ASSISTED LIVING FACILITY,5.0,,,-82.74940000,28.03473100
LAKELAND,POLK,ASSISTED LIVING FACILITY,6.0,,,-81.94755200,28.01157000
WINTER HAVEN,POLK,ASSISTED LIVING FACILITY,40.0,,,-81.68543600,27.98501600
WINTER HAVEN,POLK,ASSISTED LIVING FACILITY,45.0,,,-81.67837700,28.01369600
WINTER HAVEN,POLK,ASSISTED LIVING FACILITY,12.0,,,-81.73513200,28.04666000
LAKELAND,POLK,ASSISTED LIVING FACILITY,95.0,,,-81.95288300,28.09354000
LAKE ALFRED,POLK,ASSISTED LIVING FACILITY,100.0,,,-81.72788100,28.09444300
WINTER HAVEN,POLK,ASSISTED LIVING FACILITY,70.0,,,-81.68017700,28.01074700
KISSIMMEE,POLK,ASSISTED LIVING FACILITY,4.0,,,-81.50009400,28.07232000
WINTER HAVEN,POLK,ASSISTED LIVING FACILITY,8.0,,,-81.71809400,28.03076500
LAKELAND,POLK,ASSISTED LIVING FACILITY,105.0,,,-81.92395100,27.98832600
LAKE WALES,POLK,ASSISTED LIVING FACILITY,45.0,,,-81.58799200,27.89033300
HAINES CITY,POLK,ASSISTED LIVING FACILITY,36.0,,,-81.62338200,28.10538000
WINTER HAVEN,POLK,ASSISTED LIVING FACILITY,6.0,,,-81.78929200,27.99717700
HAINES CITY,POLK,ASSISTED LIVING FACILITY,45.0,,,-81.63357000,28.10205000
LAKELAND,POLK,ASSISTED LIVING FACILITY,50.0,,,-81.95104200,28.04051800
LAKELAND,POLK,ASSISTED LIVING FACILITY,60.0,,,-81.94944100,28.05683300
LAKELAND,POLK,ASSISTED LIVING FACILITY,60.0,,,-81.97039200,28.12088800
LAKELAND,POLK,ASSISTED LIVING FACILITY,60.0,,,-81.95713000,28.04020100
LAKELAND,POLK,ASSISTED LIVING FACILITY,60.0,,,-81.99474300,28.04214000
LAKELAND,POLK,ASSISTED LIVING FACILITY,110.0,,,-81.97414200,28.00754800
LAKELAND,POLK,ASSISTED LIVING FACILITY,136.0,,,-81.96235400,28.03233000
WINTER HAVEN,POLK,ASSISTED LIVING FACILITY,60.0,,,-81.68563700,27.98513700
WINTER HAVEN,POLK,ASSISTED LIVING FACILITY,60.0,,,-81.75626600,28.00063600
BARTOW,POLK,ASSISTED LIVING FACILITY,36.0,,,-81.82056100,27.89922000
LAKELAND,POLK,ASSISTED LIVING FACILITY,77.0,,,-81.95057600,28.10224400
WINTER HAVEN,POLK,ASSISTED LIVING FACILITY,65.0,,,-81.75180800,28.02916000
HAINES CITY,POLK,ASSISTED LIVING FACILITY,80.0,,,-81.62331000,28.10270100
LAKE ALFRED,POLK,ASSISTED LIVING FACILITY,50.0,,,-81.73320000,28.09179300
LAKELAND,POLK,ASSISTED LIVING FACILITY,36.0,,,-81.94655400,28.12655600
LAKELAND,POLK,ASSISTED LIVING FACILITY,52.0,,,-81.96966000,28.10034500
WINTER HAVEN,POLK,ASSISTED LIVING FACILITY,18.0,,,-81.72113100,28.01672300
LAKELAND,POLK,ASSISTED LIVING FACILITY,38.0,,,-81.96272700,28.09530400
LAKELAND,POLK,ASSISTED LIVING FACILITY,68.0,,,-81.92357100,27.95422100
LAKELAND,POLK,ASSISTED LIVING FACILITY,44.0,,,-81.95975200,28.04859800
LAKELAND,POLK,ASSISTED LIVING FACILITY,85.0,,,-81.95326000,28.07242100
WINTER HAVEN,POLK,ASSISTED LIVING FACILITY,120.0,,,-81.74075900,28.04423800
WINTER HAVEN,POLK,AMBULATORY SURGICAL CENTER,0.0,,,-81.72106944,28.01167059
WINTER HAVEN,POLK,AMBULATORY SURGICAL CENTER,0.0,,,-81.73066200,28.02407700
WINTER HAVEN,POLK,AMBULATORY SURGICAL CENTER,0.0,,,-81.68513800,28.02243100
WINTER HAVEN,POLK,AMBULATORY SURGICAL CENTER,0.0,,,-81.72682800,28.01103700
LAKELAND,POLK,BLOOD BANK,0.0,,,-81.95409800,28.06092900
LAKELAND,POLK,AMBULATORY SURGICAL CENTER,0.0,,,-81.95342600,28.08508200
LAKELAND,POLK,AMBULATORY SURGICAL CENTER,0.0,,,-81.95726500,28.06170800
LAKELAND,POLK,AMBULATORY SURGICAL CENTER,0.0,,,-81.96677000,28.08057500
LAKELAND,POLK,AMBULATORY SURGICAL CENTER,0.0,,,-81.96808000,28.08059900
LAKE WALES,POLK,ASSISTED LIVING FACILITY,60.0,,,-81.59088100,27.89042700
WINTER HAVEN,POLK,ASSISTED LIVING FACILITY,145.0,,,-81.68652100,27.99109300
LAKELAND,POLK,RESIDENTIAL TREATMENT FACILITY,0.0,,,-81.95032200,28.05049800
LAKELAND,POLK,RESIDENTIAL TREATMENT FACILITY,15.0,,,-81.95018200,28.06977800
WINTER HAVEN,POLK,RURAL HEALTH CLINIC,0.0,,,-81.72231200,28.02225800
LAKELAND,POLK,RURAL HEALTH CLINIC,0.0,,,-81.91854100,28.01322800
BARTOW,POLK,RURAL HEALTH CLINIC,0.0,,,-81.84328200,27.90533000
LAKE WALES,POLK,RURAL HEALTH CLINIC,0.0,,,-81.56125200,27.89394700
FORT MEADE,POLK,RURAL HEALTH CLINIC,0.0,,,-81.80219200,27.75176300
DAVENPORT,POLK,END-STAGE RENAL DISEASE,0.0,,,-81.65465300,28.24082100
HAINES CITY,POLK,END-STAGE RENAL DISEASE,0.0,,,-81.63727900,28.14313700
WINTER HAVEN,POLK,END-STAGE RENAL DISEASE,0.0,,,-81.72829300,28.01941300
WINTER HAVEN,POLK,END-STAGE RENAL DISEASE,0.0,,,-81.73796800,28.04915000
LAKELAND,POLK,HOSPICE,16.0,,,-81.95414670,28.08744898
AUBURNDALE,POLK,HOSPICE,12.0,,,-81.79340299,28.06867277
LAKELAND,POLK,END-STAGE RENAL DISEASE,0.0,,,-81.95262100,28.06970300
LAKELAND,POLK,END-STAGE RENAL DISEASE,0.0,,,-81.95331200,28.06597000
LAKELAND,POLK,END-STAGE RENAL DISEASE,0.0,,,-81.96664200,28.08171100
LAKELAND,POLK,END-STAGE RENAL DISEASE,0.0,,,-81.96034600,27.97440500
BARTOW,POLK,END-STAGE RENAL DISEASE,0.0,,,-81.83112100,27.89868800
LAKE WALES,POLK,END-STAGE RENAL DISEASE,0.0,,,-81.56129400,27.89394700
LAKE WALES,POLK,END-STAGE RENAL DISEASE,0.0,,,-81.56323100,27.89604800
BARTOW,POLK,CRISIS STABILIZATION UNIT,30.0,,,-81.82307960,27.88381456
LAKELAND,POLK,BIRTH CENTER,0.0,,,-81.93812600,28.05565400
POINCIANA,POLK,ADULT FAMILY CARE HOME,4.0,,,-81.50701233,28.06945815
LAKELAND,POLK,ADULT FAMILY CARE HOME,5.0,,,-81.96705300,28.05631100
LAKELAND,POLK,ADULT FAMILY CARE HOME,5.0,,,-82.02593300,27.94471100
WINTER HAVEN,POLK,ADULT FAMILY CARE HOME,5.0,,,-81.67612200,28.08208100
WINTER HAVEN,POLK,ADULT FAMILY CARE HOME,5.0,,,-81.76874200,28.01164700
BARTOW,POLK,ADULT FAMILY CARE HOME,5.0,,,-81.79758700,27.93735300
BARTOW,POLK,ADULT FAMILY CARE HOME,5.0,,,-81.82441100,27.88604400
BARTOW,POLK,ADULT FAMILY CARE HOME,5.0,,,-81.77696000,27.96004100
BARTOW,POLK,ADULT FAMILY CARE HOME,5.0,,,-81.79908100,27.93291800
BARTOW,POLK,ADULT FAMILY CARE HOME,5.0,,,-81.85359000,27.90084200
LAKE WALES,POLK,ADULT FAMILY CARE HOME,5.0,,,-81.54824900,27.92498000
LAKELAND,POLK,SKILLED NURSING FACILITY,48.0,,,-81.96122800,28.03288800
WINTER HAVEN,POLK,SKILLED NURSING FACILITY,120.0,,,-81.73503200,28.05082500
WINTER HAVEN,POLK,SKILLED NURSING FACILITY,120.0,,,-81.70958700,28.00421700
WINTER HAVEN,POLK,SKILLED NURSING FACILITY,120.0,,,-81.69606400,28.02103800
WINTER HAVEN,POLK,SKILLED NURSING FACILITY,120.0,,,-81.67837700,28.01369600
WINTER HAVEN,POLK,SKILLED NURSING FACILITY,120.0,,,-81.73305100,28.03688300
DAVENPORT,POLK,SKILLED NURSING FACILITY,60.0,,,-81.60372000,28.16042800
DAVENPORT,POLK,ADULT FAMILY CARE HOME,5.0,,,-81.66742200,28.32142700
HAINES CITY,POLK,ADULT FAMILY CARE HOME,5.0,,,-81.65898200,28.12690900
HAINES CITY,POLK,ADULT FAMILY CARE HOME,5.0,,,-81.52940200,28.01650300
BARTOW,POLK,PUBLIC HEALTH OFFICE,0.0,,,-81.82127093,27.88303050
WINTER HAVEN,POLK,ADULT FAMILY CARE HOME,4.0,,,-81.72161200,28.01770800
KISSIMMEE,POLK,ADULT FAMILY CARE HOME,4.0,,,-81.51081100,28.06963500
LAKELAND,POLK,SKILLED NURSING FACILITY,185.0,,,-81.95327100,28.07122100
LAKELAND,POLK,SKILLED NURSING FACILITY,300.0,,,-81.97685200,28.09497700
LAKE WALES,POLK,SKILLED NURSING FACILITY,100.0,,,-81.58791400,27.91200300
WINTER HAVEN,POLK,SKILLED NURSING FACILITY,177.0,,,-81.70525200,28.00498700
LAKELAND,POLK,SKILLED NURSING FACILITY,120.0,,,-81.97097700,28.10056300
LAKELAND,POLK,SKILLED NURSING FACILITY,120.0,,,-81.94462200,28.07094400
LAKELAND,POLK,SKILLED NURSING FACILITY,120.0,,,-81.94710500,28.10960600
LAKELAND,POLK,SKILLED NURSING FACILITY,120.0,,,-81.97414200,28.00754800
LAKELAND,POLK,SKILLED NURSING FACILITY,120.0,,,-81.95181100,28.06976800
HAINES CITY,POLK,SKILLED NURSING FACILITY,120.0,,,-81.62330100,28.10022100
LAKE WALES,POLK,SKILLED NURSING FACILITY,120.0,,,-81.56470300,27.89262100
AUBURNDALE,POLK,SKILLED NURSING FACILITY,120.0,,,-81.77093100,28.05871800
LAKELAND,POLK,SKILLED NURSING FACILITY,72.0,,,-81.96966000,28.10034500
BARTOW,POLK,SKILLED NURSING FACILITY,120.0,,,-81.82404899,27.88190630
BARTOW,POLK,SKILLED NURSING FACILITY,60.0,,,-81.82193379,27.88486874
LAKELAND,POLK,SKILLED NURSING FACILITY,179.0,,,-81.92398100,27.98816200
WINTER HAVEN,POLK,SKILLED NURSING FACILITY,144.0,,,-81.72498100,28.03675300
PALATKA,PUTNAM,SKILLED NURSING FACILITY,65.0,,,-81.66095865,29.64456674
PALATKA,PUTNAM,SKILLED NURSING FACILITY,180.0,,,-81.69287543,29.64923385
CRESCENT CITY,PUTNAM,SKILLED NURSING FACILITY,92.0,,,-81.50639616,29.43224281
PALATKA,PUTNAM,END-STAGE RENAL DISEASE,0.0,,,-81.69283538,29.64772467
GRANDIN,PUTNAM,BIRTH CENTER,0.0,,,-81.91735798,29.72827974
PALATKA,PUTNAM,HOSPICE,18.0,,,-81.69044870,29.64891038
GRANDIN,PUTNAM,RURAL HEALTH CLINIC,0.0,,,-81.91735798,29.72827974
PALATKA,PUTNAM,RURAL HEALTH CLINIC,0.0,,,-81.69428356,29.64078348
PALATKA,PUTNAM,RURAL HEALTH CLINIC,0.0,,,-81.64245547,29.64901666
PALATKA,PUTNAM,RURAL HEALTH CLINIC,0.0,,,-81.68590608,29.64770295
PALATKA,PUTNAM,RURAL HEALTH CLINIC,0.0,,,-81.69331303,29.64630790
PALATKA,PUTNAM,RURAL HEALTH CLINIC,0.0,,,-81.69538952,29.64140376
PALATKA,PUTNAM,RURAL HEALTH CLINIC,0.0,,,-81.66202408,29.65157803
CRESCENT CITY,PUTNAM,RURAL HEALTH CLINIC,0.0,,,-81.51177299,29.44124753
PALATKA,PUTNAM,ASSISTED LIVING FACILITY,14.0,,,-81.65900486,29.64481495
PALATKA,PUTNAM,ASSISTED LIVING FACILITY,14.0,,,-81.65177170,29.62618432
PALATKA,PUTNAM,BLOOD BANK,0.0,,,-81.68448200,29.64078300
PALATKA,PUTNAM,ASSISTED LIVING FACILITY,9.0,,,-81.65750671,29.63459609
PALATKA,PUTNAM,ASSISTED LIVING FACILITY,6.0,,,-81.65959236,29.62981575
PALATKA,PUTNAM,ASSISTED LIVING FACILITY,6.0,,,-81.71048592,29.62214682
POMONA PARK,PUTNAM,ASSISTED LIVING FACILITY,25.0,,,-81.61315404,29.50136420
PALATKA,PUTNAM,ASSISTED LIVING FACILITY,8.0,,,-81.65440684,29.64853929
WELAKA,PUTNAM,ASSISTED LIVING FACILITY,27.0,,,-81.66442539,29.48743346
PALATKA,PUTNAM,ASSISTED LIVING FACILITY,40.0,,,-81.69315240,29.64703061
CRESCENT CITY,PUTNAM,ASSISTED LIVING FACILITY,26.0,,,-81.52290532,29.45973792
SAINT AUGUSTINE,ST. JOHNS,ASSISTED LIVING FACILITY,60.0,,,-81.32546471,29.84247139
ST. AUGUSTINE,ST. JOHNS,ASSISTED LIVING FACILITY,,,,-81.35001711,29.80596030
ST. AUGUSTINE,ST. JOHNS,ASSISTED LIVING FACILITY,,,,-81.35090025,29.86244821
ST. AUGUSTINE,ST. JOHNS,ASSISTED LIVING FACILITY,,,,-81.32472134,29.92516019
ST. AUGUSTINE,ST. JOHNS,ASSISTED LIVING FACILITY,,,,-81.30242079,29.81253149
ST. AUGUSTINE,ST. JOHNS,ASSISTED LIVING FACILITY,,,,-81.34072942,29.83092030
SAINT JOHNS,ST. JOHNS,ASSISTED LIVING FACILITY,,,,-81.56522203,30.10996296
SAINT AUGUSTINE,ST. JOHNS,ASSISTED LIVING FACILITY,69.0,,,-81.30729754,29.88119775
SAINT AUGUSTINE,ST. JOHNS,ASSISTED LIVING FACILITY,20.0,,,-81.30832768,29.88219067
SAINT AUGUSTINE,ST. JOHNS,ASSISTED LIVING FACILITY,36.0,,,-81.31264732,29.88107049
PONTE VEDRA BEACH,ST. JOHNS,ASSISTED LIVING FACILITY,40.0,,,-81.38732075,30.20369424
SAINT AUGUSTINE,ST. JOHNS,ASSISTED LIVING FACILITY,115.0,,,-81.32385940,29.81167993
SAINT AUGUSTINE,ST. JOHNS,ASSISTED LIVING FACILITY,30.0,,,-81.48030272,29.98569034
SAINT AUGUSTINE,ST. JOHNS,ASSISTED LIVING FACILITY,15.0,,,-81.32404967,29.78197668
PONTE VEDRA,ST. JOHNS,ASSISTED LIVING FACILITY,,,,-81.39190143,30.22826155
SAINT JOHNS,ST. JOHNS,ASSISTED LIVING FACILITY,57.0,,,-81.64702096,30.07470472
SAINT JOHNS,ST. JOHNS,ASSISTED LIVING FACILITY,5.0,,,-81.56658597,30.04595820
PONTE VEDRA BEACH,ST. JOHNS,ASSISTED LIVING FACILITY,,,,-81.38667134,30.18579971
PONTE VEDRA BEACH,ST. JOHNS,ASSISTED LIVING FACILITY,,,,-81.38767245,30.20400251
SAINT JOHNS,ST. JOHNS,ASSISTED LIVING FACILITY,80.0,,,-81.62567564,30.12874796
SAINT AUGUSTINE,ST. JOHNS,ASSISTED LIVING FACILITY,6.0,,,-81.33978319,29.83883383
SAINT AUGUSTINE,ST. JOHNS,ASSISTED LIVING FACILITY,8.0,,,-81.32948662,29.89695997
SAINT AUGUSTINE,ST. JOHNS,BLOOD BANK,0.0,,,-81.31821731,29.86217505
SAINT AUGUSTINE,ST. JOHNS,AMBULATORY SURGICAL CENTER,0.0,,,-81.32459621,29.86286239
SAINT AUGUSTINE,ST. JOHNS,AMBULATORY SURGICAL CENTER,0.0,,,-81.32361916,29.87711952
SAINT AUGUSTINE,ST. JOHNS,AMBULATORY SURGICAL CENTER,0.0,,,-81.32601922,29.86355515
SAINT AUGUSTINE,ST. JOHNS,AMBULATORY SURGICAL CENTER,0.0,,,-81.32620231,29.85203079
SAINT AUGUSTINE,ST. JOHNS,AMBULATORY SURGICAL CENTER,0.0,,,-81.31435209,29.86652438
PONTE VEDRA BEACH,ST. JOHNS,AMBULATORY SURGICAL CENTER,0.0,,,-81.38945205,30.24687883
PONTE VEDRA BEACH,ST. JOHNS,AMBULATORY SURGICAL CENTER,0.0,,,-81.37127780,30.16921653
SAINT AUGUSTINE,ST. JOHNS,ASSISTED LIVING FACILITY,46.0,,,-81.29593048,29.86259025
SAINT AUGUSTINE,ST. JOHNS,RESIDENTIAL TREATMENT FACILITY,10.0,,,-81.31840450,29.89598107
SAINT AUGUSTINE,ST. JOHNS,BIRTH CENTER,0.0,,,-81.32152979,29.82503651
SAINT AUGUSTINE,ST. JOHNS,END-STAGE RENAL DISEASE,0.0,,,-81.33704271,29.87104580
SAINT AUGUSTINE,ST. JOHNS,END-STAGE RENAL DISEASE,0.0,,,-81.32557710,29.86278130
SAINT AUGUSTINE,ST. JOHNS,SKILLED NURSING FACILITY,68.0,,,-81.32031272,29.91095981
SAINT JOHNS,ST. JOHNS,SKILLED NURSING FACILITY,60.0,,,-81.62567564,30.12874796
SAINT AUGUSTINE,ST. JOHNS,SKILLED NURSING FACILITY,120.0,,,-81.32510270,29.80954672
SAINT AUGUSTINE,ST. JOHNS,SKILLED NURSING FACILITY,120.0,,,-81.46793043,29.96054445
SAINT AUGUSTINE,ST. JOHNS,SKILLED NURSING FACILITY,120.0,,,-81.30759248,29.88180066
SAINT AUGUSTINE,ST. JOHNS,SKILLED NURSING FACILITY,120.0,,,-81.33097570,29.87346904
SAINT AUGUSTINE,ST. JOHNS,SKILLED NURSING FACILITY,120.0,,,-81.32802290,29.86451582
SAINT AUGUSTINE,ST. JOHNS,SKILLED NURSING FACILITY,30.0,,,-81.48124546,29.98674100
PONTE VEDRA BEACH,ST. JOHNS,SKILLED NURSING FACILITY,60.0,,,-81.38732075,30.20369424
ST AUGUSTINE,ST. JOHNS,PUBLIC HEALTH OFFICE,0.0,,,-81.32560102,29.86447615
ST AUGUSTINE,ST. JOHNS,PUBLIC HEALTH OFFICE,0.0,,,-81.33689607,29.93675291
Fort Pierce,ST. LUCIE,PUBLIC HEALTH OFFICE,0.0,,,-80.32987935,27.45042357
Fort Pierce,ST. LUCIE,PUBLIC HEALTH OFFICE,0.0,,,-80.32993336,27.45056481
PORT ST LUCIE,ST. LUCIE,PUBLIC HEALTH OFFICE,0.0,,,-80.37935937,27.37266235
PORT SAINT LUCIE,ST. LUCIE,ADULT FAMILY CARE HOME,5.0,,,-80.38506200,27.35197100
PORT SAINT LUCIE,ST. LUCIE,ADULT FAMILY CARE HOME,5.0,,,-80.37478200,27.23694100
PORT SAINT LUCIE,ST. LUCIE,ADULT FAMILY CARE HOME,5.0,,,-80.39057300,27.23037300
PORT SAINT LUCIE,ST. LUCIE,ADULT FAMILY CARE HOME,5.0,,,-80.38682200,27.28841300
PORT SAINT LUCIE,ST. LUCIE,ADULT FAMILY CARE HOME,5.0,,,-80.41998600,27.28137700
PORT SAINT LUCIE,ST. LUCIE,ADULT FAMILY CARE HOME,4.0,,,-80.38057000,27.25733400
PORT SAINT LUCIE,ST. LUCIE,ADULT FAMILY CARE HOME,4.0,,,-80.35983100,27.23481600
FORT PIERCE,ST. LUCIE,ADULT FAMILY CARE HOME,5.0,,,-80.32261200,27.42027800
FORT PIERCE,ST. LUCIE,ADULT FAMILY CARE HOME,5.0,,,-80.33354100,27.41604800
PORT SAINT LUCIE,ST. LUCIE,SKILLED NURSING FACILITY,123.0,,,-80.29002100,27.27842800
FORT PIERCE,ST. LUCIE,SKILLED NURSING FACILITY,171.0,,,-80.33737300,27.45530200
FORT PIERCE,ST. LUCIE,ADULT FAMILY CARE HOME,2.0,,,-80.33297100,27.44165100
PORT SAINT LUCIE,ST. LUCIE,SKILLED NURSING FACILITY,120.0,,,-80.29830774,27.30022833
PORT SAINT LUCIE,ST. LUCIE,SKILLED NURSING FACILITY,120.0,,,-80.29420500,27.28580500
PORT SAINT LUCIE,ST. LUCIE,SKILLED NURSING FACILITY,120.0,,,-80.29336800,27.28469700
PORT SAINT LUCIE,ST. LUCIE,SKILLED NURSING FACILITY,30.0,,,-80.29948900,27.28633700
FORT PIERCE,ST. LUCIE,SKILLED NURSING FACILITY,107.0,,,-80.35403200,27.44153100
FORT PIERCE,ST. LUCIE,SKILLED NURSING FACILITY,79.0,,,-80.35398000,27.44127100
PORT SAINT LUCIE,ST. LUCIE,SKILLED NURSING FACILITY,180.0,,,-80.33402100,27.34225000
PORT ST. LUCIE	,ST. LUCIE,AMBULATORY SURGICAL CENTER,,,,-80.40045087,27.31045532
FORT PIERCE,ST. LUCIE,AMBULATORY SURGICAL CENTER,0.0,,,-80.34454700,27.43502500
FORT PIERCE,ST. LUCIE,AMBULATORY SURGICAL CENTER,0.0,,,-80.35058614,27.43036309
PORT SAINT LUCIE,ST. LUCIE,AMBULATORY SURGICAL CENTER,0.0,,,-80.32456453,27.34080466
PORT SAINT LUCIE,ST. LUCIE,AMBULATORY SURGICAL CENTER,0.0,,,-80.29495000,27.28548300
PORT SAINT LUCIE,ST. LUCIE,AMBULATORY SURGICAL CENTER,0.0,,,-80.29555200,27.28913600
PORT SAINT LUCIE,ST. LUCIE,AMBULATORY SURGICAL CENTER,0.0,,,-80.30657000,27.30204900
FORT PIERCE,ST. LUCIE,END-STAGE RENAL DISEASE,0.0,,,-80.35089100,27.43293300
FORT PIERCE,ST. LUCIE,END-STAGE RENAL DISEASE,0.0,,,-80.34744100,27.43055900
PORT SAINT LUCIE,ST. LUCIE,END-STAGE RENAL DISEASE,0.0,,,-80.29409900,27.28475400
PORT SAINT LUCIE,ST. LUCIE,END-STAGE RENAL DISEASE,0.0,,,-80.29880000,27.28652500
PORT SAINT LUCIE,ST. LUCIE,END-STAGE RENAL DISEASE,0.0,,,-80.31161700,27.31067800
PORT SAINT LUCIE,ST. LUCIE,END-STAGE RENAL DISEASE,0.0,,,-80.40538000,27.31136000
FORT PIERCE,ST. LUCIE,CRISIS STABILIZATION UNIT,20.0,,,-80.37006599,27.37616632
FORT PIERCE,ST. LUCIE,CRISIS STABILIZATION UNIT,32.0,,,-80.32732447,27.44005874
FORT PIERCE,ST. LUCIE,CRISIS STABILIZATION UNIT,30.0,,,-80.37141683,27.37569419
FORT PIERCE,ST. LUCIE,RESIDENTIAL TREATMENT FACILITY,6.0,,,-80.32661000,27.44865300
FORT PIERCE,ST. LUCIE,HOSPICE,16.0,,,-80.36180947,27.37222470
PORT ST. LUCIE,ST. LUCIE,INTERMEDIATE CARE FACILITY,0.0,,,-80.29606905,27.28648190
PORT SAINT LUCIE,ST. LUCIE,ASSISTED LIVING FACILITY,6.0,,,-80.33380100,27.27913100
PORT SAINT LUCIE,ST. LUCIE,ASSISTED LIVING FACILITY,6.0,,,-80.35324100,27.21072100
PORT SAINT LUCIE,ST. LUCIE,ASSISTED LIVING FACILITY,6.0,,,-80.35817200,27.30041300
PORT SAINT LUCIE,ST. LUCIE,ASSISTED LIVING FACILITY,6.0,,,-80.41280600,27.29133500
PORT SAINT LUCIE,ST. LUCIE,ASSISTED LIVING FACILITY,6.0,,,-80.36657100,27.24249800
PORT SAINT LUCIE,ST. LUCIE,ASSISTED LIVING FACILITY,6.0,,,-80.34526500,27.31781800
PORT SAINT LUCIE,ST. LUCIE,ASSISTED LIVING FACILITY,6.0,,,-80.36120100,27.22072100
PORT SAINT LUCIE,ST. LUCIE,ASSISTED LIVING FACILITY,6.0,,,-80.31366000,27.27924500
PORT SAINT LUCIE,ST. LUCIE,ASSISTED LIVING FACILITY,6.0,,,-80.37564100,27.20804100
PORT SAINT LUCIE,ST. LUCIE,ASSISTED LIVING FACILITY,6.0,,,-80.38987200,27.34108500
PORT SAINT LUCIE,ST. LUCIE,ASSISTED LIVING FACILITY,6.0,,,-80.40900100,27.25092000
PORT SAINT LUCIE,ST. LUCIE,ASSISTED LIVING FACILITY,6.0,,,-80.39586000,27.34100800
PORT SAINT LUCIE,ST. LUCIE,ASSISTED LIVING FACILITY,6.0,,,-80.38537200,27.28481800
PORT SAINT LUCIE,ST. LUCIE,ASSISTED LIVING FACILITY,6.0,,,-80.36875200,27.22421900
PORT SAINT LUCIE,ST. LUCIE,ASSISTED LIVING FACILITY,6.0,,,-80.36918000,27.22931300
PORT SAINT LUCIE,ST. LUCIE,ASSISTED LIVING FACILITY,6.0,,,-80.38265100,27.24024300
PORT SAINT LUCIE,ST. LUCIE,ASSISTED LIVING FACILITY,6.0,,,-80.35017100,27.21931300
PORT SAINT LUCIE,ST. LUCIE,ASSISTED LIVING FACILITY,6.0,,,-80.39880000,27.27404600
PORT SAINT LUCIE,ST. LUCIE,ASSISTED LIVING FACILITY,6.0,,,-80.34800500,27.33142500
PORT SAINT LUCIE,ST. LUCIE,ASSISTED LIVING FACILITY,6.0,,,-80.37943800,27.28413600
PORT SAINT LUCIE,ST. LUCIE,ASSISTED LIVING FACILITY,6.0,,,-80.38213200,27.29017000
PORT SAINT LUCIE,ST. LUCIE,ASSISTED LIVING FACILITY,6.0,,,-80.35955100,27.30901300
PORT SAINT LUCIE,ST. LUCIE,ASSISTED LIVING FACILITY,6.0,,,-80.35884200,27.31768300
PORT SAINT LUCIE,ST. LUCIE,ASSISTED LIVING FACILITY,6.0,,,-80.33393500,27.27583300
PORT SAINT LUCIE,ST. LUCIE,ASSISTED LIVING FACILITY,6.0,,,-80.36421100,27.29873300
PORT SAINT LUCIE,ST. LUCIE,ASSISTED LIVING FACILITY,6.0,,,-80.35063200,27.30690100
PORT ST. LUCIE\t,ST. LUCIE,AMBULATORY SURGICAL CENTER,,,,-80.29640811,27.28856226
PORT SAINT LUCIE,ST. LUCIE,ASSISTED LIVING FACILITY,5.0,,,-80.39671700,27.28049700
PORT SAINT LUCIE,ST. LUCIE,ASSISTED LIVING FACILITY,5.0,,,-80.37966000,27.26442000
PORT SAINT LUCIE,ST. LUCIE,ASSISTED LIVING FACILITY,5.0,,,-80.36637100,27.31512400
PORT SAINT LUCIE,ST. LUCIE,ASSISTED LIVING FACILITY,5.0,,,-80.34761400,27.21473800
PORT SAINT LUCIE,ST. LUCIE,ASSISTED LIVING FACILITY,5.0,,,-80.29289100,27.29696500
PORT SAINT LUCIE,ST. LUCIE,ASSISTED LIVING FACILITY,5.0,,,-80.39772100,27.25175800
PORT SAINT LUCIE,ST. LUCIE,ASSISTED LIVING FACILITY,5.0,,,-80.34009300,27.30460400
PORT SAINT LUCIE,ST. LUCIE,ASSISTED LIVING FACILITY,5.0,,,-80.41973200,27.27835300
PORT SAINT LUCIE,ST. LUCIE,ASSISTED LIVING FACILITY,5.0,,,-80.39300200,27.22874000
PORT ST. LUCIE	,ST. LUCIE,ASSISTED LIVING FACILITY,,,,-80.35432980,27.31836316
PORT ST. LUCIE	,ST. LUCIE,ASSISTED LIVING FACILITY,,,,-80.40310119,27.31662987
PORT ST. LUCIE	,ST. LUCIE,ASSISTED LIVING FACILITY,,,,-80.35074846,27.26622845
PORT SAINT LUCIE,ST. LUCIE,ASSISTED LIVING FACILITY,4.0,,,-80.28667600,27.29501400
PORT SAINT LUCIE,ST. LUCIE,ASSISTED LIVING FACILITY,4.0,,,-80.38570000,27.23410100
FORT PIERCE,ST. LUCIE,ASSISTED LIVING FACILITY,6.0,,,-80.35215200,27.48575100
FORT PIERCE,ST. LUCIE,ASSISTED LIVING FACILITY,6.0,,,-80.34414936,27.48308593
FORT PIERCE,ST. LUCIE,ASSISTED LIVING FACILITY,6.0,,,-80.31681000,27.37940100
FORT PIERCE,ST. LUCIE,ASSISTED LIVING FACILITY,6.0,,,-80.35506100,27.44495100
FORT PIERCE,ST. LUCIE,ASSISTED LIVING FACILITY,6.0,,,-80.33734300,27.42467400
PORT ST. LUCIE\t,ST. LUCIE,ASSISTED LIVING FACILITY,,,,-80.45496358,27.26682950
PORT ST. LUCIE\t,ST. LUCIE,ASSISTED LIVING FACILITY,,,,-80.37837048,27.24348100
PORT ST. LUCIE\t,ST. LUCIE,ASSISTED LIVING FACILITY,,,,-80.37691896,27.32342170
PORT ST. LUCIE\t,ST. LUCIE,ASSISTED LIVING FACILITY,,,,-80.35622501,27.27837037
PORT ST. LUCIE\t,ST. LUCIE,ASSISTED LIVING FACILITY,,,,-80.26970862,27.26704944
PORT ST. LUCIE\t,ST. LUCIE,ASSISTED LIVING FACILITY,,,,-80.35596425,27.33990448
PORT ST. LUCIE\t,ST. LUCIE,ASSISTED LIVING FACILITY,,,,-80.37138752,27.24180908
PORT ST. LUCIE\t,ST. LUCIE,ASSISTED LIVING FACILITY,,,,-80.35822497,27.33291693
PORT ST. LUCIE\t,ST. LUCIE,ASSISTED LIVING FACILITY,,,,-80.29829505,27.28444425
PORT ST. LUCIE\t,ST. LUCIE,ASSISTED LIVING FACILITY,,,,-80.29725796,27.27228384
PORT ST. LUCIE\t,ST. LUCIE,ASSISTED LIVING FACILITY,,,,-80.39897844,27.24789508
PORT ST. LUCIE\t,ST. LUCIE,ASSISTED LIVING FACILITY,,,,-80.32236524,27.29547081
PORT ST. LUCIE\t,ST. LUCIE,ASSISTED LIVING FACILITY,,,,-80.38720940,27.21209281
PORT ST. LUCIE\t,ST. LUCIE,ASSISTED LIVING FACILITY,,,,-80.28714993,27.29760543
FORT PIERCE,ST. LUCIE,ASSISTED LIVING FACILITY,16.0,,,-80.37004200,27.55271500
PORT SAINT LUCIE,ST. LUCIE,ASSISTED LIVING FACILITY,33.0,,,-80.35428900,27.33425600
PORT SAINT LUCIE,ST. LUCIE,ASSISTED LIVING FACILITY,50.0,,,-80.28474600,27.27252800
FORT PIERCE,ST. LUCIE,ASSISTED LIVING FACILITY,,,,-80.38195554,27.41142108
FORT PIERCE,ST. LUCIE,ASSISTED LIVING FACILITY,,,,-80.33736827,27.44193246
FORT PIERCE,ST. LUCIE,ASSISTED LIVING FACILITY,,,,-80.36957774,27.46821786
PORT SAINT LUCIE,ST. LUCIE,ASSISTED LIVING FACILITY,8.0,,,-80.31535200,27.27030300
PORT SAINT LUCIE,ST. LUCIE,ASSISTED LIVING FACILITY,56.0,,,-80.36331000,27.27418400
FORT PIERCE,ST. LUCIE,ASSISTED LIVING FACILITY,20.0,,,-80.33421200,27.37695200
FORT PIERCE,ST. LUCIE,ASSISTED LIVING FACILITY,20.0,,,-80.34595000,27.43517800
FORT PIERCE,ST. LUCIE,ASSISTED LIVING FACILITY,12.0,,,-80.36257300,27.37264100
FORT PIERCE,ST. LUCIE,ASSISTED LIVING FACILITY,140.0,,,-80.34142400,27.43555700
FORT PIERCE,ST. LUCIE,ASSISTED LIVING FACILITY,8.0,,,-80.35746382,27.46594493
FORT PIERCE,ST. LUCIE,ASSISTED LIVING FACILITY,8.0,,,-80.29111300,27.46447100
PORT SAINT LUCIE,ST. LUCIE,ASSISTED LIVING FACILITY,110.0,,,-80.29948900,27.28633700
PORT SAINT LUCIE,ST. LUCIE,ASSISTED LIVING FACILITY,80.0,,,-80.37521200,27.32918200
FORT PIERCE,ST. LUCIE,ASSISTED LIVING FACILITY,55.0,,,-80.32166000,27.40000800
PORT SAINT LUCIE,ST. LUCIE,ASSISTED LIVING FACILITY,128.0,,,-80.28967200,27.27846000
FORT PIERCE,ST. LUCIE,ASSISTED LIVING FACILITY,10.0,,,-80.40630392,27.49836779
FORT PIERCE,ST. LUCIE,ASSISTED LIVING FACILITY,5.0,,,-80.39609100,27.54661800
FORT PIERCE,ST. LUCIE,ASSISTED LIVING FACILITY,79.0,,,-80.34998200,27.41450900
PORT SAINT LUCIE,ST. LUCIE,ASSISTED LIVING FACILITY,7.0,,,-80.37275300,27.26858600
PORT SAINT LUCIE,ST. LUCIE,ASSISTED LIVING FACILITY,10.0,,,-80.36373100,27.29331800
PORT SAINT LUCIE,ST. LUCIE,ASSISTED LIVING FACILITY,120.0,,,-80.28419700,27.26377300
JAY,SANTA ROSA,ASSISTED LIVING FACILITY,70.0,,,-87.14819159,30.94977031
GULF BREEZE,SANTA ROSA,ASSISTED LIVING FACILITY,60.0,,,-87.08241532,30.38616248
GULF BREEZE,SANTA ROSA,ASSISTED LIVING FACILITY,110.0,,,-87.16436370,30.35612967
GULF BREEZE,SANTA ROSA,ASSISTED LIVING FACILITY,80.0,,,-87.08071022,30.38876122
GULF BREEZE,SANTA ROSA,ASSISTED LIVING FACILITY,120.0,,,-87.03903986,30.39484569
MILTON,SANTA ROSA,ASSISTED LIVING FACILITY,44.0,,,-87.07367687,30.63468726
PACE,SANTA ROSA,ASSISTED LIVING FACILITY,50.0,,,-87.16200014,30.60718707
MILTON,SANTA ROSA,ASSISTED LIVING FACILITY,60.0,,,-87.07711210,30.63643700
GULF BREEZE,SANTA ROSA,AMBULATORY SURGICAL CENTER,0.0,,,-87.15914306,30.35856582
GULF BREEZE,SANTA ROSA,AMBULATORY SURGICAL CENTER,0.0,,,-87.15655463,30.36243547
MILTON,SANTA ROSA,END-STAGE RENAL DISEASE,0.0,,,-87.06898324,30.63441259
MILTON,SANTA ROSA,END-STAGE RENAL DISEASE,0.0,,,-87.08085570,30.60202436
JAY,SANTA ROSA,RURAL HEALTH CLINIC,0.0,,,-87.15145507,30.94890982
NAVARRE,SANTA ROSA,RURAL HEALTH CLINIC,0.0,,,-86.85154057,30.40591465
NAVARRE,SANTA ROSA,END-STAGE RENAL DISEASE,0.0,,,-86.85154057,30.40591465
PACE,SANTA ROSA,AMBULATORY SURGICAL CENTER,0.0,,,-87.16786356,30.59739905
MILTON,SANTA ROSA,SKILLED NURSING FACILITY,60.0,,,-87.06367278,30.63013038
MILTON,SANTA ROSA,SKILLED NURSING FACILITY,110.0,,,-87.03711355,30.62976819
MILTON,SANTA ROSA,SKILLED NURSING FACILITY,120.0,,,-87.06477967,30.63612483
MILTON,SANTA ROSA,ADULT FAMILY CARE HOME,2.0,,,-87.04523222,30.58208936
MILTON,SANTA ROSA,ADULT FAMILY CARE HOME,4.0,,,-87.04416240,30.68575237
MILTON,SANTA ROSA,PUBLIC HEALTH OFFICE,0.0,,,-87.04375235,30.63542317
JAY,SANTA ROSA,PUBLIC HEALTH OFFICE,0.0,,,-87.15080762,30.95018506
GULF BREEZE,SANTA ROSA,PUBLIC HEALTH OFFICE,0.0,,,-86.97951225,30.40387851
SARASOTA,SARASOTA,PUBLIC HEALTH OFFICE,0.0,,,-82.45089232,27.32144504
SARASOTA,SARASOTA,PUBLIC HEALTH OFFICE,0.0,,,-82.52485463,27.35796588
SARASOTA,SARASOTA,PUBLIC HEALTH OFFICE,0.0,,,-82.52594708,27.33518683
VENICE,SARASOTA,PUBLIC HEALTH OFFICE,0.0,,,-82.40051963,27.04897368
VENICE,SARASOTA,PUBLIC HEALTH OFFICE,0.0,,,-82.32303657,27.04057416
ENGLEWOOD,SARASOTA,ADULT FAMILY CARE HOME,5.0,,,-82.32906437,26.96002436
VENICE,SARASOTA,ADULT FAMILY CARE HOME,0.0,,,-82.43028553,27.06737376
NORTH PORT,SARASOTA,ADULT FAMILY CARE HOME,5.0,,,-82.24223646,27.05891320
NORTH PORT,SARASOTA,ADULT FAMILY CARE HOME,5.0,,,-82.25052325,27.09098753
NORTH PORT,SARASOTA,ADULT FAMILY CARE HOME,5.0,,,-82.24336398,27.03535851
NORTH PORT,SARASOTA,ADULT FAMILY CARE HOME,5.0,,,-82.12893879,27.05970960
VENICE,SARASOTA,ADULT FAMILY CARE HOME,5.0,,,-82.42581932,27.07184929
NORTH PORT,SARASOTA,ADULT FAMILY CARE HOME,4.0,,,-82.14219843,27.07328493
NORTH PORT,SARASOTA,ADULT FAMILY CARE HOME,4.0,,,-82.26530257,27.04869771
SARASOTA,SARASOTA,ADULT FAMILY CARE HOME,5.0,,,-82.51807179,27.28026249
SARASOTA,SARASOTA,ADULT FAMILY CARE HOME,5.0,,,-82.46111849,27.29953324
SARASOTA,SARASOTA,ADULT FAMILY CARE HOME,0.0,,,-82.53332261,27.32973049
SARASOTA,SARASOTA,SKILLED NURSING FACILITY,95.0,,,-82.49871645,27.22913404
SARASOTA,SARASOTA,SKILLED NURSING FACILITY,120.0,,,-82.51339577,27.32021861
SARASOTA,SARASOTA,SKILLED NURSING FACILITY,120.0,,,-82.46645937,27.35649320
SARASOTA,SARASOTA,SKILLED NURSING FACILITY,120.0,,,-82.46253735,27.38223059
SARASOTA,SARASOTA,SKILLED NURSING FACILITY,120.0,,,-82.45756279,27.26392302
SARASOTA,SARASOTA,SKILLED NURSING FACILITY,120.0,,,-82.53394801,27.37555125
SARASOTA,SARASOTA,SKILLED NURSING FACILITY,120.0,,,-82.49502060,27.32827335
VENICE,SARASOTA,SKILLED NURSING FACILITY,120.0,,,-82.41848041,27.10651412
VENICE,SARASOTA,SKILLED NURSING FACILITY,120.0,,,-82.43298654,27.10606573
VENICE,SARASOTA,SKILLED NURSING FACILITY,120.0,,,-82.39218527,27.08298814
SARASOTA,SARASOTA,SKILLED NURSING FACILITY,87.0,,,-82.50408124,27.34827347
SARASOTA,SARASOTA,SKILLED NURSING FACILITY,61.0,,,-82.46011850,27.24798133
SARASOTA,SARASOTA,SKILLED NURSING FACILITY,204.0,,,-82.53996995,27.35175281
SARASOTA,SARASOTA,SKILLED NURSING FACILITY,60.0,,,-82.56986185,27.32070305
SARASOTA,SARASOTA,SKILLED NURSING FACILITY,60.0,,,-82.46778303,27.24664350
SARASOTA,SARASOTA,SKILLED NURSING FACILITY,60.0,,,-82.46561538,27.32401327
SARASOTA,SARASOTA,SKILLED NURSING FACILITY,60.0,,,-82.54758028,27.34972441
SARASOTA,SARASOTA,SKILLED NURSING FACILITY,119.0,,,-82.49943073,27.23943795
SARASOTA,SARASOTA,SKILLED NURSING FACILITY,140.0,,,-82.48605530,27.27501201
SARASOTA,SARASOTA,SKILLED NURSING FACILITY,81.0,,,-82.47295636,27.33864017
VENICE,SARASOTA,SKILLED NURSING FACILITY,45.0,,,-82.41804129,27.10156271
VENICE,SARASOTA,SKILLED NURSING FACILITY,60.0,,,-82.43879882,27.08371958
NORTH PORT,SARASOTA,SKILLED NURSING FACILITY,120.0,,,-82.24071816,27.05160712
SARASOTA,SARASOTA,SKILLED NURSING FACILITY,178.0,,,-82.51327481,27.27427169
SARASOTA,SARASOTA,SKILLED NURSING FACILITY,169.0,,,-82.52819209,27.31967116
SARASOTA,SARASOTA,SKILLED NURSING FACILITY,101.0,,,-82.53548928,27.35363793
VENICE,SARASOTA,SKILLED NURSING FACILITY,129.0,,,-82.41079442,27.10122283
SARASOTA,SARASOTA,AMBULATORY SURGICAL CENTER,0.0,,,-82.44950728,27.31008430
SARASOTA,SARASOTA,AMBULATORY SURGICAL CENTER,0.0,,,-82.52994795,27.30506091
SARASOTA,SARASOTA,AMBULATORY SURGICAL CENTER,0.0,,,-82.51303742,27.28471098
SARASOTA,SARASOTA,AMBULATORY SURGICAL CENTER,0.0,,,-82.52574616,27.33654290
SARASOTA,SARASOTA,AMBULATORY SURGICAL CENTER,0.0,,,-82.53358469,27.32047413
SARASOTA,SARASOTA,AMBULATORY SURGICAL CENTER,0.0,,,-82.45234264,27.30180841
SARASOTA,SARASOTA,AMBULATORY SURGICAL CENTER,0.0,,,-82.45038080,27.30402139
SARASOTA,SARASOTA,AMBULATORY SURGICAL CENTER,0.0,,,-82.52950387,27.31336031
SARASOTA,SARASOTA,AMBULATORY SURGICAL CENTER,0.0,,,-82.51373777,27.32250259
SARASOTA,SARASOTA,AMBULATORY SURGICAL CENTER,0.0,,,-82.46915498,27.27010750
SARASOTA,SARASOTA,AMBULATORY SURGICAL CENTER,0.0,,,-82.49053980,27.29834074
SARASOTA,SARASOTA,AMBULATORY SURGICAL CENTER,0.0,,,-82.49564377,27.32547817
SARASOTA,SARASOTA,AMBULATORY SURGICAL CENTER,0.0,,,-82.52987504,27.30391991
SARASOTA,SARASOTA,AMBULATORY SURGICAL CENTER,0.0,,,-82.52794086,27.31855546
SARASOTA,SARASOTA,AMBULATORY SURGICAL CENTER,0.0,,,-82.52959395,27.31052044
VENICE,SARASOTA,AMBULATORY SURGICAL CENTER,0.0,,,-82.41499805,27.10042104
VENICE,SARASOTA,AMBULATORY SURGICAL CENTER,0.0,,,-82.44635651,27.08862474
VENICE,SARASOTA,AMBULATORY SURGICAL CENTER,0.0,,,-82.39981665,27.05018016
VENICE,SARASOTA,AMBULATORY SURGICAL CENTER,0.0,,,-82.42199180,27.10028160
SARASOTA,SARASOTA,END-STAGE RENAL DISEASE,0.0,,,-82.51437237,27.31824810
SARASOTA,SARASOTA,END-STAGE RENAL DISEASE,0.0,,,-82.53087450,27.31960251
VENICE,SARASOTA,END-STAGE RENAL DISEASE,0.0,,,-82.41823400,27.10072603
VENICE,SARASOTA,END-STAGE RENAL DISEASE,0.0,,,-82.38757641,27.07184956
SARASOTA,SARASOTA,CRISIS STABILIZATION UNIT,15.0,,,-82.54074426,27.34627035
SARASOTA,SARASOTA,CRISIS STABILIZATION UNIT,47.0,,,-82.53554521,27.35201332
SARASOTA,SARASOTA,BIRTH CENTER,0.0,,,-82.48291180,27.29920043
SARASOTA,SARASOTA,BIRTH CENTER,0.0,,,-82.54246742,27.34345107
NORTH PORT,SARASOTA,END-STAGE RENAL DISEASE,0.0,,,-82.22265345,27.03823281
SARASOTA,SARASOTA,HOSPICE,12.0,,,-82.45795990,27.26434362
VENICE,SARASOTA,HOSPICE,6.0,,,-82.36478866,27.05829781
ENGLEWOOD,SARASOTA,AMBULATORY SURGICAL CENTER,0.0,,,-82.37490603,26.99772847
SARASOTA,SARASOTA,BLOOD BANK,0.0,,,-82.53457616,27.32823638
SARASOTA,SARASOTA,ASSISTED LIVING FACILITY,12.0,,,-82.48851493,27.33680835
SARASOTA,SARASOTA,ASSISTED LIVING FACILITY,12.0,,,-82.48358934,27.33722225
SARASOTA,SARASOTA,ASSISTED LIVING FACILITY,12.0,,,-82.48420342,27.33721316
VENICE,SARASOTA,ASSISTED LIVING FACILITY,6.0,,,-82.41550506,27.07463905
VENICE,SARASOTA,ASSISTED LIVING FACILITY,6.0,,,-82.42761661,27.07474975
VENICE,SARASOTA,ASSISTED LIVING FACILITY,6.0,,,-82.41690969,27.06947843
VENICE,SARASOTA,ASSISTED LIVING FACILITY,6.0,,,-82.40209375,27.06063377
VENICE,SARASOTA,ASSISTED LIVING FACILITY,6.0,,,-82.45243146,27.10733922
VENICE,SARASOTA,ASSISTED LIVING FACILITY,100.0,,,-82.43807518,27.08356376
VENICE,SARASOTA,ASSISTED LIVING FACILITY,60.0,,,-82.43716818,27.08009994
SARASOTA,SARASOTA,ASSISTED LIVING FACILITY,70.0,,,-82.46579659,27.35375132
SARASOTA,SARASOTA,ASSISTED LIVING FACILITY,15.0,,,-82.47269841,27.33718748
VENICE,SARASOTA,ASSISTED LIVING FACILITY,110.0,,,-82.38907536,27.08363121
VENICE,SARASOTA,ASSISTED LIVING FACILITY,110.0,,,-82.41804129,27.10156271
NORTH PORT,SARASOTA,ASSISTED LIVING FACILITY,6.0,,,-82.25100536,27.05857681
NORTH PORT,SARASOTA,ASSISTED LIVING FACILITY,6.0,,,-82.24272129,27.06595188
VENICE,SARASOTA,ASSISTED LIVING FACILITY,50.0,,,-82.41380616,27.09414572
VENICE,SARASOTA,ASSISTED LIVING FACILITY,50.0,,,-82.37368205,27.09819899
SARASOTA,SARASOTA,ASSISTED LIVING FACILITY,110.0,,,-82.50181607,27.23930222
SARASOTA,SARASOTA,ASSISTED LIVING FACILITY,110.0,,,-82.47378879,27.29798454
VENICE,SARASOTA,ASSISTED LIVING FACILITY,90.0,,,-82.44730925,27.10131946
 ,SARASOTA,ASSISTED LIVING FACILITY,0.0,,,-82.53243725,27.32987423
 ,SARASOTA,ASSISTED LIVING FACILITY,0.0,,,-82.53291006,27.27630133
SARASOTA,SARASOTA,ASSISTED LIVING FACILITY,2.0,,,-82.48815743,27.33682466
VENICE,SARASOTA,ASSISTED LIVING FACILITY,27.0,,,-82.39899641,27.05309899
NOKOMIS,SARASOTA,ASSISTED LIVING FACILITY,6.0,,,-82.46605394,27.15693134
NORTH PORT,SARASOTA,ASSISTED LIVING FACILITY,50.0,,,-82.21580676,27.04730392
NORTH PORT,SARASOTA,ASSISTED LIVING FACILITY,50.0,,,-82.21594736,27.04531707
SARASOTA,SARASOTA,ASSISTED LIVING FACILITY,42.0,,,-82.48618539,27.27747911
SARASOTA,SARASOTA,ASSISTED LIVING FACILITY,56.0,,,-82.51350626,27.27524276
SARASOTA,SARASOTA,ASSISTED LIVING FACILITY,10.0,,,-82.51335607,27.34163029
SARASOTA,SARASOTA,ASSISTED LIVING FACILITY,10.0,,,-82.56986185,27.32070305
SARASOTA,SARASOTA,ASSISTED LIVING FACILITY,45.0,,,-82.46561538,27.32401327
NORTH PORT,SARASOTA,ASSISTED LIVING FACILITY,0.0,,,-82.25433764,27.06152078
SARASOTA,SARASOTA,ASSISTED LIVING FACILITY,60.0,,,-82.46011850,27.24798133
SARASOTA,SARASOTA,ASSISTED LIVING FACILITY,60.0,,,-82.47893032,27.34217221
ENGLEWOOD,SARASOTA,ASSISTED LIVING FACILITY,216.0,,,-82.33167249,26.96479992
SARASOTA,SARASOTA,ASSISTED LIVING FACILITY,72.0,,,-82.53949992,27.35063606
VENICE,SARASOTA,ASSISTED LIVING FACILITY,9.0,,,-82.45321225,27.09686054
NOKOMIS,SARASOTA,ASSISTED LIVING FACILITY,16.0,,,-82.46720368,27.13154029
SARASOTA,SARASOTA,ASSISTED LIVING FACILITY,95.0,,,-82.50493979,27.33825299
SARASOTA,SARASOTA,ASSISTED LIVING FACILITY,95.0,,,-82.46324350,27.38225238
SARASOTA,SARASOTA,ASSISTED LIVING FACILITY,44.0,,,-82.49810325,27.25210276
VENICE,SARASOTA,ASSISTED LIVING FACILITY,0.0,,,-82.41787636,27.06583609
SARASOTA,SARASOTA,ASSISTED LIVING FACILITY,173.0,,,-82.53551192,27.32928401
North Port,SARASOTA,ASSISTED LIVING FACILITY,0.0,,,-82.20698315,27.08790712
North Port,SARASOTA,ASSISTED LIVING FACILITY,0.0,,,-82.19754484,27.06440139
North Port,SARASOTA,ASSISTED LIVING FACILITY,0.0,,,-82.20337541,27.04894490
ENGLEWOOD,SARASOTA,ASSISTED LIVING FACILITY,20.0,,,-82.33146370,26.95797335
SARASOTA,SARASOTA,ASSISTED LIVING FACILITY,0.0,,,-82.40481164,27.26708539
SARASOTA,SARASOTA,ASSISTED LIVING FACILITY,0.0,,,-82.51718401,27.32597299
SARASOTA,SARASOTA,ASSISTED LIVING FACILITY,0.0,,,-82.52535420,27.26218788
SARASOTA,SARASOTA,ASSISTED LIVING FACILITY,6.0,,,-82.48385392,27.28565051
SARASOTA,SARASOTA,ASSISTED LIVING FACILITY,6.0,,,-82.50364152,27.31074394
SARASOTA,SARASOTA,ASSISTED LIVING FACILITY,6.0,,,-82.50605787,27.34797750
SARASOTA,SARASOTA,ASSISTED LIVING FACILITY,6.0,,,-82.49794361,27.31855874
SARASOTA,SARASOTA,ASSISTED LIVING FACILITY,32.0,,,-82.50021032,27.27402349
VENICE,SARASOTA,ASSISTED LIVING FACILITY,10.0,,,-82.44965823,27.09494607
SARASOTA,SARASOTA,ASSISTED LIVING FACILITY,67.0,,,-82.44050732,27.30301218
ENGLEWOOD,SARASOTA,ASSISTED LIVING FACILITY,3.0,,,-82.38766346,27.01285959
SARASOTA,SARASOTA,ASSISTED LIVING FACILITY,38.0,,,-82.48373267,27.22898048
SARASOTA,SARASOTA,ASSISTED LIVING FACILITY,38.0,,,-82.54260514,27.35209603
VENICE,SARASOTA,ASSISTED LIVING FACILITY,94.0,,,-82.36502417,27.07806248
SARASOTA,SARASOTA,ASSISTED LIVING FACILITY,127.0,,,-82.51350626,27.27524276
SARASOTA,SARASOTA,ASSISTED LIVING FACILITY,100.0,,,-82.52624792,27.32199694
SARASOTA,SARASOTA,ASSISTED LIVING FACILITY,100.0,,,-82.49057788,27.23740023
SARASOTA,SARASOTA,ASSISTED LIVING FACILITY,35.0,,,-82.53705867,27.32969579
ENGLEWOOD,SARASOTA,ASSISTED LIVING FACILITY,16.0,,,-82.33759785,26.95633038
SARASOTA,SARASOTA,ASSISTED LIVING FACILITY,16.0,,,-82.48895366,27.33682117
SARASOTA,SARASOTA,ASSISTED LIVING FACILITY,16.0,,,-82.48156589,27.28722017
SARASOTA,SARASOTA,ASSISTED LIVING FACILITY,30.0,,,-82.49871645,27.22913404
SARASOTA,SARASOTA,ASSISTED LIVING FACILITY,118.0,,,-82.46778303,27.24664350
SARASOTA,SARASOTA,ASSISTED LIVING FACILITY,120.0,,,-82.49502060,27.32827335
SARASOTA,SARASOTA,ASSISTED LIVING FACILITY,185.0,,,-82.47721472,27.29724273
VENICE,SARASOTA,ASSISTED LIVING FACILITY,51.0,,,-82.44395718,27.07927323
SARASOTA,SARASOTA,ASSISTED LIVING FACILITY,75.0,,,-82.53431923,27.35373331
Venice,SARASOTA,ASSISTED LIVING FACILITY,0.0,,,-82.41201348,27.04927591
SARASOTA,SARASOTA,ASSISTED LIVING FACILITY,112.0,,,-82.45244787,27.31327427
VENICE,SARASOTA,ASSISTED LIVING FACILITY,130.0,,,-82.41182275,27.10079730
SARASOTA,SARASOTA,ASSISTED LIVING FACILITY,5.0,,,-82.51758333,27.38220861
OVIEDO,SEMINOLE,ASSISTED LIVING FACILITY,38.0,,,-81.20230221,28.65127870
OVIEDO,SEMINOLE,ASSISTED LIVING FACILITY,26.0,,,-81.20324456,28.65056412
WINTER SPRINGS,SEMINOLE,ASSISTED LIVING FACILITY,16.0,,,-81.28139951,28.66163044
CASSELBERRY,SEMINOLE,ASSISTED LIVING FACILITY,5.0,,,-81.29839452,28.65802207
SANFORD,SEMINOLE,ASSISTED LIVING FACILITY,185.0,,,-81.35575150,28.81049366
WINTER PARK,SEMINOLE,ASSISTED LIVING FACILITY,25.0,,,-81.28412150,28.62191388
OVIEDO,SEMINOLE,ASSISTED LIVING FACILITY,5.0,,,-81.25458334,28.61702871
OVIEDO,SEMINOLE,ASSISTED LIVING FACILITY,5.0,,,-81.24505811,28.61231965
OVIEDO,SEMINOLE,ASSISTED LIVING FACILITY,5.0,,,-81.24754064,28.64985183
SANFORD,SEMINOLE,ASSISTED LIVING FACILITY,14.0,,,-81.29070642,28.79903359
SANFORD,SEMINOLE,ASSISTED LIVING FACILITY,14.0,,,-81.23972929,28.80180988
ALTAMONTE SPRINGS,SEMINOLE,ASSISTED LIVING FACILITY,115.0,,,-81.40369106,28.66692915
MAITLAND,SEMINOLE,ASSISTED LIVING FACILITY,5.0,,,-81.33083540,28.63973415
MAITLAND,SEMINOLE,ASSISTED LIVING FACILITY,5.0,,,-81.34489883,28.64258490
CASSELBERRY,SEMINOLE,ASSISTED LIVING FACILITY,40.0,,,-81.34707297,28.67635136
APOPKA,SEMINOLE,ASSISTED LIVING FACILITY,25.0,,,-81.44271464,28.65722171
APOPKA,SEMINOLE,ASSISTED LIVING FACILITY,36.0,,,-81.45616827,28.66518774
WINTER SPRINGS,SEMINOLE,ASSISTED LIVING FACILITY,5.0,,,-81.27496529,28.66237840
WINTER SPRINGS,SEMINOLE,ASSISTED LIVING FACILITY,5.0,,,-81.26812072,28.68275442
ALTAMONTE SPRINGS,SEMINOLE,ASSISTED LIVING FACILITY,5.0,,,-81.43210936,28.65978662
ALTAMONTE SPRINGS,SEMINOLE,ASSISTED LIVING FACILITY,5.0,,,-81.37155817,28.64717243
OVIEDO,SEMINOLE,ASSISTED LIVING FACILITY,31.0,,,-81.23168139,28.64180710
LONGWOOD,SEMINOLE,ASSISTED LIVING FACILITY,57.0,,,-81.34517653,28.69355772
ALTAMONTE SPRINGS,SEMINOLE,ASSISTED LIVING FACILITY,170.0,,,-81.37066179,28.66143809
WINTER PARK,SEMINOLE,ASSISTED LIVING FACILITY,6.0,,,-81.28915276,28.63367054
WINTER PARK,SEMINOLE,ASSISTED LIVING FACILITY,6.0,,,-81.27226526,28.63638049
SANFORD,SEMINOLE,ASSISTED LIVING FACILITY,115.0,,,-81.28357172,28.77263045
LONGWOOD,SEMINOLE,ASSISTED LIVING FACILITY,70.0,,,-81.33456409,28.69878004
CASSELBERRY,SEMINOLE,ASSISTED LIVING FACILITY,78.0,,,-81.33250832,28.67686704
MAITLAND,SEMINOLE,ASSISTED LIVING FACILITY,6.0,,,-81.33969951,28.64190865
MAITLAND,SEMINOLE,ASSISTED LIVING FACILITY,6.0,,,-81.33502553,28.64533903
LAKE MARY,SEMINOLE,ASSISTED LIVING FACILITY,120.0,,,-81.36823745,28.74804433
LONGWOOD,SEMINOLE,ASSISTED LIVING FACILITY,112.0,,,-81.33878198,28.70049688
OVIEDO,SEMINOLE,ASSISTED LIVING FACILITY,36.0,,,-81.20264257,28.65027187
OVIEDO,SEMINOLE,ASSISTED LIVING FACILITY,75.0,,,-81.25316058,28.64711261
LAKE MARY,SEMINOLE,ASSISTED LIVING FACILITY,92.0,,,-81.33786925,28.75379066
LONGWOOD,SEMINOLE,ASSISTED LIVING FACILITY,75.0,,,-81.36638868,28.69615730
SANFORD,SEMINOLE,ASSISTED LIVING FACILITY,10.0,,,-81.24966092,28.79945169
WINTER SPRINGS,SEMINOLE,ASSISTED LIVING FACILITY,102.0,,,-81.27348357,28.64604728
APOPKA,SEMINOLE,ASSISTED LIVING FACILITY,12.0,,,-81.44288346,28.65485499
ALTAMONTE SPRINGS,SEMINOLE,ASSISTED LIVING FACILITY,180.0,,,-81.37646175,28.66137425
LAKE MARY,SEMINOLE,ASSISTED LIVING FACILITY,102.0,,,-81.34224277,28.75527181
ALTAMONTE SPRINGS,SEMINOLE,ASSISTED LIVING FACILITY,13.0,,,-81.43095000,28.67882157
SANFORD,SEMINOLE,ASSISTED LIVING FACILITY,15.0,,,-81.27351561,28.76948488
WINTER SPRINGS,SEMINOLE,ASSISTED LIVING FACILITY,60.0,,,-81.26941385,28.64533752
SANFORD,SEMINOLE,ASSISTED LIVING FACILITY,65.0,,,-81.26637883,28.79952862
SANFORD,SEMINOLE,ASSISTED LIVING FACILITY,12.0,,,-81.35148534,28.80876914
CHULUOTA,SEMINOLE,ASSISTED LIVING FACILITY,13.0,,,-81.12656663,28.64337475
APOPKA,SEMINOLE,ASSISTED LIVING FACILITY,17.0,,,-81.43792012,28.64891092
SANFORD,SEMINOLE,ASSISTED LIVING FACILITY,48.0,,,-81.28640419,28.80472842
WINTER SPRINGS,SEMINOLE,ASSISTED LIVING FACILITY,6.0,,,-81.29969433,28.70074751
APOPKA,SEMINOLE,ASSISTED LIVING FACILITY,20.0,,,-81.44648679,28.67052431
SANFORD,SEMINOLE,ASSISTED LIVING FACILITY,6.0,,,-81.27679005,28.78003257
ALTAMONTE SPRINGS,SEMINOLE,AMBULATORY SURGICAL CENTER,0.0,,,-81.36531011,28.65032708
ALTAMONTE SPRINGS,SEMINOLE,AMBULATORY SURGICAL CENTER,0.0,,,-81.37154418,28.66126774
ALTAMONTE SPRINGS,SEMINOLE,AMBULATORY SURGICAL CENTER,0.0,,,-81.37147448,28.66188815
ALTAMONTE SPRINGS,SEMINOLE,AMBULATORY SURGICAL CENTER,0.0,,,-81.37418708,28.67424077
ALTAMONTE SPRINGS,SEMINOLE,HOSPICE,6.0,,,-81.40103181,28.67229963
ALTAMONTE SPRINGS,SEMINOLE,HOSPICE,16.0,,,-81.40108340,28.67196417
CASSELBERRY,SEMINOLE,INTERMEDIATE CARE FACILITY,6.0,,,-81.34002086,28.68303796
WINTER PARK,SEMINOLE,INTERMEDIATE CARE FACILITY,64.0,,,-81.30213430,28.62371321
SANFORD,SEMINOLE,RESIDENTIAL TREATMENT FACILITY,16.0,,,-81.25788157,28.80916126
FERN PARK,SEMINOLE,RESIDENTIAL TREATMENT FACILITY,48.0,,,-81.34942063,28.64852180
FERN PARK,SEMINOLE,INTERMEDIATE CARE FACILITY,64.0,,,-81.33789511,28.65432678
SANFORD,SEMINOLE,END-STAGE RENAL DISEASE,0.0,,,-81.28628575,28.81105663
SANFORD,SEMINOLE,END-STAGE RENAL DISEASE,0.0,,,-81.26420619,28.81110157
ALTAMONTE SPRINGS,SEMINOLE,END-STAGE RENAL DISEASE,0.0,,,-81.41326475,28.64484542
ALTAMONTE SPRINGS,SEMINOLE,END-STAGE RENAL DISEASE,0.0,,,-81.38726043,28.64770177
LONGWOOD,SEMINOLE,END-STAGE RENAL DISEASE,0.0,,,-81.35697728,28.69825970
CHULUOTA,SEMINOLE,RESIDENTIAL TREATMENT FACILITY,12.0,,,-81.11585599,28.66428543
WINTER PARK,SEMINOLE,RESIDENTIAL TREATMENT FACILITY,40.0,,,-81.28382655,28.62432583
SANFORD,SEMINOLE,BIRTH CENTER,0.0,,,-81.28241008,28.81273490
SANFORD,SEMINOLE,CRISIS STABILIZATION UNIT,30.0,,,-81.25883952,28.80935117
CASSELBERRY,SEMINOLE,END-STAGE RENAL DISEASE,0.0,,,-81.33986843,28.66724863
APOPKA,SEMINOLE,END-STAGE RENAL DISEASE,0.0,,,-81.44742458,28.66771036
LAKE MARY,SEMINOLE,AMBULATORY SURGICAL CENTER,0.0,,,-81.35002372,28.77220849
LAKE MARY,SEMINOLE,AMBULATORY SURGICAL CENTER,0.0,,,-81.36595281,28.74656413
LAKE MARY,SEMINOLE,AMBULATORY SURGICAL CENTER,0.0,,,-81.34641632,28.78364558
WINTER PARK,SEMINOLE,AMBULATORY SURGICAL CENTER,0.0,,,-81.26914525,28.61831297
SANFORD,SEMINOLE,SKILLED NURSING FACILITY,114.0,,,-81.25622644,28.80384963
LAKE MARY,SEMINOLE,SKILLED NURSING FACILITY,120.0,,,-81.35009450,28.75779341
WINTER SPRINGS,SEMINOLE,SKILLED NURSING FACILITY,98.0,,,-81.27317042,28.64465582
LONGWOOD,SEMINOLE,SKILLED NURSING FACILITY,120.0,,,-81.33476597,28.68632614
LONGWOOD,SEMINOLE,SKILLED NURSING FACILITY,120.0,,,-81.36494760,28.69639017
APOPKA,SEMINOLE,SKILLED NURSING FACILITY,202.0,,,-81.44648679,28.67052431
LONGWOOD,SEMINOLE,SKILLED NURSING FACILITY,60.0,,,-81.40615859,28.69306615
OVIEDO,SEMINOLE,SKILLED NURSING FACILITY,42.0,,,-81.23168139,28.64180710
ALTAMONTE SPRINGS,SEMINOLE,SKILLED NURSING FACILITY,116.0,,,-81.42620985,28.65900176
ALTAMONTE SPRINGS,SEMINOLE,SKILLED NURSING FACILITY,240.0,,,-81.35875935,28.66178464
OVIEDO,SEMINOLE,ADULT FAMILY CARE HOME,5.0,,,-81.25975683,28.63384485
LONGWOOD,SEMINOLE,ADULT FAMILY CARE HOME,4.0,,,-81.36977360,28.74140234
WINTER PARK,SEMINOLE,ADULT FAMILY CARE HOME,5.0,,,-81.27822037,28.63767293
SANFORD,SEMINOLE,ADULT FAMILY CARE HOME,4.0,,,-81.26820899,28.80037791
APOPKA,SEMINOLE,ADULT FAMILY CARE HOME,5.0,,,-81.45059478,28.66859515
CASSELBERRY,SEMINOLE,PUBLIC HEALTH OFFICE,0.0,,,-81.32167166,28.64347463
SANFORD,SEMINOLE,PUBLIC HEALTH OFFICE,0.0,,,-81.28511922,28.77384903
Bushnell,SUMTER,PUBLIC HEALTH OFFICE,0.0,,,-82.10520842,28.66434459
Wildwood,SUMTER,PUBLIC HEALTH OFFICE,0.0,,,-82.04051998,28.86110042
WILDWOOD,SUMTER,SKILLED NURSING FACILITY,180.0,,,-82.03586521,28.85507231
BUSHNELL,SUMTER,SKILLED NURSING FACILITY,60.0,,,-82.11205959,28.68036228
THE VILLAGES,SUMTER,AMBULATORY SURGICAL CENTER,,,,-81.95590500,28.95203410
LADY LAKE,SUMTER,AMBULATORY SURGICAL CENTER,0.0,,,-81.96306744,28.95631008
LADY LAKE,SUMTER,AMBULATORY SURGICAL CENTER,0.0,,,-81.96037631,28.91941457
THE VILLAGES,SUMTER,AMBULATORY SURGICAL CENTER,0.0,,,-81.97811452,28.90830702
THE VILLAGES,SUMTER,END-STAGE RENAL DISEASE,0.0,,,-82.00059100,28.92592500
LADY LAKE,SUMTER,END-STAGE RENAL DISEASE,0.0,,,-81.96437785,28.95755142
THE VILLAGES,SUMTER,CRISIS STABILIZATION UNIT,30.0,,,-81.97811452,28.90830702
SUMTERVILLE,SUMTER,RESIDENTIAL TREATMENT FACILITY,12.0,,,-82.06159877,28.74995070
WILDWOOD,SUMTER,RURAL HEALTH CLINIC,0.0,,,-82.03929900,28.86452400
BUSHNELL,SUMTER,RURAL HEALTH CLINIC,0.0,,,-82.11063300,28.65847100
BUSHNELL,SUMTER,RURAL HEALTH CLINIC,0.0,,,-82.11393200,28.66853300
THE VILLAGES,SUMTER,RURAL HEALTH CLINIC,0.0,,,-82.00459000,28.92483100
LADY LAKE,SUMTER,HOSPICE,12.0,,,-81.97299778,28.91956658
SUMTERVILLE,SUMTER,HOSPICE,8.0,,,-82.06316960,28.73964837
LADY LAKE ,SUMTER,AMBULATORY SURGICAL CENTER,0.0,,,-81.96420495,28.95986872
The Villages,SUMTER,ASSISTED LIVING FACILITY,0.0,,,-82.01520627,28.92557000
The Villages,SUMTER,ASSISTED LIVING FACILITY,0.0,,,-81.99015710,28.86491864
Oxford,SUMTER,ASSISTED LIVING FACILITY,0.0,,,-82.02572881,28.93272180
Lady Lake,SUMTER,ASSISTED LIVING FACILITY,,,,-81.95897410,28.95666614
Wildwood,SUMTER,ASSISTED LIVING FACILITY,0.0,,,-82.03275224,28.86586291
LADY LAKE,SUMTER,ASSISTED LIVING FACILITY,58.0,,,-81.95917807,28.94858156
Lady Lake,SUMTER,ASSISTED LIVING FACILITY,0.0,,,-81.95564104,28.95368237
WEBSTER,SUMTER,ASSISTED LIVING FACILITY,8.0,,,-82.03662915,28.56757263
The Villages,SUMTER,ASSISTED LIVING FACILITY,,,,-81.96536267,28.95194620
Wildwood,SUMTER,ASSISTED LIVING FACILITY,,,,-82.02032001,28.89989872
WEBSTER,SUMTER,ASSISTED LIVING FACILITY,16.0,,,-82.09752085,28.57053818
THE VILLAGES,SUMTER,ASSISTED LIVING FACILITY,128.0,,,-82.00459000,28.92483100
OXFORD,SUMTER,ASSISTED LIVING FACILITY,74.0,,,-82.03712300,28.91286000
LIVE OAK,SUWANNEE,ASSISTED LIVING FACILITY,60.0,,,-83.23310080,30.25376533
LIVE OAK,SUWANNEE,RURAL HEALTH CLINIC,0.0,,,-83.23336513,30.25229105
LIVE OAK,SUWANNEE,RURAL HEALTH CLINIC,0.0,,,-83.00076637,30.29035378
LIVE OAK,SUWANNEE,RURAL HEALTH CLINIC,0.0,,,-82.97370286,30.30898306
LIVE OAK,SUWANNEE,RURAL HEALTH CLINIC,0.0,,,-82.99171982,30.29840150
LIVE OAK,SUWANNEE,RURAL HEALTH CLINIC,0.0,,,-82.97968367,30.29222179
BRANFORD,SUWANNEE,RURAL HEALTH CLINIC,0.0,,,-82.93011532,29.96018381
BRANFORD,SUWANNEE,RURAL HEALTH CLINIC,0.0,,,-82.92977998,29.96090393
LIVE OAK,SUWANNEE,END-STAGE RENAL DISEASE,0.0,,,-82.96415704,30.32631355
LIVE OAK,SUWANNEE,SKILLED NURSING FACILITY,180.0,,,-82.96473768,30.28536999
LIVE OAK,SUWANNEE,SKILLED NURSING FACILITY,60.0,,,-82.97206455,30.29064413
LIVE OAK,SUWANNEE,SKILLED NURSING FACILITY,161.0,,,-83.23310080,30.25376533
PERRY,TAYLOR,SKILLED NURSING FACILITY,120.0,,,-83.58949521,30.12562845
PERRY,TAYLOR,END-STAGE RENAL DISEASE,0.0,,,-83.58264100,30.11795800
PERRY,TAYLOR,RURAL HEALTH CLINIC,0.0,,,-83.59763176,30.12719886
PERRY,TAYLOR,RURAL HEALTH CLINIC,0.0,,,-83.57773800,30.12822200
PERRY,TAYLOR,RURAL HEALTH CLINIC,0.0,,,-83.57951100,30.12823300
PERRY,TAYLOR,RURAL HEALTH CLINIC,0.0,,,-83.58240000,30.10435500
STEINHATCHEE,TAYLOR,RURAL HEALTH CLINIC,0.0,,,-83.37464300,29.67296000
LAKE BUTLER,UNION,RURAL HEALTH CLINIC,0.0,,,-82.33542600,30.01836200
LAKE BUTLER,UNION,AMBULATORY SURGICAL CENTER,0.0,,,-82.35700000,29.98140000
ORMOND BEACH,VOLUSIA,AMBULATORY SURGICAL CENTER,0.0,,,-81.08143500,29.28346900
ORMOND BEACH,VOLUSIA,AMBULATORY SURGICAL CENTER,0.0,,,-81.09380700,29.25835000
ORMOND BEACH,VOLUSIA,AMBULATORY SURGICAL CENTER,0.0,,,-81.09418200,29.26167300
PORT ORANGE,VOLUSIA,AMBULATORY SURGICAL CENTER,0.0,,,-81.01176600,29.12386700
PORT ORANGE,VOLUSIA,AMBULATORY SURGICAL CENTER,0.0,,,-81.03516400,29.15135000
ORANGE CITY,VOLUSIA,AMBULATORY SURGICAL CENTER,0.0,,,-81.28785800,28.90778600
ORANGE CITY,VOLUSIA,AMBULATORY SURGICAL CENTER,0.0,,,-81.28528400,28.91526200
DAYTONA BEACH,VOLUSIA,AMBULATORY SURGICAL CENTER,0.0,,,-81.04901200,29.16565300
DAYTONA BEACH,VOLUSIA,AMBULATORY SURGICAL CENTER,0.0,,,-81.06046100,29.20815400
DAYTONA BEACH,VOLUSIA,AMBULATORY SURGICAL CENTER,0.0,,,-81.06002900,29.20776600
DELAND,VOLUSIA,AMBULATORY SURGICAL CENTER,0.0,,,-81.31618800,29.04084800
DELAND,VOLUSIA,ASSISTED LIVING FACILITY,77.0,,,-81.30306000,29.01768100
DEBARY,VOLUSIA,ASSISTED LIVING FACILITY,6.0,,,-81.28020200,28.90274800
HOLLY HILL,VOLUSIA,ASSISTED LIVING FACILITY,8.0,,,-81.03305500,29.23468500
HOLLY HILL,VOLUSIA,ASSISTED LIVING FACILITY,8.0,,,-81.05099541,29.24513003
DAYTONA BEACH,VOLUSIA,ASSISTED LIVING FACILITY,16.0,,,-81.05353800,29.22679600
HOLLY HILL,VOLUSIA,ASSISTED LIVING FACILITY,450.0,,,-81.05569600,29.24000100
ORMOND BEACH,VOLUSIA,ASSISTED LIVING FACILITY,6.0,,,-81.05315771,29.27060284
ORMOND BEACH,VOLUSIA,ASSISTED LIVING FACILITY,6.0,,,-81.07262900,29.25031600
ORMOND BEACH,VOLUSIA,ASSISTED LIVING FACILITY,6.0,,,-81.07514500,29.25108600
DAYTONA BEACH,VOLUSIA,ASSISTED LIVING FACILITY,6.0,,,-81.02285500,29.18410500
DAYTONA BEACH,VOLUSIA,ASSISTED LIVING FACILITY,6.0,,,-81.03559000,29.16997000
DAYTONA BEACH,VOLUSIA,ASSISTED LIVING FACILITY,6.0,,,-81.02464800,29.18203600
DAYTONA BEACH,VOLUSIA,ASSISTED LIVING FACILITY,6.0,,,-81.01961800,29.18145700
PORT ORANGE,VOLUSIA,ASSISTED LIVING FACILITY,102.0,,,-81.02545100,29.11256000
PORT ORANGE,VOLUSIA,ASSISTED LIVING FACILITY,6.0,,,-81.04000100,29.14788700
PORT ORANGE,VOLUSIA,ASSISTED LIVING FACILITY,6.0,,,-80.97805200,29.11446300
PORT ORANGE,VOLUSIA,ASSISTED LIVING FACILITY,6.0,,,-81.03137799,29.12232330
PORT ORANGE,VOLUSIA,ASSISTED LIVING FACILITY,6.0,,,-80.98184700,29.11259400
PORT ORANGE,VOLUSIA,ASSISTED LIVING FACILITY,6.0,,,-81.03831300,29.14053900
PORT ORANGE,VOLUSIA,ASSISTED LIVING FACILITY,6.0,,,-81.03668000,29.12219100
PORT ORANGE,VOLUSIA,ASSISTED LIVING FACILITY,6.0,,,-81.02011417,29.11216373
PORT ORANGE,VOLUSIA,ASSISTED LIVING FACILITY,6.0,,,-81.04225000,29.14394000
PORT ORANGE,VOLUSIA,ASSISTED LIVING FACILITY,6.0,,,-81.00947200,29.10578900
PORT ORANGE,VOLUSIA,ASSISTED LIVING FACILITY,6.0,,,-81.00308100,29.13897500
PORT ORANGE,VOLUSIA,ASSISTED LIVING FACILITY,6.0,,,-81.00195569,29.09373637
DAYTONA BEACH,VOLUSIA,ASSISTED LIVING FACILITY,25.0,,,-81.01408800,29.19441700
DELAND,VOLUSIA,ASSISTED LIVING FACILITY,30.0,,,-81.30565343,29.01808902
ORMOND BEACH,VOLUSIA,ASSISTED LIVING FACILITY,95.0,,,-81.09480800,29.26922900
DELAND,VOLUSIA,ASSISTED LIVING FACILITY,15.0,,,-81.32283300,29.01630900
HOLLY HILL,VOLUSIA,ASSISTED LIVING FACILITY,80.0,,,-81.03125900,29.22652300
HOLLY HILL,VOLUSIA,ASSISTED LIVING FACILITY,80.0,,,-81.04899523,29.26180377
DELAND,VOLUSIA,ASSISTED LIVING FACILITY,220.0,,,-81.29650200,29.02622300
NEW SMYRNA BEACH,VOLUSIA,ASSISTED LIVING FACILITY,15.0,,,-80.92549100,29.03180900
HOLLY HILL,VOLUSIA,ASSISTED LIVING FACILITY,,,,-81.05540965,29.24060528
ORMOND BEACH,VOLUSIA,ASSISTED LIVING FACILITY,70.0,,,-81.07894700,29.28641300
NEW SMYRNA BEACH,VOLUSIA,ASSISTED LIVING FACILITY,16.0,,,-80.93509483,29.02363481
DELTONA,VOLUSIA,ASSISTED LIVING FACILITY,6.0,,,-81.26414200,28.90780100
DELTONA,VOLUSIA,ASSISTED LIVING FACILITY,6.0,,,-81.16877900,28.91029500
DELTONA,VOLUSIA,ASSISTED LIVING FACILITY,6.0,,,-81.18479000,28.94576100
DELTONA,VOLUSIA,ASSISTED LIVING FACILITY,6.0,,,-81.26107900,28.92654300
EDGEWATER,VOLUSIA,ASSISTED LIVING FACILITY,14.0,,,-80.91064000,28.97447100
EDGEWATER,VOLUSIA,ASSISTED LIVING FACILITY,14.0,,,-80.91109300,28.97715200
ORMOND BEACH,VOLUSIA,ASSISTED LIVING FACILITY,60.0,,,-81.11750900,29.25396800
PORT ORANGE,VOLUSIA,ASSISTED LIVING FACILITY,14.0,,,-80.98770900,29.13651800
PORT ORANGE,VOLUSIA,ASSISTED LIVING FACILITY,14.0,,,-81.01803900,29.13751600
ENTERPRISE,VOLUSIA,RESIDENTIAL TREATMENT FACILITY,11.0,,,-81.26652146,28.86807566
DELAND,VOLUSIA,RURAL HEALTH CLINIC,0.0,,,-81.31654200,29.04901100
ORANGE CITY,VOLUSIA,RURAL HEALTH CLINIC,0.0,,,-81.29149264,28.90684633
EDGEWATER,VOLUSIA,HOSPICE,12.0,,,-80.89992503,28.97804645
ORMOND BEACH,VOLUSIA,HOSPICE,12.0,,,-81.11975900,29.25325200
ORANGE CITY,VOLUSIA,HOSPICE,18.0,,,-81.28269769,28.92797009
PORT ORANGE,VOLUSIA,HOSPICE,16.0,,,-81.00966586,29.12790913
DELTONA,VOLUSIA,END-STAGE RENAL DISEASE,0.0,,,-81.27269654,28.89598839
NEW SMYRNA BEACH,VOLUSIA,END-STAGE RENAL DISEASE,0.0,,,-80.93014100,29.01914600
NEW SMYRNA BEACH,VOLUSIA,END-STAGE RENAL DISEASE,0.0,,,-80.92538400,29.02383400
DELAND,VOLUSIA,END-STAGE RENAL DISEASE,0.0,,,-81.29765800,29.02806400
DAYTONA BEACH,VOLUSIA,END-STAGE RENAL DISEASE,0.0,,,-81.06122800,29.21191700
DAYTONA BEACH,VOLUSIA,END-STAGE RENAL DISEASE,0.0,,,-81.06133500,29.20690500
ORMOND BEACH,VOLUSIA,END-STAGE RENAL DISEASE,0.0,,,-81.07955400,29.26832500
ORANGE CITY,VOLUSIA,END-STAGE RENAL DISEASE,0.0,,,-81.30211200,28.91435900
SOUTH DAYTONA,VOLUSIA,END-STAGE RENAL DISEASE,0.0,,,-81.02524400,29.16976500
DELAND,VOLUSIA,BIRTH CENTER,0.0,,,-81.30323000,29.02323200
DAYTONA BEACH,VOLUSIA,CRISIS STABILIZATION UNIT,30.0,,,-81.14922600,29.13456300
NEW SMYRNA BEACH,VOLUSIA,AMBULATORY SURGICAL CENTER,0.0,,,-80.92230300,29.01966800
PORT ORANGE,VOLUSIA,ASSISTED LIVING FACILITY,60.0,,,-81.00949500,29.12159800
DELTONA,VOLUSIA,ASSISTED LIVING FACILITY,8.0,,,-81.19068200,28.85592800
ORMOND BEACH,VOLUSIA,ASSISTED LIVING FACILITY,110.0,,,-81.08502500,29.28859500
NEW SMYRNA BEACH,VOLUSIA,ASSISTED LIVING FACILITY,11.0,,,-80.93263000,29.02115500
ORANGE CITY,VOLUSIA,ASSISTED LIVING FACILITY,10.0,,,-81.27220100,28.94134300
ORANGE CITY,VOLUSIA,ASSISTED LIVING FACILITY,104.0,,,-81.29545100,28.92128300
DAYTONA BEACH,VOLUSIA,ASSISTED LIVING FACILITY,28.0,,,-81.01831000,29.17960700
DAYTONA BEACH,VOLUSIA,ASSISTED LIVING FACILITY,15.0,,,-81.07039300,29.22146900
DAYTONA BEACH,VOLUSIA,ASSISTED LIVING FACILITY,15.0,,,-81.07034300,29.21906000
DELAND,VOLUSIA,ASSISTED LIVING FACILITY,11.0,,,-81.34425200,29.03492800
DELAND,VOLUSIA,ASSISTED LIVING FACILITY,11.0,,,-81.32730100,29.02787300
DELTONA,VOLUSIA,ASSISTED LIVING FACILITY,12.0,,,-81.21958000,28.94058000
DELAND,VOLUSIA,ASSISTED LIVING FACILITY,12.0,,,-81.30871300,28.99158800
DELAND,VOLUSIA,ASSISTED LIVING FACILITY,175.0,,,-81.30307800,29.00253200
PORT ORANGE,VOLUSIA,ASSISTED LIVING FACILITY,40.0,,,-80.97508100,29.11421800
DELAND,VOLUSIA,ASSISTED LIVING FACILITY,45.0,,,-81.28703300,29.03407000
ORANGE CITY,VOLUSIA,ASSISTED LIVING FACILITY,60.0,,,-81.28508500,28.94579300
DELAND,VOLUSIA,ASSISTED LIVING FACILITY,6.0,,,-81.32139900,28.99976600
DELAND,VOLUSIA,ASSISTED LIVING FACILITY,6.0,,,-81.31764200,29.01334100
DELAND,VOLUSIA,ASSISTED LIVING FACILITY,6.0,,,-81.31131000,29.01811200
DELAND,VOLUSIA,ASSISTED LIVING FACILITY,6.0,,,-81.31789200,29.03163800
DELAND,VOLUSIA,ASSISTED LIVING FACILITY,6.0,,,-81.25890200,29.02525800
ORMOND BEACH,VOLUSIA,ASSISTED LIVING FACILITY,11.0,,,-81.05965500,29.26411500
ORMOND BEACH,VOLUSIA,ASSISTED LIVING FACILITY,35.0,,,-81.08284524,29.27195331
DAYTONA BEACH,VOLUSIA,ASSISTED LIVING FACILITY,32.0,,,-81.07045300,29.22557000
ORMOND BEACH,VOLUSIA,ASSISTED LIVING FACILITY,55.0,,,-81.08445200,29.26165300
NEW SMYRNA BEACH,VOLUSIA,ASSISTED LIVING FACILITY,6.0,,,-80.96271700,29.00957700
NEW SMYRNA BEACH,VOLUSIA,ASSISTED LIVING FACILITY,6.0,,,-80.98150000,29.04031500
NEW SMYRNA BEACH,VOLUSIA,ASSISTED LIVING FACILITY,6.0,,,-80.92368300,29.02962000
PORT ORANGE,VOLUSIA,ASSISTED LIVING FACILITY,4.0,,,-81.04335078,29.14676371
ORANGE CITY,VOLUSIA,ASSISTED LIVING FACILITY,45.0,,,-81.29732200,28.93152400
ORMOND BEACH,VOLUSIA,ASSISTED LIVING FACILITY,68.0,,,-81.05270900,29.31787700
DELTONA,VOLUSIA,ASSISTED LIVING FACILITY,38.0,,,-81.18273800,28.92328600
DAYTONA BEACH,VOLUSIA,ASSISTED LIVING FACILITY,80.0,,,-81.04752900,29.16623400
SOUTH DAYTONA,VOLUSIA,ASSISTED LIVING FACILITY,6.0,,,-81.02143200,29.17608600
DAYTONA BEACH,VOLUSIA,ASSISTED LIVING FACILITY,60.0,,,-81.06263200,29.20690500
DAYTONA BEACH,VOLUSIA,ASSISTED LIVING FACILITY,60.0,,,-81.06288100,29.20039700
DELAND,VOLUSIA,ASSISTED LIVING FACILITY,9.0,,,-81.34029200,29.02036800
DELAND,VOLUSIA,ASSISTED LIVING FACILITY,9.0,,,-81.27073300,28.99558800
DAYTONA BEACH,VOLUSIA,ASSISTED LIVING FACILITY,50.0,,,-81.08693100,29.20099900
NEW SMYRNA BEACH,VOLUSIA,ASSISTED LIVING FACILITY,5.0,,,-80.93768000,29.03730700
HOLLY HILL,VOLUSIA,ASSISTED LIVING FACILITY,15.0,,,-81.04462800,29.23703600
DELAND,VOLUSIA,ASSISTED LIVING FACILITY,10.0,,,-81.30532200,29.05277300
HOLLY HILL,VOLUSIA,ASSISTED LIVING FACILITY,28.0,,,-81.05004800,29.25277600
ORMOND BEACH,VOLUSIA,ASSISTED LIVING FACILITY,8.0,,,-81.06249900,29.26046600
NEW SMYRNA,VOLUSIA,ASSISTED LIVING FACILITY,40.0,,,-80.94507400,29.02860300
PORT ORANGE,VOLUSIA,ASSISTED LIVING FACILITY,54.0,,,-81.01913500,29.13294700
PORT ORANGE,VOLUSIA,ASSISTED LIVING FACILITY,120.0,,,-81.00597000,29.12282200
DELTONA,VOLUSIA,ASSISTED LIVING FACILITY,5.0,,,-81.16684300,28.88086100
DAYTONA BEACH,VOLUSIA,ASSISTED LIVING FACILITY,85.0,,,-81.00377900,29.21797700
ORMOND BEACH,VOLUSIA,ASSISTED LIVING FACILITY,40.0,,,-81.06978000,29.27808800
DELAND,VOLUSIA,ASSISTED LIVING FACILITY,55.0,,,-81.31658300,29.05041000
DAYTONA BEACH,VOLUSIA,ASSISTED LIVING FACILITY,12.0,,,-81.06982900,29.24381600
ORANGE CITY,VOLUSIA,ASSISTED LIVING FACILITY,16.0,,,-81.31134300,28.91733000
DELAND,VOLUSIA,ASSISTED LIVING FACILITY,5.0,,,-81.27521200,29.03199800
DAYTONA BEACH,VOLUSIA,ASSISTED LIVING FACILITY,37.0,,,-81.02022900,29.20580600
ORMOND BEACH,VOLUSIA,ASSISTED LIVING FACILITY,24.0,,,-81.09220600,29.27501400
DELAND,VOLUSIA,SKILLED NURSING FACILITY,120.0,,,-81.30514200,29.00247300
DEBARY,VOLUSIA,SKILLED NURSING FACILITY,120.0,,,-81.28744900,28.90261600
DEBARY,VOLUSIA,SKILLED NURSING FACILITY,120.0,,,-81.31016900,28.87978300
DAYTONA BEACH,VOLUSIA,SKILLED NURSING FACILITY,120.0,,,-81.02136400,29.20516500
DAYTONA BEACH,VOLUSIA,SKILLED NURSING FACILITY,120.0,,,-81.08468209,29.21545887
DAYTONA BEACH,VOLUSIA,SKILLED NURSING FACILITY,120.0,,,-81.06550100,29.21483300
DAYTONA BEACH,VOLUSIA,SKILLED NURSING FACILITY,180.0,,,-81.05155000,29.22387600
DELAND,VOLUSIA,SKILLED NURSING FACILITY,60.0,,,-81.28703300,29.03407000
DELAND,VOLUSIA,SKILLED NURSING FACILITY,60.0,,,-81.31331200,29.02084900
DELAND,VOLUSIA,SKILLED NURSING FACILITY,60.0,,,-81.28417200,29.02824800
ORANGE CITY,VOLUSIA,SKILLED NURSING FACILITY,150.0,,,-81.28053300,28.93960000
NEW SMYRNA BEACH,VOLUSIA,SKILLED NURSING FACILITY,239.0,,,-80.88377800,29.01616400
DAYTONA BEACH,VOLUSIA,SKILLED NURSING FACILITY,192.0,,,-81.01255200,29.18812700
ORMOND BEACH,VOLUSIA,SKILLED NURSING FACILITY,139.0,,,-81.05446800,29.27559600
ORMOND BEACH,VOLUSIA,SKILLED NURSING FACILITY,133.0,,,-81.08215700,29.28215300
SOUTH DAYTONA,VOLUSIA,SKILLED NURSING FACILITY,65.0,,,-81.00333200,29.15860800
DAYTONA BEACH,VOLUSIA,SKILLED NURSING FACILITY,173.0,,,-81.08693100,29.20099900
DEBARY,VOLUSIA,SKILLED NURSING FACILITY,,,,-81.30676054,28.89314412
DELAND,VOLUSIA,SKILLED NURSING FACILITY,122.0,,,-81.29904000,29.02215100
ORMOND BEACH,VOLUSIA,SKILLED NURSING FACILITY,60.0,,,-81.09553300,29.27012100
DAYTONA BEACH,VOLUSIA,SKILLED NURSING FACILITY,99.0,,,-81.02911200,29.17843700
DAYTONA BEACH,VOLUSIA,SKILLED NURSING FACILITY,99.0,,,-81.01118500,29.19425500
DELAND,VOLUSIA,SKILLED NURSING FACILITY,130.0,,,-81.30423942,29.01786139
HOLLY HILL,VOLUSIA,SKILLED NURSING FACILITY,60.0,,,-81.05569600,29.24000100
DELTONA,VOLUSIA,SKILLED NURSING FACILITY,120.0,,,-81.22057100,28.91752300
PORT ORANGE,VOLUSIA,SKILLED NURSING FACILITY,120.0,,,-81.01667000,29.11858700
DAYTONA BEACH,VOLUSIA,PUBLIC HEALTH OFFICE,0.0,,,-81.07862669,29.21296012
DAYTONA BEACH,VOLUSIA,PUBLIC HEALTH OFFICE,0.0,,,-81.14722268,29.14716841
DELAND,VOLUSIA,PUBLIC HEALTH OFFICE,0.0,,,-81.30498192,29.03015871
EDGEWATER,VOLUSIA,ADULT FAMILY CARE HOME,5.0,,,-80.89998000,28.93342900
EDGEWATER,VOLUSIA,ADULT FAMILY CARE HOME,5.0,,,-80.90609900,28.93818800
NEW SMYRNA BEACH,VOLUSIA,PUBLIC HEALTH OFFICE,0.0,,,-80.92965851,29.02278096
DELTONA,VOLUSIA,PUBLIC HEALTH OFFICE,0.0,,,-81.24339280,28.94664736
DELTONA,VOLUSIA,ADULT FAMILY CARE HOME,5.0,,,-81.18403200,28.89830300
DELTONA,VOLUSIA,ADULT FAMILY CARE HOME,5.0,,,-81.22838200,28.87946800
DELTONA,VOLUSIA,ADULT FAMILY CARE HOME,5.0,,,-81.17615100,28.94878800
ORMOND BEACH,VOLUSIA,ADULT FAMILY CARE HOME,5.0,,,-81.05388500,29.26421500
ORMOND BEACH,VOLUSIA,ADULT FAMILY CARE HOME,5.0,,,-81.07940100,29.36646300
OAK HILL,VOLUSIA,ADULT FAMILY CARE HOME,5.0,,,-80.90376100,28.86410300
DELAND,VOLUSIA,SKILLED NURSING FACILITY,145.0,,,-81.31656300,29.04963900
ORMOND BEACH,VOLUSIA,SKILLED NURSING FACILITY,120.0,,,-81.07682400,29.28590200
DAYTONA BEACH,VOLUSIA,SKILLED NURSING FACILITY,73.0,,,-81.06233900,29.20622700
DAYTONA BEACH,VOLUSIA,SKILLED NURSING FACILITY,108.0,,,-81.06288100,29.20039700
NEW SMYRNA BEACH,VOLUSIA,ADULT FAMILY CARE HOME,5.0,,,-80.96777300,28.99029800
ENTERPRISE,VOLUSIA,ADULT FAMILY CARE HOME,3.0,,,-81.26681000,28.86826400
ORANGE CITY,VOLUSIA,ADULT FAMILY CARE HOME,5.0,,,-81.32528200,28.93039800
EDGEWATER,VOLUSIA,ADULT FAMILY CARE HOME,2.0,,,-80.91606300,28.96786300
CRAWFORDVILLE,WAKULLA,SKILLED NURSING FACILITY,120.0,,,-84.38064564,30.10921445
CRAWFORDVILLE,WAKULLA,RURAL HEALTH CLINIC,0.0,,,-84.37468400,30.17183300
CRAWFORDVILLE,WAKULLA,RURAL HEALTH CLINIC,0.0,,,-84.37133200,30.19373900
DEFUNIAK SPRINGS,WALTON,RURAL HEALTH CLINIC,0.0,,,-86.11395100,30.72134200
DEFUNIAK SPRINGS,WALTON,RURAL HEALTH CLINIC,0.0,,,-86.12214100,30.71881400
DEFUNIAK SPRINGS,WALTON,RURAL HEALTH CLINIC,0.0,,,-86.11653300,30.72003400
DEFUNIAK SPRINGS,WALTON,RURAL HEALTH CLINIC,0.0,,,-86.12316594,30.71279545
DEFUNIAK SPRINGS,WALTON,RURAL HEALTH CLINIC,0.0,,,-86.11911500,30.65881000
DEFUNIAK SPRINGS,WALTON,RESIDENTIAL TREATMENT FACILITY,14.0,,,-86.11995397,30.66178382
LAUREL HILL,WALTON,BIRTH CENTER,0.0,,,-86.33894583,30.95465730
DEFUNIAK SPRINGS,WALTON,END-STAGE RENAL DISEASE,0.0,,,-86.12271900,30.70748200
DEFUNIAK SPRINGS,WALTON,END-STAGE RENAL DISEASE,0.0,,,-86.13979900,30.73181500
MIRAMAR BEACH,WALTON,END-STAGE RENAL DISEASE,0.0,,,-86.30544300,30.37661100
DEFUNIAK SPRINGS,WALTON,ASSISTED LIVING FACILITY,13.0,,,-86.16482900,30.70032800
DESTIN,WALTON,ASSISTED LIVING FACILITY,130.0,,,-86.30530945,30.38619486
DEFUNIAK SPRINGS,WALTON,ASSISTED LIVING FACILITY,44.0,,,-86.12728100,30.74252800
DEFUNIAK SPRINGS,WALTON,ASSISTED LIVING FACILITY,10.0,,,-86.16100500,30.64568300
DEFUNIAK SPRINGS,WALTON,ASSISTED LIVING FACILITY,20.0,,,-86.11389000,30.64846200
MIRAMAR BEACH,WALTON,SKILLED NURSING FACILITY,97.0,,,-86.30941978,30.37922287
DEFUNIAK SPRINGS,WALTON,SKILLED NURSING FACILITY,180.0,,,-86.10717391,30.70940785
CHIPLEY,WASHINGTON,PUBLIC HEALTH OFFICE,0.0,,,-85.54398465,30.77229449
CHIPLEY,WASHINGTON,SKILLED NURSING FACILITY,180.0,,,-85.54381264,30.76679809
VERNON,WASHINGTON,ASSISTED LIVING FACILITY,38.0,,,-85.71151769,30.62590863
BONIFAY,WASHINGTON,ASSISTED LIVING FACILITY,16.0,,,-85.67580879,30.73242346
VERNON,WASHINGTON,ASSISTED LIVING FACILITY,21.0,,,-85.80931503,30.57860176
VERNON,WASHINGTON,ASSISTED LIVING FACILITY,12.0,,,-85.83090965,30.58117069
CHIPLEY,WASHINGTON,ASSISTED LIVING FACILITY,12.0,,,-85.56175190,30.76425362
CARYVILLE,WASHINGTON,ASSISTED LIVING FACILITY,22.0,,,-85.79699571,30.73808771
CHIPLEY,WASHINGTON,RURAL HEALTH CLINIC,0.0,,,-85.54405629,30.76516742
CHIPLEY,WASHINGTON,RURAL HEALTH CLINIC,0.0,,,-85.54190531,30.76679827
CHIPLEY,WASHINGTON,RURAL HEALTH CLINIC,0.0,,,-85.54472767,30.77137321
VERNON,WASHINGTON,RURAL HEALTH CLINIC,0.0,,,-85.71665420,30.60957181
VERNON,WASHINGTON,RURAL HEALTH CLINIC,0.0,,,-85.71207196,30.62322421
CHIPLEY,WASHINGTON,END-STAGE RENAL DISEASE,0.0,,,-85.54190531,30.76679827
