CITY,COUNTY,FACILITY_TYPE,SHELTER_TYPE,Risk_Capacity_Spaces,Evacuation_Zone,General_Pop,SPECIAL_NEEDS,Pet_Friendly,rsig_Longitude,rsig_Latitude,Longitude,Latitude,rsisn_Longitude,rsisn_Latitude
Newberry,ALACHUA,SHELTER,RISK,593,No,Yes, , ,-82.60425502, 29.66906401,,,,
Gainesville,ALACHUA,SHELTER,RISK,163,No,Yes, , ,-82.36826304, 29.63818101,,,,
Gainesville,ALACHUA,SHELTER,RISK,900,No,Yes, , ,-82.46277603, 29.68814902,,,,
Gainesville,ALACHUA,SHELTER,RISK,552,No,Yes, , ,-82.32800802, 29.66689901,,,,
Gainesville,ALACHUA,SHELTER,RISK,266,No,Yes, , ,-82.44516599, 29.62869098,,,,
Gainesville,ALACHUA,SHELTER,RISK,189,No,Yes, , ,-82.38745399, 29.70747701,,,,
Gainesville,ALACHUA,SHELTER,RISK,589,No,Yes, , ,-82.44516599, 29.62869098,,,,
Newberry,ALACHUA,SHELTER,RISK,457,No,Yes, , ,-82.60579703, 29.64099800,,,,
Waldo,ALACHUA,SHELTER,RISK,278,No,Yes, , ,-82.17813032, 29.79119606,,,,
Gainesville,ALACHUA,SHELTER,RISK,400,No,Yes, , ,-82.30778501, 29.66118900,,,,
Gainesville,ALACHUA,SHELTER,RISK,210,No,Yes, , ,-82.30905000, 29.64561002,,,,
Gainesville,ALACHUA,SHELTER,RISK,118,No,Yes, , ,-82.36826304, 29.63818101,,,,
Gainesville,ALACHUA,SHELTER,RISK,94,No,Yes, , ,-82.29512800, 29.64887498,,,,
Archer,ALACHUA,SHELTER,RISK,211,No,Yes, , ,-82.52304200, 29.52002501,,,,
Gainesville,ALACHUA,SHELTER,RISK,408,No,Yes, , ,-82.32800802, 29.66689901,,,,
Gainesville,ALACHUA,SHELTER,RISK,1837,No,Yes, , ,-82.36826304, 29.63818101,,,,
Gainesville,ALACHUA,SHELTER,RISK,842,No,Yes, , ,-82.26966897, 29.63981599,,,,
Gainesville,ALACHUA,SHELTER,RISK,450,No,Yes, , ,-82.42086602, 29.60768400,,,,
Alachua,ALACHUA,SHELTER,RISK,546,No,Yes, , ,-82.52386401, 29.80616102,,,,
Gainesville,ALACHUA,SHELTER,RISK,666,No,Yes, , ,-82.44516599, 29.62869098,,,,
Gainesville,ALACHUA,SHELTER,RISK,467,No,Yes, , ,-82.42086602, 29.60768400,,,,
Hawthorne,ALACHUA,SHELTER,RISK,184,No,Yes, , ,-82.09070503, 29.59414300,,,,
Gainesville,ALACHUA,SHELTER,RISK,699,No,Yes, , ,-82.34848194, 29.64494386,,,,
High Springs,ALACHUA,SHELTER,RISK,296,No,Yes, , ,-82.59185006, 29.83557492,,,,
Newberry,ALACHUA,SHELTER,RISK,447,No,Yes, , ,-82.60579703, 29.64099800,,,,
Macclenny,BAKER,SHELTER,RISK,30,No,Yes, , ,-82.11830806, 30.27471835,,,,
Macclenny,BAKER,SHELTER,RISK,306,No,Yes, , ,-82.12961109, 30.29911681,,,,
Macclenny,BAKER,SHELTER,RISK,311,No,Yes, , ,-82.12961109, 30.29911681,,,,
Glen Saint Mary,BAKER,SHELTER,RISK,285,No,Yes, , ,-82.15856261, 30.27982736,,,,
Macclenny,BAKER,SHELTER,RISK,125,No,Yes, , ,-82.12698371, 30.27648753,,,,
Macclenny,BAKER,SHELTER,RISK,836,No,Yes, , ,-82.11830806, 30.27471835,,,,
Macclenny,BAKER,SHELTER,RISK,207,No,Yes, , ,-82.12945106, 30.27684566,,,,
Macclenny,BAKER,SHELTER,RISK,316,No,Yes, , ,-82.12961109, 30.29911681,,,,
Macclenny,BAKER,SHELTER,RISK,274,No,Yes, , ,-82.12961109, 30.29911681,,,,
Springfield,BAY,SHELTER,RISK,552,No,Yes, ,Yes,-85.61524301, 30.16608099,-85.61524301, 30.16608099,,
Panama City,BAY,SHELTER,RISK,168,D,Yes, ,Yes,-85.70702904, 30.18332398,-85.70702904, 30.18332398,,
Panama City,BAY,SHELTER,RISK,393,D,Yes, ,Yes,-85.70702904, 30.18332398,-85.70702904, 30.18332398,,
Panama City,BAY,SHELTER,RISK,400,No,Yes, ,Yes,-85.56411399, 30.24187200,-85.56411399, 30.24187200,,
Panama City,BAY,SHELTER,RISK,107,No,Yes, ,Yes,-85.62116198, 30.17427002,-85.62116198, 30.17427002,,
Panama City,BAY,SHELTER,RISK,327,No,Yes, ,Yes,-85.68895471, 30.39417873,-85.68895471, 30.39417873,,
Panama City,BAY,SHELTER,RISK,208,No,Yes, ,Yes,-85.69123301, 30.17070302,-85.69123301, 30.17070302,,
Fountain,BAY,SHELTER,RISK,288,No,Yes, ,Yes,-85.44058896, 30.36635101,-85.44058896, 30.36635101,,
Lynn Haven,BAY,SHELTER,RISK,139,No,Yes, ,Yes,-85.65584604, 30.22849800,-85.65584604, 30.22849800,,
Panama City,BAY,SHELTER,RISK,382,No,Yes, ,Yes,-85.68895471, 30.39417873,-85.68895471, 30.39417873,,
Youngstown,BAY,SHELTER,RISK,207,No,Yes, ,Yes,-85.57356000, 30.31227500,-85.57356000, 30.31227500,,
Panama City,BAY,SHELTER,RISK,494,No,Yes, ,Yes,-85.65079200, 30.21048001,-85.65079200, 30.21048001,,
Panama City,BAY,SHELTER,RISK,237,No,Yes, ,Yes,-85.61524301, 30.16608099,-85.61524301, 30.16608099,,
Panama City,BAY,SHELTER,RISK,240,No,Yes, ,Yes,-85.68895471, 30.39417873,-85.68895471, 30.39417873,,
Panama City,BAY,SHELTER,RISK,265,No,Yes, ,Yes,-85.63851796, 30.16655301,-85.63851796, 30.16655301,,
Panama City,BAY,SHELTER,RISK,877,No,Yes, ,Yes,-85.56317597, 30.24219998,-85.56317597, 30.24219998,,
Panama City,BAY,SHELTER,RISK,92,No,Yes, ,Yes,-85.66797901, 30.16873000,-85.66797901, 30.16873000,,
Panama City,BAY,SHELTER,RISK,438,No,Yes, ,Yes,-85.56411399, 30.24187200,-85.56411399, 30.24187200,,
Panama City,BAY,SHELTER,RISK,395,No,Yes, ,Yes,-85.68895471, 30.39417873,-85.68895471, 30.39417873,,
Panama City,BAY,SHELTER,RISK,483,D,Yes, ,Yes,-85.70702904, 30.18332398,-85.70702904, 30.18332398,,
Panama City,BAY,SHELTER,RISK,470,No,Yes, ,Yes,-85.68895471, 30.39417873,-85.68895471, 30.39417873,,
Panama City,BAY,SHELTER,RISK,243,No,Yes, ,Yes,-85.62116198, 30.17427002,-85.62116198, 30.17427002,,
Panama City,BAY,SHELTER,RISK,180,No,Yes, ,Yes,-85.60051400, 30.13559902,-85.60051400, 30.13559902,,
Panama City,BAY,SHELTER,RISK,168,No,Yes, ,Yes,-85.69123301, 30.17070302,-85.69123301, 30.17070302,,
Panama City,BAY,SHELTER,RISK,235,No,Yes, ,Yes,-85.56411399, 30.24187200,-85.56411399, 30.24187200,,
Panama City,BAY,SHELTER,RISK,267,No,Yes, ,Yes,-85.68895471, 30.39417873,-85.68895471, 30.39417873,,
Panama City,BAY,SHELTER,RISK,46,D,Yes, ,Yes,-85.70702904, 30.18332398,-85.70702904, 30.18332398,,
Panama City,BAY,SHELTER,RISK,576,No,Yes, ,Yes,-85.68895471, 30.39417873,-85.68895471, 30.39417873,,
Panama City,BAY,SHELTER,RISK,426,No,Yes, ,Yes,-85.56411399, 30.24187200,-85.56411399, 30.24187200,,
Panama City,BAY,SHELTER,RISK,253,C,Yes, ,Yes,-85.64585699, 30.14689699,-85.64585699, 30.14689699,,
Panama City,BAY,SHELTER,RISK,680,No,Yes, ,Yes,-85.65870603, 30.17061400,-85.65870603, 30.17061400,,
Panama City,BAY,SHELTER,RISK,222,No,Yes, ,Yes,-85.64554131, 30.20228600,-85.64554131, 30.20228600,,
Youngstown,BAY,SHELTER,RISK,82,No,Yes, ,Yes,-85.57356000, 30.31227500,-85.57356000, 30.31227500,,
Panama City,BAY,SHELTER,RISK,138,No,Yes, ,Yes,-85.66797901, 30.16873000,-85.66797901, 30.16873000,,
Panama City,BAY,SHELTER,RISK,175,No,Yes, ,Yes,-85.64126698, 30.16684701,-85.64126698, 30.16684701,,
Starke,BRADFORD,SHELTER,RISK,230,No,Yes, , ,-82.12257998, 29.95120000,,,,
Starke,BRADFORD,SHELTER,RISK,52,No,Yes, , ,-82.11490652, 29.94560105,,,,
Hampton,BRADFORD,SHELTER,RISK,95,No,Yes, , ,-82.12928997, 29.86913462,,,,
Starke,BRADFORD,SHELTER,RISK,235,No,Yes, , ,-82.12257998, 29.95120000,,,,
Starke,BRADFORD,SHELTER,RISK,281,No,Yes, , ,-82.12257998, 29.95120000,,,,
Srtarke,BRADFORD,SHELTER,RISK,248,No,Yes, , ,-82.11490652, 29.94560105,,,,
W Melbourne,BREVARD,SHELTER,RISK,395,No,Yes, , ,-80.66112327, 28.06092648,,,,
Melbourne,BREVARD,SHELTER,RISK,269,No,Yes, , ,-80.66685852, 28.06106061,,,,
Palm Bay,BREVARD,SHELTER,RISK,730,No,Yes, , ,-80.75432896, 27.99409662,,,,
Melbourne,BREVARD,SHELTER,RISK,1943,No,Yes, , ,-80.67417102, 28.17865702,,,,
Viera,BREVARD,SHELTER,RISK,779,No,Yes, , ,-80.73595001, 28.25228500,,,,
Palm Bay,BREVARD,SHELTER,RISK,122,No,Yes, , ,-80.67601797, 27.95104698,,,,
Port St. John,BREVARD,SHELTER,RISK,376,No,Yes, , ,-80.82356743, 28.47554708,,,,
Palm Bay,BREVARD,SHELTER,RISK,194,No,Yes, , ,-80.71874598, 28.02940902,,,,
Palm Bay,BREVARD,SHELTER,RISK,470,No,Yes, , ,-80.67601797, 27.95104698,,,,
Rockledge,BREVARD,SHELTER,RISK,355,No,Yes, , ,-80.74414298, 28.30920001,,,,
Palm Bay,BREVARD,SHELTER,RISK,244,No,Yes, , ,-80.66043277, 27.98746686,,,,
Palm Bay,BREVARD,SHELTER,RISK,484,No,Yes, ,Yes,-80.73103450, 27.99901984,-80.73103450, 27.99901984,,
Melbourne,BREVARD,SHELTER,RISK,280,No,Yes, , ,-80.68944397, 28.24495152,,,,
Palm Bay,BREVARD,SHELTER,RISK,229,No,Yes, , ,-80.64328203, 28.02957200,,,,
Port St John,BREVARD,SHELTER,RISK,63,No,Yes, , ,-80.79469781, 28.48736336,,,,
Melbourne,BREVARD,SHELTER,RISK,2288,No,Yes, , ,-80.66427400, 28.06240798,,,,
Port St. John,BREVARD,SHELTER,RISK,189,No,Yes, , ,-80.82356743, 28.47554708,,,,
Viera,BREVARD,SHELTER,RISK,217,No,Yes, , ,-80.74454900, 28.26308801,,,,
Palm Bay,BREVARD,SHELTER,RISK,795,No,Yes, , ,-80.75432896, 27.99409662,,,,
Port St. John,BREVARD,SHELTER,RISK,937,No,Yes, , ,-80.82718967, 28.47554023,,,,
Mims,BREVARD,SHELTER,RISK,342,No,Yes, , ,-80.84653969, 28.66864812,,,,
Palm Bay,BREVARD,SHELTER,RISK,302,No,Yes, , ,-80.71874598, 28.02940902,,,,
Palm Bay,BREVARD,SHELTER,RISK,302,No,Yes, , ,-80.69765803, 27.98691801,,,,
Palm Bay,BREVARD,SHELTER,RISK,1570,No,Yes, , ,-80.67601797, 27.95104698,,,,
Titusville,BREVARD,SHELTER,RISK,136,No,Yes, , ,-80.81349703, 28.54103800,,,,
Port St. John,BREVARD,SHELTER,RISK,285,No,Yes, , ,-80.82356743, 28.47554708,,,,
Palm Bay,BREVARD,SHELTER,RISK,246,No,Yes, , ,-80.67588793, 27.94465997,,,,
Palm Bay,BREVARD,SHELTER,RISK,1001,No,Yes, , ,-80.67601797, 27.95104698,,,,
Palm Bay,BREVARD,SHELTER,RISK,341,No,Yes, , ,-80.69765803, 27.98691801,,,,
Palm Bay,BREVARD,SHELTER,RISK,347,No,Yes, , ,-80.71874598, 28.02940902,,,,
Port St John,BREVARD,SHELTER,RISK,225,No,Yes, , ,-80.79469781, 28.48736336,,,,
Viera,BREVARD,SHELTER,RISK,1077,No,Yes, , ,-80.73595001, 28.25228500,,,,
Melbourne,BREVARD,SHELTER,RISK,1888,No,Yes, , ,-80.66430703, 28.17089198,,,,
Palm Bay,BREVARD,SHELTER,RISK,234,No,Yes, , ,-80.64328203, 28.02957200,,,,
Viera,BREVARD,SHELTER,RISK,974,No,Yes, , ,-80.73595001, 28.25228500,,,,
Palm Bay,BREVARD,SHELTER,RISK,279,No,Yes, , ,-80.67601797, 27.95104698,,,,
Melbourne,BREVARD,SHELTER,RISK,376,No,Yes, , ,-80.66685852, 28.06106061,,,,
Port St. John,BREVARD,SHELTER,RISK,307,No,Yes, , ,-80.82718967, 28.47554023,,,,
Rockledge,BREVARD,SHELTER,RISK,119,No,Yes, , ,-80.74414298, 28.30920001,,,,
Palm Bay,BREVARD,SHELTER,RISK,368,No,Yes, , ,-80.64328203, 28.02957200,,,,
Port St. John,BREVARD,SHELTER,RISK,269,No,Yes, , ,-80.82356743, 28.47554708,,,,
Palm Bay,BREVARD,SHELTER,RISK,916,No,Yes, , ,-80.75432896, 27.99409662,,,,
Palm Bay,BREVARD,SHELTER,RISK,186,No,Yes, , ,-80.69765803, 27.98691801,,,,
Palm Bay,BREVARD,SHELTER,RISK,992,No,Yes, , ,-80.67601797, 27.95104698,,,,
Melbourne,BREVARD,SHELTER,RISK,571,E,Yes, , ,-80.64790297, 28.13052901,,,,
Melbourne,BREVARD,SHELTER,RISK,227,No,Yes, , ,-80.66685852, 28.06106061,,,,
W Melbourne,BREVARD,SHELTER,RISK,793,No,Yes, , ,-80.66112327, 28.06092648,,,,
Palm Bay,BREVARD,SHELTER,RISK,230,No,Yes, , ,-80.69765803, 27.98691801,,,,
Palm Bay,BREVARD,SHELTER,RISK,230,No,Yes, , ,-80.71874598, 28.02940902,,,,
Port St John,BREVARD,SHELTER,RISK,182,No,Yes, , ,-80.79469781, 28.48736336,,,,
Port St John,BREVARD,SHELTER,RISK,274,No,Yes, , ,-80.79469781, 28.48736336,,,,
Palm Bay,BREVARD,SHELTER,RISK,1014,No,Yes, , ,-80.75432896, 27.99409662,,,,
Palm Bay,BREVARD,SHELTER,RISK,188,No,Yes, , ,-80.71874598, 28.02940902,,,,
Melbourne,BREVARD,SHELTER,RISK,341,No,Yes, , ,-80.68944397, 28.24495152,,,,
Port St. John,BREVARD,SHELTER,RISK,1277,No,Yes, , ,-80.82718967, 28.47554023,,,,
Port St. John,BREVARD,SHELTER,RISK,248,No,Yes, ,Yes,-80.80573899, 28.47465400,-80.80573899, 28.47465400,,
Viera,BREVARD,SHELTER,RISK,906,No,Yes, , ,-80.73595001, 28.25228500,,,,
Rockledge,BREVARD,SHELTER,RISK,149,No,Yes, , ,-80.74414298, 28.30920001,,,,
Titusville,BREVARD,SHELTER,RISK,231,No,Yes, , ,-80.81349703, 28.54103800,,,,
Port St. John,BREVARD,SHELTER,RISK,386,No,Yes, , ,-80.82718967, 28.47554023,,,,
Port St John,BREVARD,SHELTER,RISK,368,No,Yes, , ,-80.79469781, 28.48736336,,,,
Viera,BREVARD,SHELTER,RISK,484,No,Yes, ,Yes,-80.72831497, 28.24794342,-80.72831497, 28.24794342,,
Palm Bay,BREVARD,SHELTER,RISK,277,No,Yes, , ,-80.64328203, 28.02957200,,,,
Cocoa,BREVARD,SHELTER,RISK,165,No,Yes, , ,-80.75003303, 28.38340998,,,,
Melbourne,BREVARD,SHELTER,RISK,285,No,Yes, , ,-80.66685852, 28.06106061,,,,
Titusville,BREVARD,SHELTER,RISK,176,No,Yes, , ,-80.81349703, 28.54103800,,,,
Melbourne,BREVARD,SHELTER,RISK,186,No,Yes, , ,-80.68944397, 28.24495152,,,,
Titusville,BREVARD,SHELTER,RISK,135,No,Yes, , ,-80.85125901, 28.62467099,,,,
Palm Bay,BREVARD,SHELTER,RISK,96,No,Yes, , ,-80.67601797, 27.95104698,,,,
Palm Bay,BREVARD,SHELTER,RISK,1013,No,Yes, , ,-80.75432896, 27.99409662,,,,
W Melbourne,BREVARD,SHELTER,RISK,1065,No,Yes, , ,-80.66112327, 28.06092648,,,,
Melbourne,BREVARD,SHELTER,RISK,1527,No,Yes, , ,-80.66406597, 28.11712199,,,,
Melbourne,BREVARD,SHELTER,RISK,302,No,Yes, , ,-80.68944397, 28.24495152,,,,
Palm Bay,BREVARD,SHELTER,RISK,1943,No,Yes, , ,-80.67588793, 27.94465997,,,,
Melbourne,BREVARD,SHELTER,RISK,227,E,Yes, , ,-80.61921298, 28.04835602,,,,
Viera,BREVARD,SHELTER,RISK,581,No,Yes, , ,-80.73595001, 28.25228500,,,,
Melbourne,BREVARD,SHELTER,RISK,277,No,Yes, , ,-80.66685852, 28.06106061,,,,
Sharpes,BREVARD,SHELTER,RISK,484,No,Yes, , ,-80.75593000, 28.43166000,,,,
Palm Bay,BREVARD,SHELTER,RISK,268,No,Yes, , ,-80.67601797, 27.95104698,,,,
Melbourne,BREVARD,SHELTER,RISK,189,No,Yes, , ,-80.66685852, 28.06106061,,,,
Melbourne,BREVARD,SHELTER,RISK,230,No,Yes, , ,-80.68944397, 28.24495152,,,,
Palm Bay,BREVARD,SHELTER,RISK,321,No,Yes, , ,-80.75432896, 27.99409662,,,,
Palm Bay,BREVARD,SHELTER,RISK,181,No,Yes, , ,-80.64328203, 28.02957200,,,,
Palm Bay,BREVARD,SHELTER,RISK,280,No,Yes, , ,-80.69765803, 27.98691801,,,,
Cocoa,BREVARD,SHELTER,RISK,336,No,Yes, , ,-80.74776899, 28.36841400,,,,
W Melbourne,BREVARD,SHELTER,RISK,1189,No,Yes, , ,-80.66112327, 28.06092648,,,,
Titusville,BREVARD,SHELTER,RISK,194,No,Yes, , ,-80.85125901, 28.62467099,,,,
Rockledge,BREVARD,SHELTER,RISK,128,No,Yes, , ,-80.74414298, 28.30920001,,,,
Melbourne,BREVARD,SHELTER,RISK,498,E,Yes, , ,-80.64790297, 28.13052901,,,,
Palm Bay,BREVARD,SHELTER,RISK,274,No,Yes, , ,-80.67601797, 27.95104698,,,,
Port St. John,BREVARD,SHELTER,RISK,935,No,Yes, , ,-80.82718967, 28.47554023,,,,
Port St. John,BREVARD,SHELTER,RISK,227,No,Yes, , ,-80.82356743, 28.47554708,,,,
Port St John,BREVARD,SHELTER,RISK,236,No,Yes, , ,-80.79469781, 28.48736336,,,,
Cocoa,BREVARD,SHELTER,RISK,158,No,Yes, , ,-80.75003303, 28.38340998,,,,
Palm Bay,BREVARD,SHELTER,RISK,256,No,Yes, , ,-80.66043277, 27.98746686,,,,
Viera,BREVARD,SHELTER,RISK,2002,No,Yes, , ,-80.74454900, 28.26308801,,,,
Titusville,BREVARD,SHELTER,RISK,263,No,Yes, , ,-80.81349703, 28.54103800,,,,
Mims,BREVARD,SHELTER,RISK,475,No,Yes, , ,-80.85785643, 28.70313814,,,,
Palm Bay,BREVARD,SHELTER,RISK,278,No,Yes, , ,-80.71874598, 28.02940902,,,,
Tamarac,BROWARD,SHELTER,RISK,2410,No,Yes, ,Yes,-80.27596385, 26.19565855,-80.27596385, 26.19565855,,
Pembroke Pines,BROWARD,SHELTER,RISK,1251,No,Yes, , ,-80.39116592, 26.02918628,,,,
Pembroke Pines,BROWARD,SHELTER,RISK,1210,No,Yes, , ,-80.26399091, 26.01009342,,,,
Pembroke Pines,BROWARD,SHELTER,RISK,2335,No,Yes, , ,-80.33115001, 26.01305001,,,,
Weston,BROWARD,SHELTER,RISK,2287,No,Yes, ,Yes,-80.39010617, 26.08448720,-80.39010617, 26.08448720,,
Pompano Beach,BROWARD,SHELTER,RISK,1800,No,Yes, , ,-80.11052260, 26.23666003,,,,
Coconut Creek,BROWARD,SHELTER,RISK,2337,No,Yes, , ,-80.19962653, 26.31184519,,,,
Hollywood,BROWARD,SHELTER,RISK,815,No,Yes, , ,-80.18836999, 26.00376001,,,,
Ft. Lauderdale,BROWARD,SHELTER,RISK,800,No,Yes, , ,-80.12908999, 26.19135002,,,,
Ft. Lauderdale,BROWARD,SHELTER,RISK,800,No,Yes, , ,-80.17266355, 26.15118123,,,,
Weston,BROWARD,SHELTER,RISK,2297,No,Yes, , ,-80.40245310, 26.07544441,,,,
Parkland,BROWARD,SHELTER,RISK,2425,No,Yes, , ,-80.26677247, 26.32000684,,,,
Pembroke Park,BROWARD,SHELTER,RISK,2389,No,Yes, , ,-80.19557902, 25.97818598,,,,
Coral Springs,BROWARD,SHELTER,RISK,1696,No,Yes, , ,-80.29427725, 26.26180138,,,,
Pembroke Pines,BROWARD,SHELTER,RISK,2394,No,Yes, , ,-80.37657502, 26.01165364,,,,
Ft. Lauderdale,BROWARD,SHELTER,RISK,1132,No,Yes, , ,-80.17062491, 26.15034959,,,,
Miramar,BROWARD,SHELTER,RISK,1181,No,Yes, , ,-80.28746682, 25.98633041,,,,
Hollywood,BROWARD,SHELTER,RISK,1060,No,Yes, , ,-80.15225002, 26.01676001,,,,
Plantation,BROWARD,SHELTER,RISK,2384,No,Yes, , ,-80.20443577, 26.13168642,,,,
Coconut Creek,BROWARD,SHELTER,RISK,1089,No,Yes, , ,-80.19155998, 26.28422000,,,,
Pembroke Pines,BROWARD,SHELTER,RISK,2328,No,Yes, , ,-80.35007071, 26.01804627,,,,
Weston,BROWARD,SHELTER,RISK,2287,No,Yes, , ,-80.41694418, 26.12109780,,,,
Miramar,BROWARD,SHELTER,RISK,800,No,Yes, , ,-80.34374424, 25.96436987,,,,
Lauderdale Lakes,BROWARD,SHELTER,RISK,2384,No,Yes, , ,-80.20419997, 26.17606000,,,,
Miramar,BROWARD,SHELTER,RISK,2303,No,Yes, , ,-80.39331004, 25.98474000,,,,
Miramar,BROWARD,SHELTER,RISK,2299,No,Yes, , ,-80.32777509, 25.98532232,,,,
Miramar,BROWARD,SHELTER,RISK,2406,No,Yes, , ,-80.37728900, 25.98605454,,,,
Davie,BROWARD,SHELTER,RISK,2389,No,Yes, , ,-80.27797304, 26.10447801,,,,
Margate,BROWARD,SHELTER,RISK,2303,No,Yes, , ,-80.19352201, 26.25901101,,,,
Coral Springs,BROWARD,SHELTER,RISK,1214,No,Yes, , ,-80.26337515, 26.26723393,,,,
Pembroke Pines,BROWARD,SHELTER,RISK,1258,No,Yes, , ,-80.43035001, 26.01213001,,,,
Miramar,BROWARD,SHELTER,RISK,815,No,Yes, , ,-80.36665144, 25.97844629,,,,
Tamarac,BROWARD,SHELTER,RISK,825,No,Yes, ,Yes,-80.27620810, 26.19607673,-80.27620810, 26.19607673,,
Hallandale,BROWARD,SHELTER,RISK,1637,No,Yes, , ,-80.16099580, 25.97680150,,,,
Miramar,BROWARD,SHELTER,RISK,2295,No,Yes, , ,-80.36167531, 25.99186094,,,,
Altha,CALHOUN,SHELTER,RISK,193,No,Yes, , ,-85.12350375, 30.57375290,,,,
Blountstown,CALHOUN,SHELTER,RISK,486,No,Yes, , ,-85.04258996, 30.46786001,,,,
Blountstown,CALHOUN,SHELTER,RISK,179,No,Yes, , ,-85.04258996, 30.46786001,,,,
Altha,CALHOUN,SHELTER,RISK,236,No,Yes, , ,-85.12350375, 30.57375290,,,,
Altha,CALHOUN,SHELTER,RISK,90,No,Yes, , ,-85.30692642, 30.52151261,,,,
Blountstown,CALHOUN,SHELTER,RISK,536,No,Yes, , ,-85.04258996, 30.46786001,,,,
Altha,CALHOUN,SHELTER,RISK,315,No,Yes, , ,-85.12350375, 30.57375290,,,,
Altha,CALHOUN,SHELTER,RISK,700,No,Yes, , ,-85.12350375, 30.57375290,,,,
Blountstown,CALHOUN,SHELTER,RISK,463,No,Yes, , ,-85.04258996, 30.46786001,,,,
Citrus Springs,CITRUS,SHELTER,RISK,366,No,Yes, , ,-82.43360098, 28.97361700,,,,
Citrus Springs,CITRUS,SHELTER,RISK,298,No,Yes, , ,-82.43360098, 28.97361700,,,,
Citrus Springs,CITRUS,SHELTER,RISK,239,No,Yes, , ,-82.43819501, 28.97382998,,,,
Hernando,CITRUS,SHELTER,RISK,2210,No,Yes, , ,-82.44409604, 28.90531098,,,,
Inverness,CITRUS,SHELTER,RISK,344,No,Yes, , ,-82.33776900, 28.83481201,,,,
Citrus Springs,CITRUS,SHELTER,RISK,57,No,Yes, , ,-82.43360098, 28.97361700,,,,
Citrus Springs,CITRUS,SHELTER,RISK,353,No,Yes, , ,-82.43360098, 28.97361700,,,,
Inverness,CITRUS,SHELTER,RISK,266,No,Yes, , ,-82.33776900, 28.83481201,,,,
Citrus Springs,CITRUS,SHELTER,RISK,958,No,Yes, , ,-82.43819501, 28.97382998,,,,
Citrus Springs,CITRUS,SHELTER,RISK,327,No,Yes, , ,-82.43360098, 28.97361700,,,,
Orange Park,CLAY,SHELTER,RISK,258,No,Yes, , ,-81.74639003, 30.15008400,,,,
Middleburg,CLAY,SHELTER,RISK,258,No,Yes, , ,-81.94067902, 30.08164299,,,,
Orange Park,CLAY,SHELTER,RISK,546,No,Yes, , ,-81.71153899, 30.08716101,,,,
Green Cove Springs,CLAY,SHELTER,RISK,275,No,Yes, , ,-81.80688178, 30.04611350,,,,
Orange Park,CLAY,SHELTER,RISK,419,No,Yes, , ,-81.83740271, 30.17555345,,,,
Green Cove Springs,CLAY,SHELTER,RISK,502,No,Yes, , ,-81.81318499, 30.01554402,,,,
Middleburg,CLAY,SHELTER,RISK,243,No,Yes, , ,-81.81411698, 30.10149000,,,,
Green Cove Springs,CLAY,SHELTER,RISK,289,No,Yes, , ,-81.80737801, 30.04527999,,,,
Green Cove Springs,CLAY,SHELTER,RISK,272,No,Yes, , ,-81.80737801, 30.04527999,,,,
Orange Park,CLAY,SHELTER,RISK,535,No,Yes, , ,-81.82007601, 30.17968699,,,,
Keystone Heights,CLAY,SHELTER,RISK,134,No,Yes, , ,-82.04196703, 29.77907900,,,,
Orange Park,CLAY,SHELTER,RISK,274,No,Yes, , ,-81.72552403, 30.15852001,,,,
Jacksonville,CLAY,SHELTER,RISK,254,No,Yes, , ,-82.00831000, 30.14468702,,,,
Middleburg,CLAY,SHELTER,RISK,470,No,Yes, , ,-81.80688096, 30.09307201,,,,
Orange Park,CLAY,SHELTER,RISK,553,No,Yes, , ,-81.83740271, 30.17555345,,,,
Orange Park,CLAY,SHELTER,RISK,736,No,Yes, , ,-81.71153899, 30.08716101,,,,
Orange Park,CLAY,SHELTER,RISK,888,No,Yes, , ,-81.83393196, 30.17020501,,,,
Middleburg,CLAY,SHELTER,RISK,240,No,Yes, , ,-81.84558398, 30.11886300,,,,
Green Cove Springs,CLAY,SHELTER,RISK,303,No,Yes, , ,-81.69056898, 29.98977499,,,,
Orange Park,CLAY,SHELTER,RISK,871,No,Yes, , ,-81.83393196, 30.17020501,,,,
Keystone Heights,CLAY,SHELTER,RISK,848,No,Yes, ,Yes,-82.04196703, 29.77907900,-82.04196703, 29.77907900,,
Orange Park,CLAY,SHELTER,RISK,556,No,Yes, , ,-81.84066003, 30.17863402,,,,
Orange Park,CLAY,SHELTER,RISK,270,No,Yes, , ,-81.74639003, 30.15008400,,,,
Orange Park,CLAY,SHELTER,RISK,219,No,Yes, , ,-81.78929673, 30.17949052,,,,
Immokalee,COLLIER,SHELTER,RISK,500,No,Yes, , ,-81.45999196, 26.43382800,,,,
Immokalee,COLLIER,SHELTER,RISK,500,No,Yes, , ,-81.42878002, 26.43209198,,,,
Immokalee,COLLIER,SHELTER,RISK,632,No,Yes, , ,-81.43399837, 26.44147616,,,,
Immokalee,COLLIER,SHELTER,RISK,690,No,Yes, , ,-81.42129094, 26.40954516,,,,
Immokalee,COLLIER,SHELTER,RISK,1500,No,Yes, , ,-81.42364099, 26.42434702,,,,
Immolakee,COLLIER,SHELTER,RISK,500,No,Yes, , ,-81.42647801, 26.41341798,,,,
Immokalee,COLLIER,SHELTER,RISK,488,No,Yes, , ,-81.45915704, 26.44175301,,,,
Immokalee,COLLIER,SHELTER,RISK,643,No,Yes, , ,-81.42648203, 26.42491200,,,,
Lake City,COLUMBIA,SHELTER,RISK,514,No,Yes, , ,-82.63608001, 30.14775002,,,,
Lake City,COLUMBIA,SHELTER,RISK,161,No,Yes, , ,-82.73988192, 30.17651286,,,,
Lake City,COLUMBIA,SHELTER,RISK,93,No,Yes, , ,-82.64838690, 30.17031119,,,,
Lake City,COLUMBIA,SHELTER,RISK,93,No,Yes, , ,-82.64848467, 30.17066894,,,,
Lake City,COLUMBIA,SHELTER,RISK,803,No,Yes, , ,-82.65626758, 30.17869785,,,,
Fort White,COLUMBIA,SHELTER,RISK,136,No,Yes, , ,-82.71160004, 29.93119998,,,,
Lake City,COLUMBIA,SHELTER,RISK,212,No,Yes, , ,-82.73988192, 30.17651286,,,,
Fort White,COLUMBIA,SHELTER,RISK,116,No,Yes, , ,-82.71306997, 29.92705002,,,,
Lake City,COLUMBIA,SHELTER,RISK,243,No,Yes, , ,-82.69953999, 30.15302001,,,,
Lake City,COLUMBIA,SHELTER,RISK,271,No,Yes, , ,-82.65626758, 30.17869785,,,,
Fort White,COLUMBIA,SHELTER,RISK,135,No,Yes, , ,-82.71160004, 29.93119998,,,,
Lake City,COLUMBIA,SHELTER,RISK,96,No,Yes, , ,-82.65017997, 30.17045999,,,,
Lake City,COLUMBIA,SHELTER,RISK,295,No,Yes, , ,-82.73988192, 30.17651286,,,,
Lake City,COLUMBIA,SHELTER,RISK,221,No,Yes, , ,-82.73988192, 30.17651286,,,,
Fort White,COLUMBIA,SHELTER,RISK,167,No,Yes, , ,-82.71160004, 29.93119998,,,,
Lake City,COLUMBIA,SHELTER,RISK,331,No,Yes, , ,-82.63662568, 30.14770161,,,,
Lake City,COLUMBIA,SHELTER,RISK,215,No,Yes, , ,-82.65626758, 30.17869785,,,,
Lake City,COLUMBIA,SHELTER,RISK,53,No,Yes, , ,-82.65017997, 30.17045999,,,,
Lake City,COLUMBIA,SHELTER,RISK,205,No,Yes, , ,-82.65626758, 30.17869785,,,,
Fort White,COLUMBIA,SHELTER,RISK,93,No,Yes, , ,-82.71306997, 29.92705002,,,,
Lake City,COLUMBIA,SHELTER,RISK,94,No,Yes, , ,-82.65017997, 30.17045999,,,,
Arcadia,DESOTO,SHELTER,RISK,549,No,Yes, , ,-81.85057004, 27.22324000,,,,
Arcadia,DESOTO,SHELTER,RISK,502,No,Yes, , ,-81.85057004, 27.22324000,,,,
Arcadia,DESOTO,SHELTER,RISK,469,No,Yes, , ,-81.85057004, 27.22324000,,,,
Arcadia,DESOTO,SHELTER,RISK,30,No,Yes, , ,-81.84244999, 27.22957999,,,,
Arcadia,DESOTO,SHELTER,RISK,140,No,Yes, , ,-81.85741001, 27.21480001,,,,
Arcadia,DESOTO,SHELTER,RISK,91,No,Yes, , ,-81.83639051, 27.22380332,,,,
Arcadia,DESOTO,SHELTER,RISK,180,No,Yes, , ,-81.85094002, 27.21434001,,,,
Arcadia,DESOTO,SHELTER,RISK,67,No,Yes, , ,-81.85624827, 27.21578561,,,,
Cross City,DIXIE,SHELTER,RISK,70,No,Yes, , ,-83.12924999, 29.62137002,,,,
Cross City,DIXIE,SHELTER,RISK,511,No,Yes, , ,-83.10721686, 29.62371997,,,,
Cross City,DIXIE,SHELTER,RISK,62,No,Yes, , ,-83.12924999, 29.62137002,,,,
Cross City,DIXIE,SHELTER,RISK,821,No,Yes, , ,-83.10721686, 29.62371997,,,,
Cross City,DIXIE,SHELTER,RISK,217,No,Yes, , ,-83.10721686, 29.62371997,,,,
Cross City,DIXIE,SHELTER,RISK,618,No,Yes, , ,-83.12924999, 29.62137002,,,,
Cross City,DIXIE,SHELTER,RISK,773,No,Yes, , ,-83.12924999, 29.62137002,,,,
Cross City,DIXIE,SHELTER,RISK,543,No,Yes, , ,-83.10721686, 29.62371997,,,,
Cross City,DIXIE,SHELTER,RISK,466,No,Yes, , ,-83.10721686, 29.62371997,,,,
Jacksonville,DUVAL,SHELTER,RISK,155,No,Yes, , ,-81.48180603, 30.30488400,,,,
Jacksonville,DUVAL,SHELTER,RISK,1831,No,Yes, , ,-81.65581300, 30.35158399,,,,
Jacksonville,DUVAL,SHELTER,RISK,912,No,Yes, , ,-81.50634598, 30.20280001,,,,
Jacksonville,DUVAL,SHELTER,RISK,507,No,Yes, , ,-81.48724798, 30.32335101,,,,
Jacksonville,DUVAL,SHELTER,RISK,507,No,Yes, , ,-81.58747098, 30.18900599,,,,
Jacksonville,DUVAL,SHELTER,RISK,219,No,Yes, , ,-81.63899697, 30.30014999,,,,
Jacksonville,DUVAL,SHELTER,RISK,1344,No,Yes, , ,-81.51819397, 30.22312398,,,,
Jacksonville,DUVAL,SHELTER,RISK,493,No,Yes, , ,-81.49097902, 30.33278899,,,,
Jacksonville,DUVAL,SHELTER,RISK,211,E,Yes, , ,-81.46038197, 30.25546200,,,,
Jacksonville,DUVAL,SHELTER,RISK,847,No,Yes, , ,-81.58747098, 30.18900599,,,,
Jacksonville,DUVAL,SHELTER,RISK,189,No,Yes, , ,-81.63899697, 30.30014999,,,,
Jacksonville,DUVAL,SHELTER,RISK,946,No,Yes, , ,-81.48724798, 30.32335101,,,,
Jacksonville,DUVAL,SHELTER,RISK,672,E,Yes, , ,-81.46038197, 30.25546200,,,,
Jacksonville,DUVAL,SHELTER,RISK,121,D,Yes, , ,-81.62302501, 30.46103098,,,,
Jacksonville,DUVAL,SHELTER,RISK,211,No,Yes, , ,-81.57003604, 30.34025702,,,,
Jacksonville,DUVAL,SHELTER,RISK,167,No,Yes, , ,-81.48180603, 30.30488400,,,,
Jacksonville,DUVAL,SHELTER,RISK,167,No,Yes, , ,-81.55801002, 30.36025699,,,,
Jacksonville,DUVAL,SHELTER,RISK,1180,E,Yes, , ,-81.46912899, 30.26637800,,,,
Jacksonville,DUVAL,SHELTER,RISK,101,No,Yes, , ,-81.63899697, 30.30014999,,,,
Jacksonville,DUVAL,SHELTER,RISK,1081,No,Yes, , ,-81.50634598, 30.20280001,,,,
Jacksonville,DUVAL,SHELTER,RISK,817,No,Yes, , ,-81.82229302, 30.25247200,,,,
Jacksonville,DUVAL,SHELTER,RISK,1184,No,Yes, , ,-81.82085603, 30.19984798,,,,
Jacksonville,DUVAL,SHELTER,RISK,1184,No,Yes, , ,-81.47766504, 30.32269500,,,,
Baldwin,DUVAL,SHELTER,RISK,97,No,Yes, , ,-81.97302998, 30.30321001,,,,
Jacksonville,DUVAL,SHELTER,RISK,374,No,Yes, , ,-81.63899697, 30.30014999,,,,
Jacksonville,DUVAL,SHELTER,RISK,920,No,Yes, ,Yes,-81.48724798, 30.32335101,-81.48724798, 30.32335101,,
Jacksonville,DUVAL,SHELTER,RISK,1086,No,Yes, ,Yes,-81.50634598, 30.20280001,-81.50634598, 30.20280001,,
Jacksonville,DUVAL,SHELTER,RISK,2517,No,Yes, , ,-81.57003604, 30.34025702,,,,
Jacksonville,DUVAL,SHELTER,RISK,406,C,Yes, ,Yes,-81.72721701, 30.39392500,-81.72721701, 30.39392500,,
Jacksonville,DUVAL,SHELTER,RISK,417,No,Yes, , ,-81.55801002, 30.36025699,,,,
Jacksonville,DUVAL,SHELTER,RISK,975,No,Yes, , ,-81.58747098, 30.18900599,,,,
Jacksonville,DUVAL,SHELTER,RISK,329,No,Yes, , ,-81.50634598, 30.20280001,,,,
Jacksonville,DUVAL,SHELTER,RISK,558,No,Yes, ,Yes,-81.58747098, 30.18900599,-81.58747098, 30.18900599,,
Jacksonville,DUVAL,SHELTER,RISK,558,No,Yes, ,Yes,-81.58747098, 30.18900599,-81.48724798, 30.32335101,,
Jacksonville,DUVAL,SHELTER,RISK,558,No,Yes, ,Yes,-81.48724798, 30.32335101,-81.58747098, 30.18900599,,
Jacksonville,DUVAL,SHELTER,RISK,558,No,Yes, ,Yes,-81.48724798, 30.32335101,-81.48724798, 30.32335101,,
Jacksonville,DUVAL,SHELTER,RISK,800,No,Yes, , ,-81.85222404, 30.27868900,,,,
Jacksonville,DUVAL,SHELTER,RISK,155,D,Yes, , ,-81.62302501, 30.46103098,,,,
Jacksonville,DUVAL,SHELTER,RISK,327,No,Yes, , ,-81.49097902, 30.33278899,,,,
Jacksonville,DUVAL,SHELTER,RISK,953,No,Yes, , ,-81.58747098, 30.18900599,,,,
Jacksonville,DUVAL,SHELTER,RISK,473,No,Yes, , ,-81.47766504, 30.32269500,,,,
Jacksonville,DUVAL,SHELTER,RISK,276,No,Yes, , ,-81.63899697, 30.30014999,,,,
Jacksonville,DUVAL,SHELTER,RISK,318,No,Yes, , ,-81.49528396, 30.10892500,,,,
Jacksonville,DUVAL,SHELTER,RISK,1322,E,Yes, , ,-81.46912899, 30.26637800,,,,
Jacksonville,DUVAL,SHELTER,RISK,945,No,Yes, , ,-81.63899697, 30.30014999,,,,
Jacksonville,DUVAL,SHELTER,RISK,170,No,Yes, , ,-81.48724798, 30.32335101,,,,
Jacksonville,DUVAL,SHELTER,RISK,330,E,Yes, , ,-81.46038197, 30.25546200,,,,
Jacksonville,DUVAL,SHELTER,RISK,136,No,Yes, , ,-81.49097902, 30.33278899,,,,
Jacksonville,DUVAL,SHELTER,RISK,542,No,Yes, , ,-81.65581300, 30.35158399,,,,
Jacksonville,DUVAL,SHELTER,RISK,181,No,Yes, , ,-81.55801002, 30.36025699,,,,
Jacksonville,DUVAL,SHELTER,RISK,450,No,Yes, , ,-81.57003604, 30.34025702,,,,
Jacksonville,DUVAL,SHELTER,RISK,274,No,Yes, , ,-81.63899697, 30.30014999,,,,
Jacksonville,DUVAL,SHELTER,RISK,708,No,Yes, , ,-81.88684197, 30.22527399,,,,
Jacksonville,DUVAL,SHELTER,RISK,865,No,Yes, , ,-81.48724798, 30.32335101,,,,
Jacksonville,DUVAL,SHELTER,RISK,412,No,Yes, , ,-81.48180603, 30.30488400,,,,
Jacksonville,DUVAL,SHELTER,RISK,412,D,Yes, , ,-81.62302501, 30.46103098,,,,
Molino,ESCAMBIA,SHELTER,RISK,367,No,Yes, ,Yes,-87.36242902, 30.74042898,-87.36242902, 30.74042898,,
Pensacola,ESCAMBIA,SHELTER,RISK,200,No,Yes, , ,-87.26888103, 30.55537399,,,,
Pensacola,ESCAMBIA,SHELTER,RISK,200,No,Yes, , ,-87.35876202, 30.38642299,,,,
Pensacola,ESCAMBIA,SHELTER,RISK,227,No,Yes, , ,-87.28283598, 30.42120202,,,,
Pensacola,ESCAMBIA,SHELTER,RISK,227,No,Yes, , ,-87.19335002, 30.46244002,,,,
Pensacola,ESCAMBIA,SHELTER,RISK,427,No,Yes, , ,-87.23997603, 30.46247602,,,,
Pensacola,ESCAMBIA,SHELTER,RISK,309,No,Yes, , ,-87.30600599, 30.46807299,,,,
Pensacola,ESCAMBIA,SHELTER,RISK,1439,No,Yes, , ,-87.35758696, 30.50502202,,,,
Pensacola,ESCAMBIA,SHELTER,RISK,419,No,Yes, , ,-87.35876202, 30.38642299,,,,
Pensacola,ESCAMBIA,SHELTER,RISK,389,No,Yes, , ,-87.22140702, 30.54545502,,,,
Pensacola,ESCAMBIA,SHELTER,RISK,617,No,Yes, , ,-87.19762102, 30.51376698,,,,
Pensacola,ESCAMBIA,SHELTER,RISK,746,No,Yes, , ,-87.22536998, 30.43587002,,,,
Pensacola,ESCAMBIA,SHELTER,RISK,105,No,Yes, , ,-87.26888103, 30.55537399,,,,
Pensacola,ESCAMBIA,SHELTER,RISK,252,No,Yes, , ,-87.26888103, 30.55537399,,,,
Pensacola,ESCAMBIA,SHELTER,RISK,463,No,Yes, , ,-87.35876202, 30.38642299,,,,
Molino,ESCAMBIA,SHELTER,RISK,315,No,Yes, ,Yes,-87.36242902, 30.74042898,-87.36242902, 30.74042898,,
Pensacola,ESCAMBIA,SHELTER,RISK,662,No,Yes, , ,-87.40308907, 30.34669463,,,,
Pensacola,ESCAMBIA,SHELTER,RISK,2369,No,Yes, , ,-87.22140702, 30.54545502,,,,
Pensacola,ESCAMBIA,SHELTER,RISK,486,No,Yes, , ,-87.40308907, 30.34669463,,,,
Cantonment,ESCAMBIA,SHELTER,RISK,293,No,Yes, , ,-87.32224580, 30.62528131,,,,
Pensacola,ESCAMBIA,SHELTER,RISK,400,No,Yes, , ,-87.26940297, 30.54973901,,,,
Pensacola,ESCAMBIA,SHELTER,RISK,148,No,Yes, , ,-87.29001298, 30.38886900,,,,
Pensacola,ESCAMBIA,SHELTER,RISK,99,No,Yes, , ,-87.40308907, 30.34669463,,,,
Pensacola,ESCAMBIA,SHELTER,RISK,806,No,Yes, , ,-87.40308907, 30.34669463,,,,
Molino,ESCAMBIA,SHELTER,RISK,683,No,Yes, ,Yes,-87.36242902, 30.74042898,-87.36242902, 30.74042898,,
Pensacola,ESCAMBIA,SHELTER,RISK,618,No,Yes, , ,-87.40308907, 30.34669463,,,,
Pensacola,ESCAMBIA,SHELTER,RISK,286,No,Yes, , ,-87.20733003, 30.48657001,,,,
Pensacola,ESCAMBIA,SHELTER,RISK,212,No,Yes, , ,-87.29048999, 30.43563000,,,,
Pensacola,ESCAMBIA,SHELTER,RISK,2559,No,Yes, , ,-87.24270964, 30.41404429,,,,
Cantonment,ESCAMBIA,SHELTER,RISK,1300,No,Yes, , ,-87.29899430, 30.57673546,,,,
Pensacola,ESCAMBIA,SHELTER,RISK,330,No,Yes, , ,-87.26888103, 30.55537399,,,,
Molino,ESCAMBIA,SHELTER,RISK,229,No,Yes, ,Yes,-87.36242902, 30.74042898,-87.36242902, 30.74042898,,
Cantonment,ESCAMBIA,SHELTER,RISK,514,No,Yes, , ,-87.29899430, 30.57673546,,,,
Pensacola,ESCAMBIA,SHELTER,RISK,461,No,Yes, , ,-87.40308907, 30.34669463,,,,
Pensacola,ESCAMBIA,SHELTER,RISK,300,No,Yes, , ,-87.26888103, 30.55537399,,,,
Pensacola,ESCAMBIA,SHELTER,RISK,124,No,Yes, , ,-87.40308907, 30.34669463,,,,
Pensacola,ESCAMBIA,SHELTER,RISK,2000,No,Yes, , ,-87.20846000, 30.41637002,,,,
Pensacola,ESCAMBIA,SHELTER,RISK,185,No,Yes, , ,-87.35758696, 30.50502202,,,,
Pensacola,ESCAMBIA,SHELTER,RISK,204,No,Yes, , ,-87.26888103, 30.55537399,,,,
Pensacola,ESCAMBIA,SHELTER,RISK,569,No,Yes, , ,-87.27410129, 30.40365616,,,,
Pensacola,ESCAMBIA,SHELTER,RISK,406,No,Yes, , ,-87.35876202, 30.38642299,,,,
Molino,ESCAMBIA,SHELTER,RISK,357,No,Yes, ,Yes,-87.36242902, 30.74042898,-87.36242902, 30.74042898,,
Pensacola,ESCAMBIA,SHELTER,RISK,311,No,Yes, , ,-87.19762102, 30.51376698,,,,
Pensacola,ESCAMBIA,SHELTER,RISK,169,No,Yes, , ,-87.40308907, 30.34669463,,,,
Pensacola,ESCAMBIA,SHELTER,RISK,293,No,Yes, , ,-87.21650897, 30.51413599,,,,
Pensacola,ESCAMBIA,SHELTER,RISK,392,No,Yes, , ,-87.29937104, 30.48861201,,,,
Century,ESCAMBIA,SHELTER,RISK,1489,No,Yes, , ,-87.40715997, 30.96698998,,,,
Pensacola,ESCAMBIA,SHELTER,RISK,27,No,Yes, , ,-87.40308907, 30.34669463,,,,
Pensacola,ESCAMBIA,SHELTER,RISK,274,No,Yes, , ,-87.35876202, 30.38642299,,,,
Pensacola,ESCAMBIA,SHELTER,RISK,354,No,Yes, , ,-87.35876202, 30.38642299,,,,
Palm Coast,FLAGLER,SHELTER,RISK,369,No,Yes, , ,-81.25947999, 29.58305001,,,,
Palm Coast,FLAGLER,SHELTER,RISK,710,D,Yes, , ,-81.23561001, 29.60471999,,,,
Palm Coast,FLAGLER,SHELTER,RISK,1059,D,Yes, , ,-81.23561001, 29.60471999,,,,
Bunnell,FLAGLER,SHELTER,RISK,196,No,Yes, , ,-81.25540001, 29.47276000,,,,
Palm Coast,FLAGLER,SHELTER,RISK,125,D,Yes, , ,-81.23561001, 29.60471999,,,,
Bunnell,FLAGLER,SHELTER,RISK,998,No,Yes, , ,-81.25540001, 29.47276000,,,,
Palm Coast,FLAGLER,SHELTER,RISK,1562,No,Yes, , ,-81.22087001, 29.50527001,,,,
Palm Coast,FLAGLER,SHELTER,RISK,697,No,Yes, , ,-81.20779177, 29.47525672,,,,
Palm Coast,FLAGLER,SHELTER,RISK,180,No,Yes, , ,-81.25947999, 29.58305001,,,,
Palm Coast,FLAGLER,SHELTER,RISK,1464,No,Yes, , ,-81.22507001, 29.53278000,,,,
Palm Coast,FLAGLER,SHELTER,RISK,210,No,Yes, , ,-81.25947999, 29.58305001,,,,
Flagler Beach,FLAGLER,SHELTER,RISK,565,D,Yes, , ,-81.17589004, 29.47323999,,,,
Palm Coast,FLAGLER,SHELTER,RISK,207,No,Yes, , ,-81.22100969, 29.50546973,,,,
Bunnell,FLAGLER,SHELTER,RISK,1056,No,Yes, , ,-81.25540001, 29.47276000,,,,
Palm Coast,FLAGLER,SHELTER,RISK,243,D,Yes, , ,-81.23561001, 29.60471999,,,,
Bunnell,FLAGLER,SHELTER,RISK,541,No,Yes, , ,-81.25540001, 29.47276000,,,,
Palm Coast,FLAGLER,SHELTER,RISK,98,D,Yes, , ,-81.23561001, 29.60471999,,,,
Palm Coast,FLAGLER,SHELTER,RISK,140,No,Yes, , ,-81.22507001, 29.53278000,,,,
Palm Coast,FLAGLER,SHELTER,RISK,202,No,Yes, , ,-81.25947999, 29.58305001,,,,
Palm Coast,FLAGLER,SHELTER,RISK,1122,No,Yes, , ,-81.22087001, 29.50527001,,,,
Palm Coast,FLAGLER,SHELTER,RISK,106,No,Yes, , ,-81.25947999, 29.58305001,,,,
Palm Coast,FLAGLER,SHELTER,RISK,437,D,Yes, , ,-81.23561001, 29.60471999,,,,
Bunnell,FLAGLER,SHELTER,RISK,144,No,Yes, , ,-81.25540001, 29.47276000,,,,
Quincy,GADSDEN,SHELTER,RISK,650,No,Yes, , ,-84.73228130, 30.56734239,,,,
Havana,GADSDEN,SHELTER,RISK,887,No,Yes, , ,-84.49062840, 30.55143381,,,,
Quincy,GADSDEN,SHELTER,RISK,484,No,Yes, , ,-84.73228130, 30.56734239,,,,
Havana,GADSDEN,SHELTER,RISK,51,No,Yes, , ,-84.39959882, 30.62400393,,,,
Quincy,GADSDEN,SHELTER,RISK,525,No,Yes, , ,-84.73228130, 30.56734239,,,,
Havana,GADSDEN,SHELTER,RISK,133,No,Yes, , ,-84.49062840, 30.55143381,,,,
Quincy,GADSDEN,SHELTER,RISK,160,No,Yes, , ,-84.73228130, 30.56734239,,,,
Havana,GADSDEN,SHELTER,RISK,397,No,Yes, , ,-84.39959882, 30.62400393,,,,
Havana,GADSDEN,SHELTER,RISK,90,No,Yes, , ,-84.39959882, 30.62400393,,,,
Havana,GADSDEN,SHELTER,RISK,219,No,Yes, , ,-84.39959882, 30.62400393,,,,
Havana,GADSDEN,SHELTER,RISK,299,No,Yes, , ,-84.49062840, 30.55143381,,,,
Quincy,GADSDEN,SHELTER,RISK,268,No,Yes, , ,-84.73228130, 30.56734239,,,,
Havana,GADSDEN,SHELTER,RISK,1043,No,Yes, , ,-84.49062840, 30.55143381,,,,
Havana,GADSDEN,SHELTER,RISK,649,No,Yes, , ,-84.39959882, 30.62400393,,,,
Bell,GILCHRIST,SHELTER,RISK,711,No,Yes, , ,-82.85929998, 29.75151000,,,,
Trenton,GILCHRIST,SHELTER,RISK,262,No,Yes, , ,-82.83031569, 29.61354752,,,,
Trenton,GILCHRIST,SHELTER,RISK,624,No,Yes, , ,-82.81875001, 29.61922001,,,,
Bell,GILCHRIST,SHELTER,RISK,271,No,Yes, , ,-82.85503997, 29.75072998,,,,
Trenton,GILCHRIST,SHELTER,RISK,338,No,Yes, , ,-82.81875001, 29.61922001,,,,
Bell,GILCHRIST,SHELTER,RISK,270,No,Yes, , ,-82.85929998, 29.75151000,,,,
Trenton,GILCHRIST,SHELTER,RISK,156,No,Yes, , ,-82.81875001, 29.61922001,,,,
Trenton,GILCHRIST,SHELTER,RISK,347,No,Yes, , ,-82.81875001, 29.61922001,,,,
LaBelle,GLADES,SHELTER,RISK,137,No,Yes, , ,-81.51464004, 26.82581998,,,,
LaBelle,GLADES,SHELTER,RISK,208,No,Yes, ,Yes,-81.44293071, 26.80701992,-81.44293071, 26.80701992,,
LaBelle,GLADES,SHELTER,RISK,472,No,Yes, , ,-81.44293071, 26.80701992,,,,
LaBelle,GLADES,SHELTER,RISK,432,No,Yes, , ,-81.44293071, 26.80701992,,,,
Moore Haven,GLADES,SHELTER,RISK,83,No,Yes, , ,-81.31389002, 26.79791998,,,,
Moore Haven,GLADES,SHELTER,RISK,265,C,Yes, , ,-81.08878999, 26.99241001,,,,
LaBelle,GLADES,SHELTER,RISK,474,No,Yes, , ,-81.44293071, 26.80701992,,,,
Wewahitchka,GULF,SHELTER,RISK,186,No,Yes, , ,-85.21659425, 30.06522958,,,,
Wewahitchka,GULF,SHELTER,RISK,232,No,Yes, , ,-85.19426000, 30.06217598,,,,
Jasper,HAMILTON,SHELTER,RISK,497,No,Yes, , ,-82.93010954, 30.47547713,,,,
Jasper,HAMILTON,SHELTER,RISK,159,No,Yes, , ,-82.93010954, 30.47547713,,,,
Jasper,HAMILTON,SHELTER,RISK,273,No,Yes, , ,-82.93010954, 30.47547713,,,,
Jasper,HAMILTON,SHELTER,RISK,623,No,Yes, ,Yes,-82.93010954, 30.47547713,-82.93010954, 30.47547713,,
Jasper,HAMILTON,SHELTER,RISK,146,No,Yes, , ,-82.93010954, 30.47547713,,,,
Jasper,HAMILTON,SHELTER,RISK,157,No,Yes, , ,-82.93010954, 30.47547713,,,,
Bowling Green,HARDEE,SHELTER,RISK,690,No,Yes, , ,-81.82114998, 27.63576002,,,,
Wauchula,HARDEE,SHELTER,RISK,493,No,Yes, , ,-81.82028263, 27.58657739,,,,
Wauchula,HARDEE,SHELTER,RISK,106,No,Yes, , ,-81.81641001, 27.56074001,,,,
Wauchula,HARDEE,SHELTER,RISK,521,No,Yes, , ,-81.82028263, 27.58657739,,,,
Wauchula,HARDEE,SHELTER,RISK,860,No,Yes, , ,-81.82028263, 27.58657739,,,,
Wauchula,HARDEE,SHELTER,RISK,213,No,Yes, , ,-81.82028263, 27.58657739,,,,
Bowling Green,HARDEE,SHELTER,RISK,58,No,Yes, , ,-81.82153002, 27.60405002,,,,
Bowling Green,HARDEE,SHELTER,RISK,106,No,Yes, , ,-81.82114998, 27.63576002,,,,
Wauchula,HARDEE,SHELTER,RISK,56,No,Yes, , ,-81.82028263, 27.58657739,,,,
Wauchula,HARDEE,SHELTER,RISK,413,No,Yes, , ,-81.82028263, 27.58657739,,,,
Wauchula,HARDEE,SHELTER,RISK,144,No,Yes, , ,-81.82028263, 27.58657739,,,,
Wauchula,HARDEE,SHELTER,RISK,338,No,Yes, , ,-81.82028263, 27.58657739,,,,
Zolfo Springs,HARDEE,SHELTER,RISK,194,No,Yes, , ,-81.78556997, 27.49563999,,,,
Clewiston,HENDRY,SHELTER,RISK,553,No,Yes, , ,-80.93673986, 26.75579673,,,,
Clewiston,HENDRY,SHELTER,RISK,159,No,Yes, , ,-80.93673986, 26.75579673,,,,
Labelle,HENDRY,SHELTER,RISK,287,No,Yes, , ,-81.36898997, 26.75182999,,,,
Clewiston,HENDRY,SHELTER,RISK,355,No,Yes, , ,-80.93673986, 26.75579673,,,,
Labelle,HENDRY,SHELTER,RISK,163,No,Yes, , ,-81.36898997, 26.75182999,,,,
Clewiston,HENDRY,SHELTER,RISK,312,No,Yes, , ,-80.92247284, 26.74469162,,,,
Labelle,HENDRY,SHELTER,RISK,354,No,Yes, , ,-81.36898997, 26.75182999,,,,
Labelle,HENDRY,SHELTER,RISK,121,No,Yes, , ,-81.36898997, 26.75182999,,,,
Clewiston,HENDRY,SHELTER,RISK,156,No,Yes, , ,-80.93673986, 26.75579673,,,,
Clewiston,HENDRY,SHELTER,RISK,181,No,Yes, , ,-80.92247284, 26.74469162,,,,
Clewiston,HENDRY,SHELTER,RISK,149,No,Yes, , ,-80.93673986, 26.75579673,,,,
Labelle,HENDRY,SHELTER,RISK,476,No,Yes, , ,-81.36898997, 26.75182999,,,,
LaBelle,HENDRY,SHELTER,RISK,557,No,Yes, , ,-81.36898997, 26.75182999,,,,
Labelle,HENDRY,SHELTER,RISK,242,No,Yes, , ,-81.44030002, 26.76579001,,,,
Spring Hill,HERNANDO,SHELTER,RISK,270,No,Yes, , ,-82.54217697, 28.48200400,,,,
Spring Hill,HERNANDO,SHELTER,RISK,257,No,Yes, , ,-82.50967002, 28.47847401,,,,
Spring Hill,HERNANDO,SHELTER,RISK,1155,No,Yes, , ,-82.50182296, 28.49581202,,,,
Brooksville,HERNANDO,SHELTER,RISK,310,No,Yes, , ,-82.49538398, 28.56411899,,,,
Spring Hill,HERNANDO,SHELTER,RISK,202,No,Yes, , ,-82.53757203, 28.43701900,,,,
Brooksville,HERNANDO,SHELTER,RISK,332,No,Yes, , ,-82.46332304, 28.48835401,,,,
Brooksville,HERNANDO,SHELTER,RISK,585,No,Yes, , ,-82.46332304, 28.48835401,,,,
Spring Hill,HERNANDO,SHELTER,RISK,508,No,Yes, , ,-82.50182296, 28.49581202,,,,
Spring Hill,HERNANDO,SHELTER,RISK,256,No,Yes, , ,-82.50967002, 28.47847401,,,,
Sebring,HIGHLANDS,SHELTER,RISK,223,No,Yes, , ,-81.43058003, 27.47940999,,,,
Avon Park,HIGHLANDS,SHELTER,RISK,225,No,Yes, , ,-81.51002999, 27.60199000,,,,
Lake Placid,HIGHLANDS,SHELTER,RISK,282,No,Yes, , ,-81.36949004, 27.29417999,,,,
Sebring,HIGHLANDS,SHELTER,RISK,1185,No,Yes, , ,-81.44391825, 27.49488170,,,,
Avon Park,HIGHLANDS,SHELTER,RISK,250,No,Yes, , ,-81.48868003, 27.59375000,,,,
Lake Placid,HIGHLANDS,SHELTER,RISK,359,No,Yes, , ,-81.37268002, 27.29368998,,,,
Sebring,HIGHLANDS,SHELTER,RISK,140,No,Yes, , ,-81.44402997, 27.42398000,,,,
Sebring,HIGHLANDS,SHELTER,RISK,220,No,Yes, , ,-81.44395000, 27.50725002,,,,
Sebring,HIGHLANDS,SHELTER,RISK,220,No,Yes, , ,-81.43135997, 27.48608999,,,,
Sebring,HIGHLANDS,SHELTER,RISK,509,No,Yes, , ,-81.51456997, 27.51615001,,,,
Sebring,HIGHLANDS,SHELTER,RISK,732,No,Yes, , ,-81.43135997, 27.48608999,,,,
Avon Park,HIGHLANDS,SHELTER,RISK,1082,No,Yes, , ,-81.49401263, 27.55044914,,,,
Avon Park,HIGHLANDS,SHELTER,RISK,459,No,Yes, , ,-81.50947997, 27.56872998,,,,
Avon Park,HIGHLANDS,SHELTER,RISK,538,No,Yes, , ,-81.48868003, 27.59375000,,,,
Avon Park,HIGHLANDS,SHELTER,RISK,164,No,Yes, , ,-81.49515002, 27.60747000,,,,
Avon Park,HIGHLANDS,SHELTER,RISK,126,No,Yes, , ,-81.51002999, 27.60199000,,,,
Sebring,HIGHLANDS,SHELTER,RISK,84,No,Yes, , ,-81.44395000, 27.50725002,,,,
Avon Park,HIGHLANDS,SHELTER,RISK,587,No,Yes, , ,-81.50152002, 27.59150998,,,,
Lake Placid,HIGHLANDS,SHELTER,RISK,233,No,Yes, , ,-81.37364998, 27.29642998,,,,
Riverview,HILLSBOROUGH,SHELTER,RISK,610,No,Yes, , ,-82.32297000, 27.79988598,,,,
Riverview,HILLSBOROUGH,SHELTER,RISK,732,No,Yes, , ,-82.31936997, 27.83315698,,,,
Plant City,HILLSBOROUGH,SHELTER,RISK,406,No,Yes, , ,-82.12932599, 28.02782501,,,,
Plant City,HILLSBOROUGH,SHELTER,RISK,406,No,Yes, , ,-82.17553500, 28.05013101,,,,
Tampa,HILLSBOROUGH,SHELTER,RISK,237,No,Yes, , ,-82.49933102, 28.05246998,,,,
Tampa,HILLSBOROUGH,SHELTER,RISK,275,No,Yes, , ,-82.34776098, 28.16709301,,,,
Tampa,HILLSBOROUGH,SHELTER,RISK,275,No,Yes, , ,-82.43162603, 28.07099499,,,,
Brandon,HILLSBOROUGH,SHELTER,RISK,653,No,Yes, , ,-82.29989403, 27.94428300,,,,
Plant City,HILLSBOROUGH,SHELTER,RISK,409,No,Yes, , ,-82.17177203, 27.88807898,,,,
Riverview,HILLSBOROUGH,SHELTER,RISK,583,E,Yes, , ,-82.30965199, 27.88858299,,,,
Tampa,HILLSBOROUGH,SHELTER,RISK,308,No,Yes, , ,-82.31856497, 28.15778101,,,,
Lithia,HILLSBOROUGH,SHELTER,RISK,692,No,Yes, , ,-82.20517098, 27.85933098,,,,
Odessa,HILLSBOROUGH,SHELTER,RISK,162,No,Yes, , ,-82.57467603, 28.11371801,,,,
Gibsonton,HILLSBOROUGH,SHELTER,RISK,479,E,Yes, , ,-82.36483299, 27.79310900,,,,
Tampa,HILLSBOROUGH,SHELTER,RISK,741,No,Yes, , ,-82.38178777, 28.13342805,,,,
Valrico,HILLSBOROUGH,SHELTER,RISK,543,No,Yes, , ,-82.22908002, 27.90758199,,,,
Tampa,HILLSBOROUGH,SHELTER,RISK,1599,No,Yes, ,Yes,-82.57390398, 28.07683500,-82.57390398, 28.07683500,,
Ruskin,HILLSBOROUGH,SHELTER,RISK,390,No,Yes, ,Yes,-82.36952703, 27.73978400,-82.36952703, 27.73978400,,
Lutz,HILLSBOROUGH,SHELTER,RISK,848,No,Yes, , ,-82.53270600, 28.16115799,,,,
Apollo Beach,HILLSBOROUGH,SHELTER,RISK,736,E,Yes, , ,-82.36868800, 27.78070102,,,,
Lutz,HILLSBOROUGH,SHELTER,RISK,568,No,Yes, , ,-82.53012404, 28.15650302,,,,
Wimauma,HILLSBOROUGH,SHELTER,RISK,831,No,Yes, , ,-82.32066598, 27.71803100,,,,
Tampa,HILLSBOROUGH,SHELTER,RISK,585,No,Yes, , ,-82.43951298, 27.97925100,,,,
Odessa,HILLSBOROUGH,SHELTER,RISK,455,No,Yes, , ,-82.57467603, 28.11371801,,,,
Plant City,HILLSBOROUGH,SHELTER,RISK,509,No,Yes, , ,-82.10811198, 28.01632399,,,,
Tampa,HILLSBOROUGH,SHELTER,RISK,663,No,Yes, , ,-82.31856497, 28.15778101,,,,
Tampa,HILLSBOROUGH,SHELTER,RISK,663,No,Yes, , ,-82.57986100, 28.07903198,,,,
Dover,HILLSBOROUGH,SHELTER,RISK,408,No,Yes, , ,-82.20435903, 27.90778500,,,,
Lithia,HILLSBOROUGH,SHELTER,RISK,889,No,Yes, , ,-82.21911402, 27.84179499,,,,
Valrico,HILLSBOROUGH,SHELTER,RISK,644,No,Yes, , ,-82.25494197, 27.89496602,,,,
Riverview,HILLSBOROUGH,SHELTER,RISK,348,No,Yes, , ,-82.32297000, 27.79988598,,,,
Tampa,HILLSBOROUGH,SHELTER,RISK,586,No,Yes, , ,-82.39207099, 28.11365201,,,,
Lithia,HILLSBOROUGH,SHELTER,RISK,234,No,Yes, , ,-82.20683102, 27.85650498,,,,
Seffner,HILLSBOROUGH,SHELTER,RISK,826,E,Yes, , ,-82.32788104, 28.02621400,,,,
Ruskin,HILLSBOROUGH,SHELTER,RISK,668,No,Yes, , ,-82.36952703, 27.73978400,,,,
Tampa,HILLSBOROUGH,SHELTER,RISK,831,No,Yes, , ,-82.35073002, 28.16883301,,,,
Lithia,HILLSBOROUGH,SHELTER,RISK,464,No,Yes, , ,-82.25674198, 27.84819801,,,,
Lithia,HILLSBOROUGH,SHELTER,RISK,1331,No,Yes, , ,-82.25858499, 27.84926000,,,,
Dover,HILLSBOROUGH,SHELTER,RISK,533,No,Yes, , ,-82.20435903, 27.90778500,,,,
Tampa,HILLSBOROUGH,SHELTER,RISK,636,E,Yes, , ,-82.40710897, 27.96755698,,,,
Seffner,HILLSBOROUGH,SHELTER,RISK,482,No,Yes, , ,-82.27842001, 28.00839802,,,,
Plant City,HILLSBOROUGH,SHELTER,RISK,733,No,Yes, , ,-82.17177203, 27.88807898,,,,
Plant City,HILLSBOROUGH,SHELTER,RISK,400,No,Yes, , ,-82.17177203, 27.88807898,,,,
Lutz,HILLSBOROUGH,SHELTER,RISK,1537,No,Yes, , ,-82.53311998, 28.15759200,,,,
Seffner,HILLSBOROUGH,SHELTER,RISK,331,No,Yes, , ,-82.29688928, 28.00297598,,,,
Lithia,HILLSBOROUGH,SHELTER,RISK,736,No,Yes, , ,-82.21911402, 27.84179499,,,,
Tampa,HILLSBOROUGH,SHELTER,RISK,655,No,Yes, , ,-82.45597202, 27.98831100,,,,
Tampa,HILLSBOROUGH,SHELTER,RISK,655,No,Yes, , ,-82.42726904, 27.99688199,,,,
Tampa,HILLSBOROUGH,SHELTER,RISK,169,No,Yes, , ,-82.38536396, 28.09816698,,,,
Tampa,HILLSBOROUGH,SHELTER,RISK,469,No,Yes, , ,-82.57986100, 28.07903198,,,,
Seffner,HILLSBOROUGH,SHELTER,RISK,1681,No,Yes, , ,-82.27842001, 28.00839802,,,,
Tampa,HILLSBOROUGH,SHELTER,RISK,548,No,Yes, , ,-82.39207099, 28.11365201,,,,
Tampa,HILLSBOROUGH,SHELTER,RISK,475,No,Yes, , ,-82.40423699, 28.05554098,,,,
Valrico,HILLSBOROUGH,SHELTER,RISK,448,No,Yes, , ,-82.24375498, 27.92983699,,,,
Tampa,HILLSBOROUGH,SHELTER,RISK,386,No,Yes, , ,-82.47780001, 28.05774601,,,,
Brandon,HILLSBOROUGH,SHELTER,RISK,112,No,Yes, , ,-82.30135500, 27.95737700,,,,
Riverview,HILLSBOROUGH,SHELTER,RISK,946,No,Yes, , ,-82.31774497, 27.81116798,,,,
Tampa,HILLSBOROUGH,SHELTER,RISK,676,No,Yes, , ,-82.35073002, 28.16883301,,,,
Tampa,HILLSBOROUGH,SHELTER,RISK,556,No,Yes, , ,-82.28595300, 28.14633200,,,,
Tampa,HILLSBOROUGH,SHELTER,RISK,341,No,Yes, , ,-82.32376896, 28.14100899,,,,
Tampa,HILLSBOROUGH,SHELTER,RISK,506,No,Yes, , ,-82.40423699, 28.05554098,,,,
Valrico,HILLSBOROUGH,SHELTER,RISK,376,No,Yes, , ,-82.22908002, 27.90758199,,,,
Riverview,HILLSBOROUGH,SHELTER,RISK,651,E,Yes, , ,-82.30965199, 27.88858299,,,,
Tampa,HILLSBOROUGH,SHELTER,RISK,421,No,Yes, , ,-82.38178777, 28.13342805,,,,
Tampa,HILLSBOROUGH,SHELTER,RISK,421,No,Yes, , ,-82.39207099, 28.11365201,,,,
Valrico,HILLSBOROUGH,SHELTER,RISK,292,No,Yes, , ,-82.24375498, 27.92983699,,,,
Tampa,HILLSBOROUGH,SHELTER,RISK,860,No,Yes, , ,-82.32376896, 28.14100899,,,,
Tampa,HILLSBOROUGH,SHELTER,RISK,478,No,Yes, , ,-82.40423699, 28.05554098,,,,
Plant City,HILLSBOROUGH,SHELTER,RISK,393,No,Yes, , ,-82.14659397, 28.01821599,,,,
Plant City,HILLSBOROUGH,SHELTER,RISK,270,No,Yes, , ,-82.17085597, 27.94775600,,,,
Tampa,HILLSBOROUGH,SHELTER,RISK,368,No,Yes, , ,-82.43671997, 28.00982902,,,,
Seffner,HILLSBOROUGH,SHELTER,RISK,261,No,Yes, , ,-82.27842001, 28.00839802,,,,
Valrico,HILLSBOROUGH,SHELTER,RISK,424,No,Yes, , ,-82.23907100, 27.87472799,,,,
Brandon,HILLSBOROUGH,SHELTER,RISK,338,No,Yes, , ,-82.27241899, 27.91635500,,,,
Plant City,HILLSBOROUGH,SHELTER,RISK,619,No,Yes, , ,-82.17177203, 27.88807898,,,,
Valrico,HILLSBOROUGH,SHELTER,RISK,675,No,Yes, , ,-82.23907100, 27.87472799,,,,
Tampa,HILLSBOROUGH,SHELTER,RISK,532,No,Yes, , ,-82.32376896, 28.14100899,,,,
Valrico,HILLSBOROUGH,SHELTER,RISK,643,No,Yes, , ,-82.24375498, 27.92983699,,,,
Tampa,HILLSBOROUGH,SHELTER,RISK,207,No,Yes, , ,-82.38178777, 28.13342805,,,,
Plant City,HILLSBOROUGH,SHELTER,RISK,375,No,Yes, , ,-82.15505600, 28.07559900,,,,
Tampa,HILLSBOROUGH,SHELTER,RISK,292,No,Yes, , ,-82.43996603, 28.08100101,,,,
Temple Terrace,HILLSBOROUGH,SHELTER,RISK,453,No,Yes, , ,-82.37584799, 28.05294100,,,,
Lithia,HILLSBOROUGH,SHELTER,RISK,370,No,Yes, , ,-82.20517098, 27.85933098,,,,
Lutz,HILLSBOROUGH,SHELTER,RISK,732,No,Yes, , ,-82.53270600, 28.16115799,,,,
Valrico,HILLSBOROUGH,SHELTER,RISK,520,No,Yes, , ,-82.22908002, 27.90758199,,,,
Tampa,HILLSBOROUGH,SHELTER,RISK,118,No,Yes, , ,-82.54112998, 28.06834300,,,,
Plant City,HILLSBOROUGH,SHELTER,RISK,324,No,Yes, , ,-82.16924103, 27.97689300,,,,
Riverview,HILLSBOROUGH,SHELTER,RISK,346,No,Yes, , ,-82.32297000, 27.79988598,,,,
Plant City,HILLSBOROUGH,SHELTER,RISK,248,No,Yes, , ,-82.17177203, 27.88807898,,,,
Plant City,HILLSBOROUGH,SHELTER,RISK,356,No,Yes, , ,-82.10811198, 28.01632399,,,,
Tampa,HILLSBOROUGH,SHELTER,RISK,423,No,Yes, , ,-82.43837900, 27.98066301,,,,
Lithia,HILLSBOROUGH,SHELTER,RISK,1431,No,Yes, , ,-82.20683102, 27.85650498,,,,
Tampa,HILLSBOROUGH,SHELTER,RISK,501,No,Yes, , ,-82.28595300, 28.14633200,,,,
Tampa,HILLSBOROUGH,SHELTER,RISK,902,No,Yes, , ,-82.44669401, 28.02625700,,,,
Lithia,HILLSBOROUGH,SHELTER,RISK,376,No,Yes, , ,-82.20517098, 27.85933098,,,,
Brandon,HILLSBOROUGH,SHELTER,RISK,910,No,Yes, , ,-82.31953702, 27.95872602,,,,
Brandon,HILLSBOROUGH,SHELTER,RISK,869,No,Yes, , ,-82.28998603, 27.94297601,,,,
Tampa,HILLSBOROUGH,SHELTER,RISK,208,No,Yes, , ,-82.38178777, 28.13342805,,,,
Tampa,HILLSBOROUGH,SHELTER,RISK,348,No,Yes, , ,-82.53276400, 28.04563701,,,,
Tampa,HILLSBOROUGH,SHELTER,RISK,298,No,Yes, , ,-82.42998402, 27.98252199,,,,
Lutz,HILLSBOROUGH,SHELTER,RISK,446,No,Yes, , ,-82.53012404, 28.15650302,,,,
Dover,HILLSBOROUGH,SHELTER,RISK,558,No,Yes, , ,-82.20435903, 27.90778500,,,,
Gibsonton,HILLSBOROUGH,SHELTER,RISK,433,E,Yes, , ,-82.36483299, 27.79310900,,,,
Riverview,HILLSBOROUGH,SHELTER,RISK,333,No,Yes, , ,-82.28913401, 27.80184701,,,,
Tampa,HILLSBOROUGH,SHELTER,RISK,501,No,Yes, ,Yes,-82.57390398, 28.07683500,-82.57390398, 28.07683500,,
Ruskin,HILLSBOROUGH,SHELTER,RISK,834,No,Yes, , ,-82.36952703, 27.73978400,,,,
Plant City,HILLSBOROUGH,SHELTER,RISK,565,No,Yes, , ,-82.17177203, 27.88807898,,,,
Tampa,HILLSBOROUGH,SHELTER,RISK,1159,No,Yes, , ,-82.40707996, 27.99196001,,,,
Tampa,HILLSBOROUGH,SHELTER,RISK,191,No,Yes, , ,-82.43178998, 28.07194500,,,,
Riverview,HILLSBOROUGH,SHELTER,RISK,422,No,Yes, , ,-82.27980403, 27.84792799,,,,
Tampa,HILLSBOROUGH,SHELTER,RISK,672,No,Yes, , ,-82.31856497, 28.15778101,,,,
Wimauma,HILLSBOROUGH,SHELTER,RISK,688,No,Yes, , ,-82.32066598, 27.71803100,,,,
Tampa,HILLSBOROUGH,SHELTER,RISK,301,No,Yes, , ,-82.47780001, 28.05774601,,,,
Tampa,HILLSBOROUGH,SHELTER,RISK,390,No,Yes, , ,-82.35073002, 28.16883301,,,,
Plant City,HILLSBOROUGH,SHELTER,RISK,742,No,Yes, , ,-82.17177203, 27.88807898,,,,
Seffner,HILLSBOROUGH,SHELTER,RISK,688,E,Yes, , ,-82.32788104, 28.02621400,,,,
Plant City,HILLSBOROUGH,SHELTER,RISK,431,No,Yes, , ,-82.17101498, 27.94417399,,,,
Tampa,HILLSBOROUGH,SHELTER,RISK,602,No,Yes, , ,-82.32376896, 28.14100899,,,,
Dover,HILLSBOROUGH,SHELTER,RISK,362,No,Yes, ,Yes,-82.23659004, 28.02288899,-82.23659004, 28.02288899,,
Tampa,HILLSBOROUGH,SHELTER,RISK,187,E,Yes, , ,-82.40710897, 27.96755698,,,,
Odessa,HILLSBOROUGH,SHELTER,RISK,524,No,Yes, , ,-82.57467603, 28.11371801,,,,
Temple Terrace,HILLSBOROUGH,SHELTER,RISK,367,No,Yes, , ,-82.39167897, 28.03460500,,,,
Tampa,HILLSBOROUGH,SHELTER,RISK,437,No,Yes, , ,-82.35442803, 28.15886801,,,,
Seffner,HILLSBOROUGH,SHELTER,RISK,506,No,Yes, , ,-82.27842001, 28.00839802,,,,
Tampa,HILLSBOROUGH,SHELTER,RISK,277,No,Yes, , ,-82.34776098, 28.16709301,,,,
Lithia,HILLSBOROUGH,SHELTER,RISK,657,No,Yes, , ,-82.23239800, 27.84929998,,,,
Plant City,HILLSBOROUGH,SHELTER,RISK,379,No,Yes, , ,-82.07146202, 27.97339900,,,,
Riverview,HILLSBOROUGH,SHELTER,RISK,611,No,Yes, , ,-82.31936997, 27.83315698,,,,
Tampa,HILLSBOROUGH,SHELTER,RISK,139,No,Yes, , ,-82.42330800, 27.98743701,,,,
Tampa,HILLSBOROUGH,SHELTER,RISK,1593,No,Yes, , ,-82.43354599, 27.98984799,,,,
Temple Terrace,HILLSBOROUGH,SHELTER,RISK,160,No,Yes, , ,-82.37305586, 28.04711579,,,,
Tampa,HILLSBOROUGH,SHELTER,RISK,396,No,Yes, , ,-82.57986100, 28.07903198,,,,
Tampa,HILLSBOROUGH,SHELTER,RISK,595,E,Yes, , ,-82.40710897, 27.96755698,,,,
Tampa,HILLSBOROUGH,SHELTER,RISK,906,No,Yes, , ,-82.43354599, 27.98984799,,,,
Tampa,HILLSBOROUGH,SHELTER,RISK,796,No,Yes, , ,-82.41466902, 28.00555701,,,,
Lutz,HILLSBOROUGH,SHELTER,RISK,701,No,Yes, , ,-82.53012404, 28.15650302,,,,
Riverview,HILLSBOROUGH,SHELTER,RISK,235,No,Yes, , ,-82.32297000, 27.79988598,,,,
Tampa,HILLSBOROUGH,SHELTER,RISK,140,No,Yes, , ,-82.42330800, 27.98743701,,,,
Lithia,HILLSBOROUGH,SHELTER,RISK,526,No,Yes, , ,-82.23239800, 27.84929998,,,,
Odessa,HILLSBOROUGH,SHELTER,RISK,406,No,Yes, , ,-82.57467603, 28.11371801,,,,
Ruskin,HILLSBOROUGH,SHELTER,RISK,350,No,Yes, , ,-82.36762199, 27.73950300,,,,
Plant City,HILLSBOROUGH,SHELTER,RISK,307,No,Yes, , ,-82.13448597, 28.00428699,,,,
Bonifay,HOLMES,SHELTER,RISK,481,No,Yes, , ,-85.67960000, 30.79399500,,,,
Bonifay,HOLMES,SHELTER,RISK,350,No,Yes, , ,-85.67960000, 30.79399500,,,,
Bonifay,HOLMES,SHELTER,RISK,165, ,Yes, , ,-85.67960000, 30.79399500,,,,
Bonifay,HOLMES,SHELTER,RISK,499,No,Yes, , ,-85.67960000, 30.79399500,,,,
Westville,HOLMES,SHELTER,RISK,179,No,Yes, , ,-85.87730257, 30.95259494,,,,
Graceville,HOLMES,SHELTER,RISK,249,No,Yes, , ,-85.57764326, 30.95407325,,,,
Bonifay,HOLMES,SHELTER,RISK,183,No,Yes, , ,-85.67960000, 30.79399500,,,,
Bonifay,HOLMES,SHELTER,RISK,143,No,Yes, , ,-85.67960000, 30.79399500,,,,
Bonifay,HOLMES,SHELTER,RISK,123,No,Yes, , ,-85.67960000, 30.79399500,,,,
Bonifay,HOLMES,SHELTER,RISK,724,No,Yes, , ,-85.67960000, 30.79399500,,,,
Vero beach,INDIAN RIVER,SHELTER,RISK,588,No,Yes, , ,-80.45585404, 27.70297400,,,,
Sebastian,INDIAN RIVER,SHELTER,RISK,109,No,Yes, , ,-80.51124724, 27.75671503,,,,
Vero Beach,INDIAN RIVER,SHELTER,RISK,579,No,Yes, , ,-80.38277842, 27.56800707,,,,
Vero Beach,INDIAN RIVER,SHELTER,RISK,1499,No,Yes, , ,-80.40143697, 27.63532998,,,,
Sebastian,INDIAN RIVER,SHELTER,RISK,83,No,Yes, , ,-80.51124724, 27.75671503,,,,
Sebastian,INDIAN RIVER,SHELTER,RISK,2228,No,Yes, , ,-80.51783403, 27.76753502,,,,
Sebastian,INDIAN RIVER,SHELTER,RISK,410,No,Yes, , ,-80.51124724, 27.75671503,,,,
Vero Beach,INDIAN RIVER,SHELTER,RISK,158,No,Yes, , ,-80.38277842, 27.56800707,,,,
Fellsmere,INDIAN RIVER,SHELTER,RISK,286,No,Yes, , ,-80.60535802, 27.77040800,,,,
Vero beach,INDIAN RIVER,SHELTER,RISK,215,No,Yes, , ,-80.45585404, 27.70297400,,,,
Vero Beach,INDIAN RIVER,SHELTER,RISK,515,No,Yes, , ,-80.40480297, 27.62434299,,,,
Sebastian,INDIAN RIVER,SHELTER,RISK,371,No,Yes, , ,-80.47685800, 27.80414000,,,,
Fellsmere,INDIAN RIVER,SHELTER,RISK,570,No,Yes, , ,-80.60535802, 27.77040800,,,,
Vero Beach,INDIAN RIVER,SHELTER,RISK,184,No,Yes, ,Yes,-80.46525952, 27.74151477,-80.46525952, 27.74151477,,
Sebastian,INDIAN RIVER,SHELTER,RISK,185,No,Yes, , ,-80.51124724, 27.75671503,,,,
Sebastian,INDIAN RIVER,SHELTER,RISK,684,No,Yes, , ,-80.51124724, 27.75671503,,,,
Sebastian,INDIAN RIVER,SHELTER,RISK,217,No,Yes, , ,-80.51124724, 27.75671503,,,,
Sebastian,INDIAN RIVER,SHELTER,RISK,306,No,Yes, , ,-80.51124724, 27.75671503,,,,
Vero Beach,INDIAN RIVER,SHELTER,RISK,580,No,Yes, , ,-80.38277842, 27.56800707,,,,
Vero Beach,INDIAN RIVER,SHELTER,RISK,159,No,Yes, , ,-80.41413102, 27.67578499,,,,
Sebastian,INDIAN RIVER,SHELTER,RISK,347,No,Yes, , ,-80.51124724, 27.75671503,,,,
Vero Beach,INDIAN RIVER,SHELTER,RISK,168,No,Yes, , ,-80.41448021, 27.67551554,,,,
Vero Beach,INDIAN RIVER,SHELTER,RISK,1578,No,Yes, , ,-80.40480297, 27.62434299,,,,
Vero beach,INDIAN RIVER,SHELTER,RISK,211,No,Yes, , ,-80.45585404, 27.70297400,,,,
Vero Beach,INDIAN RIVER,SHELTER,RISK,243,No,Yes, , ,-80.38277842, 27.56800707,,,,
Sebastian,INDIAN RIVER,SHELTER,RISK,298,No,Yes, , ,-80.51124724, 27.75671503,,,,
Fellsmere,INDIAN RIVER,SHELTER,RISK,470,No,Yes, , ,-80.60535802, 27.77040800,,,,
Vero beach,INDIAN RIVER,SHELTER,RISK,214,No,Yes, , ,-80.45585404, 27.70297400,,,,
Sebastian,INDIAN RIVER,SHELTER,RISK,283,No,Yes, , ,-80.51783403, 27.76753502,,,,
Vero Beach,INDIAN RIVER,SHELTER,RISK,111,No,Yes, , ,-80.40365297, 27.58227199,,,,
Sebastian,INDIAN RIVER,SHELTER,RISK,289,No,Yes, , ,-80.51124724, 27.75671503,,,,
Sebastian,INDIAN RIVER,SHELTER,RISK,236,No,Yes, , ,-80.51124724, 27.75671503,,,,
Marianna,JACKSON,SHELTER,RISK,418,No,Yes, , ,-85.19870908, 30.81237621,,,,
Marianna,JACKSON,SHELTER,RISK,770,No,Yes, , ,-85.19870908, 30.81237621,,,,
Marianna,JACKSON,SHELTER,RISK,332,No,Yes, , ,-85.19870908, 30.81237621,,,,
Marianna,JACKSON,SHELTER,RISK,499,No,Yes, , ,-85.23114629, 30.78824971,,,,
Marianna,JACKSON,SHELTER,RISK,586,No,Yes, , ,-85.19870908, 30.81237621,,,,
Marianna,JACKSON,SHELTER,RISK,239,No,Yes, , ,-85.19870908, 30.81237621,,,,
Marianna,JACKSON,SHELTER,RISK,1017,No,Yes, , ,-85.19870908, 30.81237621,,,,
Monticello,JEFFERSON,SHELTER,RISK,689,No,Yes, , ,-83.88093085, 30.49099379,,,,
Mayo,LAFAYETTE,SHELTER,RISK,111,No,Yes, , ,-83.16836003, 30.05387002,,,,
Mount Dora,LAKE,SHELTER,RISK,428,No,Yes, , ,-81.63509998, 28.80254500,,,,
Clermont,LAKE,SHELTER,RISK,187,No,Yes, , ,-81.78670203, 28.49556701,,,,
Groveland,LAKE,SHELTER,RISK,396,No,Yes, , ,-81.81857720, 28.57331734,,,,
Clemont,LAKE,SHELTER,RISK,352,No,Yes, , ,-81.72005702, 28.53894701,,,,
Clermont,LAKE,SHELTER,RISK,2636,No,Yes, , ,-81.68773296, 28.40492201,,,,
Leesburg,LAKE,SHELTER,RISK,193,No,Yes, ,Yes,-81.78018200, 28.84559701,-81.78018200, 28.84559701,,
Leesburg,LAKE,SHELTER,RISK,280,No,Yes, , ,-81.88192800, 28.82980898,,,,
Clermont,LAKE,SHELTER,RISK,299,No,Yes, ,Yes,-81.72159139, 28.52567145,-81.72159139, 28.52567145,,
Mt. Dora,LAKE,SHELTER,RISK,51,No,Yes, ,Yes,-81.59358097, 28.80536701,-81.59358097, 28.80536701,,
Umatilla,LAKE,SHELTER,RISK,48,No,Yes, ,Yes,-81.66641602, 28.92840799,-81.66641602, 28.92840799,,
Clemont,LAKE,SHELTER,RISK,157,No,Yes, , ,-81.72005702, 28.53894701,,,,
Leesburg,LAKE,SHELTER,RISK,385,No,Yes, , ,-81.89512103, 28.82689501,,,,
Lady Lake,LAKE,SHELTER,RISK,306,No,Yes, , ,-81.93559297, 28.93017200,,,,
Groveland,LAKE,SHELTER,RISK,350,No,Yes, , ,-81.81766604, 28.57413399,,,,
Clermont,LAKE,SHELTER,RISK,279,No,Yes, , ,-81.78670203, 28.49556701,,,,
Leesburg,LAKE,SHELTER,RISK,187,No,Yes, ,Yes,-81.78018200, 28.84559701,-81.78018200, 28.84559701,,
Leesburg,LAKE,SHELTER,RISK,563,No,Yes, , ,-81.89512103, 28.82689501,,,,
Minneola,LAKE,SHELTER,RISK,2636,No,Yes, , ,-81.72943509, 28.58294572,,,,
Mascotte,LAKE,SHELTER,RISK,1512,No,Yes, , ,-81.88567303, 28.57234001,,,,
Astatula,LAKE,SHELTER,RISK,231,No,Yes, ,Yes,-81.72578697, 28.71083499,-81.72578697, 28.71083499,,
Mt. Dora,LAKE,SHELTER,RISK,209,No,Yes, ,Yes,-81.59358097, 28.80536701,-81.59358097, 28.80536701,,
Groveland,LAKE,SHELTER,RISK,199,No,Yes, , ,-81.81766604, 28.57413399,,,,
Tavares,LAKE,SHELTER,RISK,517,No,Yes, , ,-81.72844202, 28.80699499,,,,
Umatilla,LAKE,SHELTER,RISK,467,No,Yes, , ,-81.66429901, 28.93057702,,,,
Groveland,LAKE,SHELTER,RISK,110,No,Yes, , ,-81.81766604, 28.57413399,,,,
Mt. Dora,LAKE,SHELTER,RISK,187,No,Yes, ,Yes,-81.59358097, 28.80536701,-81.59358097, 28.80536701,,
Fruitland Park,LAKE,SHELTER,RISK,247,No,Yes, , ,-81.90962801, 28.85966599,,,,
Mount Dora,LAKE,SHELTER,RISK,547,No,Yes, , ,-81.63509998, 28.80254500,,,,
Eustis,LAKE,SHELTER,RISK,625,No,Yes, , ,-81.64613400, 28.85950799,,,,
Minneola,LAKE,SHELTER,RISK,1512,No,Yes, , ,-81.74153598, 28.58068801,,,,
Lee,LAKE,SHELTER,RISK,232,No,Yes, ,Yes,-81.64613400, 28.85950799,-81.64613400, 28.85950799,,
Leesburg,LAKE,SHELTER,RISK,198,No,Yes, , ,-81.88192800, 28.82980898,,,,
Umatilla,LAKE,SHELTER,RISK,192,No,Yes, , ,-81.66429901, 28.93057702,,,,
Groveland,LAKE,SHELTER,RISK,753,No,Yes, , ,-81.81766604, 28.57413399,,,,
Leesburg,LAKE,SHELTER,RISK,244,No,Yes, ,Yes,-81.78018200, 28.84559701,-81.78018200, 28.84559701,,
Eustis,LAKE,SHELTER,RISK,190,No,Yes, , ,-81.52552897, 28.85810398,,,,
Clermont,LAKE,SHELTER,RISK,346,No,Yes, , ,-81.71594796, 28.53872899,,,,
Umatilla,LAKE,SHELTER,RISK,186,No,Yes, ,Yes,-81.66641602, 28.92840799,-81.66641602, 28.92840799,,
Tavares,LAKE,SHELTER,RISK,599,No,Yes, ,Yes,-81.74224577, 28.77189104,-81.74224577, 28.77189104,,
Lady Lake,LAKE,SHELTER,RISK,213,No,Yes, , ,-81.93559297, 28.93017200,,,,
Astatula,LAKE,SHELTER,RISK,312,No,Yes, ,Yes,-81.72578697, 28.71083499,-81.72578697, 28.71083499,,
Clermont,LAKE,SHELTER,RISK,230,No,Yes, ,Yes,-81.72159139, 28.52567145,-81.72159139, 28.52567145,,
Lessburg,LAKE,SHELTER,RISK,434,No,Yes, , ,-81.89512103, 28.82689501,,,,
Clermont,LAKE,SHELTER,RISK,42,No,Yes, , ,-81.78670203, 28.49556701,,,,
Groveland,LAKE,SHELTER,RISK,402,No,Yes, , ,-81.81766604, 28.57413399,,,,
Groveland,LAKE,SHELTER,RISK,377,No,Yes, , ,-81.81766604, 28.57413399,,,,
Leesburg,LAKE,SHELTER,RISK,673,No,Yes, , ,-81.87699196, 28.81279967,,,,
Leesburg,LAKE,SHELTER,RISK,714,No,Yes, , ,-81.89512103, 28.82689501,,,,
Mt. Dora,LAKE,SHELTER,RISK,273,No,Yes, ,Yes,-81.59358097, 28.80536701,-81.59358097, 28.80536701,,
Groveland,LAKE,SHELTER,RISK,614,No,Yes, , ,-81.84660297, 28.55365800,,,,
Clermont,LAKE,SHELTER,RISK,213,No,Yes, , ,-81.78670203, 28.49556701,,,,
Leesburg,LAKE,SHELTER,RISK,213,No,Yes, , ,-81.88192800, 28.82980898,,,,
Mount Dora,LAKE,SHELTER,RISK,258,No,Yes, , ,-81.63509998, 28.80254500,,,,
Mount Dora,LAKE,SHELTER,RISK,130,No,Yes, , ,-81.63509998, 28.80254500,,,,
Clemont,LAKE,SHELTER,RISK,581,No,Yes, , ,-81.72005702, 28.53894701,,,,
Paisley,LAKE,SHELTER,RISK,164,No,Yes, , ,-81.54179397, 28.99536900,,,,
Lehigh Acres,LEE,SHELTER,RISK,1372,C,Yes, , ,-81.68955301, 26.61857701,,,,
Lehigh Acres,LEE,SHELTER,RISK,2475,C,Yes, , ,-81.69331003, 26.63923999,,,,
Lehigh Acres,LEE,SHELTER,RISK,2608,D,Yes, , ,-81.71793397, 26.62959301,,,,
Lehigh Acres,LEE,SHELTER,RISK,2000,No,Yes, , ,-81.60184603, 26.55789999,,,,
Lehigh Acres,LEE,SHELTER,RISK,198,E,Yes, , ,-81.61450002, 26.56904499,,,,
Lehigh Acres,LEE,SHELTER,RISK,823,C,Yes, , ,-81.68955301, 26.61857701,,,,
Lehigh Acres,LEE,SHELTER,RISK,235,E,Yes, , ,-81.61450002, 26.56904499,,,,
N. Ft. Myers,LEE,SHELTER,RISK,1650,C,Yes, , ,-81.88822004, 26.68837802,,,,
Lehigh Acres,LEE,SHELTER,RISK,65,E,Yes, , ,-81.61450002, 26.56904499,,,,
Lehigh Acres,LEE,SHELTER,RISK,305,E,Yes, , ,-81.61450002, 26.56904499,,,,
Lehigh Acres,LEE,SHELTER,RISK,806,E,Yes, , ,-81.61450002, 26.56904499,,,,
Lehigh Acres,LEE,SHELTER,RISK,25,E,Yes, , ,-81.63134899, 26.59422800,,,,
Lehigh Acres,LEE,SHELTER,RISK,294,E,Yes, , ,-81.61450002, 26.56904499,,,,
Lehigh Acres,LEE,SHELTER,RISK,568,C,Yes, , ,-81.68955301, 26.61857701,,,,
Lehigh Acres,LEE,SHELTER,RISK,371,E,Yes, , ,-81.61450002, 26.56904499,,,,
Lehigh Acres,LEE,SHELTER,RISK,163,E,Yes, , ,-81.61450002, 26.56904499,,,,
Tallahassee,LEON,SHELTER,RISK,158,No,Yes, , ,-84.31739197, 30.43519200,,,,
Tallahassee,LEON,SHELTER,RISK,158,No,Yes, , ,-84.12248104, 30.43622700,,,,
Tallahassee,LEON,SHELTER,RISK,411,No,Yes, , ,-84.22395102, 30.38406998,,,,
Tallahassee,LEON,SHELTER,RISK,411,No,Yes, , ,-84.24110299, 30.60791700,,,,
Tallahassee,LEON,SHELTER,RISK,241,No,Yes, , ,-84.28258049, 30.38760292,,,,
Tallahassee,LEON,SHELTER,RISK,330,No,Yes, , ,-84.34680198, 30.51014101,,,,
Tallahassee,LEON,SHELTER,RISK,361,No,Yes, , ,-84.27611504, 30.55681199,,,,
Tallahassee,LEON,SHELTER,RISK,1962,No,Yes, , ,-84.29861240, 30.44249101,,,,
Tallahassee,LEON,SHELTER,RISK,237,No,Yes, , ,-84.22504152, 30.53694463,,,,
Tallahassee,LEON,SHELTER,RISK,103,No,Yes, , ,-84.22504152, 30.53694463,,,,
Tallahassee,LEON,SHELTER,RISK,293,No,Yes, , ,-84.33961801, 30.49309800,,,,
Tallahassee,LEON,SHELTER,RISK,293,No,Yes, , ,-84.12248104, 30.43622700,,,,
Tallahassee,LEON,SHELTER,RISK,217,No,Yes, , ,-84.18137699, 30.46089498,,,,
Tallahassee,LEON,SHELTER,RISK,67,No,Yes, , ,-84.22373401, 30.41347101,,,,
Tallahassee,LEON,SHELTER,RISK,77,No,Yes, , ,-84.24110299, 30.60791700,,,,
Tallahassee,LEON,SHELTER,RISK,276,No,Yes, , ,-84.22373401, 30.41347101,,,,
Tallahassee,LEON,SHELTER,RISK,276,No,Yes, , ,-84.24110299, 30.60791700,,,,
Tallahassee,LEON,SHELTER,RISK,519,No,Yes, , ,-84.29760982, 30.44144564,,,,
Tallahassee,LEON,SHELTER,RISK,250,No,Yes, , ,-84.18137699, 30.46089498,,,,
Tallahassee,LEON,SHELTER,RISK,250,No,Yes, , ,-84.19124212, 30.52619716,,,,
Tallahassee,LEON,SHELTER,RISK,347,No,Yes, , ,-84.27611504, 30.55681199,,,,
Tallahassee,LEON,SHELTER,RISK,96,No,Yes, , ,-84.12248104, 30.43622700,,,,
Tallahassee,LEON,SHELTER,RISK,517,No,Yes, , ,-84.31746397, 30.42027699,,,,
Tallahassee,LEON,SHELTER,RISK,278,No,Yes, , ,-84.51420401, 30.43848802,,,,
Tallahassee,LEON,SHELTER,RISK,278,No,Yes, , ,-84.34680198, 30.51014101,,,,
Tallahassee,LEON,SHELTER,RISK,557,No,Yes, , ,-84.19124212, 30.52619716,,,,
Tallahassee,LEON,SHELTER,RISK,52,No,Yes, , ,-84.25674798, 30.43212900,,,,
Tallahassee,LEON,SHELTER,RISK,247,No,Yes, , ,-84.22504152, 30.53694463,,,,
Tallahassee,LEON,SHELTER,RISK,247,No,Yes, , ,-84.12248104, 30.43622700,,,,
Tallahassee,LEON,SHELTER,RISK,200,No,Yes, , ,-84.27611504, 30.55681199,,,,
Tallahassee,LEON,SHELTER,RISK,218,No,Yes, , ,-84.34680198, 30.51014101,,,,
Tallahassee,LEON,SHELTER,RISK,59,No,Yes, , ,-84.31739197, 30.43519200,,,,
Tallahassee,LEON,SHELTER,RISK,59,No,Yes, , ,-84.25674798, 30.43212900,,,,
Tallahassee,LEON,SHELTER,RISK,252,No,Yes, , ,-84.33961801, 30.49309800,,,,
Tallahassee,LEON,SHELTER,RISK,252,No,Yes, , ,-84.12248104, 30.43622700,,,,
Tallahassee,LEON,SHELTER,RISK,363,No,Yes, , ,-84.17958401, 30.53034098,,,,
Tallahassee,LEON,SHELTER,RISK,113,No,Yes, , ,-84.51420401, 30.43848802,,,,
Tallahassee,LEON,SHELTER,RISK,116,No,Yes, , ,-84.25674798, 30.43212900,,,,
Tallahassee,LEON,SHELTER,RISK,196,No,Yes, , ,-84.12248104, 30.43622700,,,,
Tallahassee,LEON,SHELTER,RISK,196,No,Yes, , ,-84.33961801, 30.49309800,,,,
Tallahassee,LEON,SHELTER,RISK,142,No,Yes, , ,-84.18137699, 30.46089498,,,,
Tallahassee,LEON,SHELTER,RISK,234,No,Yes, , ,-84.22395102, 30.38406998,,,,
Tallahassee,LEON,SHELTER,RISK,320,No,Yes, , ,-84.19124212, 30.52619716,,,,
Tallahassee,LEON,SHELTER,RISK,251,No,Yes, , ,-84.22504152, 30.53694463,,,,
Tallahassee,LEON,SHELTER,RISK,352,No,Yes, , ,-84.28648203, 30.46279701,,,,
Tallahassee,LEON,SHELTER,RISK,1134,No,Yes, , ,-84.29018901, 30.43833702,,,,
Tallahassee,LEON,SHELTER,RISK,172,No,Yes, , ,-84.28258049, 30.38760292,,,,
Tallahassee,LEON,SHELTER,RISK,48,No,Yes, , ,-84.25674798, 30.43212900,,,,
Tallahassee,LEON,SHELTER,RISK,114,No,Yes, , ,-84.31739197, 30.43519200,,,,
Tallahassee,LEON,SHELTER,RISK,211,No,Yes, , ,-84.51420401, 30.43848802,,,,
Tallahassee,LEON,SHELTER,RISK,366,No,Yes, , ,-84.24110299, 30.60791700,,,,
Tallahassee,LEON,SHELTER,RISK,266,No,Yes, , ,-84.34680198, 30.51014101,,,,
Tallahassee,LEON,SHELTER,RISK,367,No,Yes, , ,-84.22395102, 30.38406998,,,,
Tallahassee,LEON,SHELTER,RISK,73,No,Yes, , ,-84.31739197, 30.43519200,,,,
Tallahassee,LEON,SHELTER,RISK,541,No,Yes, , ,-84.19124212, 30.52619716,,,,
Tallahassee,LEON,SHELTER,RISK,317,No,Yes, , ,-84.22504152, 30.53694463,,,,
Tallahassee,LEON,SHELTER,RISK,414,No,Yes, , ,-84.30213004, 30.44656000,,,,
Tallahassee,LEON,SHELTER,RISK,93,No,Yes, , ,-84.22504152, 30.53694463,,,,
Tallahassee,LEON,SHELTER,RISK,93,No,Yes, , ,-84.18137699, 30.46089498,,,,
Tallahassee,LEON,SHELTER,RISK,268,No,Yes, , ,-84.27611504, 30.55681199,,,,
Tallahassee,LEON,SHELTER,RISK,156,No,Yes, , ,-84.33961801, 30.49309800,,,,
Tallahassee,LEON,SHELTER,RISK,57,No,Yes, , ,-84.25674798, 30.43212900,,,,
Tallahassee,LEON,SHELTER,RISK,244,No,Yes, , ,-84.18137699, 30.46089498,,,,
Tallahassee,LEON,SHELTER,RISK,263,No,Yes, , ,-84.27611504, 30.55681199,,,,
Tallahassee,LEON,SHELTER,RISK,68,No,Yes, , ,-84.33961801, 30.49309800,,,,
Tallahassee,LEON,SHELTER,RISK,725,No,Yes, , ,-84.51420401, 30.43848802,,,,
Tallahassee,LEON,SHELTER,RISK,375,No,Yes, , ,-84.34680198, 30.51014101,,,,
Tallahassee,LEON,SHELTER,RISK,322,No,Yes, , ,-84.18137699, 30.46089498,,,,
Tallahassee,LEON,SHELTER,RISK,452,No,Yes, , ,-84.22395102, 30.38406998,,,,
Chiefland,LEVY,SHELTER,RISK,241,No,Yes, , ,-82.87004308, 29.48204587,,,,
Williston,LEVY,SHELTER,RISK,300,No,Yes, , ,-82.45231717, 29.37411229,,,,
Bronson,LEVY,SHELTER,RISK,281,No,Yes, , ,-82.62603543, 29.46379616,,,,
Williston,LEVY,SHELTER,RISK,217,No,Yes, , ,-82.45008560, 29.38523231,,,,
Bronson,LEVY,SHELTER,RISK,354,No,Yes, , ,-82.62603543, 29.46379616,,,,
Chiefland,LEVY,SHELTER,RISK,256,No,Yes, ,Yes,-82.87052000, 29.48034999,-82.87052000, 29.48034999,,
Bronson,LEVY,SHELTER,RISK,275,No,Yes, , ,-82.62903997, 29.46168998,,,,
Chiefland,LEVY,SHELTER,RISK,362,No,Yes, ,Yes,-82.87052000, 29.48034999,-82.87052000, 29.48034999,,
Bronson,LEVY,SHELTER,RISK,577,No,Yes, , ,-82.62603543, 29.46379616,,,,
Williston,LEVY,SHELTER,RISK,251,No,Yes, , ,-82.45019479, 29.38519086,,,,
Bronson,LEVY,SHELTER,RISK,720,No,Yes, , ,-82.62603543, 29.46379616,,,,
Williston,LEVY,SHELTER,RISK,46,No,Yes, , ,-82.45231717, 29.37411229,,,,
Chiefland,LEVY,SHELTER,RISK,313,No,Yes, ,Yes,-82.87052000, 29.48034999,-82.87052000, 29.48034999,,
Chiefland,LEVY,SHELTER,RISK,256,No,Yes, , ,-82.86202997, 29.48533001,,,,
Williston,LEVY,SHELTER,RISK,252,No,Yes, , ,-82.45180999, 29.38436001,,,,
Bronson,LEVY,SHELTER,RISK,165,No,Yes, , ,-82.62603543, 29.46379616,,,,
Bristol,LIBERTY,SHELTER,RISK,381,No,Yes, , ,-84.92443638, 30.47810003,,,,
Hosford,LIBERTY,SHELTER,RISK,220,No,Yes, , ,-84.79835985, 30.38888220,,,,
Bristol,LIBERTY,SHELTER,RISK,548,No,Yes, , ,-84.92443638, 30.47810003,,,,
Bristol,LIBERTY,SHELTER,RISK,185,No,Yes, , ,-84.92443638, 30.47810003,,,,
Bristol,LIBERTY,SHELTER,RISK,63,No,Yes, , ,-84.92443638, 30.47810003,,,,
Bristol,LIBERTY,SHELTER,RISK,223,No,Yes, , ,-84.97560003, 30.43101999,,,,
Madison,MADISON,SHELTER,RISK,101,No,Yes, ,Yes,-83.44554999, 30.47853001,-83.44554999, 30.47853001,,
Madison,MADISON,SHELTER,RISK,434,No,Yes, ,Yes,-83.44554999, 30.47853001,-83.44554999, 30.47853001,,
Madison,MADISON,SHELTER,RISK,259,No,Yes, ,Yes,-83.44554999, 30.47853001,-83.44554999, 30.47853001,,
Madison,MADISON,SHELTER,RISK,324,No,Yes, ,Yes,-83.44554999, 30.47853001,-83.44554999, 30.47853001,,
Madison,MADISON,SHELTER,RISK,559,No,Yes, ,Yes,-83.44554999, 30.47853001,-83.44554999, 30.47853001,,
Madison,MADISON,SHELTER,RISK,390,No,Yes, ,Yes,-83.44554999, 30.47853001,-83.44554999, 30.47853001,,
Madison,MADISON,SHELTER,RISK,98,No,Yes, ,Yes,-83.44554999, 30.47853001,-83.44554999, 30.47853001,,
Madison,MADISON,SHELTER,RISK,329,No,Yes, ,Yes,-83.44554999, 30.47853001,-83.44554999, 30.47853001,,
Madison,MADISON,SHELTER,RISK,448,No,Yes, ,Yes,-83.44554999, 30.47853001,-83.44554999, 30.47853001,,
Madison,MADISON,SHELTER,RISK,360,No,Yes, ,Yes,-83.44554999, 30.47853001,-83.44554999, 30.47853001,,
Madison,MADISON,SHELTER,RISK,131,No,Yes, ,Yes,-83.44554999, 30.47853001,-83.44554999, 30.47853001,,
Parrish,MANATEE,SHELTER,RISK,876,No,Yes, , ,-82.42352702, 27.54391401,,,,
Palmetto,MANATEE,SHELTER,RISK,322,No,Yes, , ,-82.49036700, 27.57522600,,,,
Bradenton,MANATEE,SHELTER,RISK,390,D,Yes, , ,-82.60074702, 27.44695899,,,,
Bradenton,MANATEE,SHELTER,RISK,866,No,Yes, , ,-82.42236403, 27.46164601,,,,
Parrish,MANATEE,SHELTER,RISK,333,No,Yes, , ,-82.42352702, 27.54391401,,,,
Bradenton,MANATEE,SHELTER,RISK,1855,No,Yes, , ,-82.39389297, 27.42726500,,,,
Bradenton,MANATEE,SHELTER,RISK,2134,E,Yes, , ,-82.59669404, 27.47139199,,,,
Palmetto,MANATEE,SHELTER,RISK,493,No,Yes, , ,-82.48851703, 27.57515802,,,,
Bradenton,MANATEE,SHELTER,RISK,392,D,Yes, , ,-82.60074702, 27.44695899,,,,
Palmetto,MANATEE,SHELTER,RISK,200,No,Yes, , ,-82.48851703, 27.57515802,,,,
Palmetto,MANATEE,SHELTER,RISK,1985,No,Yes, ,Yes,-82.49036700, 27.57522600,-82.49036700, 27.57522600,,
Palmetto,MANATEE,SHELTER,RISK,1614,No,Yes, , ,-82.48851703, 27.57515802,,,,
Palmetto,MANATEE,SHELTER,RISK,153,No,Yes, , ,-82.48851703, 27.57515802,,,,
Bradenton,MANATEE,SHELTER,RISK,357,D,Yes, , ,-82.60074702, 27.44695899,,,,
Myakka City,MANATEE,SHELTER,RISK,206,No,Yes, , ,-82.16150797, 27.35124101,,,,
Bradenton,MANATEE,SHELTER,RISK,126,No,Yes, , ,-82.43563803, 27.42993300,,,,
Bradenton,MANATEE,SHELTER,RISK,339,No,Yes, , ,-82.42236403, 27.46164601,,,,
Bradenton,MANATEE,SHELTER,RISK,693,No,Yes, , ,-82.43304802, 27.44240200,,,,
Bradenton,MANATEE,SHELTER,RISK,2080,E,Yes, , ,-82.60293101, 27.49374501,,,,
Palmetto,MANATEE,SHELTER,RISK,394,No,Yes, , ,-82.48851703, 27.57515802,,,,
Ocala,MARION,SHELTER,RISK,268,No,Yes, , ,-82.06689104, 29.14138100,,,,
Citra,MARION,SHELTER,RISK,227,No,Yes, , ,-82.09519500, 29.38770500,,,,
Ocala,MARION,SHELTER,RISK,605,No,Yes, , ,-82.19111897, 29.00479801,,,,
Ocala,MARION,SHELTER,RISK,282,No,Yes, , ,-82.13598399, 29.21699302,,,,
Ocala,MARION,SHELTER,RISK,220,No,Yes, , ,-82.19502100, 29.08699800,,,,
Belleview,MARION,SHELTER,RISK,545,No,Yes, , ,-82.08668721, 29.06757734,,,,
Ocala,MARION,SHELTER,RISK,194,No,Yes, , ,-82.19520900, 29.14940701,,,,
Ocala,MARION,SHELTER,RISK,401,No,Yes, , ,-81.97848300, 29.07828400,,,,
Ocala,MARION,SHELTER,RISK,262,No,Yes, , ,-82.19520900, 29.14940701,,,,
Ocala,MARION,SHELTER,RISK,785,No,Yes, , ,-81.97848300, 29.07828400,,,,
Ocala,MARION,SHELTER,RISK,577,No,Yes, , ,-82.19823596, 29.08588199,,,,
Ocala,MARION,SHELTER,RISK,326,No,Yes, , ,-82.13598399, 29.21699302,,,,
Ocala,MARION,SHELTER,RISK,326,No,Yes, , ,-82.19502100, 29.08699800,,,,
Fort McCoy,MARION,SHELTER,RISK,279,No,Yes, , ,-81.97067601, 29.38480798,,,,
Ocala,MARION,SHELTER,RISK,629,No,Yes, , ,-82.25181083, 29.15285490,,,,
Ocala,MARION,SHELTER,RISK,297,No,Yes, , ,-82.19502100, 29.08699800,,,,
Dunnellon,MARION,SHELTER,RISK,318,No,Yes, , ,-82.41631196, 29.07834498,,,,
Ocala,MARION,SHELTER,RISK,1198,No,Yes, , ,-82.15196702, 29.19076600,,,,
Dunnellon,MARION,SHELTER,RISK,203,No,Yes, , ,-82.41631196, 29.07834498,,,,
Ocala,MARION,SHELTER,RISK,189,No,Yes, , ,-82.19520900, 29.14940701,,,,
Ocala,MARION,SHELTER,RISK,465,No,Yes, , ,-82.06689104, 29.14138100,,,,
Belleview,MARION,SHELTER,RISK,522,No,Yes, , ,-82.08668721, 29.06757734,,,,
Ocala,MARION,SHELTER,RISK,487,No,Yes, , ,-82.19111897, 29.00479801,,,,
Ocala,MARION,SHELTER,RISK,0,No,Yes, , ,-82.19520900, 29.14940701,,,,
Ocala,MARION,SHELTER,RISK,273,No,Yes, , ,-82.13598399, 29.21699302,,,,
Ocala,MARION,SHELTER,RISK,483,No,Yes, , ,-82.19823596, 29.08588199,,,,
Ocala,MARION,SHELTER,RISK,1060,No,Yes, , ,-82.06689104, 29.14138100,,,,
Palm City,MARTIN,SHELTER,RISK,661,No,Yes, , ,-80.29214600, 27.16251802,,,,
Palm City,MARTIN,SHELTER,RISK,799,No,Yes, , ,-80.29214600, 27.16251802,,,,
Hobe Sound,MARTIN,SHELTER,RISK,321,No,Yes, , ,-80.20399897, 27.09987301,,,,
Jensen Beach,MARTIN,SHELTER,RISK,1851,No,Yes, , ,-80.26670600, 27.24066799,,,,
Hobe Sound,MARTIN,SHELTER,RISK,238,No,Yes, , ,-80.20307998, 27.09807400,,,,
Jensen Beach,MARTIN,SHELTER,RISK,985,No,Yes, , ,-80.26884292, 27.24384832,,,,
Indiantown,MARTIN,SHELTER,RISK,517,No,Yes, , ,-80.46172598, 27.02093602,,,,
Indiantown,MARTIN,SHELTER,RISK,231,No,Yes, , ,-80.46172598, 27.02093602,,,,
Indiantown,MARTIN,SHELTER,RISK,1121,No,Yes, , ,-80.47545202, 27.02107600,,,,
Palm City,MARTIN,SHELTER,RISK,803,No,Yes, , ,-80.29214600, 27.16251802,,,,
Stuart,MARTIN,SHELTER,RISK,2327,No,Yes, , ,-80.23293297, 27.18920302,,,,
Palm City,MARTIN,SHELTER,RISK,311,No,Yes, , ,-80.29214600, 27.16251802,,,,
Hobe Sound,MARTIN,SHELTER,RISK,246,No,Yes, , ,-80.20307998, 27.09807400,,,,
Jensen Beach,MARTIN,SHELTER,RISK,3447,No,Yes, , ,-80.26670600, 27.24066799,,,,
Palm City,MARTIN,SHELTER,RISK,240,No,Yes, , ,-80.29214600, 27.16251802,,,,
Indiantown,MARTIN,SHELTER,RISK,80,No,Yes, , ,-80.46172598, 27.02093602,,,,
Palm City,MARTIN,SHELTER,RISK,50,No,Yes, , ,-80.29214600, 27.16251802,,,,
Hobe Sound,MARTIN,SHELTER,RISK,314,No,Yes, , ,-80.20307998, 27.09807400,,,,
Hobe Sound,MARTIN,SHELTER,RISK,152,No,Yes, , ,-80.20307998, 27.09807400,,,,
Indiantown,MARTIN,SHELTER,RISK,547,No,Yes, , ,-80.46172598, 27.02093602,,,,
Palm City,MARTIN,SHELTER,RISK,77,No,Yes, , ,-80.29214600, 27.16251802,,,,
Indiantown,MARTIN,SHELTER,RISK,368,No,Yes, , ,-80.47545202, 27.02107600,,,,
Palm City,MARTIN,SHELTER,RISK,2329,No,Yes, , ,-80.31698401, 27.17502101,,,,
Indiantown,MARTIN,SHELTER,RISK,398,No,Yes, , ,-80.47545202, 27.02107600,,,,
Stuart,MARTIN,SHELTER,RISK,591,No,Yes, ,Yes,-80.23119492, 27.14305032,-80.23119492, 27.14305032,,
Stuart,MARTIN,SHELTER,RISK,1300,No,Yes, , ,-80.20839201, 27.14610298,,,,
Miami,MIAMI-DADE,SHELTER,RISK,211,No,Yes, , ,-80.21391803, 25.83898298,,,,
Hialeah,MIAMI-DADE,SHELTER,RISK,106,No,Yes, , ,-80.33225400, 25.87441199,,,,
Miami,MIAMI-DADE,SHELTER,RISK,453,No,Yes, , ,-80.22971096, 25.81632301,,,,
Miami Gardens,MIAMI-DADE,SHELTER,RISK,207,D,Yes, , ,-80.19994800, 25.96685499,,,,
Miami Gardens,MIAMI-DADE,SHELTER,RISK,190,No,Yes, , ,-80.25530283, 25.94069867,,,,
Miami,MIAMI-DADE,SHELTER,RISK,739,C,Yes, , ,-80.17333898, 25.97148302,,,,
Doral,MIAMI-DADE,SHELTER,RISK,1214,No,Yes, , ,-80.37661002, 25.81949401,,,,
Miami,MIAMI-DADE,SHELTER,RISK,569,No,Yes, , ,-80.38809599, 25.76873601,,,,
Miami,MIAMI-DADE,SHELTER,RISK,193,E,Yes, , ,-80.35395198, 25.76995801,,,,
Miami,MIAMI-DADE,SHELTER,RISK,1240,No,Yes, , ,-80.33431804, 25.95071501,,,,
Miami Lakes,MIAMI-DADE,SHELTER,RISK,324,No,Yes, , ,-80.34576696, 25.90123198,,,,
Miami,MIAMI-DADE,SHELTER,RISK,472,E,Yes, , ,-80.44528304, 25.69339900,,,,
Miami Lakes,MIAMI-DADE,SHELTER,RISK,176,No,Yes, , ,-80.32829296, 25.91739401,,,,
Doral,MIAMI-DADE,SHELTER,RISK,738,No,Yes, , ,-80.37661002, 25.81949401,,,,
Miami,MIAMI-DADE,SHELTER,RISK,179,No,Yes, , ,-80.38809599, 25.76873601,,,,
Miami,MIAMI-DADE,SHELTER,RISK,170,E,Yes, , ,-80.44200001, 25.67421601,,,,
Miami,MIAMI-DADE,SHELTER,RISK,361,C,Yes, , ,-80.17333898, 25.97148302,,,,
Miami,MIAMI-DADE,SHELTER,RISK,511,E,Yes, , ,-80.37808320, 25.75759670,,,,
Miami Gardens,MIAMI-DADE,SHELTER,RISK,217,D,Yes, , ,-80.19994800, 25.96685499,,,,
Miami,MIAMI-DADE,SHELTER,RISK,101,E,Yes, , ,-80.41218298, 25.74985699,,,,
Miami,MIAMI-DADE,SHELTER,RISK,312,No,Yes, , ,-80.38809599, 25.76873601,,,,
Hialeah,MIAMI-DADE,SHELTER,RISK,205,No,Yes, , ,-80.33225400, 25.87441199,,,,
Miami Gardens,MIAMI-DADE,SHELTER,RISK,276,No,Yes, , ,-80.25530283, 25.94069867,,,,
Miami,MIAMI-DADE,SHELTER,RISK,278,E,Yes, , ,-80.38155501, 25.75919099,,,,
Miami,MIAMI-DADE,SHELTER,RISK,717,E,Yes, , ,-80.26682603, 25.77394398,,,,
Miami Gardens,MIAMI-DADE,SHELTER,RISK,520,No,Yes, , ,-80.25530283, 25.94069867,,,,
Miami,MIAMI-DADE,SHELTER,RISK,345,No,Yes, , ,-80.37661002, 25.81949401,,,,
Miami,MIAMI-DADE,SHELTER,RISK,96,No,Yes, , ,-80.38809599, 25.76873601,,,,
Miami,MIAMI-DADE,SHELTER,RISK,231,E,Yes, , ,-80.41218298, 25.74985699,,,,
Miami,MIAMI-DADE,SHELTER,RISK,800,E,Yes, , ,-80.17528802, 25.92990798,,,,
Miami Lakes,MIAMI-DADE,SHELTER,RISK,85,No,Yes, , ,-80.32829296, 25.91739401,,,,
Doral,MIAMI-DADE,SHELTER,RISK,683,No,Yes, , ,-80.37145197, 25.85259100,,,,
Miami,MIAMI-DADE,SHELTER,RISK,98,D,Yes, , ,-80.21543298, 25.87014899,,,,
Hialeah,MIAMI-DADE,SHELTER,RISK,92,No,Yes, , ,-80.33225400, 25.87441199,,,,
Miami Lakes,MIAMI-DADE,SHELTER,RISK,329,No,Yes, , ,-80.32829296, 25.91739401,,,,
Miami,MIAMI-DADE,SHELTER,RISK,289,No,Yes, , ,-80.32276602, 25.93970601,,,,
Miami Gardens,MIAMI-DADE,SHELTER,RISK,66,D,Yes, , ,-80.19994800, 25.96685499,,,,
Miami,MIAMI-DADE,SHELTER,RISK,154,No,Yes, , ,-80.22699196, 25.95548800,,,,
Miami Lakes,MIAMI-DADE,SHELTER,RISK,191,No,Yes, , ,-80.32829296, 25.91739401,,,,
Miami,MIAMI-DADE,SHELTER,RISK,2251,E,Yes, , ,-80.23011497, 25.77674899,,,,
Miami,MIAMI-DADE,SHELTER,RISK,801,No,Yes, , ,-80.21939603, 25.82778799,,,,
Miami,MIAMI-DADE,SHELTER,RISK,232,No,Yes, , ,-80.30851896, 25.93960601,,,,
Miami,MIAMI-DADE,SHELTER,RISK,489,No,Yes, , ,-80.21391803, 25.83898298,,,,
Miami,MIAMI-DADE,SHELTER,RISK,83,No,Yes, , ,-80.33431804, 25.95071501,,,,
North Miami,MIAMI-DADE,SHELTER,RISK,412,D,Yes, , ,-80.18395198, 25.89694300,,,,
Miami Gardens,MIAMI-DADE,SHELTER,RISK,187,D,Yes, , ,-80.19994800, 25.96685499,,,,
Miami Gardens,MIAMI-DADE,SHELTER,RISK,307,No,Yes, , ,-80.25530283, 25.94069867,,,,
Miami Lakes,MIAMI-DADE,SHELTER,RISK,304,No,Yes, , ,-80.32829296, 25.91739401,,,,
Miami Gardens,MIAMI-DADE,SHELTER,RISK,404,No,Yes, , ,-80.25530283, 25.94069867,,,,
Miami,MIAMI-DADE,SHELTER,RISK,398,No,Yes, , ,-80.22710696, 25.83082102,,,,
Miami Lakes,MIAMI-DADE,SHELTER,RISK,517,No,Yes, , ,-80.34576696, 25.90123198,,,,
Miami,MIAMI-DADE,SHELTER,RISK,155,No,Yes, , ,-80.38809599, 25.76873601,,,,
Miami Gardens,MIAMI-DADE,SHELTER,RISK,98,D,Yes, , ,-80.19994800, 25.96685499,,,,
Miami,MIAMI-DADE,SHELTER,RISK,69,C,Yes, , ,-80.17333898, 25.97148302,,,,
Miami Lakes,MIAMI-DADE,SHELTER,RISK,220,No,Yes, , ,-80.32829296, 25.91739401,,,,
Miami,MIAMI-DADE,SHELTER,RISK,729,D,Yes, , ,-80.35960197, 25.62968900,,,,
Miami,MIAMI-DADE,SHELTER,RISK,447,No,Yes, , ,-80.32276602, 25.93970601,,,,
Miami,MIAMI-DADE,SHELTER,RISK,794,E,Yes, , ,-80.20480598, 25.78654701,,,,
Miami,MIAMI-DADE,SHELTER,RISK,88,No,Yes, , ,-80.38809599, 25.76873601,,,,
Miami,MIAMI-DADE,SHELTER,RISK,284,C,Yes, , ,-80.17333898, 25.97148302,,,,
Miami,MIAMI-DADE,SHELTER,RISK,66,E,Yes, , ,-80.44200001, 25.67421601,,,,
Miami,MIAMI-DADE,SHELTER,RISK,746,No,Yes, , ,-80.21391803, 25.83898298,,,,
Miami Lakes,MIAMI-DADE,SHELTER,RISK,2532,No,Yes, , ,-80.34576696, 25.90123198,,,,
Miami,MIAMI-DADE,SHELTER,RISK,271,E,Yes, , ,-80.20480598, 25.78654701,,,,
Miami,MIAMI-DADE,SHELTER,RISK,1590,No,Yes, , ,-80.32276602, 25.93970601,,,,
Miami Gardens,MIAMI-DADE,SHELTER,RISK,219,No,Yes, , ,-80.25262097, 25.94905698,,,,
Miami Lakes,MIAMI-DADE,SHELTER,RISK,508,No,Yes, , ,-80.34576696, 25.90123198,,,,
Miami Gardens,MIAMI-DADE,SHELTER,RISK,999,No,Yes, , ,-80.25530283, 25.94069867,,,,
Doral,MIAMI-DADE,SHELTER,RISK,1023,No,Yes, , ,-80.37145197, 25.85259100,,,,
Miami,MIAMI-DADE,SHELTER,RISK,58,No,Yes, , ,-80.38809599, 25.76873601,,,,
Miami Gardens,MIAMI-DADE,SHELTER,RISK,280,D,Yes, , ,-80.19994800, 25.96685499,,,,
North Miami,MIAMI-DADE,SHELTER,RISK,361,D,Yes, , ,-80.18382700, 25.90099201,,,,
Miami,MIAMI-DADE,SHELTER,RISK,319,No,Yes, , ,-80.33431804, 25.95071501,,,,
Miami,MIAMI-DADE,SHELTER,RISK,1546,C,Yes, , ,-80.17333898, 25.97148302,,,,
Miami,MIAMI-DADE,SHELTER,RISK,2221,No,Yes, , ,-80.30851896, 25.93960601,,,,
Miami,MIAMI-DADE,SHELTER,RISK,1353,No,Yes, , ,-80.30851896, 25.93960601,,,,
Miami,MIAMI-DADE,SHELTER,RISK,911,E,Yes, , ,-80.22817900, 25.76279199,,,,
Miami,MIAMI-DADE,SHELTER,RISK,227,E,Yes, , ,-80.35395198, 25.76995801,,,,
Miami Gardens,MIAMI-DADE,SHELTER,RISK,102,No,Yes, , ,-80.25530283, 25.94069867,,,,
Hialeah,MIAMI-DADE,SHELTER,RISK,204,No,Yes, , ,-80.33394203, 25.93461400,,,,
Miami Lakes,MIAMI-DADE,SHELTER,RISK,181,No,Yes, , ,-80.32829296, 25.91739401,,,,
Miami,MIAMI-DADE,SHELTER,RISK,246,E,Yes, , ,-80.44528304, 25.69339900,,,,
Hialeah,MIAMI-DADE,SHELTER,RISK,100,No,Yes, , ,-80.33225400, 25.87441199,,,,
Miami,MIAMI-DADE,SHELTER,RISK,2088,E,Yes, , ,-80.44200001, 25.67421601,,,,
Doral,MIAMI-DADE,SHELTER,RISK,901,No,Yes, , ,-80.37145197, 25.85259100,,,,
Miami,MIAMI-DADE,SHELTER,RISK,410,E,Yes, , ,-80.44528304, 25.69339900,,,,
Miami Gardens,MIAMI-DADE,SHELTER,RISK,1131,No,Yes, , ,-80.25530283, 25.94069867,,,,
Miami Lakes,MIAMI-DADE,SHELTER,RISK,308,No,Yes, , ,-80.32829296, 25.91739401,,,,
Miami,MIAMI-DADE,SHELTER,RISK,392,No,Yes, , ,-80.33431804, 25.95071501,,,,
Miami,MIAMI-DADE,SHELTER,RISK,557,D,Yes, , ,-80.39047897, 25.59998898,,,,
Miami,MIAMI-DADE,SHELTER,RISK,122,No,Yes, , ,-80.22699196, 25.95548800,,,,
Miami Gardens,MIAMI-DADE,SHELTER,RISK,605,No,Yes, , ,-80.25530283, 25.94069867,,,,
Miami,MIAMI-DADE,SHELTER,RISK,52,C,Yes, , ,-80.17333898, 25.97148302,,,,
Miami Lakes,MIAMI-DADE,SHELTER,RISK,332,No,Yes, , ,-80.34576696, 25.90123198,,,,
Miami,MIAMI-DADE,SHELTER,RISK,322,No,Yes, , ,-80.33431804, 25.95071501,,,,
Miami,MIAMI-DADE,SHELTER,RISK,92,E,Yes, , ,-80.35395198, 25.76995801,,,,
Miami,MIAMI-DADE,SHELTER,RISK,92,E,Yes, , ,-80.41218298, 25.74985699,,,,
Miami,MIAMI-DADE,SHELTER,RISK,334,E,Yes, , ,-80.38155501, 25.75919099,,,,
Miami,MIAMI-DADE,SHELTER,RISK,330,No,Yes, , ,-80.38809599, 25.76873601,,,,
Hialeah,MIAMI-DADE,SHELTER,RISK,200,No,Yes, , ,-80.33225400, 25.87441199,,,,
Miami Lakes,MIAMI-DADE,SHELTER,RISK,350,No,Yes, , ,-80.34396201, 25.90372300,,,,
Miami,MIAMI-DADE,SHELTER,RISK,619,D,Yes, , ,-80.39047897, 25.59998898,,,,
Doral,MIAMI-DADE,SHELTER,RISK,704,No,Yes, , ,-80.37145197, 25.85259100,,,,
Miami Lakes,MIAMI-DADE,SHELTER,RISK,189,No,Yes, , ,-80.32829296, 25.91739401,,,,
Miami,MIAMI-DADE,SHELTER,RISK,106,No,Yes, , ,-80.37661002, 25.81949401,,,,
Miami,MIAMI-DADE,SHELTER,RISK,544,E,Yes, , ,-80.37854459, 25.76189905,,,,
Miami Gardens,MIAMI-DADE,SHELTER,RISK,132,D,Yes, , ,-80.19994800, 25.96685499,,,,
Miami,MIAMI-DADE,SHELTER,RISK,99,E,Yes, , ,-80.35395198, 25.76995801,,,,
Doral,MIAMI-DADE,SHELTER,RISK,679,No,Yes, , ,-80.37145197, 25.85259100,,,,
Miami,MIAMI-DADE,SHELTER,RISK,46,No,Yes, , ,-80.38809599, 25.76873601,,,,
Miami,MIAMI-DADE,SHELTER,RISK,46,No,Yes, , ,-80.22971096, 25.81632301,,,,
Miami,MIAMI-DADE,SHELTER,RISK,519,D,Yes, , ,-80.39047897, 25.59998898,,,,
Hialeah,MIAMI-DADE,SHELTER,RISK,406,No,Yes, , ,-80.33394203, 25.93461400,,,,
Miami,MIAMI-DADE,SHELTER,RISK,265,No,Yes, , ,-80.37661002, 25.81949401,,,,
Miami,MIAMI-DADE,SHELTER,RISK,3181,No,Yes, , ,-80.30851896, 25.93960601,,,,
Miami,MIAMI-DADE,SHELTER,RISK,305,E,Yes, , ,-80.38155501, 25.75919099,,,,
Miami,MIAMI-DADE,SHELTER,RISK,2109,E,Yes, ,Yes,-80.37172697, 25.74797198,-80.37172697, 25.74797198,,
Miami,MIAMI-DADE,SHELTER,RISK,190,E,Yes, , ,-80.41218298, 25.74985699,,,,
Miami Gardens,MIAMI-DADE,SHELTER,RISK,485,No,Yes, , ,-80.25530283, 25.94069867,,,,
Miami,MIAMI-DADE,SHELTER,RISK,1029,C,Yes, , ,-80.17333898, 25.97148302,,,,
Miami Lakes,MIAMI-DADE,SHELTER,RISK,536,No,Yes, , ,-80.34576696, 25.90123198,,,,
Miami,MIAMI-DADE,SHELTER,RISK,1328,E,Yes, , ,-80.23011497, 25.77674899,,,,
Miami,MIAMI-DADE,SHELTER,RISK,268,No,Yes, , ,-80.23131702, 25.82581698,,,,
Miami,MIAMI-DADE,SHELTER,RISK,466,No,Yes, , ,-80.33431804, 25.95071501,,,,
Miami Gardens,MIAMI-DADE,SHELTER,RISK,276,D,Yes, , ,-80.19994800, 25.96685499,,,,
Miami,MIAMI-DADE,SHELTER,RISK,183,C,Yes, ,Yes,-80.17333898, 25.97148302,-80.17333898, 25.97148302,,
Miami,MIAMI-DADE,SHELTER,RISK,770,No,Yes, , ,-80.32276602, 25.93970601,,,,
Hialeah,MIAMI-DADE,SHELTER,RISK,817,No,Yes, , ,-80.31675200, 25.89030802,,,,
North Miami,MIAMI-DADE,SHELTER,RISK,492,D,Yes, , ,-80.18382700, 25.90099201,,,,
Miami,MIAMI-DADE,SHELTER,RISK,869,D,Yes, , ,-80.39047897, 25.59998898,,,,
Hialeah,MIAMI-DADE,SHELTER,RISK,399,No,Yes, , ,-80.33225400, 25.87441199,,,,
Miami,MIAMI-DADE,SHELTER,RISK,33,No,Yes, , ,-80.33431804, 25.95071501,,,,
Hialeah,MIAMI-DADE,SHELTER,RISK,126,No,Yes, , ,-80.33394203, 25.93461400,,,,
Miami Gardens,MIAMI-DADE,SHELTER,RISK,1129,No,Yes, , ,-80.25530283, 25.94069867,,,,
Hialeah,MIAMI-DADE,SHELTER,RISK,101,No,Yes, , ,-80.33225400, 25.87441199,,,,
Miami,MIAMI-DADE,SHELTER,RISK,417,C,Yes, , ,-80.17333898, 25.97148302,,,,
Miami Lakes,MIAMI-DADE,SHELTER,RISK,955,No,Yes, , ,-80.32829296, 25.91739401,,,,
Miami Gardens,MIAMI-DADE,SHELTER,RISK,337,No,Yes, , ,-80.25530283, 25.94069867,,,,
Miami Lakes,MIAMI-DADE,SHELTER,RISK,466,No,Yes, , ,-80.34576696, 25.90123198,,,,
Miami,MIAMI-DADE,SHELTER,RISK,494,E,Yes, , ,-80.44528304, 25.69339900,,,,
Miami,MIAMI-DADE,SHELTER,RISK,1567,No,Yes, , ,-80.30851896, 25.93960601,,,,
Miami,MIAMI-DADE,SHELTER,RISK,1197,C,Yes, , ,-80.17333898, 25.97148302,,,,
Miami,MIAMI-DADE,SHELTER,RISK,294,No,Yes, , ,-80.38809599, 25.76873601,,,,
Doral,MIAMI-DADE,SHELTER,RISK,1258,No,Yes, , ,-80.37145197, 25.85259100,,,,
Callahan,NASSAU,SHELTER,RISK,398,No,Yes, ,Yes,-81.83945304, 30.57014400,-81.83945304, 30.57014400,,
Yulee,NASSAU,SHELTER,RISK,674,No,Yes, , ,-81.57627796, 30.61186199,,,,
Yulee,NASSAU,SHELTER,RISK,124,No,Yes, , ,-81.57627796, 30.61186199,,,,
Yulee,NASSAU,SHELTER,RISK,293,No,Yes, , ,-81.58583802, 30.63137502,,,,
Callahan,NASSAU,SHELTER,RISK,285,No,Yes, , ,-81.88305704, 30.55194601,,,,
Yulee,NASSAU,SHELTER,RISK,313,No,Yes, , ,-81.57627796, 30.61186199,,,,
Yulee,NASSAU,SHELTER,RISK,460,No,Yes, , ,-81.57973700, 30.60949599,,,,
Yulee,NASSAU,SHELTER,RISK,775,No,Yes, , ,-81.57973700, 30.60949599,,,,
Yulee,NASSAU,SHELTER,RISK,267,No,Yes, , ,-81.57627796, 30.61186199,,,,
Crestview,OKALOOSA,SHELTER,RISK,407,No,Yes, , ,-86.53850001, 30.73661601,,,,
Baker,OKALOOSA,SHELTER,RISK,51,No,Yes, , ,-86.67860402, 30.79362402,,,,
Fort Walton Beach,OKALOOSA,SHELTER,RISK,350,No,Yes, , ,-86.60793603, 30.45880701,,,,
Crestview,OKALOOSA,SHELTER,RISK,508,No,Yes, , ,-86.53639498, 30.73667100,,,,
Crestview,OKALOOSA,SHELTER,RISK,406,No,Yes, , ,-86.53850001, 30.73661601,,,,
Crestview,OKALOOSA,SHELTER,RISK,304,No,Yes, , ,-86.55814564, 30.79206521,,,,
Crestview,OKALOOSA,SHELTER,RISK,270,No,Yes, , ,-86.53639498, 30.73667100,,,,
Crestview,OKALOOSA,SHELTER,RISK,298,No,Yes, , ,-86.53639498, 30.73667100,,,,
Baker,OKALOOSA,SHELTER,RISK,56,No,Yes, , ,-86.67860402, 30.79362402,,,,
Crestview,OKALOOSA,SHELTER,RISK,2305,No,Yes, ,Yes,-86.56203002, 30.79409801,-86.56203002, 30.79409801,,
Crestview,OKALOOSA,SHELTER,RISK,343,No,Yes, , ,-86.53639498, 30.73667100,,,,
Baker,OKALOOSA,SHELTER,RISK,228,No,Yes, , ,-86.67860402, 30.79362402,,,,
Crestview,OKALOOSA,SHELTER,RISK,628,No,Yes, , ,-86.53850001, 30.73661601,,,,
Fort Walton Beach,OKALOOSA,SHELTER,RISK,326,No,Yes, , ,-86.61861298, 30.45029301,,,,
Baker,OKALOOSA,SHELTER,RISK,303,No,Yes, , ,-86.67860402, 30.79362402,,,,
Crestview,OKALOOSA,SHELTER,RISK,369,No,Yes, , ,-86.53850001, 30.73661601,,,,
Crestview,OKALOOSA,SHELTER,RISK,1303,No,Yes, ,Yes,-86.61156204, 30.71498898,-86.61156204, 30.71498898,,
Crestview,OKALOOSA,SHELTER,RISK,930,No,Yes, , ,-86.53850001, 30.73661601,,,,
Laurel Hill,OKALOOSA,SHELTER,RISK,115,No,Yes, , ,-86.46218797, 30.95860699,,,,
Okeechobee,OKEECHOBEE,SHELTER,RISK,839,No,Yes, , ,-80.83898439, 27.27442560,,,,
Okeechobee,OKEECHOBEE,SHELTER,RISK,557,No,Yes, , ,-80.83769798, 27.21803562,,,,
Okeechobee,OKEECHOBEE,SHELTER,RISK,131,No,Yes, , ,-80.83768125, 27.21803562,,,,
Okeechobee,OKEECHOBEE,SHELTER,RISK,85,No,Yes, , ,-80.83669787, 27.21992759,,,,
Okeechobee,OKEECHOBEE,SHELTER,RISK,37,No,Yes, , ,-80.83669787, 27.21992759,,,,
Okeechobee,OKEECHOBEE,SHELTER,RISK,144,No,Yes, , ,-80.83876000, 27.21991000,,,,
Okeechobee,OKEECHOBEE,SHELTER,RISK,222,No,Yes, , ,-80.83669787, 27.21992759,,,,
Orlando,ORANGE,SHELTER,RISK,444,No,Yes, , ,-81.15177002, 28.50014801,,,,
Orlando,ORANGE,SHELTER,RISK,1178,No,Yes, ,Yes,-81.21355770, 28.57987205,-81.21355770, 28.57987205,,
Winter Garden,ORANGE,SHELTER,RISK,394,No,Yes, , ,-81.56790896, 28.54056002,,,,
Apopka,ORANGE,SHELTER,RISK,374,No,Yes, , ,-81.52204403, 28.69227100,,,,
Ocoee,ORANGE,SHELTER,RISK,943,No,Yes, ,Yes,-81.55753502, 28.60022501,-81.55753502, 28.60022501,,
Orlando,ORANGE,SHELTER,RISK,58,No,Yes, , ,-81.41213800, 28.41527500,,,,
Orlando,ORANGE,SHELTER,RISK,58,No,Yes, , ,-81.14989820, 28.53166213,,,,
Orlando,ORANGE,SHELTER,RISK,598,No,Yes, , ,-81.34502703, 28.39431999,,,,
Orlando,ORANGE,SHELTER,RISK,579,No,Yes, , ,-81.24576602, 28.36711200,,,,
Orlando,ORANGE,SHELTER,RISK,430,No,Yes, , ,-81.21884896, 28.54493399,,,,
Orlando,ORANGE,SHELTER,RISK,580,No,Yes, , ,-81.28366597, 28.55436699,,,,
Orlando,ORANGE,SHELTER,RISK,310,No,Yes, , ,-81.33184699, 28.56648701,,,,
Orlando,ORANGE,SHELTER,RISK,558,No,Yes, , ,-81.40857804, 28.51150801,,,,
Apopka,ORANGE,SHELTER,RISK,645,No,Yes, ,Yes,-81.52204403, 28.69227100,-81.52204403, 28.69227100,,
Orlando,ORANGE,SHELTER,RISK,324,No,Yes, , ,-81.24962103, 28.57178898,,,,
Winter Garden,ORANGE,SHELTER,RISK,1130, ,Yes, , ,-81.56707027, 28.58047465,,,,
Orlando,ORANGE,SHELTER,RISK,527,No,Yes, , ,-81.47070202, 28.56037798,,,,
Orlando,ORANGE,SHELTER,RISK,188,No,Yes, , ,-81.33624498, 28.57777399,,,,
Orlando,ORANGE,SHELTER,RISK,396,No,Yes, , ,-81.32848501, 28.50127002,,,,
Orlando,ORANGE,SHELTER,RISK,263,No,Yes, , ,-81.21559796, 28.57782701,,,,
Orlando,ORANGE,SHELTER,RISK,164,No,Yes, , ,-81.41213800, 28.41527500,,,,
Orlando,ORANGE,SHELTER,RISK,164,No,Yes, , ,-81.14989820, 28.53166213,,,,
Orlando,ORANGE,SHELTER,RISK,415,No,Yes, , ,-81.42079660, 28.61957370,,,,
Orlando,ORANGE,SHELTER,RISK,576,No,Yes, , ,-81.45152000, 28.57878000,,,,
Orlando,ORANGE,SHELTER,RISK,600,No,Yes, , ,-81.41742204, 28.41505799,,,,
Apopka,ORANGE,SHELTER,RISK,963,No,Yes, , ,-81.47342002, 28.63837800,,,,
Orlando,ORANGE,SHELTER,RISK,384,No,Yes, , ,-81.39137100, 28.58019402,,,,
Orlando,ORANGE,SHELTER,RISK,384,No,Yes, , ,-81.14989820, 28.53166213,,,,
Orlando,ORANGE,SHELTER,RISK,660,No,Yes, , ,-81.33624498, 28.57777399,,,,
Orlando,ORANGE,SHELTER,RISK,602,No,Yes, , ,-81.25731503, 28.47501400,,,,
Apopka,ORANGE,SHELTER,RISK,559,No,Yes, , ,-81.54089401, 28.73009899,,,,
Ocoee,ORANGE,SHELTER,RISK,142,No,Yes, , ,-81.54342098, 28.56672501,,,,
Orlando,ORANGE,SHELTER,RISK,606,No,Yes, , ,-81.36493397, 28.51495201,,,,
Orlando,ORANGE,SHELTER,RISK,1130, ,Yes, , ,-81.34386203, 28.37364200,,,,
Orlando,ORANGE,SHELTER,RISK,1130, ,Yes, , ,-81.49101699, 28.58168600,,,,
Orlando,ORANGE,SHELTER,RISK,1130, ,Yes, , ,-81.25862797, 28.49691000,,,,
Orlando,ORANGE,SHELTER,RISK,458,No,Yes, , ,-81.24547299, 28.38071000,,,,
Winter Garden,ORANGE,SHELTER,RISK,93,No,Yes, , ,-81.56952387, 28.54347909,,,,
Orlando,ORANGE,SHELTER,RISK,710,No,Yes, ,Yes,-81.47829100, 28.47276899,-81.47829100, 28.47276899,,
Apopka,ORANGE,SHELTER,RISK,454,No,Yes, , ,-81.54089401, 28.73009899,,,,
Apopka,ORANGE,SHELTER,RISK,468,No,Yes, , ,-81.47342002, 28.63837800,,,,
Orlando,ORANGE,SHELTER,RISK,737,No,Yes, ,Yes,-81.39137100, 28.58019402,-81.39137100, 28.58019402,,
Orlando,ORANGE,SHELTER,RISK,759,No,Yes, ,Yes,-81.38599401, 28.47005200,-81.38599401, 28.47005200,,
Orlando,ORANGE,SHELTER,RISK,462,No,Yes, , ,-81.45152000, 28.57878000,,,,
Orlando,ORANGE,SHELTER,RISK,756,No,Yes, ,Yes,-81.44907101, 28.58116799,-81.44907101, 28.58116799,,
Winter Garden,ORANGE,SHELTER,RISK,604,No,Yes, , ,-81.58512000, 28.56092500,,,,
Orlando,ORANGE,SHELTER,RISK,451,No,Yes, , ,-81.41742204, 28.41505799,,,,
Ocoee,ORANGE,SHELTER,RISK,307,No,Yes, , ,-81.54342098, 28.56672501,,,,
Winter Garden,ORANGE,SHELTER,RISK,613,No,Yes, , ,-81.61376602, 28.48017398,,,,
Orlando,ORANGE,SHELTER,RISK,596,No,Yes, , ,-81.44907101, 28.58116799,,,,
Orlando,ORANGE,SHELTER,RISK,603,No,Yes, , ,-81.21884896, 28.54493399,,,,
Winter Garden,ORANGE,SHELTER,RISK,906,No,Yes, ,Yes,-81.56790896, 28.54056002,-81.56790896, 28.54056002,,
Winter Garden,ORANGE,SHELTER,RISK,448,No,Yes, , ,-81.61376602, 28.48017398,,,,
Orlando,ORANGE,SHELTER,RISK,470,No,Yes, , ,-81.34502703, 28.39431999,,,,
Orlando,ORANGE,SHELTER,RISK,615,No,Yes, , ,-81.15177002, 28.50014801,,,,
Orlando,ORANGE,SHELTER,RISK,485,No,Yes, , ,-81.30378799, 28.53115200,,,,
Orlando,ORANGE,SHELTER,RISK,605,No,Yes, , ,-81.38599401, 28.47005200,,,,
Winter Garden,ORANGE,SHELTER,RISK,283,No,Yes, , ,-81.56939855, 28.54096358,,,,
Ocoee,ORANGE,SHELTER,RISK,419,No,Yes, , ,-81.55753502, 28.60022501,,,,
Orlando,ORANGE,SHELTER,RISK,413,No,Yes, , ,-81.37768301, 28.46154000,,,,
Orlando,ORANGE,SHELTER,RISK,959,No,Yes, ,Yes,-81.14989820, 28.53166213,-81.14989820, 28.53166213,,
Winter Park,ORANGE,SHELTER,RISK,1130, ,Yes, , ,-81.28408901, 28.61001700,,,,
Orlando,ORANGE,SHELTER,RISK,950,No,Yes, ,Yes,-81.24547299, 28.38071000,-81.24547299, 28.38071000,,
Kissimmee,OSCEOLA,SHELTER,RISK,347,No,Yes, , ,-81.44048199, 28.31674301,,,,
Kissimmee,OSCEOLA,SHELTER,RISK,2461,No,Yes, , ,-81.32948003, 28.28060598,,,,
Kissimmee,OSCEOLA,SHELTER,RISK,296,No,Yes, , ,-81.56893700, 28.29838999,,,,
St. Cloud,OSCEOLA,SHELTER,RISK,722,No,Yes, , ,-81.15285698, 28.18822102,,,,
Kissimmee,OSCEOLA,SHELTER,RISK,342,No,Yes, , ,-81.50251201, 28.16559902,,,,
Kissimmee,OSCEOLA,SHELTER,RISK,342,No,Yes, , ,-81.33425998, 28.25855298,,,,
Poinciana,OSCEOLA,SHELTER,RISK,749,No,Yes, , ,-81.49800599, 28.16940499,,,,
St. Cloud,OSCEOLA,SHELTER,RISK,376,No,Yes, , ,-81.15285698, 28.18822102,,,,
St. Cloud,OSCEOLA,SHELTER,RISK,342,No,Yes, , ,-81.27537501, 28.23978100,,,,
Kissimmee,OSCEOLA,SHELTER,RISK,2157,No,Yes, , ,-81.47655930, 28.15722581,,,,
Kissimmee,OSCEOLA,SHELTER,RISK,1063,No,Yes, , ,-81.56893700, 28.29838999,,,,
Kissimmee,OSCEOLA,SHELTER,RISK,375,No,Yes, , ,-81.56893700, 28.29838999,,,,
Kissimmee,OSCEOLA,SHELTER,RISK,433,No,Yes, , ,-81.48945896, 28.22851798,,,,
Kissimmee,OSCEOLA,SHELTER,RISK,259,No,Yes, , ,-81.44048199, 28.31674301,,,,
Kissimmee,OSCEOLA,SHELTER,RISK,721,No,Yes, , ,-81.49800599, 28.16940499,,,,
Kissimmee,OSCEOLA,SHELTER,RISK,277,No,Yes, , ,-81.23503802, 28.32706498,,,,
St. Cloud,OSCEOLA,SHELTER,RISK,1451,No,Yes, , ,-81.15285698, 28.18822102,,,,
Kissimmee,OSCEOLA,SHELTER,RISK,172,No,Yes, , ,-81.49800599, 28.16940499,,,,
Kissimmee,OSCEOLA,SHELTER,RISK,246,No,Yes, , ,-81.50251201, 28.16559902,,,,
Kissimmee,OSCEOLA,SHELTER,RISK,648,No,Yes, , ,-81.23503802, 28.32706498,,,,
Kenansville,OSCEOLA,SHELTER,RISK,75,No,Yes, , ,-80.99752900, 27.87549699,,,,
Kissimmee,OSCEOLA,SHELTER,RISK,395,No,Yes, , ,-81.43661399, 28.18591399,,,,
Kissimmee,OSCEOLA,SHELTER,RISK,235,No,Yes, , ,-81.49800599, 28.16940499,,,,
Kissimmee,OSCEOLA,SHELTER,RISK,303,No,Yes, , ,-81.44048199, 28.31674301,,,,
Kissimmee,OSCEOLA,SHELTER,RISK,1428,No,Yes, , ,-81.56893700, 28.29838999,,,,
St. Cloud,OSCEOLA,SHELTER,RISK,285,No,Yes, , ,-81.15285698, 28.18822102,,,,
Kissimmee,OSCEOLA,SHELTER,RISK,1362,No,Yes, , ,-81.48945896, 28.22851798,,,,
Kissimmee,OSCEOLA,SHELTER,RISK,311,No,Yes, , ,-81.50251201, 28.16559902,,,,
Kissimmee,OSCEOLA,SHELTER,RISK,712,No,Yes, , ,-81.23503802, 28.32706498,,,,
Kissimmee,OSCEOLA,SHELTER,RISK,2780,No,Yes, , ,-81.43623798, 28.33305498,,,,
Kissimmee,OSCEOLA,SHELTER,RISK,837,No,Yes, , ,-81.46392802, 28.24360398,,,,
Celebration,OSCEOLA,SHELTER,RISK,392, ,Yes, , ,-81.54478103, 28.31969201,,,,
Kissimmee,OSCEOLA,SHELTER,RISK,211,No,Yes, , ,-81.34392297, 28.33457999,,,,
St. Cloud,OSCEOLA,SHELTER,RISK,1076,No,Yes, ,Yes,-81.15285698, 28.18822102,-81.15285698, 28.18822102,,
Kissimmee,OSCEOLA,SHELTER,RISK,2394,No,Yes, , ,-81.46106702, 28.24772499,,,,
Kissimmee,OSCEOLA,SHELTER,RISK,2394,No,Yes, , ,-81.23391602, 28.32632302,,,,
Kissimmee,OSCEOLA,SHELTER,RISK,681,No,Yes, , ,-81.49800599, 28.16940499,,,,
Kissimmee,OSCEOLA,SHELTER,RISK,901,No,Yes, , ,-81.64700404, 28.31888399,,,,
St. Cloud,OSCEOLA,SHELTER,RISK,2714,No,Yes, , ,-81.32686102, 28.24753401,,,,
Kissimmee,OSCEOLA,SHELTER,RISK,300,No,Yes, , ,-81.50251201, 28.16559902,,,,
Kissimmee,OSCEOLA,SHELTER,RISK,299,No,Yes, , ,-81.50251201, 28.16559902,,,,
Kissimmee,OSCEOLA,SHELTER,RISK,1080,No,Yes, ,Yes,-81.44301400, 28.16353200,-81.44301400, 28.16353200,,
St. Cloud,OSCEOLA,SHELTER,RISK,2308,No,Yes, , ,-81.15395200, 28.20149800,,,,
Kissimmee,OSCEOLA,SHELTER,RISK,349,No,Yes, , ,-81.37779499, 28.31069102,,,,
Kissimmee,OSCEOLA,SHELTER,RISK,309,No,Yes, , ,-81.36844699, 28.32805602,,,,
W Palm Beach,PALM BEACH,SHELTER,RISK,2222,No,Yes, , ,-80.09148701, 26.70014801,,,,
Lake Worth,PALM BEACH,SHELTER,RISK,391,No,Yes, , ,-80.14396996, 26.55899702,,,,
W. Palm Beach,PALM BEACH,SHELTER,RISK,688,No,Yes, , ,-80.06712199, 26.65448198,,,,
Boca Raton,PALM BEACH,SHELTER,RISK,233,No,Yes, , ,-80.14754401, 26.39945302,,,,
Boca Raton,PALM BEACH,SHELTER,RISK,341,E,Yes, , ,-80.11704997, 26.36474000,,,,
Wellington,PALM BEACH,SHELTER,RISK,249,No,Yes, , ,-80.28631287, 26.66625788,,,,
Greenacres,PALM BEACH,SHELTER,RISK,343,No,Yes, , ,-80.11636400, 26.63014399,,,,
Delray,PALM BEACH,SHELTER,RISK,742,No,Yes, , ,-80.09823503, 26.46261699,,,,
Loxahatchee,PALM BEACH,SHELTER,RISK,1223,No,Yes, , ,-80.31068401, 26.74666401,,,,
Boca Raton,PALM BEACH,SHELTER,RISK,628,No,Yes, , ,-80.24721003, 26.36195599,,,,
Greenacres,PALM BEACH,SHELTER,RISK,1101,No,Yes, , ,-80.11636400, 26.63014399,,,,
Loxahatchee,PALM BEACH,SHELTER,RISK,43,No,Yes, , ,-80.31068401, 26.74666401,,,,
Delray Beach,PALM BEACH,SHELTER,RISK,235,No,Yes, , ,-80.11282700, 26.46019298,,,,
W Palm Beach,PALM BEACH,SHELTER,RISK,170,No,Yes, , ,-80.10815602, 26.73383002,,,,
Belle Grade,PALM BEACH,SHELTER,RISK,414,No,Yes, , ,-80.67275800, 26.68997800,,,,
W Palm Beach,PALM BEACH,SHELTER,RISK,830,No,Yes, , ,-80.17957830, 26.65251118,,,,
Boynton Beach,PALM BEACH,SHELTER,RISK,1003,No,Yes, , ,-80.14058803, 26.51411201,,,,
Boynton Beach,PALM BEACH,SHELTER,RISK,223,No,Yes, , ,-80.14611598, 26.55171201,,,,
Jupiter,PALM BEACH,SHELTER,RISK,1085,No,Yes, , ,-80.12169899, 26.89839000,,,,
Lake Worth,PALM BEACH,SHELTER,RISK,253,No,Yes, , ,-80.05462902, 26.62571801,,,,
Boynton Beach,PALM BEACH,SHELTER,RISK,221,No,Yes, , ,-80.14611598, 26.55171201,,,,
Palm Bch Gardens,PALM BEACH,SHELTER,RISK,257,No,Yes, , ,-80.11500403, 26.84747999,,,,
Boca Raton,PALM BEACH,SHELTER,RISK,235,No,Yes, , ,-80.24721003, 26.36195599,,,,
Boynton Beach,PALM BEACH,SHELTER,RISK,383,No,Yes, , ,-80.08349797, 26.54116900,,,,
Delray,PALM BEACH,SHELTER,RISK,899,No,Yes, , ,-80.09823503, 26.46261699,,,,
W. Palm Beach,PALM BEACH,SHELTER,RISK,1119,No,Yes, , ,-80.06712199, 26.65448198,,,,
Boca Raton,PALM BEACH,SHELTER,RISK,824,No,Yes, , ,-80.24721003, 26.36195599,,,,
Palm Bch Gardens,PALM BEACH,SHELTER,RISK,2153,No,Yes, , ,-80.10165703, 26.82475301,,,,
Boca Raton,PALM BEACH,SHELTER,RISK,333,No,Yes, , ,-80.24721003, 26.36195599,,,,
Boca Raton,PALM BEACH,SHELTER,RISK,260,No,Yes, , ,-80.14754401, 26.39945302,,,,
Greenacres,PALM BEACH,SHELTER,RISK,229,No,Yes, , ,-80.11636400, 26.63014399,,,,
Palm Bch Gardens,PALM BEACH,SHELTER,RISK,706,No,Yes, , ,-80.10165703, 26.82475301,,,,
Palm Bch Gardens,PALM BEACH,SHELTER,RISK,238,No,Yes, , ,-80.11500403, 26.84747999,,,,
Lake Worth,PALM BEACH,SHELTER,RISK,716,No,Yes, , ,-80.14396996, 26.55899702,,,,
Palm Bch Gardens,PALM BEACH,SHELTER,RISK,995,No,Yes, , ,-80.10635399, 26.87695802,,,,
W Palm Beach,PALM BEACH,SHELTER,RISK,1026,No,Yes, , ,-80.17957830, 26.65251118,,,,
Boynton Beach,PALM BEACH,SHELTER,RISK,303,No,Yes, , ,-80.14611598, 26.55171201,,,,
Loxahatchee,PALM BEACH,SHELTER,RISK,326,No,Yes, , ,-80.31068401, 26.74666401,,,,
W Palm Beach,PALM BEACH,SHELTER,RISK,17,No,Yes, , ,-80.10815602, 26.73383002,,,,
Boca Raton,PALM BEACH,SHELTER,RISK,1578,E,Yes, , ,-80.11704997, 26.36474000,,,,
Belle Grade,PALM BEACH,SHELTER,RISK,497,No,Yes, , ,-80.67275800, 26.68997800,,,,
Greenacres,PALM BEACH,SHELTER,RISK,613,No,Yes, , ,-80.11636400, 26.63014399,,,,
Loxahatchee,PALM BEACH,SHELTER,RISK,2249,No,Yes, , ,-80.32899997, 26.77624601,,,,
Boca Raton,PALM BEACH,SHELTER,RISK,1061,No,Yes, , ,-80.24721003, 26.36195599,,,,
Wellington,PALM BEACH,SHELTER,RISK,239,No,Yes, , ,-80.28631287, 26.66625788,,,,
Boca Raton,PALM BEACH,SHELTER,RISK,920,No,Yes, , ,-80.18827201, 26.37683999,,,,
Palm Bch Gardens,PALM BEACH,SHELTER,RISK,290,No,Yes, , ,-80.11500403, 26.84747999,,,,
Boca Raton,PALM BEACH,SHELTER,RISK,1312,E,Yes, , ,-80.11704997, 26.36474000,,,,
Delray,PALM BEACH,SHELTER,RISK,1418,No,Yes, , ,-80.09823503, 26.46261699,,,,
Boynton Beach,PALM BEACH,SHELTER,RISK,102,E,Yes, , ,-80.08349797, 26.54116900,,,,
Greenacres,PALM BEACH,SHELTER,RISK,2230,No,Yes, , ,-80.12410502, 26.60669101,,,,
W Palm Beach,PALM BEACH,SHELTER,RISK,224,No,Yes, , ,-80.10815602, 26.73383002,,,,
W Palm Beach,PALM BEACH,SHELTER,RISK,364,No,Yes, , ,-80.17957830, 26.65251118,,,,
Lake Worth,PALM BEACH,SHELTER,RISK,1966,No,Yes, , ,-80.05462902, 26.62571801,,,,
Loxahatchee,PALM BEACH,SHELTER,RISK,540,No,Yes, , ,-80.31068401, 26.74666401,,,,
Lake Worth,PALM BEACH,SHELTER,RISK,272,No,Yes, , ,-80.07066997, 26.63278601,,,,
Belle Glade,PALM BEACH,SHELTER,RISK,894,No,Yes, , ,-80.68122992, 26.66757594,,,,
Belle Grade,PALM BEACH,SHELTER,RISK,745,No,Yes, , ,-80.67275800, 26.68997800,,,,
Delray Beach,PALM BEACH,SHELTER,RISK,267,No,Yes, , ,-80.11282700, 26.46019298,,,,
Palm Bch Gardens,PALM BEACH,SHELTER,RISK,1213,No,Yes, , ,-80.10165703, 26.82475301,,,,
Lake Worth,PALM BEACH,SHELTER,RISK,859,No,Yes, , ,-80.14396996, 26.55899702,,,,
Greenacres,PALM BEACH,SHELTER,RISK,663,No,Yes, , ,-80.11636400, 26.63014399,,,,
Palm Bch Gardens,PALM BEACH,SHELTER,RISK,1634,No,Yes, , ,-80.10635399, 26.87695802,,,,
Lake Worth,PALM BEACH,SHELTER,RISK,304,No,Yes, , ,-80.07066997, 26.63278601,,,,
W Palm Beach,PALM BEACH,SHELTER,RISK,2355,No,Yes, , ,-80.08383903, 26.77582901,,,,
W. Palm Beach,PALM BEACH,SHELTER,RISK,1355,No,Yes, , ,-80.06712199, 26.65448198,,,,
Boca Raton,PALM BEACH,SHELTER,RISK,889,No,Yes, , ,-80.18827201, 26.37683999,,,,
Boca Raton,PALM BEACH,SHELTER,RISK,1297,No,Yes, , ,-80.18827201, 26.37683999,,,,
Greenacres,PALM BEACH,SHELTER,RISK,1293,No,Yes, , ,-80.11636400, 26.63014399,,,,
Lake Worth,PALM BEACH,SHELTER,RISK,2320,No,Yes, , ,-80.18759199, 26.62341299,,,,
Greenacres,PALM BEACH,SHELTER,RISK,718,No,Yes, , ,-80.11636400, 26.63014399,,,,
Loxahatchee,PALM BEACH,SHELTER,RISK,1227,No,Yes, , ,-80.31068401, 26.74666401,,,,
Delray,PALM BEACH,SHELTER,RISK,1616,No,Yes, , ,-80.09823503, 26.46261699,,,,
Lake Worth,PALM BEACH,SHELTER,RISK,408,No,Yes, , ,-80.14396996, 26.55899702,,,,
Boca Raton,PALM BEACH,SHELTER,RISK,927,E,Yes, , ,-80.11704997, 26.36474000,,,,
W Palm Beach,PALM BEACH,SHELTER,RISK,701,No,Yes, , ,-80.17957830, 26.65251118,,,,
Delray Beach,PALM BEACH,SHELTER,RISK,384,No,Yes, , ,-80.11282700, 26.46019298,,,,
Lake Worth,PALM BEACH,SHELTER,RISK,240,No,Yes, ,Yes,-80.14113604, 26.56000498,-80.14113604, 26.56000498,,
Boynton Beach,PALM BEACH,SHELTER,RISK,289,No,Yes, , ,-80.14611598, 26.55171201,,,,
Boca Raton,PALM BEACH,SHELTER,RISK,1227,No,Yes, , ,-80.24721003, 26.36195599,,,,
Greenacres,PALM BEACH,SHELTER,RISK,568,No,Yes, , ,-80.11636400, 26.63014399,,,,
Wellington,PALM BEACH,SHELTER,RISK,271,No,Yes, , ,-80.28631287, 26.66625788,,,,
Boca Raton,PALM BEACH,SHELTER,RISK,719,E,Yes, , ,-80.11704997, 26.36474000,,,,
Lake Worth,PALM BEACH,SHELTER,RISK,174,No,Yes, , ,-80.14396996, 26.55899702,,,,
Delray,PALM BEACH,SHELTER,RISK,1256,No,Yes, , ,-80.09823503, 26.46261699,,,,
Lake Worth,PALM BEACH,SHELTER,RISK,138,No,Yes, , ,-80.05462902, 26.62571801,,,,
Palm Bch Gardens,PALM BEACH,SHELTER,RISK,1970,No,Yes, , ,-80.10165703, 26.82475301,,,,
Loxahatchee,PALM BEACH,SHELTER,RISK,172,No,Yes, , ,-80.31068401, 26.74666401,,,,
W Palm Beach,PALM BEACH,SHELTER,RISK,1123,No,Yes, , ,-80.17957830, 26.65251118,,,,
W. Palm Beach,PALM BEACH,SHELTER,RISK,1200,No,Yes, , ,-80.06712199, 26.65448198,,,,
Lake Worth,PALM BEACH,SHELTER,RISK,297,No,Yes, , ,-80.07066997, 26.63278601,,,,
Greenacres,PALM BEACH,SHELTER,RISK,354,No,Yes, , ,-80.11636400, 26.63014399,,,,
Boynton Beach,PALM BEACH,SHELTER,RISK,963,No,Yes, , ,-80.08349797, 26.54116900,,,,
Boca Raton,PALM BEACH,SHELTER,RISK,387,No,Yes, , ,-80.14754401, 26.39945302,,,,
Lake Worth,PALM BEACH,SHELTER,RISK,1017,No,Yes, , ,-80.14396996, 26.55899702,,,,
Delray Beach,PALM BEACH,SHELTER,RISK,276,No,Yes, , ,-80.11282700, 26.46019298,,,,
Boca Raton,PALM BEACH,SHELTER,RISK,48,No,Yes, , ,-80.24721003, 26.36195599,,,,
W Palm Beach,PALM BEACH,SHELTER,RISK,291,No,Yes, , ,-80.10815602, 26.73383002,,,,
Lake Worth,PALM BEACH,SHELTER,RISK,879,No,Yes, , ,-80.14396996, 26.55899702,,,,
Delray,PALM BEACH,SHELTER,RISK,436,No,Yes, , ,-80.09823503, 26.46261699,,,,
W Palm Beach,PALM BEACH,SHELTER,RISK,718,No,Yes, , ,-80.17957830, 26.65251118,,,,
Lake Worth,PALM BEACH,SHELTER,RISK,15,No,Yes, , ,-80.07066997, 26.63278601,,,,
Palm Bch Gardens,PALM BEACH,SHELTER,RISK,801,No,Yes, , ,-80.10635399, 26.87695802,,,,
Belle Glade,PALM BEACH,SHELTER,RISK,649,No,Yes, , ,-80.68122992, 26.66757594,,,,
Wellington,PALM BEACH,SHELTER,RISK,304,No,Yes, , ,-80.28631287, 26.66625788,,,,
Belle Grade,PALM BEACH,SHELTER,RISK,179,No,Yes, , ,-80.67275800, 26.68997800,,,,
Palm Bch Gardens,PALM BEACH,SHELTER,RISK,1346,No,Yes, , ,-80.10165703, 26.82475301,,,,
Loxahatchee,PALM BEACH,SHELTER,RISK,917,No,Yes, , ,-80.31068401, 26.74666401,,,,
Palm Bch Gardens,PALM BEACH,SHELTER,RISK,307,No,Yes, , ,-80.11500403, 26.84747999,,,,
New Port Richey,PASCO,SHELTER,RISK,1509,No,Yes, , ,-82.60208896, 28.18554698,,,,
Wesley Chapel,PASCO,SHELTER,RISK,373,No,Yes, , ,-82.30685797, 28.25572200,,,,
Wesley Chapel,PASCO,SHELTER,RISK,269,No,Yes, , ,-82.27522500, 28.26470798,,,,
Wesley Chapel,PASCO,SHELTER,RISK,174,No,Yes, , ,-82.29473002, 28.21031299,,,,
Land O'Lakes,PASCO,SHELTER,RISK,682,No,Yes, , ,-82.50832598, 28.20131502,,,,
New Port Richey,PASCO,SHELTER,RISK,494,No,Yes, , ,-82.62167999, 28.26619300,,,,
Wesley Chapel,PASCO,SHELTER,RISK,46,No,Yes, , ,-82.32674504, 28.18951301,,,,
Wesley Chapel,PASCO,SHELTER,RISK,349,No,Yes, , ,-82.27522500, 28.26470798,,,,
Wesley Chapel,PASCO,SHELTER,RISK,822,No,Yes, , ,-82.30685797, 28.25572200,,,,
Lutz,PASCO,SHELTER,RISK,378,No,Yes, , ,-82.41111200, 28.17720301,,,,
Wesley Chapel,PASCO,SHELTER,RISK,317,No,Yes, , ,-82.37166500, 28.23060101,,,,
New Port Richey,PASCO,SHELTER,RISK,199,No,Yes, , ,-82.62167999, 28.26619300,,,,
Wesley Chapel,PASCO,SHELTER,RISK,787,No,Yes, , ,-82.27588499, 28.22644899,,,,
Land O Lakes,PASCO,SHELTER,RISK,46,No,Yes, , ,-82.50832598, 28.20131502,,,,
New Port Richey,PASCO,SHELTER,RISK,162,No,Yes, , ,-82.62167999, 28.26619300,,,,
Dade City,PASCO,SHELTER,RISK,563, ,Yes, , ,-82.19619597, 28.36081199,,,,
Land O'Lakes,PASCO,SHELTER,RISK,221,No,Yes, , ,-82.45459002, 28.29284800,,,,
Wesley Chapel,PASCO,SHELTER,RISK,510,No,Yes, , ,-82.31109668, 28.25528003,,,,
Land O Lakes,PASCO,SHELTER,RISK,35,No,Yes, , ,-82.50832598, 28.20131502,,,,
New Port Richey,PASCO,SHELTER,RISK,266,No,Yes, , ,-82.62167999, 28.26619300,,,,
Lutz,PASCO,SHELTER,RISK,180,No,Yes, , ,-82.41111200, 28.17720301,,,,
Zephyrhills,PASCO,SHELTER,RISK,487,No,Yes, , ,-82.17944700, 28.23957602,,,,
Lutz,PASCO,SHELTER,RISK,212,No,Yes, , ,-82.41111200, 28.17720301,,,,
Wesley Chapel,PASCO,SHELTER,RISK,262,No,Yes, , ,-82.37166500, 28.23060101,,,,
Wesley Chapel,PASCO,SHELTER,RISK,77,No,Yes, , ,-82.27522500, 28.26470798,,,,
Wesley Chapel,PASCO,SHELTER,RISK,323,No,Yes, , ,-82.30685797, 28.25572200,,,,
New Port Richey,PASCO,SHELTER,RISK,1563,No,Yes, , ,-82.62167999, 28.26619300,,,,
New Port Richey,PASCO,SHELTER,RISK,838,No,Yes, , ,-82.62167999, 28.26619300,,,,
Wesley Chapel,PASCO,SHELTER,RISK,241,No,Yes, , ,-82.37166500, 28.23060101,,,,
Land O'Lakes,PASCO,SHELTER,RISK,804,No,Yes, , ,-82.42922504, 28.23335300,,,,
Wesley Chapel,PASCO,SHELTER,RISK,335,No,Yes, , ,-82.30685797, 28.25572200,,,,
Wesley Chapel,PASCO,SHELTER,RISK,411,No,Yes, , ,-82.29473002, 28.21031299,,,,
Land O'Lakes,PASCO,SHELTER,RISK,227,No,Yes, , ,-82.50832598, 28.20131502,,,,
Land O'Lakes,PASCO,SHELTER,RISK,365,No,Yes, , ,-82.45459002, 28.29284800,,,,
Wesley Chapel,PASCO,SHELTER,RISK,1325,No,Yes, , ,-82.35978499, 28.21120399,,,,
Wesley Chapel,PASCO,SHELTER,RISK,76,No,Yes, , ,-82.31210998, 28.25603598,,,,
Wesley Chapel,PASCO,SHELTER,RISK,67,No,Yes, , ,-82.37166500, 28.23060101,,,,
Wesley Chapel,PASCO,SHELTER,RISK,758,No,Yes, , ,-82.29473002, 28.21031299,,,,
Wesley Chapel,PASCO,SHELTER,RISK,159,No,Yes, , ,-82.31109668, 28.25528003,,,,
Wesley Chapel,PASCO,SHELTER,RISK,71,No,Yes, , ,-82.31109668, 28.25528003,,,,
Wesley Chapel,PASCO,SHELTER,RISK,167,No,Yes, , ,-82.29473002, 28.21031299,,,,
Wesley Chapel,PASCO,SHELTER,RISK,58,No,Yes, , ,-82.30685797, 28.25572200,,,,
Land O'Lakes,PASCO,SHELTER,RISK,1128,No,Yes, , ,-82.50832598, 28.20131502,,,,
New Port Richey,PASCO,SHELTER,RISK,105,No,Yes, , ,-82.62167999, 28.26619300,,,,
New Port Richey,PASCO,SHELTER,RISK,156,No,Yes, , ,-82.62167999, 28.26619300,,,,
Land O'Lakes,PASCO,SHELTER,RISK,348,No,Yes, , ,-82.45459002, 28.29284800,,,,
Wesley Chapel,PASCO,SHELTER,RISK,35,No,Yes, , ,-82.32674504, 28.18951301,,,,
New Port Richey,PASCO,SHELTER,RISK,1325,No,Yes, , ,-82.64702502, 28.20749600,,,,
Land O'Lakes,PASCO,SHELTER,RISK,305,No,Yes, , ,-82.45459002, 28.29284800,,,,
Land O'Lakes,PASCO,SHELTER,RISK,176,No,Yes, , ,-82.50832598, 28.20131502,,,,
Wesley Chapel,PASCO,SHELTER,RISK,328,No,Yes, , ,-82.27522500, 28.26470798,,,,
Wesley Chapel,PASCO,SHELTER,RISK,250,No,Yes, , ,-82.27522500, 28.26470798,,,,
Lutz,PASCO,SHELTER,RISK,285,No,Yes, , ,-82.41111200, 28.17720301,,,,
New Port Richey,PASCO,SHELTER,RISK,119,No,Yes, , ,-82.62167999, 28.26619300,,,,
New Port Richey,PASCO,SHELTER,RISK,469,No,Yes, , ,-82.62167999, 28.26619300,,,,
Wesley Chapel,PASCO,SHELTER,RISK,176,No,Yes, , ,-82.32674504, 28.18951301,,,,
Land O'Lakes,PASCO,SHELTER,RISK,431,No,Yes, , ,-82.45459002, 28.29284800,,,,
Wesley Chapel,PASCO,SHELTER,RISK,348,No,Yes, , ,-82.37166500, 28.23060101,,,,
Wesley Chapel,PASCO,SHELTER,RISK,248,No,Yes, , ,-82.37166500, 28.23060101,,,,
Land O'Lakes,PASCO,SHELTER,RISK,1186,No,Yes, , ,-82.50832598, 28.20131502,,,,
Lutz,PASCO,SHELTER,RISK,132,No,Yes, , ,-82.41111200, 28.17720301,,,,
New Port Richey,PASCO,SHELTER,RISK,1605,No,Yes, , ,-82.62167999, 28.26619300,,,,
Land O'Lakes,PASCO,SHELTER,RISK,729,No,Yes, , ,-82.48761597, 28.21317202,,,,
Wesley Chapel,PASCO,SHELTER,RISK,220,No,Yes, , ,-82.27522500, 28.26470798,,,,
Dade City,PASCO,SHELTER,RISK,438, ,Yes, , ,-82.19619597, 28.36081199,,,,
Dunedin,PINELLAS,SHELTER,RISK,280,D,Yes, , ,-82.77711199, 27.99811501,,,,
Clearwater,PINELLAS,SHELTER,RISK,531,No,Yes, , ,-82.76056804, 27.96654298,,,,
Palm Harbor,PINELLAS,SHELTER,RISK,143,No,Yes, , ,-82.76261197, 28.08565599,,,,
Palm Harbor,PINELLAS,SHELTER,RISK,248,No,Yes, , ,-82.75251999, 28.06661901,,,,
Clearwater,PINELLAS,SHELTER,RISK,209,No,Yes, , ,-82.71188603, 27.99572198,,,,
St. Petersburg,PINELLAS,SHELTER,RISK,977,No,Yes, ,Yes,-82.67833998, 27.76156002,-82.67833998, 27.76156002,,
Palm Harbor,PINELLAS,SHELTER,RISK,742,No,Yes, , ,-82.72648303, 28.08860499,,,,
Palm Harbor,PINELLAS,SHELTER,RISK,297,No,Yes, ,Yes,-82.76261197, 28.08565599,-82.76261197, 28.08565599,,
St. Petersburg,PINELLAS,SHELTER,RISK,480,No,Yes, , ,-82.68245700, 27.80794501,,,,
St. Petersburg,PINELLAS,SHELTER,RISK,475,No,Yes, , ,-82.69011001, 27.76514701,,,,
St. Petersburg,PINELLAS,SHELTER,RISK,522,No,Yes, , ,-82.68246798, 27.75836199,,,,
St. Petersburg,PINELLAS,SHELTER,RISK,522,No,Yes, , ,-82.65995603, 27.82213000,,,,
St. Petersburg,PINELLAS,SHELTER,RISK,90,No,Yes, , ,-82.66580098, 27.74719201,,,,
St. Petersburg,PINELLAS,SHELTER,RISK,1617,No,Yes, , ,-82.67296298, 27.81669999,,,,
Palm Harbor,PINELLAS,SHELTER,RISK,645,No,Yes, , ,-82.76261197, 28.08565599,,,,
Palm Harbor,PINELLAS,SHELTER,RISK,1074,No,Yes, , ,-82.72648303, 28.08860499,,,,
Palm Harbor,PINELLAS,SHELTER,RISK,68,No,Yes, , ,-82.76261197, 28.08565599,,,,
Largo,PINELLAS,SHELTER,RISK,466,No,Yes, , ,-82.79751899, 27.91203798,,,,
St. Petersburg,PINELLAS,SHELTER,RISK,130,No,Yes, , ,-82.67296298, 27.81669999,,,,
Clearwater,PINELLAS,SHELTER,RISK,1969,No,Yes, , ,-82.76647200, 27.97617400,,,,
Palm Harbor,PINELLAS,SHELTER,RISK,384,No,Yes, , ,-82.75251999, 28.06661901,,,,
St. Petersburg,PINELLAS,SHELTER,RISK,297,No,Yes, , ,-82.66825101, 27.77919999,,,,
St. Petersburg,PINELLAS,SHELTER,RISK,393,No,Yes, , ,-82.67296298, 27.81669999,,,,
St. Petersburg,PINELLAS,SHELTER,RISK,521,No,Yes, , ,-82.69011001, 27.76514701,,,,
Clearwater,PINELLAS,SHELTER,RISK,374,No,Yes, , ,-82.71751800, 28.01665201,,,,
Palm Harbor,PINELLAS,SHELTER,RISK,586,No,Yes, , ,-82.76261197, 28.08565599,,,,
St. Petersburg,PINELLAS,SHELTER,RISK,526,No,Yes, , ,-82.68245700, 27.80794501,,,,
Dunedin,PINELLAS,SHELTER,RISK,315,D,Yes, , ,-82.77711199, 27.99811501,,,,
Largo,PINELLAS,SHELTER,RISK,129,No,Yes, , ,-82.80354260, 27.89945503,,,,
St. Petersburg,PINELLAS,SHELTER,RISK,114,No,Yes, , ,-82.68245700, 27.80794501,,,,
St. Petersburg,PINELLAS,SHELTER,RISK,799,No,Yes, ,Yes,-82.67929262, 27.76133567,-82.67929262, 27.76133567,,
Seminole,PINELLAS,SHELTER,RISK,876,No,Yes, , ,-82.81471472, 27.85104485,,,,
St. Petersburg,PINELLAS,SHELTER,RISK,242,No,Yes, , ,-82.68245700, 27.80794501,,,,
St. Petersburg,PINELLAS,SHELTER,RISK,488,No,Yes, , ,-82.68246798, 27.75836199,,,,
Clearwater,PINELLAS,SHELTER,RISK,303,No,Yes, , ,-82.79364202, 27.94506800,,,,
Clearwater,PINELLAS,SHELTER,RISK,273,No,Yes, , ,-82.71188603, 27.99572198,,,,
Clearwater,PINELLAS,SHELTER,RISK,100,No,Yes, , ,-82.71164497, 28.02336499,,,,
Palm Harbor,PINELLAS,SHELTER,RISK,327,No,Yes, , ,-82.76261197, 28.08565599,,,,
St. Petersburg,PINELLAS,SHELTER,RISK,1373,No,Yes, ,Yes,-82.67954501, 27.76163099,-82.67954501, 27.76163099,,
Palm Harbor,PINELLAS,SHELTER,RISK,507,No,Yes, , ,-82.75251999, 28.06661901,,,,
St. Petersburg,PINELLAS,SHELTER,RISK,394,No,Yes, ,Yes,-82.67954528, 27.76161242,-82.67954528, 27.76161242,,
St Petersburg,PINELLAS,SHELTER,RISK,269,No,Yes, , ,-82.66825101, 27.77919999,,,,
Palm Harbor,PINELLAS,SHELTER,RISK,168,No,Yes, , ,-82.76261197, 28.08565599,,,,
Clearwater,PINELLAS,SHELTER,RISK,292,No,Yes, , ,-82.72074302, 27.96984998,,,,
Clearwater,PINELLAS,SHELTER,RISK,577,No,Yes, , ,-82.78881899, 27.95084100,,,,
St. Petersburg,PINELLAS,SHELTER,RISK,512,No,Yes, , ,-82.65995603, 27.82213000,,,,
St. Petersburg,PINELLAS,SHELTER,RISK,483,No,Yes, , ,-82.68245700, 27.80794501,,,,
Dunedin,PINELLAS,SHELTER,RISK,575,D,Yes, , ,-82.77711199, 27.99811501,,,,
Largo,PINELLAS,SHELTER,RISK,1124,No,Yes, ,Yes,-82.78548098, 27.91986500,-82.78548098, 27.91986500,,
Clearwater,PINELLAS,SHELTER,RISK,226,No,Yes, , ,-82.71188603, 27.99572198,,,,
Palm Harbor,PINELLAS,SHELTER,RISK,582,No,Yes, , ,-82.76261197, 28.08565599,,,,
St. Petersburg,PINELLAS,SHELTER,RISK,2060,No,Yes, ,Yes,-82.67833998, 27.76156002,-82.67833998, 27.76156002,,
Palm Harbor,PINELLAS,SHELTER,RISK,364,No,Yes, , ,-82.76261197, 28.08565599,,,,
Palm Harbor,PINELLAS,SHELTER,RISK,502,No,Yes, ,Yes,-82.76261197, 28.08565599,-82.76261197, 28.08565599,,
Dunedin,PINELLAS,SHELTER,RISK,200,D,Yes, , ,-82.77711199, 27.99811501,,,,
St. Petersburg,PINELLAS,SHELTER,RISK,591,No,Yes, , ,-82.65279797, 27.74808699,,,,
St. Petersburg,PINELLAS,SHELTER,RISK,31,No,Yes, , ,-82.67296298, 27.81669999,,,,
Palm Harbor,PINELLAS,SHELTER,RISK,305,No,Yes, , ,-82.76261197, 28.08565599,,,,
Poinciana,POLK,SHELTER,RISK,604,No,Yes, , ,-81.51146297, 28.06678200,,,,
Lakeland,POLK,SHELTER,RISK,660,No,Yes, , ,-81.92076999, 27.95758801,,,,
Lakeland,POLK,SHELTER,RISK,383,No,Yes, , ,-82.01048896, 27.96641801,,,,
Davenport,POLK,SHELTER,RISK,251,No,Yes, , ,-81.62941897, 28.16642899,,,,
Bartow,POLK,SHELTER,RISK,304,No,Yes, , ,-81.82821995, 27.88457004,,,,
Davenport,POLK,SHELTER,RISK,367,No,Yes, , ,-81.63157232, 28.15030699,,,,
Davenport,POLK,SHELTER,RISK,367,No,Yes, , ,-81.62941897, 28.16642899,,,,
Winter Haven,POLK,SHELTER,RISK,101,No,Yes, , ,-81.71729300, 28.04679698,,,,
Haines City,POLK,SHELTER,RISK,257,No,Yes, ,Yes,-81.62389203, 28.08592299,-81.62389203, 28.08592299,,
Poinciana,POLK,SHELTER,RISK,252,No,Yes, , ,-81.48960070, 28.07554405,,,,
Lakeland,POLK,SHELTER,RISK,420,No,Yes, , ,-81.99570404, 28.09463200,,,,
Lakeland,POLK,SHELTER,RISK,420,No,Yes, , ,-81.95141397, 27.97581098,,,,
Lakeland,POLK,SHELTER,RISK,255,No,Yes, , ,-81.98749798, 28.12635302,,,,
Auburndale,POLK,SHELTER,RISK,437,No,Yes, , ,-81.78848373, 28.07025308,,,,
Poinciana,POLK,SHELTER,RISK,600,No,Yes, , ,-81.51146297, 28.06678200,,,,
Lakeland,POLK,SHELTER,RISK,367,No,Yes, , ,-81.92238099, 27.98268502,,,,
Eagle Lake,POLK,SHELTER,RISK,556,No,Yes, , ,-81.74941497, 27.98022300,,,,
Auburndale,POLK,SHELTER,RISK,60,No,Yes, , ,-81.78848373, 28.07025308,,,,
Lakeland,POLK,SHELTER,RISK,249,No,Yes, , ,-81.98749798, 28.12635302,,,,
Lakeland,POLK,SHELTER,RISK,844,No,Yes, , ,-81.85990002, 28.07233999,,,,
Davenport,POLK,SHELTER,RISK,256,No,Yes, , ,-81.56924300, 28.22032561,,,,
Lakeland,POLK,SHELTER,RISK,387,No,Yes, , ,-82.01745251, 28.12629500,,,,
Davenport,POLK,SHELTER,RISK,696,No,Yes, , ,-81.63157232, 28.15030699,,,,
Lakeland,POLK,SHELTER,RISK,250,No,Yes, , ,-81.99570404, 28.09463200,,,,
Davenport,POLK,SHELTER,RISK,223,No,Yes, , ,-81.64692701, 28.24615401,,,,
Lakeland,POLK,SHELTER,RISK,352,No,Yes, , ,-81.99570404, 28.09463200,,,,
Lakeland,POLK,SHELTER,RISK,352,No,Yes, , ,-81.96060699, 28.06416600,,,,
Eagle Lake,POLK,SHELTER,RISK,840,No,Yes, , ,-81.74941497, 27.98022300,,,,
Haines City,POLK,SHELTER,RISK,302,No,Yes, , ,-81.56105902, 28.04261500,,,,
Lakeland,POLK,SHELTER,RISK,315,No,Yes, , ,-81.94019698, 28.03963301,,,,
Lakeland,POLK,SHELTER,RISK,315,No,Yes, , ,-81.95532497, 28.13439701,,,,
Lakeland,POLK,SHELTER,RISK,253,No,Yes, , ,-81.92238099, 27.98268502,,,,
Lakeland,POLK,SHELTER,RISK,211,No,Yes, , ,-82.01048896, 27.96641801,,,,
Lakeland,POLK,SHELTER,RISK,534,No,Yes, , ,-81.85990002, 28.07233999,,,,
Lakeland,POLK,SHELTER,RISK,2371,No,Yes, , ,-81.95639321, 28.12941792,,,,
Winter Haven,POLK,SHELTER,RISK,233,No,Yes, , ,-81.67715602, 27.95657155,,,,
Auburndale,POLK,SHELTER,RISK,1470,No,Yes, , ,-81.78848373, 28.07025308,,,,
Lakeland,POLK,SHELTER,RISK,302,No,Yes, , ,-81.90244899, 28.06181098,,,,
Bartow,POLK,SHELTER,RISK,276,No,Yes, , ,-81.84244202, 27.88391100,,,,
Haines City,POLK,SHELTER,RISK,180,No,Yes, , ,-81.62570498, 28.08457204,,,,
Poinciana,POLK,SHELTER,RISK,518,No,Yes, , ,-81.46038700, 28.11332201,,,,
Lakeland,POLK,SHELTER,RISK,355,No,Yes, , ,-81.92238099, 27.98268502,,,,
Winter Haven,POLK,SHELTER,RISK,417,No,Yes, , ,-81.71729300, 28.04679698,,,,
Lakeland,POLK,SHELTER,RISK,204,No,Yes, , ,-81.98749798, 28.12635302,,,,
Auburndale,POLK,SHELTER,RISK,294,No,Yes, , ,-81.78466004, 28.07437701,,,,
Winter Haven,POLK,SHELTER,RISK,324,No,Yes, , ,-81.67715602, 27.95657155,,,,
Winter Haven,POLK,SHELTER,RISK,270,No,Yes, , ,-81.71729300, 28.04679698,,,,
Lakeland,POLK,SHELTER,RISK,261,No,Yes, , ,-82.01048896, 27.96641801,,,,
Poinciana,POLK,SHELTER,RISK,235,No,Yes, , ,-81.51146297, 28.06678200,,,,
Bartow,POLK,SHELTER,RISK,257,No,Yes, , ,-81.85616697, 27.90975400,,,,
Haines City,POLK,SHELTER,RISK,1524,No,Yes, , ,-81.60840504, 28.09841002,,,,
Haines City,POLK,SHELTER,RISK,215,No,Yes, , ,-81.56105902, 28.04261500,,,,
Lakeland,POLK,SHELTER,RISK,298,No,Yes, ,Yes,-81.94019698, 28.03963301,-81.94019698, 28.03963301,,
Davenport,POLK,SHELTER,RISK,248,No,Yes, , ,-81.64692701, 28.24615401,,,,
Lakeland,POLK,SHELTER,RISK,686,No,Yes, , ,-81.85990002, 28.07233999,,,,
Haines City,POLK,SHELTER,RISK,333,No,Yes, , ,-81.61277897, 28.10179199,,,,
Eagle Lake,POLK,SHELTER,RISK,659,No,Yes, , ,-81.74941497, 27.98022300,,,,
Mulberry,POLK,SHELTER,RISK,317,No,Yes, , ,-81.97229397, 27.89714900,,,,
Lakeland,POLK,SHELTER,RISK,283,No,Yes, , ,-81.95532497, 28.13439701,,,,
Davenport,POLK,SHELTER,RISK,602,No,Yes, , ,-81.63157232, 28.15030699,,,,
Haines City,POLK,SHELTER,RISK,249,No,Yes, , ,-81.56105902, 28.04261500,,,,
Davenport,POLK,SHELTER,RISK,356,No,Yes, , ,-81.62941897, 28.16642899,,,,
Lakeland,POLK,SHELTER,RISK,303,No,Yes, , ,-81.96060699, 28.06416600,,,,
Poinciana,POLK,SHELTER,RISK,250,No,Yes, , ,-81.46038700, 28.11332201,,,,
Winter Haven,POLK,SHELTER,RISK,329,No,Yes, , ,-81.67715602, 27.95657155,,,,
Lakeland,POLK,SHELTER,RISK,739,No,Yes, , ,-81.85990002, 28.07233999,,,,
Davenport,POLK,SHELTER,RISK,529,No,Yes, , ,-81.63157232, 28.15030699,,,,
Poinciana,POLK,SHELTER,RISK,480,No,Yes, , ,-81.51146297, 28.06678200,,,,
Auburndale,POLK,SHELTER,RISK,596,No,Yes, , ,-81.78848373, 28.07025308,,,,
Davenport,POLK,SHELTER,RISK,261,No,Yes, , ,-81.64692701, 28.24615401,,,,
Eagle Lake,POLK,SHELTER,RISK,244,No,Yes, , ,-81.74167101, 27.98322599,,,,
Lakeland,POLK,SHELTER,RISK,348,No,Yes, , ,-81.96636603, 28.06137898,,,,
Haines City,POLK,SHELTER,RISK,319,No,Yes, , ,-81.60840504, 28.09841002,,,,
Davenport,POLK,SHELTER,RISK,198,No,Yes, , ,-81.62941897, 28.16642899,,,,
Lakeland,POLK,SHELTER,RISK,391,No,Yes, , ,-81.98749798, 28.12635302,,,,
Poinciana,POLK,SHELTER,RISK,460,No,Yes, , ,-81.48960070, 28.07554405,,,,
Winter Haven,POLK,SHELTER,RISK,33,No,Yes, , ,-81.67715602, 27.95657155,,,,
Lakeland,POLK,SHELTER,RISK,658,No,Yes, , ,-81.85990002, 28.07233999,,,,
Davenport,POLK,SHELTER,RISK,549,No,Yes, , ,-81.63157232, 28.15030699,,,,
Lakeland,POLK,SHELTER,RISK,309,No,Yes, , ,-81.85990002, 28.07233999,,,,
Eagle Lake,POLK,SHELTER,RISK,567,No,Yes, ,Yes,-81.74941497, 27.98022300,-81.74941497, 27.98022300,,
Lakeland,POLK,SHELTER,RISK,310,No,Yes, , ,-81.94514398, 27.95438298,,,,
Poinciana,POLK,SHELTER,RISK,420,No,Yes, , ,-81.51146297, 28.06678200,,,,
Lakeland,POLK,SHELTER,RISK,342,No,Yes, , ,-81.99570404, 28.09463200,,,,
Lake Alfred,POLK,SHELTER,RISK,59,No,Yes, , ,-81.72651100, 28.10701299,,,,
Lakeland,POLK,SHELTER,RISK,289,No,Yes, , ,-81.95896210, 28.01897720,,,,
Winter Haven,POLK,SHELTER,RISK,365,No,Yes, , ,-81.67715602, 27.95657155,,,,
Winter Haven,POLK,SHELTER,RISK,369,No,Yes, , ,-81.67715602, 27.95657155,,,,
Lakeland,POLK,SHELTER,RISK,437,No,Yes, , ,-81.92238099, 27.98268502,,,,
Lakeland,POLK,SHELTER,RISK,366,No,Yes, , ,-81.99570404, 28.09463200,,,,
Davenport,POLK,SHELTER,RISK,355,No,Yes, , ,-81.62941897, 28.16642899,,,,
Lakeland,POLK,SHELTER,RISK,304,No,Yes, , ,-81.99747496, 28.05784500,,,,
Poinciana,POLK,SHELTER,RISK,569,No,Yes, , ,-81.51146297, 28.06678200,,,,
Lakeland,POLK,SHELTER,RISK,174,No,Yes, , ,-81.97564304, 27.96805998,,,,
Winter Haven,POLK,SHELTER,RISK,320,No,Yes, , ,-81.71796104, 28.01248801,,,,
Lakeland,POLK,SHELTER,RISK,245,No,Yes, , ,-82.01048896, 27.96641801,,,,
San Mateo,PUTNAM,SHELTER,RISK,175,No,Yes, , ,-81.58250001, 29.60918000,,,,
Florahome,PUTNAM,SHELTER,RISK,334,No,Yes, , ,-81.84812001, 29.72535000,,,,
Florahome,PUTNAM,SHELTER,RISK,194,No,Yes, , ,-81.84812001, 29.72535000,,,,
Crescent City,PUTNAM,SHELTER,RISK,682,No,Yes, , ,-81.52370004, 29.43944998,,,,
San Mateo,PUTNAM,SHELTER,RISK,389,No,Yes, , ,-81.58250001, 29.60918000,,,,
San Mateo,PUTNAM,SHELTER,RISK,456,No,Yes, , ,-81.58250001, 29.60918000,,,,
Melrose,PUTNAM,SHELTER,RISK,163,No,Yes, ,Yes,-82.03000999, 29.63038002,-82.03000999, 29.63038002,,
Florahome,PUTNAM,SHELTER,RISK,183,No,Yes, , ,-81.84812001, 29.72535000,,,,
San Mateo,PUTNAM,SHELTER,RISK,483,No,Yes, , ,-81.58250001, 29.60918000,,,,
San Mateo,PUTNAM,SHELTER,RISK,250,No,Yes, , ,-81.58250001, 29.60918000,,,,
San Mateo,PUTNAM,SHELTER,RISK,56,No,Yes, , ,-81.58250001, 29.60918000,,,,
San Mateo,PUTNAM,SHELTER,RISK,431,No,Yes, , ,-81.58250001, 29.60918000,,,,
St. Johns,ST. JOHNS,SHELTER,RISK,184,No,Yes, , ,-81.56262803, 30.08070300,,,,
St. Johns,ST. JOHNS,SHELTER,RISK,752,No,Yes, , ,-81.55247503, 30.10527401,,,,
St. Augustine,ST. JOHNS,SHELTER,RISK,662,No,Yes, , ,-81.37375601, 29.82879098,,,,
St. Johns,ST. JOHNS,SHELTER,RISK,1377,No,Yes, , ,-81.64762899, 30.06282600,,,,
St. Johns,ST. JOHNS,SHELTER,RISK,1377,No,Yes, , ,-81.57762904, 30.11056299,,,,
St. Johns,ST. JOHNS,SHELTER,RISK,671,No,Yes, , ,-81.61212904, 30.07682398,,,,
St. Johns,ST. JOHNS,SHELTER,RISK,502,No,Yes, , ,-81.64817829, 30.06181263,,,,
St. Augustine,ST. JOHNS,SHELTER,RISK,416,No,Yes, , ,-81.37375601, 29.82879098,,,,
St. Augustine,ST. JOHNS,SHELTER,RISK,333,No,Yes, , ,-81.37375601, 29.82879098,,,,
St. Johns,ST. JOHNS,SHELTER,RISK,678,No,Yes, , ,-81.56262803, 30.08070300,,,,
St. Johns,ST. JOHNS,SHELTER,RISK,187,No,Yes, , ,-81.64775237, 30.06186138,,,,
St. Johns,ST. JOHNS,SHELTER,RISK,276,No,Yes, , ,-81.55247503, 30.10527401,,,,
St. Johns,ST. JOHNS,SHELTER,RISK,276,No,Yes, , ,-81.64622000, 30.06461000,,,,
St. Johns,ST. JOHNS,SHELTER,RISK,226,No,Yes, , ,-81.64622000, 30.06461000,,,,
St. Johns,ST. JOHNS,SHELTER,RISK,226,No,Yes, , ,-81.55247503, 30.10527401,,,,
St. Johns,ST. JOHNS,SHELTER,RISK,321,No,Yes, , ,-81.56262803, 30.08070300,,,,
St. Johns,ST. JOHNS,SHELTER,RISK,441,No,Yes, , ,-81.61212904, 30.07682398,,,,
St. Johns,ST. JOHNS,SHELTER,RISK,367,No,Yes, , ,-81.61212904, 30.07682398,,,,
St. Augustine,ST. JOHNS,SHELTER,RISK,703,No,Yes, , ,-81.33242803, 29.75634401,,,,
St. Augustine,ST. JOHNS,SHELTER,RISK,276,No,Yes, ,Yes,-81.56519398, 30.04330098,-81.56519398, 30.04330098,,
St. Augustine,ST. JOHNS,SHELTER,RISK,253,No,Yes, , ,-81.37375601, 29.82879098,,,,
St. Johns,ST. JOHNS,SHELTER,RISK,395,No,Yes, , ,-81.64622000, 30.06461000,,,,
Elkton,ST. JOHNS,SHELTER,RISK,226,No,Yes, ,Yes,-81.46485799, 29.72672601,-81.46485799, 29.72672601,,
St. Johns,ST. JOHNS,SHELTER,RISK,334,No,Yes, , ,-81.64622000, 30.06461000,,,,
St. Augustine,ST. JOHNS,SHELTER,RISK,226,No,Yes, ,Yes,-81.56519398, 30.04330098,-81.56519398, 30.04330098,,
St. Johns,ST. JOHNS,SHELTER,RISK,856,No,Yes, , ,-81.49118203, 29.96578401,,,,
St. Johns,ST. JOHNS,SHELTER,RISK,195,No,Yes, , ,-81.61212904, 30.07682398,,,,
St. Augustine,ST. JOHNS,SHELTER,RISK,460,No,Yes, , ,-81.50250497, 29.94514001,,,,
St. Johns,ST. JOHNS,SHELTER,RISK,378,No,Yes, , ,-81.60308798, 30.11623599,,,,
St. Johns,ST. JOHNS,SHELTER,RISK,462,No,Yes, , ,-81.64844698, 30.06179100,,,,
St. Augustine,ST. JOHNS,SHELTER,RISK,621,No,Yes, , ,-81.50250497, 29.94514001,,,,
St. Augustine,ST. JOHNS,SHELTER,RISK,471,B,Yes, , ,-81.31092803, 29.78905099,,,,
St. Augustine,ST. JOHNS,SHELTER,RISK,362,No,Yes, , ,-81.34071496, 29.87181298,,,,
St. Johns,ST. JOHNS,SHELTER,RISK,2500,No,Yes, , ,-81.56262803, 30.08070300,,,,
St. Johns,ST. JOHNS,SHELTER,RISK,733,No,Yes, , ,-81.64766719, 30.06184408,,,,
Port St Lucie,ST. LUCIE,SHELTER,RISK,1230,No,Yes, , ,-80.38448901, 27.27888301,,,,
Port St Lucie,ST. LUCIE,SHELTER,RISK,1420,No,Yes, , ,-80.36367700, 27.29130998,,,,
Port St Lucie,ST. LUCIE,SHELTER,RISK,2148,No,Yes, , ,-80.36434797, 27.24471301,,,,
Fort Pierce,ST. LUCIE,SHELTER,RISK,512,No,Yes, , ,-80.38139399, 27.42464599,,,,
Port St Lucie,ST. LUCIE,SHELTER,RISK,206,No,Yes, , ,-80.26922803, 27.27002401,,,,
Fort Pierce,ST. LUCIE,SHELTER,RISK,1940,No,Yes, , ,-80.35082703, 27.39126401,,,,
Port St Lucie,ST. LUCIE,SHELTER,RISK,126,No,Yes, , ,-80.37193803, 27.24555598,,,,
Port St Lucie,ST. LUCIE,SHELTER,RISK,186,No,Yes, , ,-80.31804802, 27.34362354,,,,
Ft Pierce,ST. LUCIE,SHELTER,RISK,2578,No,Yes, ,Yes,-80.37617198, 27.45874902,-80.37617198, 27.45874902,,
Fort Pierce,ST. LUCIE,SHELTER,RISK,350,No,Yes, , ,-80.35603289, 27.45304461,,,,
Ft Pierce,ST. LUCIE,SHELTER,RISK,1312,No,Yes, , ,-80.33513631, 27.43415743,,,,
Fort Pierce,ST. LUCIE,SHELTER,RISK,102,No,Yes, , ,-80.31608002, 27.38259000,,,,
Ft Pierce,ST. LUCIE,SHELTER,RISK,1401,No,Yes, , ,-80.37027297, 27.34785300,,,,
Port St Lucie,ST. LUCIE,SHELTER,RISK,207,No,Yes, , ,-80.39564004, 27.29917602,,,,
Port St Lucie,ST. LUCIE,SHELTER,RISK,531,No,Yes, , ,-80.38448901, 27.27888301,,,,
Port St Lucie,ST. LUCIE,SHELTER,RISK,641,No,Yes, , ,-80.38448901, 27.27888301,,,,
Port St Lucie,ST. LUCIE,SHELTER,RISK,517,No,Yes, , ,-80.37624499, 27.33697099,,,,
Ft Pierce,ST. LUCIE,SHELTER,RISK,2019,No,Yes, , ,-80.35457802, 27.45746801,,,,
Port St Lucie,ST. LUCIE,SHELTER,RISK,1373,No,Yes, , ,-80.28570803, 27.28968100,,,,
Ft Pierce,ST. LUCIE,SHELTER,RISK,475,No,Yes, , ,-80.33513631, 27.43415743,,,,
Port St Lucie,ST. LUCIE,SHELTER,RISK,1501,No,Yes, , ,-80.29517497, 27.27348201,,,,
Port St Lucie,ST. LUCIE,SHELTER,RISK,1509,B,Yes, , ,-80.32531302, 27.29482099,,,,
Ft Pierce,ST. LUCIE,SHELTER,RISK,123,No,Yes, , ,-80.33442569, 27.37241787,,,,
Port St Lucie,ST. LUCIE,SHELTER,RISK,1285,No,Yes, , ,-80.38448901, 27.27888301,,,,
Ft Pierce,ST. LUCIE,SHELTER,RISK,1489,No,Yes, , ,-80.40478360, 27.52113994,,,,
Navarre,SANTA ROSA,SHELTER,RISK,377,No,Yes, , ,-86.91901603, 30.40555699,,,,
Navarre,SANTA ROSA,SHELTER,RISK,385,No,Yes, , ,-86.91901603, 30.40555699,,,,
Navarre,SANTA ROSA,SHELTER,RISK,425,No,Yes, , ,-86.91901603, 30.40555699,,,,
Jay,SANTA ROSA,SHELTER,RISK,753,No,Yes, , ,-87.15713404, 30.94228043,,,,
Milton,SANTA ROSA,SHELTER,RISK,1343,No,Yes, , ,-87.09763925, 30.57162328,,,,
Navarre,SANTA ROSA,SHELTER,RISK,98,No,Yes, , ,-86.91901603, 30.40555699,,,,
Milton,SANTA ROSA,SHELTER,RISK,1559,No,Yes, ,Yes,-87.09763925, 30.57162328,-87.09763925, 30.57162328,,
Navarre,SANTA ROSA,SHELTER,RISK,343,No,Yes, , ,-86.91901603, 30.40555699,,,,
Jay,SANTA ROSA,SHELTER,RISK,130,No,Yes, , ,-87.15713404, 30.94228043,,,,
Milton,SANTA ROSA,SHELTER,RISK,4000,No,Yes, , ,-87.09551855, 30.57301487,,,,
Milton,SANTA ROSA,SHELTER,RISK,383,No,Yes, , ,-87.04856304, 30.63950001,,,,
Navarre,SANTA ROSA,SHELTER,RISK,497,No,Yes, , ,-86.91901603, 30.40555699,,,,
Jay,SANTA ROSA,SHELTER,RISK,116,No,Yes, , ,-87.21988541, 30.77927430,,,,
Pace,SANTA ROSA,SHELTER,RISK,1873,No,Yes, , ,-87.16544197, 30.63750701,,,,
Sarasota,SARASOTA,SHELTER,RISK,447,No,Yes, , ,-82.42294900, 27.37850801,,,,
Sarasota,SARASOTA,SHELTER,RISK,307,No,Yes, , ,-82.52377902, 27.36895800,,,,
Sarasota,SARASOTA,SHELTER,RISK,732,D,Yes, , ,-82.50898597, 27.26103098,,,,
Venice,SARASOTA,SHELTER,RISK,337, ,Yes, , ,-82.36179598, 27.04537199,,,,
Sarasota,SARASOTA,SHELTER,RISK,1108,D,Yes, , ,-82.54092999, 27.36482401,,,,
Sarasota,SARASOTA,SHELTER,RISK,769, ,Yes, , ,-82.22298303, 27.07469000,,,,
Sarasota,SARASOTA,SHELTER,RISK,345, ,Yes, , ,-82.22298303, 27.07469000,,,,
Venice,SARASOTA,SHELTER,RISK,416, ,Yes, , ,-82.36179598, 27.04537199,,,,
Sarasota,SARASOTA,SHELTER,RISK,143, ,Yes, , ,-82.46148497, 27.33080702,,,,
Venice,SARASOTA,SHELTER,RISK,190, ,Yes, , ,-82.36179598, 27.04537199,,,,
Sarasota,SARASOTA,SHELTER,RISK,359,No,Yes, , ,-82.52377902, 27.36895800,,,,
North Port,SARASOTA,SHELTER,RISK,746, ,Yes, , ,-82.22298303, 27.07469000,,,,
Sarasota,SARASOTA,SHELTER,RISK,1278,No,Yes, , ,-82.51224603, 27.34423399,,,,
Sarasota,SARASOTA,SHELTER,RISK,1028,No,Yes, , ,-82.50111796, 27.29020801,,,,
Sarasota,SARASOTA,SHELTER,RISK,244,D,Yes, , ,-82.54092999, 27.36482401,,,,
Sarasota,SARASOTA,SHELTER,RISK,881,No,Yes, , ,-82.49884403, 27.28818898,,,,
Venice,SARASOTA,SHELTER,RISK,336, ,Yes, , ,-82.36179598, 27.04537199,,,,
Sarasota,SARASOTA,SHELTER,RISK,731,D,Yes, , ,-82.50898597, 27.26103098,,,,
Sarasota,SARASOTA,SHELTER,RISK,370,D,Yes, , ,-82.54092999, 27.36482401,,,,
Sarasota,SARASOTA,SHELTER,RISK,1062,No,Yes, , ,-82.52377902, 27.36895800,,,,
North Port,SARASOTA,SHELTER,RISK,769, ,Yes, , ,-82.22298303, 27.07469000,,,,
Altamonte Springs,SEMINOLE,SHELTER,RISK,394,No,Yes, , ,-81.42230701, 28.68084898,,,,
Sanford,SEMINOLE,SHELTER,RISK,1019,No,Yes, , ,-81.33095600, 28.79477602,,,,
Longwood,SEMINOLE,SHELTER,RISK,729,No,Yes, ,Yes,-81.34410503, 28.68723800,-81.34410503, 28.68723800,,
Oviedo,SEMINOLE,SHELTER,RISK,352,No,Yes, , ,-81.15573499, 28.65353999,,,,
Oviedo,SEMINOLE,SHELTER,RISK,982,No,Yes, , ,-81.17794000, 28.62474899,,,,
Lake Mary,SEMINOLE,SHELTER,RISK,206,No,Yes, , ,-81.38344398, 28.78504798,,,,
Sanford,SEMINOLE,SHELTER,RISK,701,No,Yes, , ,-81.28404237, 28.77575940,,,,
Winter Springs,SEMINOLE,SHELTER,RISK,1062,No,Yes, , ,-81.31767403, 28.71653401,,,,
Winter Springs,SEMINOLE,SHELTER,RISK,314,No,Yes, , ,-81.26541899, 28.70408500,,,,
Sanford,SEMINOLE,SHELTER,RISK,1437,No,Yes, , ,-81.28404237, 28.77575940,,,,
Oviedo,SEMINOLE,SHELTER,RISK,206,No,Yes, , ,-81.15573499, 28.65353999,,,,
Winter Springs,SEMINOLE,SHELTER,RISK,439,No,Yes, , ,-81.26541899, 28.70408500,,,,
Geneva,SEMINOLE,SHELTER,RISK,178,No,Yes, , ,-81.11474497, 28.73909202,,,,
Lake Mary,SEMINOLE,SHELTER,RISK,708,No,Yes, , ,-81.38344398, 28.78504798,,,,
Lake Mary,SEMINOLE,SHELTER,RISK,690,No,Yes, , ,-81.38344398, 28.78504798,,,,
Winter Springs,SEMINOLE,SHELTER,RISK,1112,No,Yes, , ,-81.29371998, 28.70651701,,,,
Winter Springs,SEMINOLE,SHELTER,RISK,398,No,Yes, , ,-81.26541899, 28.70408500,,,,
Sanford,SEMINOLE,SHELTER,RISK,575,No,Yes, , ,-81.33095600, 28.79477602,,,,
Winter Springs,SEMINOLE,SHELTER,RISK,861,No,Yes, , ,-81.29371998, 28.70651701,,,,
Sanford,SEMINOLE,SHELTER,RISK,213,No,Yes, , ,-81.28404237, 28.77575940,,,,
Lake Mary,SEMINOLE,SHELTER,RISK,644,No,Yes, , ,-81.38344398, 28.78504798,,,,
Oviedo,SEMINOLE,SHELTER,RISK,831,No,Yes, , ,-81.17794000, 28.62474899,,,,
Sanford,SEMINOLE,SHELTER,RISK,884,No,Yes, , ,-81.28404237, 28.77575940,,,,
Oviedo,SEMINOLE,SHELTER,RISK,703, ,Yes, , ,-81.15573499, 28.65353999,,,,
Oviedo,SEMINOLE,SHELTER,RISK,1095,No,Yes, , ,-81.20495596, 28.64203201,,,,
Oviedo,SEMINOLE,SHELTER,RISK,794,No,Yes, , ,-81.17794000, 28.62474899,,,,
Casselberry,SEMINOLE,SHELTER,RISK,334,No,Yes, , ,-81.33979396, 28.64762400,,,,
Lake Mary,SEMINOLE,SHELTER,RISK,669,No,Yes, , ,-81.38344398, 28.78504798,,,,
Altamonte Springs,SEMINOLE,SHELTER,RISK,529, ,Yes, , ,-81.43484701, 28.65667700,,,,
Chuluota,SEMINOLE,SHELTER,RISK,1128,No,Yes, , ,-81.12788503, 28.64789700,,,,
Altamonte Springs,SEMINOLE,SHELTER,RISK,415,No,Yes, , ,-81.42230701, 28.68084898,,,,
Lake Mary,SEMINOLE,SHELTER,RISK,1090,No,Yes, , ,-81.34408902, 28.76173099,,,,
Oviedo,SEMINOLE,SHELTER,RISK,776,No,Yes, , ,-81.17794000, 28.62474899,,,,
Longwood,SEMINOLE,SHELTER,RISK,342,No,Yes, ,Yes,-81.34410503, 28.68723800,-81.34410503, 28.68723800,,
Oviedo,SEMINOLE,SHELTER,RISK,1038,No,Yes, , ,-81.20495596, 28.64203201,,,,
Oviedo,SEMINOLE,SHELTER,RISK,280,No,Yes, , ,-81.17794000, 28.62474899,,,,
Altamonte Springs,SEMINOLE,SHELTER,RISK,241, ,Yes, , ,-81.43484701, 28.65667700,,,,
Oviedo,SEMINOLE,SHELTER,RISK,2004,No,Yes, , ,-81.21916496, 28.67380299,,,,
Sanford,SEMINOLE,SHELTER,RISK,1995,No,Yes, , ,-81.24060201, 28.78858100,,,,
Oviedo,SEMINOLE,SHELTER,RISK,931,No,Yes, , ,-81.17794000, 28.62474899,,,,
Longwood,SEMINOLE,SHELTER,RISK,441,No,Yes, ,Yes,-81.34410503, 28.68723800,-81.34410503, 28.68723800,,
Oviedo,SEMINOLE,SHELTER,RISK,796,No,Yes, , ,-81.15573499, 28.65353999,,,,
Winter Springs,SEMINOLE,SHELTER,RISK,626,No,Yes, , ,-81.26541899, 28.70408500,,,,
Altamonte Springs,SEMINOLE,SHELTER,RISK,439,No,Yes, , ,-81.42230701, 28.68084898,,,,
Wildwood,SUMTER,SHELTER,RISK,136,No,Yes, , ,-82.03949998, 28.85780001,,,,
Webster,SUMTER,SHELTER,RISK,83,No,Yes, , ,-82.05334001, 28.60534999,,,,
The Villages,SUMTER,SHELTER,RISK,671,No,Yes, , ,-82.02027207, 28.92423679,,,,
Wildwood,SUMTER,SHELTER,RISK,307,No,Yes, , ,-82.03203003, 28.85634998,,,,
Bushnell,SUMTER,SHELTER,RISK,389,No,Yes, ,Yes,-82.05484721, 28.64444520,-82.05484721, 28.64444520,,
Bushnell,SUMTER,SHELTER,RISK,336,No,Yes, ,Yes,-82.11734737, 28.65325818,-82.11734737, 28.65325818,,
The Villages,SUMTER,SHELTER,RISK,402,No,Yes, , ,-82.02777001, 28.92540999,,,,
Live Oak,SUWANNEE,SHELTER,RISK,1870,No,Yes, , ,-82.99095001, 30.27803999,,,,
Live Oak,SUWANNEE,SHELTER,RISK,46,No,Yes, , ,-82.99230739, 30.28272394,,,,
Branford,SUWANNEE,SHELTER,RISK,239,No,Yes, , ,-82.92572003, 29.96260999,,,,
Branford,SUWANNEE,SHELTER,RISK,1940,No,Yes, , ,-82.91853003, 29.96390001,,,,
Branford,SUWANNEE,SHELTER,RISK,356,No,Yes, , ,-82.92572003, 29.96260999,,,,
Live Oak,SUWANNEE,SHELTER,RISK,356,No,Yes, , ,-82.99627105, 30.27753592,,,,
Perry,TAYLOR,SHELTER,RISK,438,No,Yes, , ,-83.56469003, 30.11923000,,,,
Perry,TAYLOR,SHELTER,RISK,796,No,Yes, , ,-83.56469003, 30.11923000,,,,
Perry,TAYLOR,SHELTER,RISK,209,No,Yes, , ,-83.57294000, 30.12579999,,,,
Perry,TAYLOR,SHELTER,RISK,401,No,Yes, , ,-83.56469003, 30.11923000,,,,
Perry,TAYLOR,SHELTER,RISK,144,No,Yes, , ,-83.57294000, 30.12579999,,,,
Perry,TAYLOR,SHELTER,RISK,467,No,Yes, , ,-83.56469003, 30.11923000,,,,
Perry,TAYLOR,SHELTER,RISK,276,No,Yes, , ,-83.56469003, 30.11923000,,,,
Perry,TAYLOR,SHELTER,RISK,268,No,Yes, , ,-83.57294000, 30.12579999,,,,
Perry,TAYLOR,SHELTER,RISK,250,No,Yes, , ,-83.56469003, 30.11923000,,,,
Perry,TAYLOR,SHELTER,RISK,2530,No,Yes, , ,-83.57294000, 30.12579999,,,,
Perry,TAYLOR,SHELTER,RISK,875,No,Yes, , ,-83.56469003, 30.11923000,,,,
Lake Butler,UNION,SHELTER,RISK,391,No,Yes, , ,-82.33933459, 30.01799097,,,,
Lake Butler,UNION,SHELTER,RISK,144,No,Yes, , ,-82.34817326, 30.01771120,,,,
Deltona,VOLUSIA,SHELTER,RISK,331,No,Yes, , ,-81.17547899, 28.88146501,,,,
DeLand,VOLUSIA,SHELTER,RISK,373,No,Yes, , ,-81.28515200, 29.04179200,,,,
Deltona,VOLUSIA,SHELTER,RISK,323,No,Yes, , ,-81.24559604, 28.94662199,,,,
Deltona,VOLUSIA,SHELTER,RISK,99,No,Yes, , ,-81.21742496, 28.92138898,,,,
Ormond Beach,VOLUSIA,SHELTER,RISK,325,No,Yes, , ,-81.09412599, 29.23996199,,,,
Daytona Beach,VOLUSIA,SHELTER,RISK,275,No,Yes, , ,-81.07428201, 29.19849998,,,,
Orange City,VOLUSIA,SHELTER,RISK,355,No,Yes, , ,-81.30900698, 28.93878001,,,,
Orange City,VOLUSIA,SHELTER,RISK,338,No,Yes, , ,-81.31296902, 28.93185002,,,,
Deltona,VOLUSIA,SHELTER,RISK,101,No,Yes, , ,-81.22138701, 28.92903998,,,,
Deltona,VOLUSIA,SHELTER,RISK,128,No,Yes, , ,-81.23032496, 28.93234401,,,,
Deltona,VOLUSIA,SHELTER,RISK,212,No,Yes, , ,-81.16156796, 28.89534301,,,,
Deltona,VOLUSIA,SHELTER,RISK,212,No,Yes, , ,-81.24559604, 28.94662199,,,,
Daytona Beach,VOLUSIA,SHELTER,RISK,173,No,Yes, , ,-81.07428201, 29.19849998,,,,
Port Orange,VOLUSIA,SHELTER,RISK,475,E,Yes, , ,-81.04172703, 29.06616700,,,,
Deltona,VOLUSIA,SHELTER,RISK,245,No,Yes, , ,-81.18857001, 28.93412399,,,,
Deltona,VOLUSIA,SHELTER,RISK,245,No,Yes, , ,-81.17547899, 28.88146501,,,,
Deltona,VOLUSIA,SHELTER,RISK,245,No,Yes, , ,-81.23032496, 28.93234401,,,,
Orange City,VOLUSIA,SHELTER,RISK,185,No,Yes, ,Yes,-81.30900698, 28.93878001,-81.30900698, 28.93878001,,
Ormond Beach,VOLUSIA,SHELTER,RISK,485,No,Yes, , ,-81.09412599, 29.23996199,,,,
Daytona Beach,VOLUSIA,SHELTER,RISK,216,No,Yes, , ,-81.07428201, 29.19849998,,,,
Pierson,VOLUSIA,SHELTER,RISK,544,No,Yes, , ,-81.46135704, 29.24584998,,,,
Daytona Beach,VOLUSIA,SHELTER,RISK,1673,No,Yes, , ,-81.05137100, 29.19756900,,,,
Port Orange,VOLUSIA,SHELTER,RISK,482,E,Yes, , ,-81.04172703, 29.06616700,,,,
Port Orange,VOLUSIA,SHELTER,RISK,373,No,Yes, , ,-81.01740099, 29.11627498,,,,
Daytona Beach,VOLUSIA,SHELTER,RISK,125,No,Yes, , ,-81.07428201, 29.19849998,,,,
DeLand,VOLUSIA,SHELTER,RISK,446,No,Yes, , ,-81.27169502, 28.99454900,,,,
Lake Helen,VOLUSIA,SHELTER,RISK,263,No,Yes, , ,-81.22636904, 28.97137098,,,,
Port Orange,VOLUSIA,SHELTER,RISK,144,E,Yes, , ,-81.04172703, 29.06616700,,,,
Orange City,VOLUSIA,SHELTER,RISK,425,No,Yes, , ,-81.30900698, 28.93878001,,,,
DeLand,VOLUSIA,SHELTER,RISK,574,No,Yes, , ,-81.28515200, 29.04179200,,,,
Port Orange,VOLUSIA,SHELTER,RISK,415,No,Yes, , ,-81.09412599, 29.23996199,,,,
Daytona Beach,VOLUSIA,SHELTER,RISK,84,No,Yes, , ,-81.07428201, 29.19849998,,,,
DeLand,VOLUSIA,SHELTER,RISK,145,No,Yes, , ,-81.24313100, 29.01198902,,,,
Ormond Beach,VOLUSIA,SHELTER,RISK,486,No,Yes, , ,-81.09412599, 29.23996199,,,,
Deltona,VOLUSIA,SHELTER,RISK,220,No,Yes, , ,-81.24559604, 28.94662199,,,,
Deltona,VOLUSIA,SHELTER,RISK,220,No,Yes, , ,-81.25065602, 28.89214800,,,,
Deltona,VOLUSIA,SHELTER,RISK,191,No,Yes, , ,-81.24330199, 28.90591901,,,,
DeLand,VOLUSIA,SHELTER,RISK,581,No,Yes, , ,-81.28515200, 29.04179200,,,,
Deltona,VOLUSIA,SHELTER,RISK,437,No,Yes, , ,-81.17226201, 28.89192500,,,,
Ormond Beach,VOLUSIA,SHELTER,RISK,238,No,Yes, , ,-81.13515700, 29.27261298,,,,
Daytona Beach,VOLUSIA,SHELTER,RISK,204,No,Yes, , ,-81.13680698, 29.20729700,,,,
DeLand,VOLUSIA,SHELTER,RISK,353,No,Yes, , ,-81.27169502, 28.99454900,,,,
Deland,VOLUSIA,SHELTER,RISK,346,No,Yes, , ,-81.31441398, 29.00670201,,,,
Deltona,VOLUSIA,SHELTER,RISK,470,No,Yes, , ,-81.17226201, 28.89192500,,,,
Osteen,VOLUSIA,SHELTER,RISK,130,No,Yes, , ,-81.17561704, 28.85477901,,,,
Port Orange,VOLUSIA,SHELTER,RISK,440,E,Yes, , ,-81.04172703, 29.06616700,,,,
Deland,VOLUSIA,SHELTER,RISK,425,No,Yes, ,Yes,-81.22254203, 29.01376598,-81.22254203, 29.01376598,,
Deltona,VOLUSIA,SHELTER,RISK,163,No,Yes, , ,-81.24330199, 28.90591901,,,,
DeLand,VOLUSIA,SHELTER,RISK,687,No,Yes, , ,-81.28515200, 29.04179200,,,,
Ormond Beach,VOLUSIA,SHELTER,RISK,173,No,Yes, , ,-81.09412599, 29.23996199,,,,
Deltona,VOLUSIA,SHELTER,RISK,353,No,Yes, , ,-81.18857001, 28.93412399,,,,
Deltona,VOLUSIA,SHELTER,RISK,353,No,Yes, , ,-81.24330199, 28.90591901,,,,
Deltona,VOLUSIA,SHELTER,RISK,469,No,Yes, , ,-81.17226201, 28.89192500,,,,
Orange City,VOLUSIA,SHELTER,RISK,484,No,Yes, , ,-81.31171702, 28.93989199,,,,
Port Orange,VOLUSIA,SHELTER,RISK,510,E,Yes, , ,-81.04172703, 29.06616700,,,,
Daytona Beach,VOLUSIA,SHELTER,RISK,182,No,Yes, , ,-81.07428201, 29.19849998,,,,
Lake Helen,VOLUSIA,SHELTER,RISK,272,No,Yes, , ,-81.22636904, 28.97137098,,,,
Ormond Beach,VOLUSIA,SHELTER,RISK,251,No,Yes, ,Yes,-81.11411700, 29.27520299,-81.11411700, 29.27520299,,
Deltona,VOLUSIA,SHELTER,RISK,274,No,Yes, , ,-81.25065602, 28.89214800,,,,
Deltona,VOLUSIA,SHELTER,RISK,238,No,Yes, , ,-81.22878403, 28.87277298,,,,
Pierson,VOLUSIA,SHELTER,RISK,171,No,Yes, , ,-81.46135704, 29.24584998,,,,
Deltona,VOLUSIA,SHELTER,RISK,248,No,Yes, , ,-81.16285802, 28.88749999,,,,
DeLand,VOLUSIA,SHELTER,RISK,202,No,Yes, ,Yes,-81.33584097, 29.04012199,-81.33584097, 29.04012199,,
Daytona Beach,VOLUSIA,SHELTER,RISK,208,No,Yes, , ,-81.05137100, 29.19756900,,,,
DeLand,VOLUSIA,SHELTER,RISK,546,No,Yes, , ,-81.29753903, 29.00426602,,,,
Deltona,VOLUSIA,SHELTER,RISK,425,No,Yes, , ,-81.24330199, 28.90591901,,,,
Daytona Beach,VOLUSIA,SHELTER,RISK,113,No,Yes, , ,-81.07428201, 29.19849998,,,,
Daytona Beach,VOLUSIA,SHELTER,RISK,130,No,Yes, , ,-81.07428201, 29.19849998,,,,
Crawfordville,WAKULLA,SHELTER,RISK,107,C,Yes, , ,-84.39221999, 30.18225001,,,,
Crawfordville,WAKULLA,SHELTER,RISK,70,C,Yes, , ,-84.39221999, 30.18225001,,,,
Crawfordville,WAKULLA,SHELTER,RISK,84,C,Yes, , ,-84.39221999, 30.18225001,,,,
Crawfordville,WAKULLA,SHELTER,RISK,74,C,Yes, , ,-84.39221999, 30.18225001,,,,
Crawfordville,WAKULLA,SHELTER,RISK,88,C,Yes, , ,-84.39221999, 30.18225001,,,,
DeFuniak Springs,WALTON,SHELTER,RISK,91,No,Yes, , ,-86.33210170, 30.74001073,,,,
Freeport,WALTON,SHELTER,RISK,1441,No,Yes, , ,-86.11786388, 30.54479458,,,,
DeFuniak Springs,WALTON,SHELTER,RISK,296,No,Yes, , ,-86.33204047, 30.74002186,,,,
DeFuniak Springs,WALTON,SHELTER,RISK,285,No,Yes, , ,-86.12377702, 30.74155702,,,,
DeFuniak Springs,WALTON,SHELTER,RISK,798,No,Yes, , ,-86.33195551, 30.73990256,,,,
DeFuniak Springs,WALTON,SHELTER,RISK,626,No,Yes, , ,-86.12377702, 30.74155702,,,,
DeFuniak Springs,WALTON,SHELTER,RISK,401,No,Yes, , ,-86.13311203, 30.72852299,,,,
Laurel Hill,WALTON,SHELTER,RISK,199,No,Yes, , ,-86.30472697, 30.97383100,,,,
DeFuniak Springs,WALTON,SHELTER,RISK,337,No,Yes, , ,-86.33201675, 30.73989142,,,,
Freeport,WALTON,SHELTER,RISK,1513,No,Yes, , ,-86.11786388, 30.54479458,,,,
DeFuniak Springs,WALTON,SHELTER,RISK,52,No,Yes, , ,-86.33074297, 30.74354801,,,,
Santa Rosa Beach,WALTON,SHELTER,RISK,953,C,Yes, , ,-86.18025604, 30.37899101,,,,
DeFuniak Springs,WALTON,SHELTER,RISK,677,No,Yes, , ,-86.12377702, 30.74155702,,,,
Santa Rosa Beach,WALTON,SHELTER,RISK,1506,C,Yes, , ,-86.18025604, 30.37899101,,,,
DeFuniak Springs,WALTON,SHELTER,RISK,156,No,Yes, , ,-86.12377702, 30.74155702,,,,
Laurel Hill,WALTON,SHELTER,RISK,287,No,Yes, , ,-86.30472697, 30.97383100,,,,
Vernon,WASHINGTON,SHELTER,RISK,137,No,Yes, , ,-85.69135336, 30.60849389,,,,
Vernon,WASHINGTON,SHELTER,RISK,167,No,Yes, , ,-85.69135336, 30.60849389,,,,
Vernon,WASHINGTON,SHELTER,RISK,239,No,Yes, , ,-85.69135336, 30.60849389,,,,
Chipley,WASHINGTON,SHELTER,RISK,427,No,Yes, , ,-85.55634700, 30.76465448,,,,
Chipley,WASHINGTON,SHELTER,RISK,552,No,Yes, , ,-85.55720923, 30.76466276,,,,
Vernon,WASHINGTON,SHELTER,RISK,388,No,Yes, , ,-85.69324541, 30.61050740,,,,
Chipley,WASHINGTON,SHELTER,RISK,837,No,Yes, , ,-85.55720923, 30.76466276,,,,
Vernon,WASHINGTON,SHELTER,RISK,352,No,Yes, , ,-85.69324541, 30.61050740,,,,
Vernon,WASHINGTON,SHELTER,RISK,507,No,Yes, , ,-85.69135336, 30.60849389,,,,
Vernon,WASHINGTON,SHELTER,RISK,174,No,Yes, , ,-85.69135336, 30.60849389,,,,
Chipley,WASHINGTON,SHELTER,RISK,171,No,Yes, , ,-85.55720923, 30.76466276,,,,
Vernon,WASHINGTON,SHELTER,RISK,91,No,Yes, , ,-85.69135336, 30.60849389,,,,
Chipley,WASHINGTON,SHELTER,RISK,220,No,Yes, , ,-85.55720923, 30.76466276,,,,
Vernon,WASHINGTON,SHELTER,RISK,144,No,Yes, , ,-85.69135336, 30.60849389,,,,
Vernon,WASHINGTON,SHELTER,RISK,157,No,Yes, , ,-85.69324541, 30.61050740,,,,
Chipley,WASHINGTON,SHELTER,RISK,35,No,Yes, , ,-85.55634700, 30.76465448,,,,
Vernon,WASHINGTON,SHELTER,RISK,301,No,Yes, , ,-85.69135336, 30.60849389,,,,
Chipley,WASHINGTON,SHELTER,RISK,294,No,Yes, , ,-85.55634700, 30.76465448,,,,
Chipley,WASHINGTON,SHELTER,RISK,182,No,Yes, , ,-85.55720923, 30.76466276,,,,
Chipley,WASHINGTON,SHELTER,RISK,329,No,Yes, , ,-85.55720923, 30.76466276,,,,
Chipley,WASHINGTON,SHELTER,RISK,145,No,Yes, , ,-85.55634700, 30.76465448,,,,
Panama City,BAY,SHELTER,RISK,138,No, ,Yes,Yes,,,-85.68895471, 30.39417873,-85.68895471, 30.39417873
Panama City,BAY,SHELTER,RISK,191,No, ,Yes,Yes,,,-85.68895471, 30.39417873,-85.68895471, 30.39417873
Miramar,BROWARD,SHELTER,RISK,2272,No, , ,Yes,,,-80.37336144, 25.97113826,,
Weston,BROWARD,SHELTER,RISK,1225,No, , ,Yes,,,-80.39379724, 26.06647550,,
Coconut Creek,BROWARD,SHELTER,RISK,2698,No, , ,Yes,,,-80.18186316, 26.30973168,,
Yulee,NASSAU,SHELTER,RISK,52,No, ,Yes,Yes,,,-81.64063203, 30.63262798,-81.64063203, 30.63262798
Yulee,NASSAU,SHELTER,RISK,100,No, ,Yes,Yes,,,-81.64063203, 30.63262798,-81.64063203, 30.63262798
Crestview,OKALOOSA,SHELTER,RISK,82,No, ,Yes,Yes,,,-86.56203002, 30.79409801,-86.56203002, 30.79409801
Orlando,ORANGE,SHELTER,RISK,293,No, ,Yes,Yes,,,-81.50840011, 28.49799598,-81.50840011, 28.49799598
Sanford,SEMINOLE,SHELTER,RISK,371,No, ,Yes,Yes,,,-81.33095600, 28.79477602,-81.33095600, 28.79477602
Gainesville,ALACHUA,SHELTER,RISK,259,No, ,Yes, ,,,,,-82.40191101, 29.67851599
Gainesville,ALACHUA,SHELTER,RISK,47,No, ,Yes, ,,,,,-82.35301702, 29.70770001
Gainesville,ALACHUA,SHELTER,RISK,57,No, ,Yes, ,,,,,-82.37054501, 29.66503801
Alachua,ALACHUA,SHELTER,RISK,115,No, ,Yes, ,,,,,-82.49239802, 29.79456302
Gainesville,ALACHUA,SHELTER,RISK,69,No, ,Yes, ,,,,,-82.30691404, 29.68426199
Macclenny,BAKER,SHELTER,RISK,79,No, ,Yes, ,,,,,-82.11875004, 30.28512999
Starke,BRADFORD,SHELTER,RISK,66,No, ,Yes, ,,,,,-82.12257998, 29.95120000
Starke,BRADFORD,SHELTER,RISK,96,No, ,Yes, ,,,,,-82.12257998, 29.95120000
Melbourne,BREVARD,SHELTER,RISK,161,No, ,Yes, ,,,,,-80.67589438, 28.05723647
Titusville,BREVARD,SHELTER,RISK,11,No, ,Yes, ,,,,,-80.85131902, 28.63631702
Rockledge,BREVARD,SHELTER,RISK,190,No, ,Yes, ,,,,,-80.72239501, 28.34179495
Titusville,BREVARD,SHELTER,RISK,35,No, ,Yes, ,,,,,-80.85131902, 28.63631702
Melbourne,BREVARD,SHELTER,RISK,697,No, ,Yes, ,,,,,-80.72384897, 28.22133901
Rockledge,BREVARD,SHELTER,RISK,79,No, ,Yes, ,,,,,-80.72239501, 28.34179495
Micco,BREVARD,SHELTER,RISK,128,D, ,Yes, ,,,,,-80.50115848, 27.85847828
Palm Bay,BREVARD,SHELTER,RISK,697,No, ,Yes, ,,,,,-80.62557903, 27.90895901
Titusville,BREVARD,SHELTER,RISK,49,No, ,Yes, ,,,,,-80.85131902, 28.63631702
Rockledge,BREVARD,SHELTER,RISK,49,No, ,Yes, ,,,,,-80.72239501, 28.34179495
Titusville,BREVARD,SHELTER,RISK,36,No, ,Yes, ,,,,,-80.85131902, 28.63631702
Rockledge,BREVARD,SHELTER,RISK,617,No, ,Yes, ,,,,,-80.71706801, 28.28030599
Titusville,BREVARD,SHELTER,RISK,62,No, ,Yes, ,,,,,-80.85131902, 28.63631702
Parkland,BROWARD,SHELTER,RISK,394,No, ,Yes, ,,,,,-80.27332000, 26.30460001
Ft. Lauderdale,BROWARD,SHELTER,RISK,471,No, ,Yes, ,,,,,-80.19792103, 26.10059240
Hollywood,BROWARD,SHELTER,RISK,398,No, ,Yes, ,,,,,-80.16181000, 25.99762999
Davie,BROWARD,SHELTER,RISK,414,No, ,Yes, ,,,,,-80.28379796, 26.10354300
Ft. Lauderdale,BROWARD,SHELTER,RISK,391,No, ,Yes, ,,,,,-80.18632730, 26.09205057
Lecanto,CITRUS,SHELTER,RISK,79,No, ,Yes, ,,,,,-82.49719297, 28.81830498
Inverness,CITRUS,SHELTER,RISK,132,No, ,Yes, ,,,,,-82.33776900, 28.83481201
Orange Park,CLAY,SHELTER,RISK,276,No, ,Yes, ,,,,,-81.77655136, 30.11694400
Green Cove Springs,CLAY,SHELTER,RISK,93,No, ,Yes, ,,,,,-81.80376298, 30.04474699
Lake City,COLUMBIA,SHELTER,RISK,69,No, ,Yes, ,,,,,-82.69953999, 30.15302001
Lake City,COLUMBIA,SHELTER,RISK,94,No, ,Yes, ,,,,,-82.69953999, 30.15302001
Lake City,COLUMBIA,SHELTER,RISK,61,No, ,Yes, ,,,,,-82.69953999, 30.15302001
Arcadia,DESOTO,SHELTER,RISK,117,No, ,Yes, ,,,,,-81.84244999, 27.22957999
Arcadia,DESOTO,SHELTER,RISK,227,No, ,Yes, ,,,,,-81.83639051, 27.22380332
Cross City,DIXIE,SHELTER,RISK,137,No, ,Yes, ,,,,,-83.10721686, 29.62371997
Jacksonville,DUVAL,SHELTER,RISK,626,No, ,Yes, ,,,,,-81.50634598, 30.20280001
Jacksonville,DUVAL,SHELTER,RISK,455,No, ,Yes, ,,,,,-81.51819397, 30.22312398
Jacksonville,DUVAL,SHELTER,RISK,157,No, ,Yes, ,,,,,-81.49097902, 30.33278899
Jacksonville,DUVAL,SHELTER,RISK,307,No, ,Yes, ,,,,,-81.58747098, 30.18900599
Jacksonville,DUVAL,SHELTER,RISK,72,No, ,Yes, ,,,,,-81.49097902, 30.33278899
Jacksonville,DUVAL,SHELTER,RISK,162,C, ,Yes, ,,,,,-81.72721701, 30.39392500
Jacksonville,DUVAL,SHELTER,RISK,124,No, ,Yes, ,,,,,-81.49528396, 30.10892500
Jacksonville,DUVAL,SHELTER,RISK,115,E, ,Yes, ,,,,,-81.62936902, 30.46661002
Jacksonville,DUVAL,SHELTER,RISK,75,No, ,Yes, ,,,,,-81.49528396, 30.10892500
Jacksonville,DUVAL,SHELTER,RISK,301,No, ,Yes, ,,,,,-81.48724798, 30.32335101
Jacksonville,DUVAL,SHELTER,RISK,360,No, ,Yes, ,,,,,-81.82085603, 30.19984798
Jacksonville,DUVAL,SHELTER,RISK,167,No, ,Yes, ,,,,,-81.82229302, 30.25247200
Pensacola,ESCAMBIA,SHELTER,RISK,558,No, ,Yes, ,,,,,-87.20057003, 30.48083000
Pensacola,ESCAMBIA,SHELTER,RISK,291,No, ,Yes, ,,,,,-87.29375841, 30.48647557
Pensacola,ESCAMBIA,SHELTER,RISK,89,No, ,Yes, ,,,,,-87.29375841, 30.48647557
Pensacola,ESCAMBIA,SHELTER,RISK,222,No, ,Yes, ,,,,,-87.29375841, 30.48647557
Palm Coast,FLAGLER,SHELTER,RISK,340,No, ,Yes, ,,,,,-81.22087001, 29.50527001
Palm Coast,FLAGLER,SHELTER,RISK,1615,No, ,Yes, ,,,,,-81.22291000, 29.53002001
Palm Coast,FLAGLER,SHELTER,RISK,268,No, ,Yes, ,,,,,-81.22087001, 29.50527001
Palm Coast,FLAGLER,SHELTER,RISK,123,No, ,Yes, ,,,,,-81.22087001, 29.50527001
Bell,GILCHRIST,SHELTER,RISK,71,No, ,Yes, ,,,,,-82.85929998, 29.75151000
LaBelle,GLADES,SHELTER,RISK,124,No, ,Yes, ,,,,,-81.44293071, 26.80701992
Jasper,HAMILTON,SHELTER,RISK,76,No, ,Yes, ,,,,,-82.93010954, 30.47547713
Bowling Green,HARDEE,SHELTER,RISK,117,No, ,Yes, ,,,,,-81.82153002, 27.60405002
Spring Hill,HERNANDO,SHELTER,RISK,216,No, ,Yes, ,,,,,-82.50182296, 28.49581202
Brooksville,HERNANDO,SHELTER,RISK,66,No, ,Yes, ,,,,,-82.32234797, 28.51053600
Brooksville,HERNANDO,SHELTER,RISK,80,No, ,Yes, ,,,,,-82.40038500, 28.54999498
Riverview,HILLSBOROUGH,SHELTER,RISK,193,No, ,Yes, ,,,,,-82.31272798, 27.85179200
Tampa,HILLSBOROUGH,SHELTER,RISK,1500,No, ,Yes, ,,,,,-82.40499954, 28.05545110
Tampa,HILLSBOROUGH,SHELTER,RISK,1000,No, ,Yes, ,,,,,-82.43598303, 27.99729698
Brandon,HILLSBOROUGH,SHELTER,RISK,400,No, ,Yes, ,,,,,-82.28998603, 27.94297601
Riverview,HILLSBOROUGH,SHELTER,RISK,350,No, ,Yes, ,,,,,-82.31272798, 27.85179200
Dover,HILLSBOROUGH,SHELTER,RISK,373,No, ,Yes, ,,,,,-82.23659004, 28.02288899
Riverview,HILLSBOROUGH,SHELTER,RISK,231,E, ,Yes, ,,,,,-82.31111597, 27.88685300
Bonifay,HOLMES,SHELTER,RISK,150,No, ,Yes, ,,,,,-85.67960000, 30.79399500
Bonifay,HOLMES,SHELTER,RISK,148,No, ,Yes, ,,,,,-85.67960000, 30.79399500
Graceville,HOLMES,SHELTER,RISK,246,No, ,Yes, ,,,,,-85.57764326, 30.95407325
Sebastian,INDIAN RIVER,SHELTER,RISK,47,D, ,Yes, ,,,,,-80.47697702, 27.82545200
Marianna,JACKSON,SHELTER,RISK,33,No, ,Yes, ,,,,,-85.19870908, 30.81237621
Mayo,LAFAYETTE,SHELTER,RISK,60,No, ,Yes, ,,,,,-83.18295997, 30.05195002
Mayo,LAFAYETTE,SHELTER,RISK,178,No, ,Yes, ,,,,,-83.16836003, 30.05387002
Mayo,LAFAYETTE,SHELTER,RISK,210,No, ,Yes, ,,,,,-83.16836003, 30.05387002
Umatilla,LAKE,SHELTER,RISK,91,No, ,Yes, ,,,,,-81.66429901, 28.93057702
Astatula,LAKE,SHELTER,RISK,17,No, ,Yes, ,,,,,-81.72578697, 28.71083499
Clemont,LAKE,SHELTER,RISK,15,No, ,Yes, ,,,,,-81.72159139, 28.52567145
Lady Lake,LAKE,SHELTER,RISK,14,No, ,Yes, ,,,,,-81.93559297, 28.93017200
Lehigh Acres,LEE,SHELTER,RISK,1305,No, ,Yes, ,,,,,-81.60184603, 26.55789999
Tallahassee,LEON,SHELTER,RISK,214,No, ,Yes, ,,,,,-84.22395102, 30.38406998
Tallahassee,LEON,SHELTER,RISK,248,No, ,Yes, ,,,,,-84.22395102, 30.38406998
Tallahassee,LEON,SHELTER,RISK,245,No, ,Yes, ,,,,,-84.22395102, 30.38406998
Bronson,LEVY,SHELTER,RISK,25,No, ,Yes, ,,,,,-82.62903997, 29.46168998
Bronson,LEVY,SHELTER,RISK,101,No, ,Yes, ,,,,,-82.62903997, 29.46168998
Bristol,LIBERTY,SHELTER,RISK,17,No, ,Yes, ,,,,,-84.97395722, 30.38797793
Hosford,LIBERTY,SHELTER,RISK,72,No, ,Yes, ,,,,,-84.79835985, 30.38888220
Madison,MADISON,SHELTER,RISK,28,No, ,Yes, ,,,,,-83.44554999, 30.47853001
Bradenton,MANATEE,SHELTER,RISK,196,No, ,Yes, ,,,,,-82.43308901, 27.44419799
Bradenton,MANATEE,SHELTER,RISK,986,No, ,Yes, ,,,,,-82.39501899, 27.42476099
Belleview,MARION,SHELTER,RISK,94,No, ,Yes, ,,,,,-82.08668721, 29.07024761
Belleview,MARION,SHELTER,RISK,39,No, ,Yes, ,,,,,-82.08668721, 29.07024761
Belleview,MARION,SHELTER,RISK,131,No, ,Yes, ,,,,,-82.08668721, 29.06757734
Belleview,MARION,SHELTER,RISK,97,No, ,Yes, ,,,,,-82.08668721, 29.07024761
Ocala,MARION,SHELTER,RISK,395,No, ,Yes, ,,,,,-82.25181083, 29.15285490
Belleview,MARION,SHELTER,RISK,68,No, ,Yes, ,,,,,-82.08668721, 29.07024761
Stuart,MARTIN,SHELTER,RISK,613,No, ,Yes, ,,,,,-80.24167404, 27.11855099
Stuart,MARTIN,SHELTER,RISK,153,No, ,Yes, ,,,,,-80.24167404, 27.11855099
Stuart,MARTIN,SHELTER,RISK,598,No, ,Yes, ,,,,,-80.24167404, 27.11855099
Stuart,MARTIN,SHELTER,RISK,285,No, ,Yes, ,,,,,-80.24167404, 27.11855099
Stuart,MARTIN,SHELTER,RISK,584,No, ,Yes, ,,,,,-80.24167404, 27.11855099
Hialeah,MIAMI-DADE,SHELTER,RISK,56,No, ,Yes, ,,,,,-80.33032197, 25.87451999
Hialeah,MIAMI-DADE,SHELTER,RISK,20,No, ,Yes, ,,,,,-80.33032197, 25.87451999
Miami,MIAMI-DADE,SHELTER,RISK,53,E, ,Yes, ,,,,,-80.35436302, 25.77154801
Miami,MIAMI-DADE,SHELTER,RISK,514,E, ,Yes, ,,,,,-80.20480598, 25.78654701
Miami,MIAMI-DADE,SHELTER,RISK,247,No, ,Yes, ,,,,,-80.20468604, 25.83161202
Miami,MIAMI-DADE,SHELTER,RISK,565,No, ,Yes, ,,,,,-80.22501601, 25.81070399
Hialeah,MIAMI-DADE,SHELTER,RISK,645,No, ,Yes, ,,,,,-80.33032197, 25.87451999
Miami,MIAMI-DADE,SHELTER,RISK,91,E, ,Yes, ,,,,,-80.37808320, 25.75759670
Miami,MIAMI-DADE,SHELTER,RISK,742,E, ,Yes, ,,,,,-80.35436302, 25.77154801
Okeechobee,OKEECHOBEE,SHELTER,RISK,107,No, ,Yes, ,,,,,-80.83753259, 27.26434682
Orlando,ORANGE,SHELTER,RISK,141,No, ,Yes, ,,,,,-81.13000498, 28.55712601
Orlando,ORANGE,SHELTER,RISK,128,No, ,Yes, ,,,,,-81.41213800, 28.41527500
Orlando,ORANGE,SHELTER,RISK,317,No, ,Yes, ,,,,,-81.13000498, 28.55712601
Orlando,ORANGE,SHELTER,RISK,202,No, ,Yes, ,,,,,-81.41213800, 28.41527500
Kissimmee,OSCEOLA,SHELTER,RISK,560,No, ,Yes, ,,,,,-81.40896897, 28.30687499
Kissimmee,OSCEOLA,SHELTER,RISK,101, , ,Yes, ,,,,,-81.40933501, 28.31642902
St. Cloud,OSCEOLA,SHELTER,RISK,129,No, ,Yes, ,,,,,-81.30906196, 28.24167698
Kissimmee,OSCEOLA,SHELTER,RISK,142,No, ,Yes, ,,,,,-81.35969997, 28.28553701
W Palm Beach,PALM BEACH,SHELTER,RISK,550,No, ,Yes, ,,,,,-80.18854501, 26.68249401
Wellington,PALM BEACH,SHELTER,RISK,308,No, ,Yes, ,,,,,-80.17957830, 26.65251118
Wesley Chapel,PASCO,SHELTER,RISK,347,No, ,Yes, ,,,,,-82.31210998, 28.25603598
Wesley Chapel,PASCO,SHELTER,RISK,76,No, ,Yes, ,,,,,-82.32674504, 28.18951301
Wesley Chapel,PASCO,SHELTER,RISK,227,No, ,Yes, ,,,,,-82.32674504, 28.18951301
Wesley Chapel,PASCO,SHELTER,RISK,376,No, ,Yes, ,,,,,-82.32674504, 28.18951301
Wesley Chapel,PASCO,SHELTER,RISK,81,No, ,Yes, ,,,,,-82.31210998, 28.25603598
Wesley Chapel,PASCO,SHELTER,RISK,321,No, ,Yes, ,,,,,-82.31210998, 28.25603598
Hudson,PASCO,SHELTER,RISK,329,No, ,Yes, ,,,,,-82.62451802, 28.39055300
Wesley Chapel,PASCO,SHELTER,RISK,395,No, ,Yes, ,,,,,-82.32674504, 28.18951301
Clearwater,PINELLAS,SHELTER,RISK,100,D, ,Yes, ,,,,,-82.74754197, 27.94691801
Dunedin,PINELLAS,SHELTER,RISK,380,D, ,Yes, ,,,,,-82.77594900, 27.99970502
St. Petersburg,PINELLAS,SHELTER,RISK,256,No, ,Yes, ,,,,,-82.65663797, 27.76324998
Clearwater,PINELLAS,SHELTER,RISK,310,D, ,Yes, ,,,,,-82.74754197, 27.94691801
St. Petersburg,PINELLAS,SHELTER,RISK,288,No, ,Yes, ,,,,,-82.65663797, 27.76324998
Dunedin,PINELLAS,SHELTER,RISK,411,D, ,Yes, ,,,,,-82.77594900, 27.99970502
Bartow,POLK,SHELTER,RISK,410,No, ,Yes, ,,,,,-81.82074999, 27.88346001
Lakeland,POLK,SHELTER,RISK,199,No, ,Yes, ,,,,,-81.98422301, 28.04988299
Haines City,POLK,SHELTER,RISK,60,No, ,Yes, ,,,,,-81.62570498, 28.08457204
Davenport,POLK,SHELTER,RISK,270,No, ,Yes, ,,,,,-81.63157232, 28.15030699
Palatka,PUTNAM,SHELTER,RISK,80,No, ,Yes, ,,,,,-81.70714000, 29.63309001
Palatka,PUTNAM,SHELTER,RISK,31, , ,Yes, ,,,,,-81.65836998, 29.64502002
St. Augustine,ST. JOHNS,SHELTER,RISK,52,No, ,Yes, ,,,,,-81.50250497, 29.94514001
St. Augustine,ST. JOHNS,SHELTER,RISK,81,No, ,Yes, ,,,,,-81.50250497, 29.94514001
Port St Lucie,ST. LUCIE,SHELTER,RISK,75,No, ,Yes, ,,,,,-80.34067504, 27.27514598
Ft Pierce,ST. LUCIE,SHELTER,RISK,535,No, ,Yes, ,,,,,-80.34462996, 27.42641101
Port St Lucie,ST. LUCIE,SHELTER,RISK,215,No, ,Yes, ,,,,,-80.34067504, 27.27514598
Milton,SANTA ROSA,SHELTER,RISK,237,No, ,Yes, ,,,,,-87.09551855, 30.57301487
Milton,SANTA ROSA,SHELTER,RISK,128,No, ,Yes, ,,,,,-87.04856304, 30.63950001
Pace,SANTA ROSA,SHELTER,RISK,704,No, ,Yes, ,,,,,-87.16763996, 30.63551098
Sarasota,SARASOTA,SHELTER,RISK,799,No, ,Yes, ,,,,,-82.41844599, 27.32533301
Winter Springs,SEMINOLE,SHELTER,RISK,373,No, ,Yes, ,,,,,-81.31767403, 28.71653401
Winter Springs,SEMINOLE,SHELTER,RISK,84,No, ,Yes, ,,,,,-81.30951432, 28.72694730
Live Oak,SUWANNEE,SHELTER,RISK,47,No, ,Yes, ,,,,,-82.99532000, 30.28348999
Lake Butler,UNION,SHELTER,RISK,77,No, ,Yes, ,,,,,-82.33933459, 30.01799097
Lake Butler,UNION,SHELTER,RISK,54,No, ,Yes, ,,,,,-82.33811333, 30.01472496
Deltona,VOLUSIA,SHELTER,RISK,110,No, ,Yes, ,,,,,-81.23112602, 28.92992302
Port Orange,VOLUSIA,SHELTER,RISK,100,E, ,Yes, ,,,,,-81.04172703, 29.06616700
Deltona,VOLUSIA,SHELTER,RISK,104,No, ,Yes, ,,,,,-81.17226201, 28.89192500
Daytona Beach,VOLUSIA,SHELTER,RISK,80,No, ,Yes, ,,,,,-81.07428201, 29.19849998
Ormond Beach,VOLUSIA,SHELTER,RISK,120,No, ,Yes, ,,,,,-81.09412599, 29.23996199
DeLand,VOLUSIA,SHELTER,RISK,64,No, ,Yes, ,,,,,-81.27169502, 28.99454900
DeFuniak Springs,WALTON,SHELTER,RISK,160,No, ,Yes, ,,,,,-86.11248956, 30.71259560
Chipley,WASHINGTON,SHELTER,RISK,146,No, ,Yes, ,,,,,-85.55634700, 30.76465448
