CITY,COUNTY,LAT,LONG,NAME_OTHER,FACILITY_TYPE,DESCRIPTION,FAC_STATUS,drcm_Longitude,drcm_Latitude,drc_Longitude,drc_Latitude,prisch_Longitude,prisch_Latitude,LONGLAT,pubsch_Longitude,pubsch_Latitude,emf_Longitude,emf_Latitude,eoc_Longitude,eoc_Latitude,ra_Longitude,ra_Latitude
 ,ALACHUA,29.46812305,-82.15818111,RIMES-LAKECREST AIRPORT,AIRPORT,"RIMES, JOHN P.O. BOX 188  WORTHINGTON SPRINGS FL 32697",Active,,,,,,,,,,,,,,,
 ,ALACHUA,29.73416666,-82.56527777,SULLIVAN FIELD,AIRPORT,20638 NW 78TH AVENUE  ALACHUA FL 32615,Active,,,,,,,,,,,,,,,
GAINESVILLE,ALACHUA,29.69869444,-82.49148611,LINK FIELD,AIRPORT,"ESKRIDGE, MARTY 14705 MAIN STREET  ALACHUA FL 32615",Active,,,,,,,,,,,,,,,
GAINESVILLE,ALACHUA,29.70248611,-82.42570833,GLEIM FIELD,AIRPORT,"GLEIM, IRVIN P.O. BOX 12848, UNIVERSITY STN  GAINESVILLE FL 32604",Active,,,,,,,,,,,,,,,
GAINESVILLE,ALACHUA,29.69005555,-82.27177777,GAINESVILLE REGIONAL AIRPORT,AIRPORT,3880 NORTHEAST 39TH AVENUE  GAINESVILLE FL 32609,Active,,,,,,,,,,,,,,,
ARCHER,ALACHUA,29.55715277,-82.49674999,PEACH ORCHARD AIRPORT,AIRPORT,"HELPLING, RAY 14208 SW ARCHER ROAD  ARCHER FL 32618",Active,,,,,,,,,,,,,,,
ARCHER,ALACHUA,29.61802222,-82.50871944,FLYING TEN AIRPORT,AIRPORT,3906 SOUTHWEST 154 STREET  ARCHER FL 32618,Active,,,,,,,,,,,,,,,
MELROSE,ALACHUA,29.71524444,-82.09672222,FLYING HORSEMAN RANCH AIRPORT,AIRPORT,"KTL HOLDINGS, LLC 810 NW 6TH STREET GAINESVILLE FL 32601",Active,,,,,,,,,,,,,,,
ALACHUA,ALACHUA,29.91008333,-82.47787499,SANTA FE RIVER RANCH AIRPORT,AIRPORT,"DAVIS, SNEAD 29210 NW 122ND STREET  ALACHUA FL 32615-3240",Active,,,,,,,,,,,,,,,
MACCLENNY,BAKER,30.34172222,-82.13002777,THRIFT AIRPORT,AIRPORT,"THRIFT, DALE 5671 HARLEY THRIFT RD.  MACCLENNY FL 32063-9552",Active,,,,,,,,,,,,,,,
SANDERSON,BAKER,30.36238888,-82.22469444,CUYLER FIELD AIRPORT,AIRPORT,"MILLER, CURTIS 10750 SOUTH RUNWAY CIRCLE  GLEN-ST. MARY FL 32040",Active,,,,,,,,,,,,,,,
PANAMA CITY,BAY,30.06996388,-85.57649444,TYNDALL AFB,AIRPORT,COMMAND POST 850-283-2155 U.S. AIR FORCE PANAMA CITY FL ,Active,,,,,,,,,,,,,,,
PANAMA CITY,BAY,30.10222222,-85.46242222,SANDY CREEK AIRPARK,AIRPORT,SANDY CREEK AIR PARK OWNERS ASSOC. 12901 PARK WAY PANAMA CITY FL 32404,Active,,,,,,,,,,,,,,,
PANAMA CITY,BAY,30.35824166,-85.79560277,NORTHWEST FLORIDA-BEACHES INTERNATIONAL AIRPORT,AIRPORT,6300 WEST BAY PARKWAY  PANAMA CITY BEACH FL 32409,Active,,,,,,,,,,,,,,,
 ,BAY,30.41408611,-85.74576388,COURT MARTIAL RANCH AIRPORT,AIRPORT,"GARRETT, TOMMY 5801 HIGHWAY 79  VERNON FL 32462",Active,,,,,,,,,,,,,,,
 ,BAY,30.39166666,-85.80833333,TURKEYSCRATCH PLANTATION AIRPORT,AIRPORT,N/A  LAMONT FL N/A,Active,,,,,,,,,,,,,,,
STARKE,BRADFORD,30.05487499,-82.17633055,STATE PRISON FIELD,AIRPORT,"SUTTON, BRIAN FLORIDA DEPT OF CORRECTIONS 7819 NW 228TH STREET RAIFORD FL 32026-1000",Active,,,,,,,,,,,,,,,
STARKE,BRADFORD,29.84440833,-82.03343611,Keystone Heights Airpark,AIRPORT,7100 AIRPORT ROAD  STARKE FL 32091-9347,Active,,,,,,,,,,,,,,,
PATRICK AFB,BREVARD,28.46750027,-80.56643888,CAPE CANAVERAL AFS SKID STRIP,AIRPORT,COMMAND POST 854-494-7001 U.S. AIR FORCE COCOA BEACH FL ,Active,,,,,,,,,,,,,,,
PATRICK AFB,BREVARD,28.23945555,-80.60755277,PATRICK AFB,AIRPORT,COMMAND POST 854-494-7001 U.S. AIR FORCE COCOA BEACH FL ,Active,,,,,,,,,,,,,,,
 ,BREVARD,27.87529999,-80.51644166,WHEELER FARMS PRIVATE AIRPORT,AIRPORT,4533 MICCO ROAD  MICCO FL 32976,Active,,,,,,,,,,,,,,,
ORLANDO,BREVARD,28.61499444,-80.69449444,NASA SHUTTLE LANDING FACILITY,AIRPORT,FL ,Active,,,,,,,,,,,,,,,
ROCKLEDGE,BREVARD,28.29833333,-80.71861111,ROCKLEDGE AIRPORT,AIRPORT,"MARDOSA,RONALD A. 500 BARNES BLVD.  ROCKLEDGE FL 32955",Active,,,,,,,,,,,,,,,
ALTHA,CALHOUN,30.46408333,-85.17714166,CLARKSVILLE EXECUTIVE AIRPORT,AIRPORT,12759 NORTHWEST AIRPORT TRAIL  CLARKSVILLE FL 32430,Active,,,,,,,,,,,,,,,
ALTHA,CALHOUN,30.51824999,-85.19881111,CATTLE CREEK RANCH AIRPORT,AIRPORT,"BYRD, ANDREW 23620 NW STATE ROAD 73  ALTHA FL 32421",Active,,,,,,,,,,,,,,,
ALTHA,CALHOUN,30.43194444,-85.28888888,RON WOOD AIRPORT,AIRPORT,"WOOD, RONAL P.O. BOX 150 6036 STATE ROAD 20 WEST CLARKSVILLE FL 32430",Active,,,,,,,,,,,,,,,
 ,CALHOUN,30.52027777,-85.38472222,MARAN AIRPORT,AIRPORT,22303 NW LONGLEAF  FOUNTAIN FL 32438,Active,,,,,,,,,,,,,,,
CLARKSVILLE,CALHOUN,30.42019444,-85.30047777,STEEP HEAD FARM AIRPORT,AIRPORT,"MAYO, ROBERT P.O. BOX 49 CLARKSVILLE FL 32430",Active,,,,,,,,,,,,,,,
 ,CHARLOTTE,26.95258055,-81.87094166,ADANA AIRFIELD,AIRPORT,5640 ACORN RANCH RD  PUNTA GORDA FL 33982,Active,,,,,,,,,,,,,,,
PLACIDA,CHARLOTTE,26.85450833,-82.25120555,CORAL CREEK AIRPORT,AIRPORT,11901 GASSPARILLA ROAD  PLACIDA FL 33946,Active,,,,,,,,,,,,,,,
PUNTA GORDA,CHARLOTTE,26.93728055,-81.56702222,PAYSON RANCH AIRPORT,AIRPORT,"EDWARDS, RONALD 660 BEACHLAND BLVD  VERO BEACH FL 32963",Active,,,,,,,,,,,,,,,
PUNTA GORDA,CHARLOTTE,26.96894722,-81.91564166,SHELL CREEK AIRPARK,AIRPORT,36880 WASHINGTON LOOP ROAD  PUNTA GORDA FL 33982,Active,,,,,,,,,,,,,,,
PUNTA GORDA,CHARLOTTE,26.92019444,-81.99051388,PUNTA GORDA AIRPORT,AIRPORT,28000 A-1 AIRPORT ROAD  PUNTA GORDA FL 33982-2453,Active,,,,,,,,,,,,,,,
DUNNELLON,CITRUS,29.00361111,-82.55527777,J. R.S STOLPORT,AIRPORT,"RIZZO, JOHN P.O. BOX 2171 DUNNELLON FL 34433",Active,,,,,,,,,,,,,,,
HERNANDO,CITRUS,28.98827777,-82.37294444,TWELVE OAKS AIRPORT,AIRPORT,"GILBERT, BEN P.O. BOX 34  HOLDER FL 34445",Active,,,,,,,,,,,,,,,
HOMOSASSA,CITRUS,28.85611111,-82.55511111,POST OAK RANCH AIRPORT,AIRPORT,"GROSS, GEORGE 101 VALARE LANE  CRYSTAL RIVER FL 34429-4730",Active,,,,,,,,,,,,,,,
 ,CITRUS,29.00664111,-82.40456999,SEVEN FEATHERS AIRPORT,AIRPORT,"FAUNCE, JOHN 1786 EAST WITHLACOOCHEE TRAIL  DUNNELLON FL 34434",Active,,,,,,,,,,,,,,,
GREEN COVE SPRINGS,CLAY,29.90431944,-81.68512499,HALLERS AIRPARK,AIRPORT,BERNARD (BUZZ) GLADE 1692 VILLAGE WAY ORANGE PARK FL 32073,Active,,,,,,,,,,,,,,,
GREEN COVE SPRINGS,CLAY,29.97141666,-81.65727777,CLAY COUNTY / REYNOLDS AIRPARK,AIRPORT,"BROWN, JOHN P.O. BOX 477 1065 BULKHEAD ROAD GREEN COVE SPRINGS FL 32043",Active,,,,,,,,,,,,,,,
MIDDLEBURG,CLAY,30.04370833,-81.88516666,Williams Field Airport,AIRPORT,"WILLIAMS, KENT 4273 BLUEBERRY STREET  MIDDLEBURG FL 32068",Active,,,,,,,,,,,,,,,
MIDDLEBURG,CLAY,30.06404166,-81.96759722,SPENCERS AIRPARK,AIRPORT,"SPENCER, PHILLIP 5543-1 CARTER SPENCER ROAD  MIDDLEBURG FL 32068",Active,,,,,,,,,,,,,,,
STARKE,CLAY,29.96690833,-81.98315833,CAMP BLANDING AAF/NG,AIRPORT,OPERATIONS CENTER 904-823-0461 ARMY NATIONAL GUARD STARKE FL ,Active,,,,,,,,,,,,,,,
OCHOPEE,COLLIER,26.05453611,-81.06784722,CALUSA RANCH AIRPORT,AIRPORT,"DRAKE, WAYNE 662 NOTTINGHAM FOREST CIRCLE  JACKSONVILLE FL 32259",Active,,,,,,,,,,,,,,,
OCHOPEE,COLLIER,26.030925,-81.03868055,LITTLE DEER AIRPORT,AIRPORT,"MUNZ, PINKY 23600 SW 162ND AVENUE  HOMESTEAD FL 33031",Active,,,,,,,,,,,,,,,
OCHOPEE,COLLIER,25.98092777,-81.05673611,ROMOR RANCH AIRPORT,AIRPORT,98610 OVERSEAS HWY.  KEY LARGO FL 33037,Active,,,,,,,,,,,,,,,
OCHOPEE,COLLIER,25.86180555,-80.897,DADE-COLLIER TRAINING AND TRANSITION AIRPORT,AIRPORT,54757 EAST TAMIAMI TRAIL  OCHOPPI FL 34141,Active,,,,,,,,,,,,,,,
OCHOPEE,COLLIER,25.84871111,-81.39008055,EVERGLADES AIRPARK,AIRPORT,650 EVERGLADES CITY  AIRPARK ROAD  EVERGLADES CITY FL 34139,Active,,,,,,,,,,,,,,,
NAPLES,COLLIER,26.11675833,-81.70314166,WING SOUTH AIRPORT,AIRPORT,"WING SOUTH, INC. 4130 SKYWAY DRIVE  NAPLES FL 34112",Active,,,,,,,,,,,,,,,
NAPLES,COLLIER,26.15262027,-81.77529444,NAPLES MUNICIPAL AIRPORT,AIRPORT,160 AVIATION DRIVE NORTH  NAPLES FL 34104-3568,Active,,,,,,,,,,,,,,,
NAPLES,COLLIER,25.99504166,-81.67253055,MARCO ISLAND AIRPORT,AIRPORT,2005 MAINSAIL DRIVE  NAPLES FL 34114,Active,,,,,,,,,,,,,,,
LAKE CITY,COLUMBIA,30.24566666,-82.77861111,WELLBORN STOLPORT,AIRPORT,"SMITH, KENNETH 10512 NW LAKE JEFFERY ROAD  WELLBORN FL 32094",Active,,,,,,,,,,,,,,,
LAKE CITY,COLUMBIA,30.14719444,-82.56888888,ROSSI FIELD,AIRPORT,"ROSSI DRIVE, LLC 3025 MIDDLESEX ROAD ORLANDO FL 32803",Active,,,,,,,,,,,,,,,
LAKE CITY,COLUMBIA,30.04384722,-82.60391666,LAKE CITY AIRPARK,AIRPORT,P.O. BOX 1902  LAKE CITY FL 32056,Active,,,,,,,,,,,,,,,
LAKE CITY,COLUMBIA,30.15573611,-82.66734722,CANNON CREEK AIRPORT,AIRPORT,"SESSIONS, RAYMOND 2409 SW SISTER'S WELCOME RD STE101  LAKE CITY FL 32025",Active,,,,,,,,,,,,,,,
LAKE CITY,COLUMBIA,30.18203888,-82.57692777,LAKE CITY GATEWAY AIRPORT,AIRPORT,3524 EAST U.S. HIGHWAY 90  LAKE CITY FL 32055,Active,,,,,,,,,,,,,,,
FORT WHITE,COLUMBIA,29.92591666,-82.69309722,BRADLEY AIRSTRIP,AIRPORT,"BRADLEY, JUANITA P.O. BOX 337  FORT WHITE FL 32038",Active,,,,,,,,,,,,,,,
FORT WHITE,COLUMBIA,29.87598611,-82.63888888,LAZY S FARMS AIRPORT,AIRPORT,"POPIEL, ROBERT 698 SW RASBERRY COURT  FT. WHITE FL 32038",Active,,,,,,,,,,,,,,,
 ,DESOTO,27.05555555,-81.97055555,SUNNY BREEZE AIRPORT,AIRPORT,SUNNYBREEZE AIRPORT LLC 8355 SW LIVERPOOL DRIVE  ARCADIA FL 34269,Active,,,,,,,,,,,,,,,
 ,DESOTO,27.20027777,-81.74972222,BRIGHT HOUR RANCH AIRPORT,AIRPORT,"BATEMAN, ROWDY 2100 SE BRIGHT HOUR GRADE  ARCADIA FL 34266",Active,,,,,,,,,,,,,,,
ARCADIA,DESOTO,27.04255555,-82.04369999,LAKE SUZY ESTATES AIRPORT,AIRPORT,GERALD DOWNS 11970 SW KINGSWAY CIR LAKE SUZY FL 34269,Active,,,,,,,,,,,,,,,
ARCADIA,DESOTO,27.12060833,-81.84980555,CARLSTROM FIELD,AIRPORT,"THOMPSON, HALDEN 7115 SE AIRFIELD AVENUE  ARCADIA FL 34266",Active,,,,,,,,,,,,,,,
ARCADIA,DESOTO,27.30393333,-81.88036111,FRIERSON GROVE AIRPORT,AIRPORT,"SLATER, FRENNACE 2144 N. W. BROWNSVILLE ST & N.WJERRY TER.. ARCADIA FL 34265",Active,,,,,,,,,,,,,,,
ARCADIA,DESOTO,27.19699444,-81.91563888,MCDONALDS FIELD,AIRPORT,"MCDONALD, RONALD 1529 SW CR 661 ARCADIA FL 34266",Active,,,,,,,,,,,,,,,
ARCADIA,DESOTO,27.05116666,-81.84813888,HENNESSY AIRPORT,AIRPORT,11751 SE HEAD AVE  ARCADIA FL 34266,Active,,,,,,,,,,,,,,,
ARCADIA,DESOTO,27.19199444,-81.83730277,ARCADIA MUNICIPAL AIRPORT,AIRPORT,"2269 SOUTHEAST A.C. POLK, JR. DRIVE  ARCADIA FL 34266",Active,,,,,,,,,,,,,,,
JACKSONVILLE,DUVAL,30.24098611,-81.44990277,DEEP FOREST AIRPORT,AIRPORT,"CATHEY, JOHN P.O. BOX 16771  JACKSONVILLE FL 32245",Active,,,,,,,,,,,,,,,
JACKSONVILLE,DUVAL,30.39190555,-81.42369722,MAYPORT NS (ADM DAVID L. MCDONALD FIELD),AIRPORT,BASE OPERATIONS 904-270-6130 U.S. NAVY MAYPORT FL ,Active,,,,,,,,,,,,,,,
JACKSONVILLE,DUVAL,30.23468333,-81.67648333,JACKSONVILLE NAS /TOWERS FIELD/,AIRPORT,BASE OPERATIONS 904-542-2511 U.S. NAVY JACKSONVILLE FL ,Active,,,,,,,,,,,,,,,
JACKSONVILLE,DUVAL,30.35023888,-81.88316111,WHITEHOUSE NOLF,AIRPORT,QUARTERDECK 904-270-5401 U.S. NAVY JACKSONVILLE FL ,Active,,,,,,,,,,,,,,,
JACKSONVILLE,DUVAL,30.27523888,-81.80537777,HERLONG RECREATIONAL AIRPORT,AIRPORT,9300 NORMANDY BOULEVARD  JACKSONVILLE FL 32221-5522,Active,,,,,,,,,,,,,,,
JACKSONVILLE,DUVAL,30.33632222,-81.51445,JACKSONVILLE EXECUTIVE AT CRAIG AIRPORT,AIRPORT,855-11 SAINT JOHNS BLUFF ROAD NORTH  JACKSONVILLE FL 32225,Active,,,,,,,,,,,,,,,
JACKSONVILLE,DUVAL,30.49405555,-81.68786111,JACKSONVILLE INTERNATIONAL AIRPORT,AIRPORT,14110 PECAN PARK ROAD  JACKSONVILLE FL 32218,Active,,,,,,,,,,,,,,,
JACKSONVILLE,DUVAL,30.21867305,-81.87666444,CECIL AIRPORT,AIRPORT,13365 SIMPSON WAY  JACKSONVILLE FL 32221-5522,Active,,,,,,,,,,,,,,,
 ,DUVAL,30.15869444,-81.67294444,RIVERGATE LANDING,AIRPORT,"GREEN, ALAN 12918 RIVERPLACE COURT  JACKSONVILLE FL 32223",Active,,,,,,,,,,,,,,,
PENSACOLA,ESCAMBIA,30.46972222,-87.33805555,SAUFLEY FIELD NOLF,AIRPORT,OPERATIONS CENTER 850-623-7333 U.S. NAVY PENSACOLA FL ,Active,,,,,,,,,,,,,,,
PENSACOLA,ESCAMBIA,30.35297777,-87.32024999,PENSACOLA NAS / FORREST SHERMAN FIELD,AIRPORT,OPERATIONS CENTER 850-452-3100 U.S. NAVY PENSACOLA FL ,Active,,,,,,,,,,,,,,,
PENSACOLA,ESCAMBIA,30.47330555,-87.18744444,PENSACOLA INTERNATIONAL AIRPORT,AIRPORT,2430 AIRPORT BLVD SUITE 225 PENSACOLA FL 32504,Active,,,,,,,,,,,,,,,
PENSACOLA,ESCAMBIA,30.53188888,-87.38530555,COASTAL AIRPORT,AIRPORT,6001 WEST NINE MILE ROAD  PENSACOLA FL 32526,Active,,,,,,,,,,,,,,,
PENSACOLA,ESCAMBIA,30.39825,-87.34888888,FERGUSON AIRPORT,AIRPORT,9750 AILERON AVENUE  PENSACOLA FL 32506,Active,,,,,,,,,,,,,,,
WALNUT HILL,ESCAMBIA,30.81407499,-87.47498055,MCKINNON AIRPARK,AIRPORT,"SIMARD, THOMAS 6001 SOUTH HIGHWAY 99  WALNUT HILL FL 32568",Active,,,,,,,,,,,,,,,
MC DAVID,ESCAMBIA,30.82713055,-87.35831111,COLLIER PINE BARREN AIRPORT,AIRPORT,"COLLIER, NEAL 3251 SOUTH PINE BARREN ROAD  MCDAVID FL 32568",Active,,,,,,,,,,,,,,,
CARRABELLE,FRANKLIN,29.80978055,-84.58809444,DOG ISLAND AIRPORT,AIRPORT,"CANNON, RANDY HC 63, BOX 5037  CARRABELLE FL 32322",Active,,,,,,,,,,,,,,,
CARRABELLE,FRANKLIN,29.842,-84.70111111,CARRABELLE - THOMPSON AIRPORT,AIRPORT,296 AIRPORT ROAD  CARRABELLE FL 32322,Active,,,,,,,,,,,,,,,
 ,GADSDEN,30.61194444,-84.64166666,WATSON FARM AIRPORT,AIRPORT,"WATSON, DAVID 3403 SOLOMON DAIRY ROAD  QUINCY FL 32352",Active,,,,,,,,,,,,,,,
 ,GADSDEN,30.6525,-84.47472222,SARANAC FARM AIRPORT,AIRPORT,"POINT MILLIGAN ROAD, COUNTY ROAD 161  HAVANA FL N/A",Active,,,,,,,,,,,,,,,
 ,GADSDEN,30.59527777,-84.42194444,DOGWOOD  FARMS AIRPORT,AIRPORT,"VALDENE, GUY 606 ROBIN LANE  HAVANA FL 32333",Active,,,,,,,,,,,,,,,
HAVANA,GADSDEN,30.67936111,-84.36907222,RUTTEN DUSTING STRIP,AIRPORT,"RUTTEN, LOUIS ""DANNY"" 1836 CONCORD BAINBRIDGE ROAD  HAVANA FL 32333",Active,,,,,,,,,,,,,,,
BELL,GILCHRIST,29.68988888,-82.87277777,SAW WHET FARMS AIRPORT,AIRPORT,"WORTHMANN, THOMAS 4009 COUNTY ROAD 232 WEST  BELL FL 32619",Active,,,,,,,,,,,,,,,
BELL,GILCHRIST,29.81362499,-82.92583333,SHADY BEND AIRPORT,AIRPORT,"CROOK, TRACY 5500 NW 72ND WAY  BELL FL 32619",Active,,,,,,,,,,,,,,,
BELL,GILCHRIST,29.71944444,-82.84406944,FLYING HARNESS FARM AIRPORT,AIRPORT,1710 SW 15TH STREET  BELL FL 32619,Active,,,,,,,,,,,,,,,
BRANFORD,GILCHRIST,29.88851388,-82.79781944,FOX FIELD,AIRPORT,"MANNA, RONALD 10350 NE 5TH AVENUE  BRANFORD FL 32008",Active,,,,,,,,,,,,,,,
 ,GILCHRIST,29.69233333,-82.72916666,RUSH AIRFIELD,AIRPORT,"RUSH, VIRGIL 3319 SE 40TH WAY  TRENTON FL 32693",Active,,,,,,,,,,,,,,,
 ,GLADES,26.87816083,-81.14007638,LYKES MOORE HAVEN AIRPORT,AIRPORT,"ZAHN, WAYNE 106 SW CR 721  OKEECHOBEE FL 34974",Active,,,,,,,,,,,,,,,
 ,GLADES,26.79777777,-81.525,FLYING L AIRPORT,AIRPORT,"LUMLEY, WILLIAM 7320 SKYLINE DRIVE  DELRAY BEACH FL 33446",Active,,,,,,,,,,,,,,,
 ,GLADES,26.91916666,-81.56244444,LYKES SILVER LAKE PRIVATE AIRPORT,AIRPORT,"ZAHN, WAYNE 106 SW CR 721  OKEECHOBEE FL 34974",Active,,,,,,,,,,,,,,,
OKEECHOBEE,GLADES,27.18893611,-81.08701111,LYKES BRIGHTON AIRPORT,AIRPORT,106 SW CR 721  OKEECHOBEE FL 34974,Active,,,,,,,,,,,,,,,
LABELLE,GLADES,26.80034166,-81.48507777,SUNDANCE FARMS AIRPORT,AIRPORT,"MUNZ, CHARLES 23600 SW 162 AVE  HOMESTEAD FL 33031",Active,,,,,,,,,,,,,,,
 ,HAMILTON,30.50021055,-83.18358166,SQUIRES AVIATION RANCH AIRPORT,AIRPORT,"SQUIRES, ROBIN 3414 NW 44TH STREET  JASPER FL 32052",Active,,,,,,,,,,,,,,,
 ,HAMILTON,30.46027777,-83.14777777,DJ FARM AIRPORT,AIRPORT,6299 SW 52 LANE  JASPER FL 32052,Active,,,,,,,,,,,,,,,
JENNINGS,HAMILTON,30.62186111,-83.25947222,BIRD FIELD,AIRPORT,"BIRD, FRANK 435 NW 18TH PLACE  JENNINGS FL 32053",Active,,,,,,,,,,,,,,,
WAUCHULA,HARDEE,27.62083333,-81.61083333,CREWS HOMESTEAD RANCH AIRPORT,AIRPORT,"CREWS, CHRISTY P.O. BOX 1669  AVON PARK FL 33826-1669",Active,,,,,,,,,,,,,,,
WAUCHULA,HARDEE,27.51364999,-81.88063888,WAUCHULA MUNICIPAL AIRPORT,AIRPORT,1202 MAURICE SONNY CLAVEL ROAD  WAUCHULA FL 33873,Active,,,,,,,,,,,,,,,
ZOLFO SPRINGS,HARDEE,27.41893055,-81.83258333,GRIFFINS PEACE RIVER RANCH AIRPORT,AIRPORT,"HURST, STEWART P.O. BOX 127  FROSTPROOF FL 33843",Active,,,,,,,,,,,,,,,
CLEWISTON,HENDRY,26.39388888,-81.02305555,MCDANIEL RANCH AIRPORT,AIRPORT,"MCDANIEL, DAVID (PARTNER/PILOT) 32595 COUNTY ROAD 833  CLEWISTON FL 33440",Active,,,,,,,,,,,,,,,
CLEWISTON,HENDRY,26.32027777,-80.98777777,BIG CYPRESS AIRFIELD,AIRPORT,35201 EAGLES LANDING  CLEWISTON FL 33440,Active,,,,,,,,,,,,,,,
CLEWISTON,HENDRY,26.73055555,-81.16388888,HARPERS FLY-IN RANCH AIRPORT,AIRPORT,"HARPER, ROBERT 14825 CENTER AVENUE  CLEWISTON FL 33440",Active,,,,,,,,,,,,,,,
CLEWISTON,HENDRY,26.74200833,-81.04978888,AIRGLADES AIRPORT,AIRPORT,3200 AIRGLADES BOULEVARD  CLEWISTON FL 33440,Active,,,,,,,,,,,,,,,
 ,HENDRY,26.45083333,-81.00055555,DEVILS GARDEN STRIP,AIRPORT,"ZIPPERER, R DOUGLAS P.O. BOX 640  FORT MYERS FL 33902",Active,,,,,,,,,,,,,,,
ALVA,HENDRY,26.73895555,-81.50618888,WILLIAMS SKY MANOR AIRPORT,AIRPORT,"WILLIAMS, WILLIAM 4205 FORT DENAUD ROAD  LA BELLE FL 33935",Active,,,,,,,,,,,,,,,
ALVA,HENDRY,26.76833333,-81.53888888,SOUTHPOINT AIRPORT,AIRPORT,"MORRISION, ROBERT 110 KIRBY THOMPSON ROAD  FORT DENAUD FL 33935",Active,,,,,,,,,,,,,,,
LABELLE,HENDRY,26.7134,-81.53535555,COTTON STRIP,AIRPORT,"SHULTS, MICHAEL 6190A WEST STATE ROAD 80  LABELLE FL 33935",Active,,,,,,,,,,,,,,,
LABELLE,HENDRY,26.52305555,-81.40833333,CHARLTON STRIP,AIRPORT,"CHARLTON, JOHN P.O. BOX 56  FELDA FL 33930",Active,,,,,,,,,,,,,,,
LABELLE,HENDRY,26.57944444,-81.48388888,DUDA AIRSTRIP,AIRPORT,TRACY DUDA CHAPMAN 12250 SOUTH HWY. 29  FELDA FL 33930,Active,,,,,,,,,,,,,,,
LABELLE,HENDRY,26.74423277,-81.43257555,LA BELLE MUNICIPAL AIRPORT,AIRPORT,99 EAST COWBOY WAY  LABELLE FL 33975-1607,Active,,,,,,,,,,,,,,,
BROOKSVILLE,HERNANDO,28.61930555,-82.36888888,CHINESEGUT AIRPORT,AIRPORT,"SELPH, DEBRA D. SELPH 22270 PILOTS PATH BROOKSVILLE FL 34601",Active,,,,,,,,,,,,,,,
BROOKSVILLE,HERNANDO,28.47359722,-82.45542222,HERNANDO COUNTY AIRPORT,AIRPORT,15800 FLIGHT PATH DRIVE  BROOKSVILLE FL 34604,Active,,,,,,,,,,,,,,,
 ,HERNANDO,28.53972222,-82.30472222,GRAND VISTA RANCH,AIRPORT,26756 MONDON HILL ROAD  BROOKSVILLE FL 34601,Active,,,,,,,,,,,,,,,
 ,HIGHLANDS,27.37888888,-81.15,LYKES FT. BASINGER AIRSTRIP,AIRPORT,"TODD, THOMAS 490 BUCKHORN ROAD  LORIDA FL 33857",Active,,,,,,,,,,,,,,,
LAKE PLACID,HIGHLANDS,27.24560277,-81.41312777,PLACID LAKES AIRPORT,AIRPORT,215 SENECA DR NW  LAKE PLACID FL 33852,Active,,,,,,,,,,,,,,,
LAKE PLACID,HIGHLANDS,27.35309722,-81.40812777,LAKE PERSIMMON AIRSTRIP,AIRPORT,"SNAVELY, BILL 115 HEINLEY ROAD  LAKE PLACID FL 33852-8137",Active,,,,,,,,,,,,,,,
LAKE PLACID,HIGHLANDS,27.23805555,-81.39055555,VINCES AIRPORT,AIRPORT,"PETERS, TRACY 3950 PLACID VIEW DRIVE  LAKE PLACID FL 33852",Active,,,,,,,,,,,,,,,
VENUS,HIGHLANDS,27.16255,-81.54285555,BLUE HEAD RANCH,AIRPORT,"BUNCE, YVONNE PO BOX 1318  LAKE WALES FL 33859",Active,,,,,,,,,,,,,,,
TAMPA,HILLSBOROUGH,27.84919166,-82.52148333,MACDILL AFB,AIRPORT,COMMAND POST 813-828-4361 U.S. AIR FORCE TAMPA FL ,Active,,,,,,,,,,,,,,,
TAMPA,HILLSBOROUGH,28.00863055,-82.34981388,TAMPA EXECUTIVE AIRPORT,AIRPORT,6582 EUREKA SPRINGS ROAD  TAMPA FL 33610,Active,,,,,,,,,,,,,,,
TAMPA,HILLSBOROUGH,27.91557777,-82.44926111,PETER O KNIGHT AIRPORT,AIRPORT,825 SEVERN AVENUE  TAMPA FL 33606,Active,,,,,,,,,,,,,,,
TAMPA,HILLSBOROUGH,27.97547222,-82.54991666,TAMPA INTERNATIONAL AIRPORT,AIRPORT,4100 GEORGE J. BEAN PARKWAY  TAMPA FL 33607,Active,,,,,,,,,,,,,,,
 ,HILLSBOROUGH,27.68444444,-82.24416666,GYRO TOWN USA STOLPORT,AIRPORT,19242 GRANGE HALL LP  WIMAUMA FL 33598,Active,,,,,,,,,,,,,,,
 ,HILLSBOROUGH,27.80583333,-82.14,STANCHESTER AIRPORT,AIRPORT,"DEWHURST, SEBASTIAN 12722 MANNHURST OAK LANE  LITHIA FL 33547",active,,,,,,,,,,,,,,,
 ,HILLSBOROUGH,28.14444444,-82.16111111,BLACKWATER CREEK ULTRALIGHT PARK,AIRPORT,"CANNON, ROY BLACKWATER ULTRALIGHT FLIGHTPARK, INC. 9002 STATE  PLANT CITY FL 33566",Active,,,,,,,,,,,,,,,
 ,HILLSBOROUGH,28.04166666,-82.0925,MIDWAY LAKE AIRPORT,AIRPORT,"VERNER, EDWARD P.O. BOX 1118  PLANT CITY FL 33564",Active,,,,,,,,,,,,,,,
LITHIA,HILLSBOROUGH,27.71166666,-82.28305555,WIMAUMA AIRPARK,AIRPORT,"MCCRAW, PEARL 6505 HWY 674 WIMAUMA FL 33598",Active,,,,,,,,,,,,,,,
FELLSMERE,INDIAN RIVER,27.74169444,-80.66616666,FELLSMERE AIRPORT,AIRPORT,"CHANDLER, DAVID 7735 COUNTY ROAD 512  FELLSMERE FL 32948",Active,,,,,,,,,,,,,,,
VERO BEACH,INDIAN RIVER,27.56253611,-80.49977499,FLY IN RANCHES AIRPORT,AIRPORT,"YOUNGBLOOD, BOB 2450 84TH AVENUE SW  VERO BEACH FL 32968",Active,,,,,,,,,,,,,,,
VERO BEACH,INDIAN RIVER,27.59864444,-80.50199722,INDIAN RIVER AERODROME,AIRPORT,"IRAPOA, INC. 460 SOPWITH DR. VERO BEACH FL 32968",Active,,,,,,,,,,,,,,,
VERO BEACH,INDIAN RIVER,27.70864166,-80.45283055,BROOCKE AIRPATCH,AIRPORT,"BROOCKE, W 6185 65TH STREET  VERO BEACH FL 32967",Active,,,,,,,,,,,,,,,
VERO BEACH,INDIAN RIVER,27.65555833,-80.41794444,VERO BEACH MUNICIPAL AIRPORT,AIRPORT,3400 CHEROKEE DRIVE P.O. BOX 1389 VERO BEACH FL 32961-1389,Active,,,,,,,,,,,,,,,
VERO BEACH,INDIAN RIVER,27.632255,-80.52755444,NEW HIBISCUS AIRPARK,AIRPORT,1890 98TH AVENUE  VERO BEACH FL 32966,Active,,,,,,,,,,,,,,,
GRAND RIDGE,JACKSON,30.71527777,-85.02444444,LAWRENCE AIRPORT,AIRPORT,"LAWRENCE, GODFREY 6835 HIWAY  90  GRAND RIDGE FL 32442",Active,,,,,,,,,,,,,,,
GREENWOOD,JACKSON,30.88824388,-85.16770722,CHIPOLA AIRPARK,AIRPORT,"BAKER, BOBBY P.O. BOX 5729  MARIANNA FL 32447-5729",Active,,,,,,,,,,,,,,,
 ,JACKSON,30.6075,-85.02583333,YODER AIRPORT,AIRPORT,620 HIGHWAY 69  GRAND RIDGE FL 32442,Active,,,,,,,,,,,,,,,
 ,JACKSON,30.6725,-85.08333333,FOLSOM AIRPORT,AIRPORT,"FOLSOM, GARY & SHIRLEY 6155 ROCKY CREEK ROAD  MARIANNA FL 32448",Active,,,,,,,,,,,,,,,
SNEADS,JACKSON,30.72527777,-84.9177,KILPATRICK FARM AIRPORT,AIRPORT,"KILPATRICK, KEN 158 RICE ROAD  CHATTAHOOCHEE FL 32324",Active,,,,,,,,,,,,,,,
GRACEVILLE,JACKSON,30.95268333,-85.41743333,WATSON AIRPORT,AIRPORT,"WATSON, DAVID 2178 HIGHWAY 2  GRACEVILLE FL 32440",Active,,,,,,,,,,,,,,,
GRACEVILLE,JACKSON,30.98184999,-85.49243333,KIRKLAND AIRPORT,AIRPORT,"5673 HWY  GRACEVILLE, FL 32440",Active,,,,,,,,,,,,,,,
MARIANNA,JACKSON,30.69463888,-85.31076111,LANDS FIELD,AIRPORT,"LAND, LINDA 3457 MYSTERY SPRINGS ROAD  MARIANNA FL 32448",Active,,,,,,,,,,,,,,,
MARIANNA,JACKSON,30.83779388,-85.18188111,MARIANNA MUNICIPAL AIRPORT,AIRPORT,3689 INDUSTRIAL PARK DRIVE  MARIANNA FL 32446,Active,,,,,,,,,,,,,,,
BASCOM,JACKSON,30.98111111,-85.06833333,NORTH AMERICAN FARMS AIRPORT,AIRPORT,"HALL, JOSEPH 5559 CONCORD ROAD  BASCOM FL 32423",Active,,,,,,,,,,,,,,,
GREENVILLE,JEFFERSON,30.61659166,-83.65238055,FINLAYSON FARMS AIRPORT,AIRPORT,"FINLAYSON, JOHN 25 FINCREST CIRCLE  GREENVILLE FL 32331",Active,,,,,,,,,,,,,,,
GREENVILLE,JEFFERSON,30.58684722,-83.70601944,JEFFERSON LANDINGS AIRPORT,AIRPORT,13 EAST 10TH WAY  GREENVILLE FL 32331,Active,,,,,,,,,,,,,,,
TALLAHASSEE,JEFFERSON,30.4775,-84.03472222,CHARLOTTES FIELD,AIRPORT,"BRAGDON, JIM 424 GREATER ELIZABETH  MONTICELLO FL 32344",Active,,,,,,,,,,,,,,,
 ,LAFAYETTE,30.19638888,-83.30638888,FORT ATKINSON PLANTATION AIRPARK,AIRPORT,ROB HARPER IV 4485 NORTH CR 53 MAYO FL 32066,Active,,,,,,,,,,,,,,,
MAYO,LAFAYETTE,29.91461111,-83.26759722,R. O. RANCH AIRPORT,AIRPORT,SUWANNEE RIVER WATER MANAGEMENT DISTRICT 9225 COUNTY ROAD 49  LIVE OAK FL 32060,ACTIVE,,,,,,,,,,,,,,,
 ,LAKE,28.50861111,-81.80027777,KINGS FIELD,AIRPORT,"KING, JACK 11320 MONTE VISTA ROAD  CLERMONT FL 34711",Active,,,,,,,,,,,,,,,
 ,LAKE,28.627775,-81.80285555,FLORIDA FLYING GATORS ULTRALIGHT PARK,AIRPORT,"GRUENER, JOHN PO BOX 38  CASSELBERRY FL 32718",Active,,,,,,,,,,,,,,,
 ,LAKE,28.64166666,-81.885,GRASS ROOTS AIRPARK,AIRPORT,"GAY, DAVID 20201 WHISTLING WIRE LANE GROVELAND FL 34736",Active,,,,,,,,,,,,,,,
 ,LAKE,28.79536111,-81.72119444,TAVARES SEAPLANE BASE,AIRPORT,150 EAST RUBY STREET  TAVARES FL 32778,Active,,,,,,,,,,,,,,,
FRUITLAND PARK,LAKE,28.87609722,-81.88896944,FLYING H AIRPORT,AIRPORT,"HUMPHREY, DEAN 35800 GRAYS AIRPORT ROAD  FRUITLAND PARK FL 34731",Active,,,,,,,,,,,,,,,
FRUITLAND PARK,LAKE,28.87804166,-81.94091666,FLYING PALOMINO RANCH AIRPORT,AIRPORT,"ISAACS, STEVE 36422 MICRO RACETRACK ROAD  FRUITLAND PARK FL 34731",Active,,,,,,,,,,,,,,,
GROVELAND,LAKE,28.53361111,-81.84702222,SHEETS AIRPORT,AIRPORT,"MENEFEE, FRANK 2444 BAR HARBOR BAY  MOUNT DORA FL 32757",Active,,,,,,,,,,,,,,,
GROVELAND,LAKE,28.66777222,-81.91813611,TEX MERRITT PRIVATE AIRSTRIP,AIRPORT,"MERRITT, TEX P.O. BOX 86  OKAHUMPA FL 34762",Active,,,,,,,,,,,,,,,
GROVELAND,LAKE,28.52666666,-81.8748,OSBORN AIRFIELD,AIRPORT,"OSBORN, DARLENE 12155 MATTIODA ROAD  GROVELAND FL 34736",Active,,,,,,,,,,,,,,,
PAISLEY,LAKE,29.03026111,-81.44701111,DEEP WOODS RANCH AIRPORT,AIRPORT,"SCHMALE, JOHN K 46800 DEEP WOODS ROAD  PAISLEY FL 32767",Active,,,,,,,,,,,,,,,
LEESBURG,LAKE,28.79748888,-81.93591388,FLYING BARON ESTATES AIRPORT,AIRPORT,"STRIMENOS, PETER 1048 STRIMENOS LANE  LEESBURG FL 34748",Active,,,,,,,,,,,,,,,
LEESBURG,LAKE,28.82279444,-81.80918888,LEESBURG INTERNATIONAL AIRPORT,AIRPORT,8807 AIRPORT BOULEVARD  LEESBURG FL 34788,Active,,,,,,,,,,,,,,,
EUSTIS,LAKE,28.94859722,-81.41312222,BRADSHAW FARMS AIRPORT,AIRPORT,"BRADSHAW, J 32502 PINE ROAD  EUSTIS FL 32736",Active,,,,,,,,,,,,,,,
EUSTIS,LAKE,28.90498888,-81.43312222,BRITT BROWN & PORTER RANCH AIRPORT,AIRPORT,"ROSE, MELANIE 31614 BOTTANY WOOD DRIVE  EUSTIS FL 32736",Active,,,,,,,,,,,,,,,
BOKEELIA,LEE,26.67729444,-82.13648055,EAGLES LANDING AIRPORT,AIRPORT,"DEAN WISH, LLC PO BOX 1839 PLANT CITY FL 33564",Active,,,,,,,,,,,,,,,
BOKEELIA,LEE,26.65618333,-82.12120277,PINE ISLAND AIRPORT,AIRPORT,"REED, E 13350 MORNINGSTAR LANE  BOKEELIA FL 33922",Active,,,,,,,,,,,,,,,
SAINT JAMES CITY,LEE,26.582575,-82.098425,WOODSTOCK AIRPORT,AIRPORT,"VALCARCEL, FRANK 4370 WOODSTOCK ROAD  ST. JAMES CITY FL 33956",Active,,,,,,,,,,,,,,,
ESTERO,LEE,26.44535555,-81.60730277,CORKSCREW TRACE AIRPARK,AIRPORT,BARBARA WHIDDEN 21230 CORKSCREW ROAD ESTERO FL 33928,Active,,,,,,,,,,,,,,,
NORTH FORT MYERS,LEE,26.73284722,-81.89730833,PINE SHADOWS AIRPARK,AIRPORT,"ELLIS, JERRY 18500 BASELEG AVENUE  FORT MYERS FL 33917",Active,,,,,,,,,,,,,,,
FORT MYERS,LEE,26.66284999,-81.77063888,STRAYHORN RANCH AIRPORT,AIRPORT,ALIWANNA LANE  FT. MYERS FL 33905,Active,,,,,,,,,,,,,,,
FORT MYERS,LEE,26.64340499,-81.71035972,BUCKINGHAM FIELD,AIRPORT,15191 HOMESTEAD ROAD  LEHIGH ACRES FL 33971,Active,,,,,,,,,,,,,,,
FORT MYERS,LEE,26.53616666,-81.75516666,SOUTHWEST FLORIDA INTERNATIONAL AIRPORT,AIRPORT,11000 TERMINAL ACCESS ROAD  FORT MYERS FL 33913,Active,,,,,,,,,,,,,,,
FORT MYERS,LEE,26.58665833,-81.86328055,PAGE FIELD,AIRPORT,5200 CAPT. CHANNING PAGE DRIVE  FORT MYERS FL 33907-1526,Active,,,,,,,,,,,,,,,
CAPTIVA,LEE,26.60340833,-82.22009444,SALTY APPROACH AIRSTRIP,AIRPORT,P. O. BOX 3031   NORTH CAPTIVA FL 33945,Active,,,,,,,,,,,,,,,
TALLAHASSEE,LEON,30.47916666,-84.075,ANGELS FIELD STOLPORT,AIRPORT,"MAJORS, LEE 11215 TURKEY ROOST ROAD  TALLAHASSEE FL 32317",Active,,,,,,,,,,,,,,,
TALLAHASSEE,LEON,30.59047777,-84.03044722,INGALLS FIELD AIRPORT,AIRPORT,"YOWN, KENT 11418 CHEROKEE PLANTATION COURT  TALLAHASSEE FL 32312",Active,,,,,,,,,,,,,,,
TALLAHASSEE,LEON,30.54730833,-84.37384722,TALLAHASSEE COMMERCIAL AIRPORT,AIRPORT,6601 NORTH MONROE STREET  TALLAHASSEE FL 32303,Active,,,,,,,,,,,,,,,
TALLAHASSEE,LEON,30.39652777,-84.35033333,TALLAHASSEE REGIONAL AIRPORT,AIRPORT,3300 CAPITAL CIRCLE SOUTHWEST SUITE 1 TALLAHASSEE FL 32310,Active,,,,,,,,,,,,,,,
 ,LEON,30.51583333,-84.08330555,BLACK CREEK PASS AIRPORT,AIRPORT,11903 WADESBORO ROAD  TALLAHASSEE FL 32317,Active,,,,,,,,,,,,,,,
CEDAR KEY,LEVY,29.22848611,-82.94306944,THE CEDARS AIRFIELD,AIRPORT,MARVIN FRANKS 6831 SW 105TH AV  CEDAR KEY FL 32625,Active,,,,,,,,,,,,,,,
CEDAR KEY,LEVY,29.13424444,-83.05047222,GEORGE T LEWIS AIRPORT,AIRPORT,14703 SOUTHWEST AIRPORT ROAD  CEDAR KEY FL 32625,Active,,,,,,,,,,,,,,,
MORRISTON,LEVY,29.27722222,-82.50056944,REDTAIL AIRFIELD,AIRPORT,"MUNOZ, JESSE 3951 SE 160TH AVENUE  MORRISTON FL 32268",Active,,,,,,,,,,,,,,,
MORRISTON,LEVY,29.23779166,-82.54561111,WINGS FIELD,AIRPORT,"OBERT, ROBERT 8053 SE 140TH LANE  INGLIS FL 34449",Active,,,,,,,,,,,,,,,
CHIEFLAND,LEVY,29.55583333,-82.86916666,NEAL FIELD,AIRPORT,"NEAL, PAULETTE P.O. BOX 716  TRENTON FL 32693",Active,,,,,,,,,,,,,,,
CHIEFLAND,LEVY,29.39548055,-82.86977777,CHIEFLAND SKY RANCH AIRPORT,AIRPORT,"PITTS, FRANK 4771 NW 60TH AVENUE  CHIEFLAND FL 32626",Active,,,,,,,,,,,,,,,
TRENTON,LEVY,29.56588888,-82.86905555,WINDY ACRES AIRPORT,AIRPORT,"FULMER, RUSSELL 5650 NW165TH ST.  TRENTON FL 32693",Active,,,,,,,,,,,,,,,
TRENTON,LEVY,29.58745833,-82.87123333,AMES FIELD,AIRPORT,"HAYNES, BILL 9520 SOUTHWEST 126TH STREET  ARCHER FL 32618",Active,,,,,,,,,,,,,,,
 ,LIBERTY,30.35058888,-84.74158611,BLUE CREEK AIRPORT,AIRPORT,"LORD, JEAN 9169 NEW BERLIN ROAD  JACKSONVILLE FL 32226",Active,,,,,,,,,,,,,,,
 ,MADISON,30.48333333,-83.25833333,BLUE SPRINGS AIRPORT,AIRPORT,ROUTE 1  LEE FL 32059,Active,,,,,,,,,,,,,,,
 ,MADISON,30.33638888,-83.78361111,MOUNT OLIVE FARM AIRPORT,AIRPORT,16131 HWY 19  LAMONT FL 32336,Active,,,,,,,,,,,,,,,
PINETTA,MADISON,30.62284722,-83.28565277,ESTHERBROOK AERODROME,AIRPORT,"DECKER, SHELLY 357 NE WILLOWRUN WAY  PINETTA FL 32350",Active,,,,,,,,,,,,,,,
LEE,MADISON,30.44281944,-83.31162499,MADISON COUNTY AIRPORT,AIRPORT,"THIGPEN, LONNIE P.O. BOX 237  MADISON FL 32341",Active,,,,,,,,,,,,,,,
PALMETTO,MANATEE,27.54420277,-82.53009722,THOMSON AIRFIELD,AIRPORT,"CIPRIANI, FRANK 3135 37TH STREET EAST  PALMETTO FL 34221",Active,,,,,,,,,,,,,,,
PALMETTO,MANATEE,27.64253277,-82.52092861,AIRPORT MANATEE,AIRPORT,14108 US HIGHWAY 41 NORTH  PALMETTO FL 34221,Active,,,,,,,,,,,,,,,
MYAKKA CITY,MANATEE,27.45527777,-82.10722222,MYAKKA HEAD AIRPORT,AIRPORT,"TAYLOR, J / PATTY TOFT 1350 DUETTE ROAD  MYAKKA FL 34251",Active,,,,,,,,,,,,,,,
DUNNELLON,MARION,28.99025555,-82.33037222,DRAKE RANCH STOLPORT,AIRPORT,"DRAKE, GEORGE AND ANN LOUISE 1120 AZALEA LANE  WINTER PARK FL 32789",Active,,,,,,,,,,,,,,,
DUNNELLON,MARION,29.06178055,-82.37658333,MARION COUNTY AIRPORT,AIRPORT,15070 SW 107TH ST DUNNELLON FL 34432,Active,,,,,,,,,,,,,,,
CITRA,MARION,29.38555555,-82.1425,THOMPSONS GOINBROKE AERO RANCH AIRPORT,AIRPORT,"THOMPSON, LANNY 94  NW 165TH STREET  CITRA FL 32113",Active,,,,,,,,,,,,,,,
CITRA,MARION,29.36136111,-82.14981666,WINGS-N-WHEELS AIRFIELD,AIRPORT,"NELSON, EDWARD 2102 NE 145TH AVENUE ROAD  SILVER SPRINGS FL 34488",Active,,,,,,,,,,,,,,,
CITRA,MARION,29.37524999,-82.05814722,PANIOLA SKY RANCH AIRPORT,AIRPORT,"DIERSCHKE, WOLF 6301 E. HIGHWAY 316 CITRA FL 32113",Active,,,,,,,,,,,,,,,
MORRISTON,MARION,29.24083333,-82.35416666,CROSSWIND FARM AIRPORT,AIRPORT,"REISS, JOHN 14024 NW HIGHWAY 464B  MORRISTON FL 32668",Active,,,,,,,,,,,,,,,
REDDICK,MARION,29.34080555,-82.26370833,RELUCTANT GREMLIN AIRPORT,AIRPORT,RICHARD HELMS 8549 NW 130TH ST.  REDDICK FL 32686,Active,,,,,,,,,,,,,,,
REDDICK,MARION,29.33469444,-82.16676111,LEE FARMS AIRPORT,AIRPORT,"LEE, C. K. 2323 W. HIGHWAY 329 CITRA FL 32113",Active,,,,,,,,,,,,,,,
OCALA,MARION,29.28025277,-82.12481388,JUMBOLAIR-GREYSTONE AIRPORT,AIRPORT,1201 NE 77TH STREET    OCALA FL 34479,Active,,,,,,,,,,,,,,,
OCALA,MARION,29.08414722,-82.03230833,LEEWARD AIR RANCH AIRPORT,AIRPORT,P O BOX 1476  OCALA FL 34478,Active,,,,,,,,,,,,,,,
OCALA,MARION,29.07303611,-81.99953055,BACK ACHERS AIRPORT,AIRPORT,"FAMBROUGH, THOMAS 9215 SE 110TH ST RD BELLEVIEW FL 34420",Active,,,,,,,,,,,,,,,
OCALA,MARION,29.13055555,-82.11916666,FLYING DUTCHMAN RANCH AIRPORT,AIRPORT,P.O. BOX 3068  OCALA FL 34478,Active,,,,,,,,,,,,,,,
OCALA,MARION,29.02608888,-82.21231388,MCGINLEY AIRPORT,AIRPORT,"MCGINLEY, RICHARD 5700 SW HIGHWAY 484  OCALA FL 34473",Active,,,,,,,,,,,,,,,
OCALA,MARION,29.28913888,-82.32232222,IDLE WILD AIRPORT,AIRPORT,"HAMBLETON, SARAH J 9420 NW 125TH AVENUE  OCALA FL 34482",Active,,,,,,,,,,,,,,,
OCALA,MARION,29.09608888,-82.17898055,SHADY INTERNATIONAL AIRPORT,AIRPORT,"ZURAWSKI, JOE 3504 SW 85TH ST  OCALA FL 34476",Active,,,,,,,,,,,,,,,
OCALA,MARION,29.17261111,-82.22416666,OCALA INTERNATIONAL-JIM TAYLOR FIELD,AIRPORT,750 SOUTHWEST 60TH AVENUE  OCALA FL 34474-1270,Active,,,,,,,,,,,,,,,
OCKLAWAHA,MARION,29.12358888,-81.88702777,WOODS AND LAKE AIRPARK,AIRPORT,DWAINE BERRY 6504 SE 159TH COURT  OCKLAWAHA FL 32179,Active,,,,,,,,,,,,,,,
 ,MARION,28.98333333,-81.95,SKIPPERS AIRPORT,AIRPORT,"SKIPPER, SCOTT 17025 SE 19TH COURT  SUMMERFIELD FL 34491",active,,,,,,,,,,,,,,,
 ,MARION,29.01886944,-82.11369999,MONROE AIRPARK,AIRPORT,"MONROE, DENNIS 1770 SE 140TH STREET  SUMMERFIELD FL 34491",Active,,,,,,,,,,,,,,,
 ,MARION,28.97914999,-82.03314166,DALLAS AIRPORT,AIRPORT,"CANGELOSI ,JOHN M. 7280 SE HWY 42 SUMMERFIELD FL 34491",Active,,,,,,,,,,,,,,,
BELLEVIEW,MARION,29.02636944,-81.98786388,JOHARY AIRPORT,AIRPORT,"JOHARY, C 13250 SE 100TH AVE BELLEVIEW FL 34420",Active,,,,,,,,,,,,,,,
WEIRSDALE,MARION,28.96192777,-81.89146944,LOVE FIELD,AIRPORT,"LOVE, JOHN 10835 SE SUNSET HARBOR ROAD  SUMMERFIELD FL 34491",Active,,,,,,,,,,,,,,,
WEIRSDALE,MARION,28.97553888,-81.91869444,HOBBY HILL AIRPORT,AIRPORT,"WIMBERLY, GARY P.O. BOX 33  EAST LAKE WEIR FL 32133",Active,,,,,,,,,,,,,,,
SUMMERFIELD,MARION,29.00109166,-82.10064444,NORTON AIRPORT,AIRPORT,"NORTON, HUGH 15010 SE 28TH COURT  SUMMERFIELD FL 34491",Active,,,,,,,,,,,,,,,
PALM CITY,MARTIN,27.10282777,-80.29338055,TROPICAL PLANTATION AIRPORT,AIRPORT,"MADONIA, STEVE 3655 SW 96 STREET STUART FL 34990",Active,,,,,,,,,,,,,,,
PALM CITY,MARTIN,27.14282777,-80.33782777,NAKED LADY RANCH AIRPORT,AIRPORT,"6100 SW. MOORE ST.,  PALM CITY FL 34990",Active,,,,,,,,,,,,,,,
JUPITER,MARTIN,26.9795,-80.21865555,TAILWINDS AIRPARK,AIRPORT,TAILWINDS HOMEOWNERS ASSOCIATION 2400 SE DOWNWINDS RD JUPITER FL 33478,Active,,,,,,,,,,,,,,,
INDIANTOWN,MARTIN,27.09333333,-80.61222222,HORSESHOE ACRES AIRPARK,AIRPORT,26110 SW 86TH STREET  INDIANTOWN FL 34956,Active,,,,,,,,,,,,,,,
INDIANTOWN,MARTIN,27.11338333,-80.63338888,BRADY RANCH AIRPORT,AIRPORT,"BRADY, FRANK P.O. BOX 536  OKEECHOBEE FL 34973",Active,,,,,,,,,,,,,,,
INDIANTOWN,MARTIN,27.03644166,-80.44005,INDIANTOWN AIRPORT,AIRPORT,20654 SOUTHWEST CITRUS BOULEVARD  INDIANTOWN FL 34956,Active,,,,,,,,,,,,,,,
MIAMI,MIAMI-DADE,25.56961111,-80.39877777,BURRS STRIP,AIRPORT,"BURR, CHARLES 21100 SW 127TH AVENUE  MIAMI FL 33177",Active,,,,,,,,,,,,,,,
MIAMI,MIAMI-DADE,25.61965833,-80.49231666,LINDBERGHS LANDING AIRSTRIP,AIRPORT,"TORRES, RAMON 17705 SW 158TH STREET  MIAMI FL 33187-1208",Active,,,,,,,,,,,,,,,
MIAMI,MIAMI-DADE,25.55966666,-80.51473611,RICHARDS FIELD ,AIRPORT,22001 SW 202 AVE  MIAMI FL 33170,Active,,,,,,,,,,,,,,,
MIAMI,MIAMI-DADE,25.55217499,-80.55581944,MJD STOLPORT,AIRPORT,"DUREIKO, MARTIN 22361 SW 232ND STREET  MIAMI FL 33170",Active,,,,,,,,,,,,,,,
MIAMI,MIAMI-DADE,25.79536111,-80.29011111,MIAMI INTERNATIONAL AIRPORT,AIRPORT,4200 NORTHWEST 21ST STREET  MIAMI FL 33159,Active,,,,,,,,,,,,,,,
MIAMI,MIAMI-DADE,25.64788888,-80.43277777,KENDALL-TAMIAMI EXECUTIVE AIRPORT,AIRPORT,12800 SOUTH WEST 145 AVENUE  MIAMI FL 33186,Active,,,,,,,,,,,,,,,
HOMESTEAD,MIAMI-DADE,25.48844166,-80.38366666,HOMESTEAD ARB,AIRPORT,COMMAND POST 305-224-7023 USAF RESERVE HOMESTEAD FL 33030,Active,,,,,,,,,,,,,,,
HOMESTEAD,MIAMI-DADE,25.54678333,-80.46538055,MACS FIELD,AIRPORT,"MUNZ, CHARLES 23600 SW 162 AVENUE  HOMESTEAD FL 33031",Active,,,,,,,,,,,,,,,
HOMESTEAD,MIAMI-DADE,25.49871944,-80.554225,HOMESTEAD GENERAL AVIATION AIRPORT,AIRPORT,28700 SOUTH WEST 217 AVENUE  HOMESTEAD FL 33030,Active,,,,,,,,,,,,,,,
 ,MIAMI-DADE,25.52777777,-80.5,THE WRIGHT PLACE STOLPORT,AIRPORT,"WRIGHT, GEORGE P.O. BOX 1751  HOMESTEAD FL 33090",Active,,,,,,,,,,,,,,,
 ,MIAMI-DADE,25.77833333,-80.17027777,MIAMI SEAPLANE BASE,AIRPORT,1000 MACAURTHUR CAUSEWAY  MIAMI FL 33132,Active,,,,,,,,,,,,,,,
TAVERNIER,MONROE,25.00493333,-80.53290555,TAVERNAERO AIRPARK,AIRPORT,P.O. BOX 171  TAVERNIER FL 33070,Active,,,,,,,,,,,,,,,
SUMMERLAND KEY,MONROE,24.65916111,-81.44566666,SUMMERLAND KEY COVE AIRPORT,AIRPORT,AIRPORT DRIVE SOUTH & NORTH P.O. BOX  420290  SUMMERLAND KEY FL 33042,Active,,,,,,,,,,,,,,,
SUMMERLAND KEY,MONROE,24.64883611,-81.57759444,SUGAR LOAF AIRPORT,AIRPORT,"GOOD,  JOHN 17001 OVERSEAS HIGHWAY SUGARLOAF KEY FL 33042",Active,,,,,,,,,,,,,,,
KEY WEST,MONROE,24.5757,-81.68897777,KEY WEST NAS / BOCA CHICA FIELD,AIRPORT,BASE OPERATIONS 305-293-2770 U.S. NAVY KEY WEST FL ,Active,,,,,,,,,,,,,,,
KEY WEST,MONROE,24.55612222,-81.75954444,KEY WEST INTERNATIONAL AIRPORT,AIRPORT,3491 SOUTH ROOSEVELT BOULEVARD  KEY WEST FL 33040,Active,,,,,,,,,,,,,,,
KEY LARGO,MONROE,25.32539166,-80.274775,OCEAN REEF CLUB AIRPORT,AIRPORT,JANIS SMYLY 35 OCEAN REEF DRIVE  KEY LARGO FL 33037,Active,,,,,,,,,,,,,,,
YULEE,NASSAU,30.60058333,-81.57083333,FLYING A RANCH AIRPORT,AIRPORT,"ARNETT, FREDDY 85454 FLYING A RANCH DRIVE  YULEE FL 32097",Active,,,,,,,,,,,,,,,
YULEE,NASSAU,30.62686111,-81.53476388,NASSAU PRIVATE FIELD,AIRPORT,"HANCOCK, STEPHEN 96541 CESSNA DRIVE  YULEE FL 32097",Active,,,,,,,,,,,,,,,
BAKER,OKALOOSA,30.81851944,-86.68801111,DOTSON FARMS AIRPORT,AIRPORT,"DOTSON, GLENN 1250 HIGHWAY C4A  BAKER FL 32531",Active,,,,,,,,,,,,,,,
BAKER,OKALOOSA,30.85388888,-86.66722222,SKY PARK ESTATES AIRPORT,AIRPORT,"WILLIAMS, REDDOCH 1493 SKY RANCH LANE BAKER FL 32531",Active,,,,,,,,,,,,,,,
CRESTVIEW,OKALOOSA,30.80018611,-86.43550555,FIVE OAKS ESTATE,AIRPORT,"SCOTT, RONALD 4274 POVERTY CREEK ROAD  CRESTVIEW FL 32539",Active,,,,,,,,,,,,,,,
CRESTVIEW,OKALOOSA,30.78185277,-86.46717222,TRIPLE B AIRPARK STOLPORT,AIRPORT,5706 MOUNT OLIVE RD  CRESTVIEW FL 32539,Active,,,,,,,,,,,,,,,
CRESTVIEW,OKALOOSA,30.77883611,-86.52211388,BOB SIKES AIRPORT,AIRPORT,5545 JOHN GIVENS ROAD  CRESTVIEW FL 32536,Active,,,,,,,,,,,,,,,
EGLIN AFB,OKALOOSA,30.63185833,-86.74717777,EGLIN TEST SITE B6,AIRPORT,COMMAND POST 850-883-4020 U.S. AIR FORCE VALPARAISO FL ,Active,,,,,,,,,,,,,,,
EGLIN AFB,OKALOOSA,30.65185833,-86.52300555,EGLIN AF AUX NR 3 DUKE,AIRPORT,COMMAND POST 850-884-8100 U.S. AIR FORCE VALPARAISO FL ,Active,,,,,,,,,,,,,,,
EGLIN AFB,OKALOOSA,30.48333333,-86.52533333,NORTHWEST FLORIDA REGIONAL AIRPORT / EGLIN AFB,AIRPORT,1701 HWY 85 NORTH  EGLIN AIR FORCE BASE FL 32542-1413,Active,,,,,,,,,,,,,,,
HURLBURT FIELD,OKALOOSA,30.42881111,-86.68884444,HURLBURT FIELD,AIRPORT,COMMAND POST 850-884-8100 U.S. AIR FORCE MARY ESTHER FL ,Active,,,,,,,,,,,,,,,
HOLT,OKALOOSA,30.68546944,-86.74717777,YELLOW RIVER VALLEY AIRSTRIP,AIRPORT,THOMAS H JULIAN P.O. BOX 85  HOLT FL 32564,Active,,,,,,,,,,,,,,,
NICEVILLE,OKALOOSA,30.51964166,-86.43828055,RUCKEL AIRPORT,AIRPORT,"RUCKEL PROPERTIES, INC. 1003C JOHN SIMS PARKWAY EAST NICEVILLE FL 32578",Active,,,,,,,,,,,,,,,
OKEECHOBEE,OKEECHOBEE,27.54198055,-80.83311666,INDIAN HAMMOCK AIRPORT,AIRPORT,"MARILYN KLUEGEL 32801 US HIGHWAY 441 NORTH,  #268  OKEECHOBEE FL 34972",Active,,,,,,,,,,,,,,,
OKEECHOBEE,OKEECHOBEE,27.59777777,-80.84611111,RUSSAKIS RANCH 441 AIRPORT,AIRPORT,8801 INDRIO ROAD  FT. PIERCE FL 34951,ACTIVE,,,,,,,,,,,,,,,
OKEECHOBEE,OKEECHOBEE,27.15555555,-80.69166666,FLYING COW AIR RANCH,AIRPORT,"WESTGATE & BEYOND, INC. 10151 SE 126TH BLVD  OKEECHOBEE FL 34974",Active,,,,,,,,,,,,,,,
OKEECHOBEE,OKEECHOBEE,27.36115277,-80.76089166,PAXTON AIRPORT,AIRPORT,"PAXTON, JOHN 6333 NE 120TH STREET  OKEECHOBEE FL 34972",Active,,,,,,,,,,,,,,,
OKEECHOBEE,OKEECHOBEE,27.333375,-80.73616944,CITRUS HEDGING RANCH AIRPORT,AIRPORT,9000 NE 120TH STREET  OKEECHOBEE FL 34972,Active,,,,,,,,,,,,,,,
OKEECHOBEE,OKEECHOBEE,27.32531944,-81.02867499,RIVER ACRES AIRPORT,AIRPORT,"BUSSELL, JAN 19840 NW 94TH DRIVE  OKEECHOBEE FL 34972",Active,,,,,,,,,,,,,,,
OKEECHOBEE,OKEECHOBEE,27.23088055,-80.96923055,RIVER OAK ACRES AIRPORT,AIRPORT,13525 SW 144TH PKWY   OKEECHOBEE FL 34974,Active,,,,,,,,,,,,,,,
OKEECHOBEE,OKEECHOBEE,27.36309722,-80.77283611,SUNNILAND RANCH AIRPORT,AIRPORT,"MALONE, WILLIAM 12245 NE 56TH STREET  OKEECHOBEE FL 34972",Active,,,,,,,,,,,,,,,
OKEECHOBEE,OKEECHOBEE,27.26611111,-80.85015555,OKEECHOBEE COUNTY AIRPORT,AIRPORT,2800 NORTH WEST 20TH TRAIL  OKEECHOBEE FL 34972,Active,,,,,,,,,,,,,,,
 ,OKEECHOBEE,27.45692222,-80.99718611,BASS FAMILY INC. AIRPORT,AIRPORT,COUNTY ROAD 724 & 700A  OKEECHOBEE FL 34972,Active,,,,,,,,,,,,,,,
 ,OKEECHOBEE,27.24111111,-80.74111111,RANCH-AERO AIRPORT,AIRPORT,"CUNNINGHAM, FRANK 810 SE 80TH AVENUE  OKEECHOBEE FL 34974",Active,,,,,,,,,,,,,,,
 ,OKEECHOBEE,27.29583333,-80.70416666,GOODBREAD RANCH AIRPORT,AIRPORT,"GOODBREAD, BRADLEY 12575 HWY 70 E  OKEECHOBEE FL 34972",Active,,,,,,,,,,,,,,,
 ,OKEECHOBEE,27.58027777,-80.81527777,LAKE MONTAZA AIRPORT,AIRPORT,1494 NE 342ND TRAIL  OKEECHOBEE FL 34972,Active,,,,,,,,,,,,,,,
 ,OKEECHOBEE,27.23421388,-80.90367222,SUNSET STRIP AIRPARK,AIRPORT,DEWEY DANIEL 7589 SW 13TH ST OKEECHOBEE FL 34973,Active,,,,,,,,,,,,,,,
ORLANDO,ORANGE,28.58944444,-81.14423055,RYBOLT RANCH AIRPORT,AIRPORT,"LAMAR, MARY P.O. BOX 3350  WINTER PARK FL 32790",Active,,,,,,,,,,,,,,,
ORLANDO,ORANGE,28.61888888,-81.50868333,CARTER AIRPORT,AIRPORT,"CARTER, BYRON P.O. BOX 2635  WINTER PARK FL 32790",Active,,,,,,,,,,,,,,,
ORLANDO,ORANGE,28.42888888,-81.31602777,ORLANDO INTERNATIONAL AIRPORT,AIRPORT,ONE JEFF FUQUA BLVD  ORLANDO FL 32827,Active,,,,,,,,,,,,,,,
ORLANDO,ORANGE,28.54547222,-81.33294444,EXECUTIVE AIRPORT,AIRPORT,365 RICKENBACKER DRIVE  ORLANDO FL 32803,Active,,,,,,,,,,,,,,,
MOUNT DORA,ORANGE,28.76027222,-81.60590555,TANGERINE AIRPORT,AIRPORT,"KIMBALL, JIM P.O. BOX 849  ZELLWOOD FL 32798",Active,,,,,,,,,,,,,,,
MOUNT DORA,ORANGE,28.72527777,-81.65083333,ORLANDO NORTH AIRPARK,AIRPORT,"LOOMIS, BOB 2849 LUST ROAD  APOPKA FL 32703",Active,,,,,,,,,,,,,,,
MOUNT DORA,ORANGE,28.73360555,-81.63313055,BOB WHITE FIELD,AIRPORT,7011 WEST JONES AVENUE  ZELLWOOD FL 32798,Active,,,,,,,,,,,,,,,
 ,ORANGE,28.39611944,-81.56590555,LAKE BUENA VISTA STOLPORT,AIRPORT,"MOUSSEAU, JEFFEREY P.O. BOX 10,000; ATTN: LEGAL DEPARTMENT  LAKE BUENA VISTA FL 32830",Active,,,,,,,,,,,,,,,
KENANSVILLE,OSCEOLA,27.77863888,-81.09978888,BLANKET BAY AIRPORT,AIRPORT,"ADAMS, MIKE P.O. BOX 12909  FT. PIERCE FL 34979-2909",Active,,,,,,,,,,,,,,,
KENANSVILLE,OSCEOLA,27.86277777,-80.95805555,ESCAPE RANCH AIRPORT,AIRPORT,RANDY HOOPER P.O. BOX 58  KENANSVILLE FL 34739,Active,,,,,,,,,,,,,,,
SAINT CLOUD,OSCEOLA,28.04335277,-81.01923055,FOREVER FLORIDA AIRPORT,AIRPORT,"BROUSSARD, WILLIAM 4755 KENANSVILLE ROAD  ST. CLOUD FL 34773",Active,,,,,,,,,,,,,,,
SAINT CLOUD,OSCEOLA,28.13723888,-81.26340277,GENTRY AIRPORT,AIRPORT,"SESSIONS, RAYMOND 2409 SW SISTER'S WELCOME RD SUITE 101 LAKE CITY FL 32025",Active,,,,,,,,,,,,,,,
SAINT CLOUD,OSCEOLA,28.20862499,-81.11923055,LAKE X AIRPORT,AIRPORT,DAVE UNDERWOOD 7555 OLD MELBOURNE HWY  ST. CLOUD FL 34771,Active,,,,,,,,,,,,,,,
KISSIMMEE,OSCEOLA,28.25862222,-81.38395833,STOUT INTERNATIONAL AIRPORT & SPB,AIRPORT,1575 PINE ISLAND RD  KISSIMMEE FL 34744,Active,,,,,,,,,,,,,,,
KISSIMMEE,OSCEOLA,28.28980555,-81.43708333,KISSIMMEE GATEWAY AIRPORT,AIRPORT,301 NORTH  DYER BOULEVARD SUITE 101 KISSIMMEE FL 34744-4613,Active,,,,,,,,,,,,,,,
 ,OSCEOLA,27.69416666,-81.11333333,EL MAXIMO RANCH AIRPORT,AIRPORT,"WILSON, LATIMER T. P.O. BOX 3737  LAKE WALES FL 33859",Active,,,,,,,,,,,,,,,
SOUTHWEST PALM BEACH CO,PALM BEACH,26.58784722,-80.63727777,DUDA AIRSTRIP ,AIRPORT,"CHAPMAN, TRACY P.O. BOX 620257  OVIEDO FL 32762-0257",Active,,,,,,,,,,,,,,,
SOUTHWEST PALM BEACH CO,PALM BEACH,26.58083333,-80.75611111,OKEELANTA AIRPORT,AIRPORT,JOSE GONZALEZ 21250 US HIGHWAY 27 S SOUTH BAY FL 33493,Active,,,,,,,,,,,,,,,
 ,PALM BEACH,26.548125,-80.21476944,WILLIS GLIDERPORT AIRPARK,AIRPORT,"ROBERTSON, TERRY 10640 DENOEU ROAD  BOYNTON BEACH FL 33472",Active,,,,,,,,,,,,,,,
LOXAHATCHEE,PALM BEACH,26.90839166,-80.32893611,WILLIAM P GWINN AIRPORT,AIRPORT,"HARRIS, TREVOR P.O. BOX 109610  WEST PALM BEACH FL 33410-9610",Active,,,,,,,,,,,,,,,
LOXAHATCHEE,PALM BEACH,26.62256666,-80.305325,LOXAHATCHEE AIRPORT,AIRPORT,4153 160TH AVENUE SOUTH  WELLINGTON FL 33414,Active,,,,,,,,,,,,,,,
DELRAY BEACH,PALM BEACH,26.46534999,-80.14976666,ANTIQUERS AERODROME,AIRPORT,"LUMLEY, WILLIAM 7320 SKYLINE DRIVE  DELRAY BEACH FL 33446",Active,,,,,,,,,,,,,,,
WEST PALM BEACH,PALM BEACH,26.64645555,-80.29421388,WELLINGTON AERO CLUB AIRPORT,AIRPORT,3461B FAIRLANE FARMS RD.   WELLINGTON FL 33414,Active,,,,,,,,,,,,,,,
WEST PALM BEACH,PALM BEACH,26.84537305,-80.22148111,NORTH PALM BEACH COUNTY GENERAL AVIATION AIRPORT,AIRPORT,11600 AVIATION BOULEVARD  WEST PALM BEACH FL 33412,Active,,,,,,,,,,,,,,,
WEST PALM BEACH,PALM BEACH,26.68315833,-80.09558888,PALM BEACH INTERNATIONAL AIRPORT,AIRPORT,BUILDING 846 PBIA  WEST PALM BEACH FL 33406-1491,Active,,,,,,,,,,,,,,,
DADE CITY,PASCO,28.45416666,-82.21555555,CUB HAVEN STOLPORT,AIRPORT,"SPRIGG, JAMES 38102 MERIDIAN AVENUE  DADE CITY FL 33525",Active,,,,,,,,,,,,,,,
DADE CITY,PASCO,28.41305555,-82.22341666,DUSTY AIRPATCH,AIRPORT,"RHODE, H W 35731 BLANTON ROAD  DADE CITY FL 33523",Active,,,,,,,,,,,,,,,
 ,PASCO,28.45147222,-82.217,TWO JS FLYING RANCH AIRPORT,AIRPORT,"WERME, JAMES P.O. BOX 508  TRILBY FL 33593",Active,,,,,,,,,,,,,,,
 ,PASCO,28.175,-82.48777777,GERACI FIELD,AIRPORT,20005 COUNTY LINE ROAD  LUTZ FL 33558,Active,,,,,,,,,,,,,,,
 ,PASCO,28.4725,-82.25194444,FIELD OF DREAMS AIRPORT,AIRPORT,"MILLER, LARRY 21412 FIELD OF DREAMS LANE  DADE CITY FL 33523",Active,,,,,,,,,,,,,,,
NEW PORT RICHEY,PASCO,28.28222222,-82.64583333,HIDDEN LAKE AIRPORT,AIRPORT,"UNGAR, ED 8901 AIRWAY BLVD  NEW PORT RICHEY FL 34654",Active,,,,,,,,,,,,,,,
 ,POLK,27.84444444,-81.43916666,DAVID WINES AIRSTRIP,AIRPORT,"HETTINGER, WILLIAM 2600 CEDARWOOD DRIVE  LAKE WALES FL 33898",Active,,,,,,,,,,,,,,,
 ,POLK,28.04388888,-81.85138888,EAGLES NEST LANDING,AIRPORT,"GROOVER, LARRY 1633 TAYLOR STREET  AUBURNDALE FL 33823",Active,,,,,,,,,,,,,,,
 ,POLK,28.14335,-81.64701944,GORE AIRPORT,AIRPORT,"GORE, DAVID P.O. BOX 519  DAVENPORT FL 33836",Active,,,,,,,,,,,,,,,
 ,POLK,27.78972222,-81.64972222,VILLA CHAR MAR AIRPORT,AIRPORT,1901 BUFFUM LAKE TRAIL  FT MEADE FL 33841,Active,,,,,,,,,,,,,,,
 ,POLK,27.75722222,-81.60055555,RIDGE LANDING AIRPORT,AIRPORT,"FAZZINI, JOHN 101 EAST STUART AVENUE  LAKE WALES FL 33853",Active,,,,,,,,,,,,,,,
 ,POLK,27.93961111,-81.43202777,BENT WILLIES AIRPORT,AIRPORT,9605 CAMP MACK ROAD  LAKE WALES FL 33898,Active,,,,,,,,,,,,,,,
 ,POLK,28.05861111,-81.81638888,MARKET WORLD AIRPORT,AIRPORT,"TO, VINCENT 1053 HIGHWAY 92 WEST  AUBURNDALE FL 33823",Active,,,,,,,,,,,,,,,
 ,POLK,28.15751666,-81.56813055,GATOR AIRPARK STOLPORT,AIRPORT,"ALBRITTON, ROBERT 4525 ALBRITTON ROAD  ST CLOUD FL 34772",Active,,,,,,,,,,,,,,,
 ,POLK,27.95379444,-81.60142222,CHALET SUZANNE AIR STRIP,AIRPORT,3800 CHALET SUZANNE DRIVE  LAKE WALES FL 33859-7763,Active,,,,,,,,,,,,,,,
 ,POLK,28.0575,-81.76280555,JACK BROWNS SEAPLANE BASE,AIRPORT,2704 U.S. HIGHWAY 92  WINTER HAVEN FL 33880,Active,,,,,,,,,,,,,,,
LAKELAND,POLK,28.21167777,-81.99869166,GREEN SWAMP AERODROME,AIRPORT,"ARALDI, SUZANNE 11465 IRONHEAD TRAIL  LAKELAND FL 33809",Active,,,,,,,,,,,,,,,
LAKELAND,POLK,28.28166666,-81.94111111,BURNTWOOD RANCH AIRPORT,AIRPORT,ALEJANDRO VILLANUEVA 6225 DEEN STILL ROAD  LAKELAND FL 33809,Active,,,,,,,,,,,,,,,
LAKELAND,POLK,27.98891666,-82.01855555,LAKELAND LINDER REGIONAL AIRPORT,AIRPORT,3900 DON EMERSON DRRIVE SUITE 210 LAKELAND FL 33811,Active,,,,,,,,,,,,,,,
FROSTPROOF,POLK,27.75030555,-81.55951944,LAKE CLINCH AIRPARK,AIRPORT,"AMATO, LOUIS 446 AIRPORT ROAD  FROSTPROOF FL 33843",Active,,,,,,,,,,,,,,,
FROSTPROOF,POLK,27.65058611,-81.34951666,MACDILL AFB AUX FLD,AIRPORT,COMMAND POST 813-828-4361 U.S. AIR FORCE AVON PARK FL ,Active,,,,,,,,,,,,,,,
POLK CITY,POLK,28.20640277,-81.82785555,FLANDERS FIELD,AIRPORT,"NEWBERRY, ROBERT P.O. BOX 2003  LAKELAND FL 33806",Active,,,,,,,,,,,,,,,
POLK CITY,POLK,28.16695833,-81.80813333,"ORLAMPA, INC. AIRPORT",AIRPORT,1400 BROADWAY BLVD. SE  POLK CITY FL 33868,Active,,,,,,,,,,,,,,,
HAINES CITY,POLK,28.01416666,-81.54055555,SOUTHERLY AIRPORT,AIRPORT,"DREWNIANY, FRANK 971 SAN PEDRO AVENUE  CORAL GABLES FL 33156",Active,,,,,,,,,,,,,,,
CRESCENT CITY,PUTNAM,29.42707027,-81.60423833,EAGLES NEST AIRPORT & SPB,AIRPORT,521 GEORGETOWN SHORTCUT RD  CRESCENT CITY FL 32112,Active,,,,,,,,,,,,,,,
CRESCENT CITY,PUTNAM,29.43491666,-81.65676388,MOUNT ROYAL AIRPORT,AIRPORT,JASON I. SHEFFIELD 111 INDIAN MOUND DRIVE CRESCENT CITY FL 32112,Active,,,,,,,,,,,,,,,
CRESCENT CITY,PUTNAM,29.44123611,-81.58443055,JIM FINLAY FARM AIRPORT,AIRPORT,"ABBING, FRITS P.O. BOX 774  CRESCENT CITY FL 32112",Active,,,,,,,,,,,,,,,
CRESCENT CITY,PUTNAM,29.47348611,-81.57095833,THUNDERBIRD AIRPARK,AIRPORT,"SAULS, IVESON P.O. BOX 27 118 CESSNA STREET LAKE COMO FL 32157",Active,,,,,,,,,,,,,,,
CRESCENT CITY,PUTNAM,29.40483333,-81.49655555,CRESCENT LAKE FARMS AIRPORT,AIRPORT,"C/O MIDNIGHT FLORIDA LAND, LLC 350 CLIFTON ROAD  CRESCENT CITY  FL 32112",Active,,,,,,,,,,,,,,,
CRESCENT CITY,PUTNAM,29.50230555,-81.57743055,POMONA LANDING AIRPORT,AIRPORT,"WARREN, ROBERT 113 POMONA LANDING RD.  POMONA PARK FL 32181",Active,,,,,,,,,,,,,,,
 ,PUTNAM,29.52060555,-81.66647222,LIB FIELD,AIRPORT,"BRENNER, DONALD 119 ASHLEY LANE  SATSUMA FL 32189-3101",Active,,,,,,,,,,,,,,,
 ,PUTNAM,29.56680555,-81.85013888,OAK RIDGE AIR PARK,AIRPORT,160 OAK RIDGE DRIVE  INTERLACHEN FL 32148,Active,,,,,,,,,,,,,,,
 ,PUTNAM,29.47926388,-82.05334722,MARJORIE KENNAN RAWLINGS AIRPORT,AIRPORT,"STRANG, CARL P.O. BOX 194  WINTER HAVEN FL 33882-5558",Active,,,,,,,,,,,,,,,
HAWTHORNE,PUTNAM,29.66246666,-82.00926111,SANDERS RANCH AIRPORT,AIRPORT,SANDERS DRIVE S 1611 BADEN POWELL ROAD  HAWTHORNE FL 32640,Active,,,,,,,,,,,,,,,
HAWTHORNE,PUTNAM,29.66770833,-81.95204166,MELROSE LANDING AIRSTRIP ,AIRPORT,267 MELROSE LANDING DRIVE  HAWTHORNE FL 32640,Active,,,,,,,,,,,,,,,
HASTINGS,ST. JOHNS,29.68969444,-81.50680555,EARLE AIRPARK,AIRPORT,"EARLE, NORMAN 8701 HASTINGS BLVD  HASTINGS FL 32145",Active,,,,,,,,,,,,,,,
HASTINGS,ST. JOHNS,29.67643055,-81.499,TATER FARMS STRIP,AIRPORT,5625 KELLY RD.  HASTINGS FL 32145,Active,,,,,,,,,,,,,,,
ELKTON,ST. JOHNS,29.72833055,-81.43879444,HUTSON AIRFIELD,AIRPORT,SR 206 WEST  ST. AUGUSTINE FL 32033,Active,,,,,,,,,,,,,,,
PORT SAINT LUCIE,ST. LUCIE,27.27782222,-80.58588888,EVANS PROPERTIES AIRPORT,AIRPORT,"EDWARDS, RONALD 660 BEACHLAND BLVD, #301  VERO BEACH FL 32963",Active,,,,,,,,,,,,,,,
PORT SAINT LUCIE,ST. LUCIE,27.34198611,-80.522,AERO ACRES AIRPORT,AIRPORT,"OWEN, BEBE 18506 MACH ONE DRIVE  PORT ST. LUCIE FL 34987-3211",Active,,,,,,,,,,,,,,,
PORT SAINT LUCIE,ST. LUCIE,27.24875,-80.494,TREASURE COAST AIRPARK,AIRPORT,12301 RANGE LINE ROAD  PORT SAINT LUCIE FL 34987,Active,,,,,,,,,,,,,,,
PORT SAINT LUCIE,ST. LUCIE,27.36115277,-80.57088888,HALE 700 AIRPORT,AIRPORT,"EDWARDS, RONALD 660 BEACHLAND BLVD, SUITE 301  VERO BEACH FL 32963",Active,,,,,,,,,,,,,,,
FORT PIERCE,ST. LUCIE,27.40892777,-80.42783055,WILLIAMS HAWGWILD AIRPORT,AIRPORT,"GORDY, JAMES 500 PULITZER ROAD  FT. PIERCE FL 34945",Active,,,,,,,,,,,,,,,
FORT PIERCE,ST. LUCIE,27.44392777,-80.56505555,DRAGONFLY AIRPORT,AIRPORT,"ADAMS, MIKE P.O. BOX 12909  FT. PIERCE FL 34979-2909",Active,,,,,,,,,,,,,,,
FORT PIERCE,ST. LUCIE,27.54725833,-80.66200277,SCOTT 2000 AIRPORT,AIRPORT,"EDWARDS, RONALD 660 BEACHLAND BLVD, SUITE 301  VERO BEACH FL 32963",Active,,,,,,,,,,,,,,,
FORT PIERCE,ST. LUCIE,27.44198333,-80.58422222,ADAMS RANCH AIRPORT,AIRPORT,"ADAMS, MIKE P.O. BOX 12909  FT. PIERCE FL 34979-2909",Active,,,,,,,,,,,,,,,
FORT PIERCE,ST. LUCIE,27.41142777,-80.52616666,SOUTHEASTERN AIRPORT,AIRPORT,"STONE, CHARLES 2720 SNEED ROAD  FORT PIERCE FL 34945-4711",Active,,,,,,,,,,,,,,,
FORT PIERCE,ST. LUCIE,27.49506388,-80.36827222,ST LUCIE COUNTY INTERNATIONAL AIRPORT,AIRPORT,3000 CURTIS KING BOULEVARD  FORT PIERCE FL 34946,Active,,,,,,,,,,,,,,,
JAY,SANTA ROSA,30.96934999,-87.05722222,THOMAS FARMS AIRPORT,AIRPORT,6220 TALL PNE ROAD  JAY FL 32565,Active,,,,,,,,,,,,,,,
EGLIN AFB,SANTA ROSA,30.50694444,-86.95972222,CHOCTAW NOLF,AIRPORT,OPERATIONS CENTER 850-623-7333 U.S. NAVY MILTON FL ,Active,,,,,,,,,,,,,,,
MILTON,SANTA ROSA,30.61666666,-87.13333333,SPENCER NOLF,AIRPORT,OPERATIONS CENTER 850-623-7333 U.S. NAVY PACE FL ,Active,,,,,,,,,,,,,,,
MILTON,SANTA ROSA,30.49519722,-87.0858,GARCON FIELD AIRPORT,AIRPORT,"HENRY, EDWIN 1637 PEARSON ROAD  MILTON FL 32583",Active,,,,,,,,,,,,,,,
MILTON,SANTA ROSA,30.72416666,-87.02194444,WHITING FIELD NAS - NORTH,AIRPORT,OPERATIONS CENTER 850-623-7333 U.S. NAVY MILTON FL ,Active,,,,,,,,,,,,,,,
MILTON,SANTA ROSA,30.69713611,-87.01635277,WHITING FIELD NAS - SOUTH,AIRPORT,OPERATIONS CENTER 850-623-7333 U.S. NAVY MILTON FL ,Active,,,,,,,,,,,,,,,
MILTON,SANTA ROSA,30.87768611,-86.85440555,BLACKWATER AIRFIELD,AIRPORT,FLORIDA FOREST SERVICE 11650 MUNSON HWY MILTON FL 32570,Active,,,,,,,,,,,,,,,
MILTON,SANTA ROSA,30.61083333,-86.94,SANTA ROSA NOLF,AIRPORT,OPERATIONS CENTER 850-623-7333 U.S. NAVY MILTON FL ,Active,,,,,,,,,,,,,,,
MILTON,SANTA ROSA,30.673525,-86.85190277,MCCUTCHAN AIRSTRIP,AIRPORT,11175 HIGHWAY 90  MILTON FL 32583,Active,,,,,,,,,,,,,,,
MILTON,SANTA ROSA,30.63762222,-86.99365277,PETER PRINCE FIELD,AIRPORT,5550 NORTH AIRPORT ROAD  MILTON FL 32583,Active,,,,,,,,,,,,,,,
 ,SANTA ROSA,30.69965277,-87.19564722,PACE NOLF,AIRPORT,OPERATIONS CENTER 850-623-7333 U.S. NAVY WALLACE FL ,Active,,,,,,,,,,,,,,,
 ,SANTA ROSA,30.87601666,-87.20746944,BUCHANAN AIRPORT,AIRPORT,"BUCHANAN, GARY 2951 BUD DIAMOND ROAD  JAY FL 32565",Active,,,,,,,,,,,,,,,
 ,SANTA ROSA,30.72518888,-87.20136111,J-22 RANCH AIRPORT,AIRPORT,"COOK, CHARLES 7869 SKYHAWK ROAD  PACE FL 32571",Active,,,,,,,,,,,,,,,
 ,SANTA ROSA,30.85268611,-87.23552777,ODOMS FLYING SERVICE AIRPORT,AIRPORT,"ODOM, DOUGLAS 1870 MINERAL SPRINGS ROAD  JAY FL 32565",Active,,,,,,,,,,,,,,,
 ,SANTA ROSA,30.90212777,-87.17441388,JAY FLYING SERVICE AIRPORT,AIRPORT,"NELSON, JIMMY 3110 PINE LEVEL CHURCH ROAD  JAY FL 32565",Active,,,,,,,,,,,,,,,
 ,SANTA ROSA,30.68074722,-86.88718333,HAROLD NOLF,AIRPORT,OPERATIONS CENTER 850-623-7333 U.S. NAVY HAROLD FL ,Active,,,,,,,,,,,,,,,
NAVARRE,SANTA ROSA,30.42519722,-86.89385,HOLLEY NOLF,AIRPORT,OPERATIONS CENTER 850-623-7333 U.S. NAVY FORT WALTON BEACH FL ,Active,,,,,,,,,,,,,,,
NAVARRE,SANTA ROSA,30.40656944,-86.82912499,FT WALTON BEACH AIRPORT,AIRPORT,9401 NAVARRE PARKWAY  NAVARRE FL 32566,Active,,,,,,,,,,,,,,,
SARASOTA,SARASOTA,27.34365555,-82.31731388,SCHWARTZ FARMS AIRPORT,AIRPORT,"SCHWARTZ, MICHAEL 13011 FRUITVILLE ROAD  SARASOTA FL 34240",Active,,,,,,,,,,,,,,,
SARASOTA,SARASOTA,27.30310277,-82.27259166,HIDDEN RIVER AIRPORT,AIRPORT,"MARTENEY, DON 3776 HIDDEN RIVER RD.  SARASOTA FL 34240",Active,,,,,,,,,,,,,,,
GENEVA,SEMINOLE,28.7325,-81.07888888,SOUTHERLAND STRIP,AIRPORT,"SHAW, DAN 244 NORTH JUNGLE ROAD  GENEVA FL 32732",Active,,,,,,,,,,,,,,,
GENEVA,SEMINOLE,28.78194444,-81.15916666,CEDAR KNOLL FLYING RANCH AIRPORT,AIRPORT,"LOWERY, WILLIAM 3000 WEST OSCEOLA ROAD  GENEVA FL 32732",Active,,,,,,,,,,,,,,,
OVIEDO,SEMINOLE,28.66694166,-81.08450555,BIG OAKS RANCH AIRPORT,AIRPORT,"GREEN, QUENTIN 623 GRAND CHENIER COVE CHULUOTA FL 32766",Active,,,,,,,,,,,,,,,
WILDWOOD,SUMTER,28.81109999,-82.06536388,FREE FLIGHT INTERNATIONAL AIRPORT,AIRPORT,"ARENAS, FRANK P.O. BOX 600 1511 TAYLOR AVE. COLEMAN FL 33521",Active,,,,,,,,,,,,,,,
BUSHNELL,SUMTER,28.64527777,-82.21888888,GRASS PATCH AIRPORT,AIRPORT,"WADE, JAMES 7787 SW 70TH DRIVE  BUSHNELL FL 33513",Active,,,,,,,,,,,,,,,
BUSHNELL,SUMTER,28.67110277,-82.08730555,CHERYL-LANE LANDINGS,AIRPORT,"PURCELL, CHERYL P O BOX 1233  BUSHNELL FL 33513",Active,,,,,,,,,,,,,,,
WEBSTER,SUMTER,28.59499444,-82.14980833,KO-KEE AIRPORT,AIRPORT,"JEFFERSON, KENNETH 37305 VERO LANE  DADE CITY FL 33525",Active,,,,,,,,,,,,,,,
 ,SUMTER,28.68333333,-82.16361111,FLYING W AIRRANCH AIRPORT,AIRPORT,"WILLIAMS, ROBBY 5020 COUNTY ROAD 316A  BUSHNELL FL 33513",Active,,,,,,,,,,,,,,,
 ,SUMTER,28.95916666,-82.13416666,S & S AVION RANCH AIRPORT,AIRPORT,"DOLLEN, STANLEY 1120 COUNTY ROAD 245 NORTH  OXFORD FL 34484",Active,,,,,,,,,,,,,,,
 ,SUMTER,28.91916666,-81.98166666,TCB AIRPORT,AIRPORT,"BOWLING, CARL 8480 NW 130TH ST  REDDICK FL 32686",Active,,,,,,,,,,,,,,,
 ,SUMTER,28.63194444,-82.15777777,CONNELLS WAHOO AIRPORT,AIRPORT,"CONNELL, PATRICIA 8400 COUNTY ROAD 614A  BUSHNELL FL 33513",Active,,,,,,,,,,,,,,,
LIVE OAK,SUWANNEE,30.10911111,-83.18874722,THE TRAILS AIRPORT,AIRPORT,THE TRAILS P.O.A. 18400 211  ROAD  LIVE OAK FL 32060,Active,,,,,,,,,,,,,,,
LIVE OAK,SUWANNEE,30.17751388,-82.99755555,RED BARN ACRES AIRPORT,AIRPORT,12153 CR 252  LIVE OAK FL 32060,Active,,,,,,,,,,,,,,,
LIVE OAK,SUWANNEE,30.21129166,-83.05379166,AARON COLLINS AIRPORT,AIRPORT,"COLLINS, AARON 12544 BASS ROAD  LIVE OAK FL 32060",Active,,,,,,,,,,,,,,,
LIVE OAK,SUWANNEE,30.33898611,-83.14370833,KITTY HAWK ESTATES AIRPORT,AIRPORT,"CAUDILL, KELLY 18786 60TH PLACE A  LIVE OAK FL 32060",Active,,,,,,,,,,,,,,,
LIVE OAK,SUWANNEE,30.414625,-83.01776388,FLORIDA SHERIFFS BOYS RANCH AIRPORT,AIRPORT,"GOFF, BRUCE P.O. BOX 2000  BOYS RANCH FL 32064",Active,,,,,,,,,,,,,,,
LIVE OAK,SUWANNEE,30.25023611,-82.92408333,WINGS N SUNSETS AIRPORT,AIRPORT,"WILLSON, CATHERINE 10852 89TH ROAD  LIVE OAK FL 32060",Active,,,,,,,,,,,,,,,
LIVE OAK,SUWANNEE,30.30169999,-83.02359999,SUWANNEE COUNTY AIRPORT,AIRPORT,13308 80TH TERRACE  LIVE OAK FL 32060,Active,,,,,,,,,,,,,,,
 ,SUWANNEE,30.03568055,-82.967975,OBRIEN AIRPARK,AIRPORT,"VANSPRONSEN, PIETER P.O. BOX 257  O'BRIEN FL 32071",Active,,,,,,,,,,,,,,,
 ,SUWANNEE,30.23699999,-82.90619444,MOSS MEADOWS AIRPORT,AIRPORT,"MOSS, RONALD 11620 75TH DRIVE  LIVE OAK FL 32060",Active,,,,,,,,,,,,,,,
 ,SUWANNEE,30.4016,-82.95617222,SPIRIT OF SUWANNEE AIRPORT,AIRPORT,3076 95TH DRIVE  LIVE OAK FL 32060,Active,,,,,,,,,,,,,,,
 ,SUWANNEE,29.96416666,-82.87361111,FLYING C FARM AIRPORT,AIRPORT,"CASSUBE, ROBERT P O BOX 266 26859 63RD. PL BRANFORD FL 32008",Active,,,,,,,,,,,,,,,
 ,SUWANNEE,30.42504166,-83.04846944,PITTMAN OAKS AIRPORT,AIRPORT,1253 145TH ROAD  LIVE OAK FL 32060,Active,,,,,,,,,,,,,,,
MC ALPIN,SUWANNEE,30.12244722,-82.96790833,BUDDY'S AG SERVICE AIRPORT,AIRPORT,10791 184TH STREET  MCALPIN FL 32062,Active,,,,,,,,,,,,,,,
MC ALPIN,SUWANNEE,30.11494999,-82.90901666,LITTLE RIVER AIRPORT,AIRPORT,P.O.BOX 81  MCALPIN FL 32062,Active,,,,,,,,,,,,,,,
MC ALPIN,SUWANNEE,30.09024999,-83.05472222,SUWANNEE FARMS AIRPORT,AIRPORT,"HALL, JOSEPH 19620 COUNTY ROAD 349 NORTH  O'BRIEN FL 32071",Active,,,,,,,,,,,,,,,
MC ALPIN,SUWANNEE,30.09883888,-82.92762777,BUCKNER AIRSTRIP,AIRPORT,"HOLTZCLAW, J 21809 93RD DRIVE  O'BRIEN FL 32071",Active,,,,,,,,,,,,,,,
O BRIEN,SUWANNEE,29.98188888,-82.83555555,THOMPSON AIRFIELD,AIRPORT,"BOSSERMAN, TERRY 4541 256TH ST. O'BRIEN FL 32071",Active,,,,,,,,,,,,,,,
O BRIEN,SUWANNEE,30.09379166,-83.08488888,SUWANNEE BELLE AIRPORT,AIRPORT,"RIKANSRUD, ERIC 10121 SNUG HARBOR ROAD  ST. PETERSBURG FL 33702",Active,,,,,,,,,,,,,,,
BRANFORD,SUWANNEE,29.97518055,-82.90723611,FLINTS FLYING RANCH AIRPORT,AIRPORT, 7779 264TH STREET  BRANFORD FL 32008,Active,,,,,,,,,,,,,,,
PERRY,TAYLOR,29.82073611,-83.57315277,SYLVANMIR FARMS AIRPORT,AIRPORT,"KOHLER, WILLIAM 24087 TWISTER LANE  BROOKSVILLE FL 34602",Active,,,,,,,,,,,,,,,
PERRY,TAYLOR,30.13045833,-83.55148611,LUMARS STOLPORT,AIRPORT,"TURNER, LUTHER 2150 ELLISON ROAD  PERRY FL 32347",Active,,,,,,,,,,,,,,,
PERRY,TAYLOR,30.06935277,-83.58061944,PERRY-FOLEY AIRPORT,AIRPORT,511 INDUSTRIAL DRIVE  PERRY FL 32348,Active,,,,,,,,,,,,,,,
SALEM,TAYLOR,29.72647222,-83.35127777,STEINHATCHEE ANCIENT OAKS AIRPORT,AIRPORT,"RICE, ALLEN P.O. BOX 279  STEINHATCHEE FL 32359",Active,,,,,,,,,,,,,,,
KEATON BEACH,TAYLOR,29.90461111,-83.60722222,EZELL AIRPORT,AIRPORT,"EZELL, DANNY 15030 BEACH ROAD  PERRY FL 32348",Active,,,,,,,,,,,,,,,
LAKE BUTLER,UNION,29.93515277,-82.41077777,FLYING TIGER AIRPORT,AIRPORT,J.D RIMES JR P.O. BOX 22 WORTHINGTON SPRINGS FL 32697,Active,,,,,,,,,,,,,,,
DELAND,VOLUSIA,29.16859166,-81.26478333,LAFAYETTE LANDINGS AIRPORT,AIRPORT,"LONG, DENNIS 3151 LAFAYETTE LANDINGS DR.  DELEON SPRINGS FL 32130",Active,,,,,,,,,,,,,,,
DELAND,VOLUSIA,29.06698055,-81.28394166,DELAND MUNICIPAL - SIDNEY H TAYLOR FIELD,AIRPORT,1777 LANGLEY AVE  DELAND FL 32724,Active,,,,,,,,,,,,,,,
DELAND,VOLUSIA,29.10442777,-81.31367499,BOB LEE FLIGHT STRIP,AIRPORT,5000 BOB LEE AIRPORT ROAD  DELAND FL 32724,Active,,,,,,,,,,,,,,,
 ,VOLUSIA,29.25109166,-81.20144999,SQUILLACOTE STOLPORT,AIRPORT,"SQUILLACOTE, STEVE 3120 WEST GRANADA BLVD  ORMOND BEACH FL 32174",Active,,,,,,,,,,,,,,,
 ,VOLUSIA,29.01070527,-81.1322525,COE FIELD,AIRPORT,1300 E. INTL SPEEDWAY BLVD  DELAND FL 32724,Active,,,,,,,,,,,,,,,
ORMOND BEACH,VOLUSIA,29.239425,-81.22200555,CROSS CREEK FARMS STOLPORT,AIRPORT,DAVID HIGGS 274 WOODHAVEN CIR W ORMOND BEACH FL 32174,Active,,,,,,,,,,,,,,,
ORMOND BEACH,VOLUSIA,29.30114444,-81.11380833,ORMOND BEACH MUNICIPAL AIRPORT,AIRPORT,AIRPORT ROAD  ORMOND BEACH FL 32174,Active,,,,,,,,,,,,,,,
EDGEWATER,VOLUSIA,28.88804444,-80.86644166,HIGHLANDER AIRPORT,AIRPORT,MARK HAYNES 520 HIGHLANDER DRIVE  OAK HILL FL 32759,Active,,,,,,,,,,,,,,,
EDGEWATER,VOLUSIA,28.978875,-80.92505277,MASSEY RANCH AIRPARK,AIRPORT,635 AIRPARK ROAD  EDGEWATER FL 32132,Active,,,,,,,,,,,,,,,
OAK HILL,VOLUSIA,28.85721111,-80.907,BLUE RIDGE FLIGHTPARK,AIRPORT,"AURIGEMA, ANDREW 1685 MAYTOWN ROAD  OAK HILL FL 32759",Active,,,,,,,,,,,,,,,
PORT ORANGE,VOLUSIA,29.07803888,-81.0445,SPRUCE CREEK FLY-IN AIRPORT,AIRPORT,"CUNNEEN, DICK 212-1 CESSNA BLVD  PORT ORANGE FL 32128",Active,,,,,,,,,,,,,,,
DEFUNIAK SPRINGS,WALTON,30.84472222,-86.28138888,THE UNICORN PLACE AIRPORT,AIRPORT,"SOHN, RICHARD 8029 HIGHWAY 1087  NEW HARMONY FL 32433",Active,,,,,,,,,,,,,,,
DEFUNIAK SPRINGS,WALTON,30.7363,-86.21299999,CEDAR LANE AIRPORT,AIRPORT,"ESTATE OF ROBERTS, MAURICE W. 460 BOY SCOUT ROAD  DEFUNIAK SPRINGS FL 32435",Active,,,,,,,,,,,,,,,
DEFUNIAK SPRINGS,WALTON,30.65213611,-86.10938333,JOY FARMS AIRPORT,AIRPORT,"GOFF, BRIAN 4979 SOUTH HIGHWAY 331  DEFUNIAK SPRINGS FL 32435",Active,,,,,,,,,,,,,,,
DEFUNIAK SPRINGS,WALTON,30.7313,-86.15377777,DEFUNIAK SPRINGS AIRPORT,AIRPORT,1931 U.S. HIGHWAY 90 WEST  DEFUNIAK SPRINGS FL 32435-0685,Active,,,,,,,,,,,,,,,
 ,WALTON,30.82,-86.34444444,BREEZY KNOLL AIRPORT,AIRPORT,"WATERMAN, VICTORIA 1359 LONG ROAD  DEFUNIAK SPRINGS FL 32433",Active,,,,,,,,,,,,,,,
 ,WALTON,30.91888888,-86.21833333,SKYDIVE LIVE AIRPORT,AIRPORT,"NIPPER, MELANIE 5138 COUNTY HIGHWAY 0605  DE FUNIAK SPRINGS FL 32433",active,,,,,,,,,,,,,,,
 ,WALTON,30.49641666,-86.09383333,DUGGER FIELD,AIRPORT,"BOGLE, MELODY 259 SAN JUAN AVENUE  SEAGROVE BEACH FL 32459",Active,,,,,,,,,,,,,,,
 ,WALTON,30.64277777,-86.11833333,CUCHENS AIRPORT,AIRPORT,219 SUCHENS LANE  DEFUNIAK SPRINGS FL 32435,Active,,,,,,,,,,,,,,,
CHIPLEY,WASHINGTON,30.45111111,-85.67722222,CRYSTAL VILLAGE AIRPORT,AIRPORT,"THOMAS, TERRY 5131 PANTHER TRAIL  CHIPLEY FL 32428",Active,,,,,,,,,,,,,,,
BONIFAY,WASHINGTON,30.77916666,-85.76861111,GARNER FIELD,AIRPORT,3849 HIGHWAY 90  BONIFAY FL 32425,Active,,,,,,,,,,,,,,,
VERNON,WASHINGTON,30.49027777,-85.83944444,REDHEAD AIRPORT,AIRPORT,"GARRETT, TOMMY 5801 HIGHWAY 79  VERNON FL 32462",Active,,,,,,,,,,,,,,,
 ,WASHINGTON,30.61722222,-85.70555555,AERO VILLA AIRPORT,AIRPORT,"LAND, LARRY P.O. BOX 365  VERNON FL 32462",Active,,,,,,,,,,,,,,,
AVON PARK,HIGHLANDS,27.59114444,-81.52785277,AVON PARK EXECUTIVE AIRPORT,AIRPORT,1545 STATE ROAD 64 WEST  AVON PARK FL 33825,Active,,,,,,,,,,,,,,,
HOLLYWOOD,BROWARD,26.00142416,-80.24052055,NORTH PERRY AIRPORT,AIRPORT,101 SOUTH WEST 77TH WAY  PEMBROKE PINES FL 33023,Active,,,,,,,,,,,,,,,
NEWBERRY,GILCHRIST,29.72013888,-82.66395833,OAK TREE LANDING AIRPORT,AIRPORT,1400 SOUTHEAST 80TH AVENUE  NEWBERRY FL 32669,Active,,,,,,,,,,,,,,,
MOUNT DORA,LAKE,28.84335111,-81.63002416,MID FLORIDA AIR SERVICE AIRPORT,AIRPORT,19708 EUSTIS AIRPORT ROAD  EUSTIS FL 32736,Active,,,,,,,,,,,,,,,
LUTZ,PASCO,28.22128055,-82.37454722,TAMPA NORTH AERO PARK,AIRPORT,4241 BIRDSONG BOULEVARD  LUTZ FL 33559,Active,,,,,,,,,,,,,,,
CRYSTAL RIVER,CITRUS,28.86727777,-82.57130555,CRYSTAL RIVER AIRPORT,AIRPORT,718 NORTH LINDBERGH DRIVE  CRYSTAL RIVER FL 34429,Active,,,,,,,,,,,,,,,
OPA LOCKA,MIAMI-DADE,25.907025,-80.27838888,OPA-LOCKA EXECUTIVE AIRPORT,AIRPORT,14201 NORTHWEST  LEJEUNE ROAD  OPA-LOCKA FL 33054,Active,,,,,,,,,,,,,,,
PLANT CITY,HILLSBOROUGH,28.00021666,-82.16424166,PLANT CITY AIRPORT,AIRPORT,4007 AIRPORT ROAD  PLANT CITY FL 33563,Active,,,,,,,,,,,,,,,
SANFORD,SEMINOLE,28.77764,-81.23748944,ORLANDO SANFORD INTERNATIONAL AIRPORT,AIRPORT,1200 RED CLEVELAND BOULEVARD  SANFORD FL 32773-6844,Active,,,,,,,,,,,,,,,
BONIFAY,HOLMES,30.84577777,-85.60138888,TRI-COUNTY AIRPORT,AIRPORT,1983 AIRPORT ROAD  BONIFAY FL 32425,Active,,,,,,,,,,,,,,,
HILLIARD,NASSAU,30.68801111,-81.90594444,HILLIARD AIRPARK,AIRPORT,37776 EAST WOOD ROAD  HILLIARD FL 32046,Active,,,,,,,,,,,,,,,
NEW SMYRNA BEACH,VOLUSIA,29.05569444,-80.94890833,NEW SMYRNA BEACH MUNICIPAL AIRPORT,AIRPORT,600 SKYLINE DRIVE  NEW SMYRNA FL 32168,Active,,,,,,,,,,,,,,,
EASTPOINT,FRANKLIN,29.64458402,-84.91559894,ST GEORGE ISLAND AIRPORT,AIRPORT,1501 LONG POINT ROAD  ST. GOERGE ISLAND FL 32328,Active,,,,,,,,,,,,,,,
PALATKA,PUTNAM,29.65858055,-81.68869444,PALATKA MUNICIPAL-LT. KAY LARKIN FIELD,AIRPORT,4015 REID STREET  PALATKA FL 32177,Active,,,,,,,,,,,,,,,
QUINCY,GADSDEN,30.59786111,-84.55743888,QUINCY MUNICIPAL AIRPORT,AIRPORT,1300 AIRPORT DRIVE  QUINCY FL 32351,Active,,,,,,,,,,,,,,,
BELLE GLADE,PALM BEACH,26.69830555,-80.66080555,BELLE GLADE STATE MUNICIPAL AIRPORT,AIRPORT,250 GATOR BOULEVARD  BELLE GLADE FL 33430,Active,,,,,,,,,,,,,,,
MERRITT ISLAND,BREVARD,28.34158888,-80.68549722,MERRITT ISLAND AIRPORT,AIRPORT,900 AIRPORT RD.  MERRITT ISLAND FL 32952,Active,,,,,,,,,,,,,,,
MARATHON,MONROE,24.72618277,-81.05136777,THE FLORIDA KEYS MARATHON AIRPORT,AIRPORT,"9400 OVERSEAS HIGHWAY, SUITE 200  MARATHON FL 33050",Active,,,,,,,,,,,,,,,
SARASOTA,MANATEE,27.39545277,-82.55438611,SARASOTA / BRADENTON INTERNATIONAL AIRPORT,AIRPORT,6000 AIRPORT CIRCLE  SARASOTA FL 34243-2105,Active,,,,,,,,,,,,,,,
WINTER HAVEN,POLK,28.06291944,-81.75331666,WINTER HAVEN'S GILBERT AIRPORT,AIRPORT,2073 HIGHWAY 92 WEST  WINTER HAVEN FL 33881,Active,,,,,,,,,,,,,,,
SEBASTIAN,INDIAN RIVER,27.81280277,-80.49560833,SEBASTIAN MUNICIPAL AIRPORT,AIRPORT,202 AIRPORT DRIVE EAST  SEBASTIAN FL 32958,Active,,,,,,,,,,,,,,,
BLOUNTSTOWN,CALHOUN,30.48822222,-85.11381944,CALHOUN COUNTY AIRPORT,AIRPORT,16701 NORTHWEST AGRIPARK ROAD  ALTHA FL 32421,Active,,,,,,,,,,,,,,,
LAKE WALES,POLK,27.89380277,-81.62041111,LAKE WALES MUNICIPAL AIRPORT,AIRPORT,450 AIRPORT ROAD SOUTH  LAKE WALES FL 33859-1320,Active,,,,,,,,,,,,,,,
LAKE WALES,POLK,27.78224999,-81.20534444,RIVER RANCH RESORT AIRPORT,AIRPORT,3600 RIVER RANCH BOULEVARD  RIVER RANCH FL 33867,Active,,,,,,,,,,,,,,,
CLEARWATER,PINELLAS,27.97668638,-82.75874027,CLEARWATER AIR PARK,AIRPORT,1000 NORTH HERCULES AVENUE  CLEARWATER FL 33765,Active,,,,,,,,,,,,,,,
CLEARWATER,PINELLAS,27.91076333,-82.68743944,ST PETE-CLEARWATER INTERNATIONAL AIRPORT,AIRPORT,14700 TERMINAL BOULEVARD AIRPORT DIRECTOR'S OFFICE - SUITE 221 CLEARWATER FL 33762,Active,,,,,,,,,,,,,,,
SEBRING,HIGHLANDS,27.45640277,-81.34239999,SEBRING REGIONAL AIRPORT,AIRPORT,128 AUTHORITY LANE  SEBRING FL 33870,Active,,,,,,,,,,,,,,,
DAYTONA BEACH,VOLUSIA,29.17991666,-81.05805555,DAYTONA BEACH INTERNATIONAL AIRPORT,AIRPORT,"700 CATALINA DRIVE, SUITE 300  DAYTONA BEACH FL 32114",Active,,,,,,,,,,,,,,,
DESTIN,OKALOOSA,30.40005638,-86.47147416,DESTIN - FT WALTON BEACH AIRPORT,AIRPORT,1001 AIRPORT ROAD  DESTIN FL 32541,Active,,,,,,,,,,,,,,,
MALABAR,BREVARD,27.96086111,-80.55833333,VALKARIA AIRPORT,AIRPORT,2865 GREENBROOKE STREET  VALKARIA FL 32950,Active,,,,,,,,,,,,,,,
TITUSVILLE,BREVARD,28.51479944,-80.7992275,SPACE COAST REGIONAL AIRPORT,AIRPORT,355 GOLDEN KNIGHTS BOULEVARD  TITUSVILLE FL 32780,Active,,,,,,,,,,,,,,,
TITUSVILLE,BREVARD,28.62255166,-80.83540972,ARTHUR DUNN AIR PARK,AIRPORT,476 NORTH WILLIAMS AVENUE  TITUSVILLE FL 32780,Active,,,,,,,,,,,,,,,
MELBOURNE,BREVARD,28.10274999,-80.64580555,MELBOURNE INTERNATIONAL AIRPORT,AIRPORT,ONE AIR TERMINAL PARKWAY SUITE 220 MELBOURNE FL 32901-1888,Active,,,,,,,,,,,,,,,
LAKE WORTH,PALM BEACH,26.59305555,-80.08506461,PALM BEACH COUNTY PARK AIRPORT,AIRPORT,2633 LANTANA RD  LANTANA FL 33462,Active,,,,,,,,,,,,,,,
FERNANDINA BEACH,NASSAU,30.60968333,-81.46064722,FERNANDINA BEACH MUNICIPAL AIRPORT,AIRPORT,700 AIRPORT ROAD  FERNANDINA BEACH FL 32034,Active,,,,,,,,,,,,,,,
APALACHICOLA,FRANKLIN,29.72758055,-85.02740555,APALACHIACOLA REGIONAL - CLEVE RANDOLPH FIELD,AIRPORT,8 AIRPORT ROAD  APALACHICOLA FL 32320,Active,,,,,,,,,,,,,,,
APOPKA,ORANGE,28.70747444,-81.58196444,ORLANDO APOPKA AIRPORT,AIRPORT,1321 APOPKA AIRPORT ROAD  APOPKA FL 32712,Active,,,,,,,,,,,,,,,
IMMOKALEE,COLLIER,26.43316666,-81.40102777,IMMOKALEE REGIONAL AIRPORT,AIRPORT,165 AIRPORT BOULEVARD  IMMOKALEE FL 34142,Active,,,,,,,,,,,,,,,
VENICE,SARASOTA,27.07161111,-82.44034722,VENICE MUNICIPAL AIRPORT,AIRPORT,150 EAST AIRPORT AVENUE  VENICE FL 34285,Active,,,,,,,,,,,,,,,
FORT LAUDERDALE,BROWARD,26.07258333,-80.15274999,FT LAUDERDALE/HOLLYWOOD INTERNATIONAL AIRPORT,AIRPORT,2200 SOUTHWEST 45TH STREET  DANIA BEACH FL 33312,Active,,,,,,,,,,,,,,,
FORT LAUDERDALE,BROWARD,26.19727777,-80.17071111,FT LAUDERDALE EXECUTIVE AIRPORT,AIRPORT,6000 NORTHWEST 21ST AVENUE  FORT LAUDERDALE FL 33309,Active,,,,,,,,,,,,,,,
STUART,MARTIN,27.18169999,-80.22129166,WITHAM FIELD,AIRPORT,2011 SOUTHEAST AIRPORT ROAD  STUART FL 34996,Active,,,,,,,,,,,,,,,
PALM COAST,FLAGLER,29.46738888,-81.20633333,FLAGLER COUNTY AIRPORT,AIRPORT,201 AIRPORT ROAD  PALM COAST FL 32164,Active,,,,,,,,,,,,,,,
MULBERRY,POLK,27.93335805,-82.04397388,SOUTH LAKELAND AIRPORT,AIRPORT,7500 CORONET ROAD  MULBERRY FL 33860-8307,Active,,,,,,,,,,,,,,,
SAINT PETERSBURG,PINELLAS,27.76511111,-82.62697222,ALBERT WHITTED AIRPORT,AIRPORT,107 8TH AVENUE SOUTHEAST  SAINT PETERSBURG FL 33701,Active,,,,,,,,,,,,,,,
PAHOKEE,PALM BEACH,26.78583888,-80.69344722,PALM BEACH COUNTY GLADES AIRPORT,AIRPORT,3800 STATE ROAD 715  PAHOKEE FL 33476-3029,Active,,,,,,,,,,,,,,,
ENGLEWOOD,SARASOTA,26.98978055,-82.37315,BUCHAN AIRPORT,AIRPORT,1390 OLD ENGLEWOOD ROAD  VENICE FL 34285,Active,,,,,,,,,,,,,,,
WILLISTON,LEVY,29.35416666,-82.47277777,WILLISTON MUNICIPAL AIRPORT,AIRPORT,1800 SOUTH WEST 19TH AVENUE  WILLISTON FL 32696,Active,,,,,,,,,,,,,,,
CROSS CITY,DIXIE,29.63444444,-83.10555555,CROSS CITY AIRPORT,AIRPORT,1516 AIRPORT ROAD  CROSS CITY FL 32628,Active,,,,,,,,,,,,,,,
UMATILLA,LAKE,28.922765,-81.65174111,UMATILLA MUNICIPAL AIRPORT,AIRPORT,480 EAST CASSADY DRIVE  UMATILLA FL 32784-2286,Active,,,,,,,,,,,,,,,
BOCA RATON,PALM BEACH,26.37848666,-80.10769666,BOCA RATON AIRPORT,AIRPORT,"3701 FAU BLVD., SUITE 205  BOCA RATON FL 33431",Active,,,,,,,,,,,,,,,
PORT SAINT JOE,GULF,29.75854444,-85.28908333,COSTIN AIRPORT,AIRPORT,167 CESSNA DRIVE  PORT SAINT JOE FL 32456,Active,,,,,,,,,,,,,,,
ZEPHYRHILLS,PASCO,28.22806388,-82.15591638,ZEPHYRHILLS MUNICIPAL AIRPORT,AIRPORT,39450 SOUTH AVENUE  ZEPHYRHILLS FL 33542,Active,,,,,,,,,,,,,,,
INVERNESS,CITRUS,28.80859722,-82.31648055,INVERNESS AIRPORT,AIRPORT,3528 SOUTH AIRPORT ROAD  INVERNESS FL 34450,Active,,,,,,,,,,,,,,,
SPRING HILL,PASCO,28.33028333,-82.49648333,PILOT COUNTRY AIRPORT,AIRPORT,11500 PILOT COUNTRY DRIVE  SPRING HILL FL 34610,Active,,,,,,,,,,,,,,,
BARTOW,POLK,27.94335833,-81.78344166,BARTOW MUNICIPAL AIRPORT,AIRPORT,5001 HIGHWAY 17 NORTH  BARTOW FL 33830,Active,,,,,,,,,,,,,,,
PIERSON,VOLUSIA,29.25,-81.45923611,PIERSON MUNICIPAL AIRPORT,AIRPORT,305 NORTH CENTER STREET  PIERSON FL 32180,Active,,,,,,,,,,,,,,,
SAINT AUGUSTINE,ST. JOHNS,29.95924999,-81.33975,NORTHEAST FLORIDA REGIONAL AIRPORT,AIRPORT,4796 US HIGHWAY 1 NORTH  ST. AUGUSTINE FL 32095,Active,,,,,,,,,,,,,,,
PANACEA,WAKULLA,29.98926944,-84.39584166,WAKULLA COUNTY AIRPORT,AIRPORT,30 BAY DRIVE  PANACEA FL 32346,Active,,,,,,,,,,,,,,,
POMPANO BEACH,BROWARD,26.24713888,-80.11105555,POMPANO BEACH AIRPARK,AIRPORT,1001 NORTHEAST 10TH STREET  POMPANO BEACH FL 33060,Active,,,,,,,,,,,,,,,
 ,,,,,DISASTER RECOVERY CENTER-MOBILE,,,-82.50695500,27.29052100,,,,,,,,,,,,,
 ,,,,,DISASTER RECOVERY CENTER-MOBILE,,,-82.44821300,29.38795100,,,,,,,,,,,,,
 ,,,,,DISASTER RECOVERY CENTER-MOBILE,,,-81.48846010,27.59401180,,,,,,,,,,,,,
 ,,,,,DISASTER RECOVERY CENTER-MOBILE,,,-82.56168170,27.51498620,,,,,,,,,,,,,
 ,,,,,DISASTER RECOVERY CENTER-MOBILE,,,-82.50556090,27.29863600,,,,,,,,,,,,,
 ,,,,,DISASTER RECOVERY CENTER-MOBILE,,,-80.86797560,27.15157490,,,,,,,,,,,,,
 ,,,,,DISASTER RECOVERY CENTER-MOBILE,,,-82.13473010,27.00896540,,,,,,,,,,,,,
 ,,,,,DISASTER RECOVERY CENTER-MOBILE,,,-80.93146650,26.75294600,,,,,,,,,,,,,
 ,,,,,DISASTER RECOVERY CENTER-MOBILE,,,-81.83633380,27.22581000,,,,,,,,,,,,,
 ,,,,,DISASTER RECOVERY CENTER-MOBILE,,,-81.43146620,27.48718360,,,,,,,,,,,,,
 ,,,,,DISASTER RECOVERY CENTER-MOBILE,,,-82.53222300,27.36606970,,,,,,,,,,,,,
 ,,,,,DISASTER RECOVERY CENTER-MOBILE,,,-81.35860970,24.66868970,,,,,,,,,,,,,
 ,,,,,DISASTER RECOVERY CENTER-MOBILE,,,-81.03690100,27.38848700,,,,,,,,,,,,,
 ,,,,,DISASTER RECOVERY CENTER-MOBILE,,,-82.48741690,27.19436700,,,,,,,,,,,,,
 ,,,,,DISASTER RECOVERY CENTER-MOBILE,,,-81.43566210,26.75963210,,,,,,,,,,,,,
 ,,,,,DISASTER RECOVERY CENTER-MOBILE,,,-81.84417520,27.20857240,,,,,,,,,,,,,
 ,,,,,DISASTER RECOVERY CENTER-MOBILE,,,-81.08228270,26.82227160,,,,,,,,,,,,,
 ,,,,,DISASTER RECOVERY CENTER-MOBILE,,,-81.71277870,26.71777350,,,,,,,,,,,,,
 ,,,,,DISASTER RECOVERY CENTER-MOBILE,,,-81.63373580,26.59517050,,,,,,,,,,,,,
 ,,,,,DISASTER RECOVERY CENTER-MOBILE,,,-80.81263000,27.25046300,,,,,,,,,,,,,
 ,,,,,DISASTER RECOVERY CENTER-MOBILE,,,-81.83480610,30.56173750,,,,,,,,,,,,,
 ,,,,,DISASTER RECOVERY CENTER-MOBILE,,,-81.37254290,27.29371980,,,,,,,,,,,,,
 ,,,,,DISASTER RECOVERY CENTER-MOBILE,,,-81.43795760,26.76340000,,,,,,,,,,,,,
ALACHUA,ALACHUA,,,,DISASTER RECOVERY CENTER-MOBILE,,,-82.49322052,29.79267387,,,,,,,,,,,,,
HAWTHORNE,ALACHUA,,,,DISASTER RECOVERY CENTER-MOBILE,,,-82.08679035,29.58612338,,,,,,,,,,,,,
NEWBERRY,ALACHUA,,,,DISASTER RECOVERY CENTER-MOBILE,,,-82.49477119,29.68589740,,,,,,,,,,,,,
GAINESVILLE,ALACHUA,,,,DISASTER RECOVERY CENTER-MOBILE,,,-82.27287642,29.63878247,,,,,,,,,,,,,
GAINESVILLE,ALACHUA,,,,DISASTER RECOVERY CENTER-MOBILE,,,-82.38961597,29.63582580,,,,,,,,,,,,,
ARCHER,ALACHUA,,,,DISASTER RECOVERY CENTER-MOBILE,,,-82.52496731,29.53357700,,,,,,,,,,,,,
FOUNTAIN,BAY,,,,DISASTER RECOVERY CENTER-MOBILE,,,-85.41729500,30.43903900,,,,,,,,,,,,,
PANAMA CITY,BAY,,,,DISASTER RECOVERY CENTER-MOBILE,,,-85.50861100,30.24532900,,,,,,,,,,,,,
PANAMA CITY,BAY,,,,DISASTER RECOVERY CENTER-MOBILE,,,-85.60504100,30.12967700,,,,,,,,,,,,,
PANAMA CITY,BAY,,,,DISASTER RECOVERY CENTER-MOBILE,,,-85.75032327,30.13992731,,,,,,,,,,,,,
PANAMA CITY BEACH,BAY,,,,DISASTER RECOVERY CENTER-MOBILE,,,-85.87730200,30.23087100,,,,,,,,,,,,,
STARKE,BRADFORD,,,,DISASTER RECOVERY CENTER-MOBILE,,,-82.11316747,29.93751775,,,,,,,,,,,,,
STARKE,BRADFORD,,,,DISASTER RECOVERY CENTER-MOBILE,,,-82.11382876,29.94399074,,,,,,,,,,,,,
STARKE,BRADFORD,,,,DISASTER RECOVERY CENTER-MOBILE,,,-82.10532524,29.96367305,,,,,,,,,,,,,
LAWTEY,BRADFORD,,,,DISASTER RECOVERY CENTER-MOBILE,,,-82.07185139,30.04716881,,,,,,,,,,,,,
FORT LAUDERDALE,BROWARD,,,,DISASTER RECOVERY CENTER-MOBILE,,,-80.17783300,26.10883400,,,,,,,,,,,,,
FORT LAUDERDALE,BROWARD,,,,DISASTER RECOVERY CENTER-MOBILE,,,-80.25646993,26.12138040,,,,,,,,,,,,,
POMPANO BEACH,BROWARD,,,,DISASTER RECOVERY CENTER-MOBILE,,,-80.16299303,26.27360455,,,,,,,,,,,,,
HOLLYWOOD,BROWARD,,,,DISASTER RECOVERY CENTER-MOBILE,,,-80.14306900,26.01835300,,,,,,,,,,,,,
SUNRISE,BROWARD,,,,DISASTER RECOVERY CENTER-MOBILE,,,-80.25267627,26.16881904,,,,,,,,,,,,,
DANIA,BROWARD,,,,DISASTER RECOVERY CENTER-MOBILE,,,-80.14473800,26.05163143,,,,,,,,,,,,,
ALTHA,CALHOUN,,,,DISASTER RECOVERY CENTER-MOBILE,,,-85.18364276,30.44990513,,,,,,,,,,,,,
BLOUNTSTOWN,CALHOUN,,,,DISASTER RECOVERY CENTER-MOBILE,,,-85.13881307,30.29072212,,,,,,,,,,,,,
PORT CHARLOTTE,CHARLOTTE,,,,DISASTER RECOVERY CENTER-MOBILE,,,-82.22356141,26.93257996,,,,,,,,,,,,,
PORT CHARLOTTE,CHARLOTTE,,,,DISASTER RECOVERY CENTER-MOBILE,,,-82.14680939,27.01048518,,,,,,,,,,,,,
PUNTA GORDA,CHARLOTTE,,,,DISASTER RECOVERY CENTER-MOBILE,,,-81.99920159,26.94805933,,,,,,,,,,,,,
PUNTA GORDA,CHARLOTTE,,,,DISASTER RECOVERY CENTER-MOBILE,,,-82.02180115,26.92941291,,,,,,,,,,,,,
ENGLEWOOD,CHARLOTTE,,,,DISASTER RECOVERY CENTER-MOBILE,,,-82.31394359,26.91824532,,,,,,,,,,,,,
LECANTO,CITRUS,,,,DISASTER RECOVERY CENTER-MOBILE,,,-82.48075610,28.90607174,,,,,,,,,,,,,
MIDDLEBURG,CLAY,,,,DISASTER RECOVERY CENTER-MOBILE,,,-81.76541782,30.10008381,,,,,,,,,,,,,
GREEN COVE SPRINGS,CLAY,,,,DISASTER RECOVERY CENTER-MOBILE,,,-81.74060104,29.98033550,,,,,,,,,,,,,
GREEN COVE SPRINGS,CLAY,,,,DISASTER RECOVERY CENTER-MOBILE,,,-81.64897187,29.97995603,,,,,,,,,,,,,
ORANGE PARK,CLAY,,,,DISASTER RECOVERY CENTER-MOBILE,,,-81.77443086,30.11863581,,,,,,,,,,,,,
ORANGE PARK,CLAY,,,,DISASTER RECOVERY CENTER-MOBILE,,,-81.73493818,30.18624355,,,,,,,,,,,,,
NAPLES,COLLIER,,,,DISASTER RECOVERY CENTER-MOBILE,,,-81.67432253,26.22676979,,,,,,,,,,,,,
NAPLES,COLLIER,,,,DISASTER RECOVERY CENTER-MOBILE,,,-81.78364846,26.26795356,,,,,,,,,,,,,
NAPLES,COLLIER,,,,DISASTER RECOVERY CENTER-MOBILE,,,-81.70279189,26.18423969,,,,,,,,,,,,,
NAPLES,COLLIER,,,,DISASTER RECOVERY CENTER-MOBILE,,,-81.76268507,26.10743228,,,,,,,,,,,,,
NAPLES,COLLIER,,,,DISASTER RECOVERY CENTER-MOBILE,,,-81.73493870,26.23827336,,,,,,,,,,,,,
IMMOKALEE,COLLIER,,,,DISASTER RECOVERY CENTER-MOBILE,,,-81.41942870,26.42313850,,,,,,,,,,,,,
ARCADIA,DESOTO,,,,DISASTER RECOVERY CENTER-MOBILE,,,-81.86242950,27.22056264,,,,,,,,,,,,,
ARCADIA,DESOTO,,,,DISASTER RECOVERY CENTER-MOBILE,,,-81.85667482,27.21574220,,,,,,,,,,,,,
ARCADIA,DESOTO,,,,DISASTER RECOVERY CENTER-MOBILE,,,-81.85657460,27.21601400,,,,,,,,,,,,,
ARCADIA,DESOTO,,,,DISASTER RECOVERY CENTER-MOBILE,,,-81.86102386,27.20692855,,,,,,,,,,,,,
CROSS CITY,DIXIE,,,,DISASTER RECOVERY CENTER-MOBILE,,,-83.12387812,29.63337070,,,,,,,,,,,,,
CROSS CITY,DIXIE,,,,DISASTER RECOVERY CENTER-MOBILE,,,-83.10676288,29.62766275,,,,,,,,,,,,,
CROSS CITY,DIXIE,,,,DISASTER RECOVERY CENTER-MOBILE,,,-83.09470658,29.61778774,,,,,,,,,,,,,
JACKSONVILLE,DUVAL,,,,DISASTER RECOVERY CENTER-MOBILE,,,-81.71213883,30.37166257,,,,,,,,,,,,,
JACKSONVILLE,DUVAL,,,,DISASTER RECOVERY CENTER-MOBILE,,,-81.65265155,30.30505373,,,,,,,,,,,,,
JACKSONVILLE,DUVAL,,,,DISASTER RECOVERY CENTER-MOBILE,,,-81.47453297,30.32270262,,,,,,,,,,,,,
JACKSONVILLE,DUVAL,,,,DISASTER RECOVERY CENTER-MOBILE,,,-81.72896711,30.39831453,,,,,,,,,,,,,
JACKSONVILLE,DUVAL,,,,DISASTER RECOVERY CENTER-MOBILE,,,-81.82539677,30.30258497,,,,,,,,,,,,,
JACKSONVILLE,DUVAL,,,,DISASTER RECOVERY CENTER-MOBILE,,,-81.71832864,30.30121997,,,,,,,,,,,,,
PENSACOLA,ESCAMBIA,,,,DISASTER RECOVERY CENTER-MOBILE,,,-87.27681181,30.44128066,,,,,,,,,,,,,
PENSACOLA,ESCAMBIA,,,,DISASTER RECOVERY CENTER-MOBILE,,,-87.22035310,30.44089188,,,,,,,,,,,,,
PENSACOLA,ESCAMBIA,,,,DISASTER RECOVERY CENTER-MOBILE,,,-87.31498444,30.43897423,,,,,,,,,,,,,
PENSACOLA,ESCAMBIA,,,,DISASTER RECOVERY CENTER-MOBILE,,,-87.29802471,30.40988469,,,,,,,,,,,,,
PENSACOLA,ESCAMBIA,,,,DISASTER RECOVERY CENTER-MOBILE,,,-87.27142322,30.55622822,,,,,,,,,,,,,
PENSACOLA,ESCAMBIA,,,,DISASTER RECOVERY CENTER-MOBILE,,,-87.17675753,30.51013568,,,,,,,,,,,,,
PENSACOLA,ESCAMBIA,,,,DISASTER RECOVERY CENTER-MOBILE,,,-87.24789039,30.42894889,,,,,,,,,,,,,
PENSACOLA,ESCAMBIA,,,,DISASTER RECOVERY CENTER-MOBILE,,,-87.27111020,30.39811287,,,,,,,,,,,,,
PENSACOLA,ESCAMBIA,,,,DISASTER RECOVERY CENTER-MOBILE,,,-87.30141838,30.48760002,,,,,,,,,,,,,
CENTURY,ESCAMBIA,,,,DISASTER RECOVERY CENTER-MOBILE,,,-87.25794333,30.97614733,,,,,,,,,,,,,
CENTURY,ESCAMBIA,,,,DISASTER RECOVERY CENTER-MOBILE,,,-87.32786535,30.96659567,,,,,,,,,,,,,
CANTONMENT,ESCAMBIA,,,,DISASTER RECOVERY CENTER-MOBILE,,,-87.32515293,30.65606155,,,,,,,,,,,,,
CANTONMENT,ESCAMBIA,,,,DISASTER RECOVERY CENTER-MOBILE,,,-87.32999024,30.60517392,,,,,,,,,,,,,
PALM COAST,FLAGLER,,,,DISASTER RECOVERY CENTER-MOBILE,,,-81.23814220,29.55414811,,,,,,,,,,,,,
CARRABELLE,FRANKLIN,,,,DISASTER RECOVERY CENTER-MOBILE,,,-84.66591621,29.85739518,,,,,,,,,,,,,
CARRABELLE,FRANKLIN,,,,DISASTER RECOVERY CENTER-MOBILE,,,-84.59480425,29.88467743,,,,,,,,,,,,,
APALACHICOLA,FRANKLIN,,,,DISASTER RECOVERY CENTER-MOBILE,,,-85.01594695,29.73001894,,,,,,,,,,,,,
TRENTON,GILCHRIST,,,,DISASTER RECOVERY CENTER-MOBILE,,,-82.81798798,29.61564675,,,,,,,,,,,,,
TRENTON,GILCHRIST,,,,DISASTER RECOVERY CENTER-MOBILE,,,-82.81810926,29.62114033,,,,,,,,,,,,,
TRENTON,GILCHRIST,,,,DISASTER RECOVERY CENTER-MOBILE,,,-82.80783691,29.62633468,,,,,,,,,,,,,
BELL,GILCHRIST,,,,DISASTER RECOVERY CENTER-MOBILE,,,-82.85536531,29.67797259,,,,,,,,,,,,,
MOORE HAVEN,GLADES,,,,DISASTER RECOVERY CENTER-MOBILE,,,-81.12429745,26.84021744,,,,,,,,,,,,,
PORT SAINT JOE,GULF,,,,DISASTER RECOVERY CENTER-MOBILE,,,-85.28904425,29.81542997,,,,,,,,,,,,,
PORT SAINT JOE,GULF,,,,DISASTER RECOVERY CENTER-MOBILE,,,-85.30203054,29.81257143,,,,,,,,,,,,,
WEWAHITCHKA,GULF,,,,DISASTER RECOVERY CENTER-MOBILE,,,-85.19848439,30.11515309,,,,,,,,,,,,,
WEWAHITCHKA,GULF,,,,DISASTER RECOVERY CENTER-MOBILE,,,-85.19912626,30.11289904,,,,,,,,,,,,,
WHITE SPRINGS,HAMILTON,,,,DISASTER RECOVERY CENTER-MOBILE,,,-82.74939818,30.32825368,,,,,,,,,,,,,
JENNINGS,HAMILTON,,,,DISASTER RECOVERY CENTER-MOBILE,,,-83.10515389,30.60056858,,,,,,,,,,,,,
ZOLFO SPRINGS,HARDEE,,,,DISASTER RECOVERY CENTER-MOBILE,,,-81.80090989,27.50142509,,,,,,,,,,,,,
ZOLFO SPRINGS,HARDEE,,,,DISASTER RECOVERY CENTER-MOBILE,,,-81.79990048,27.50093471,,,,,,,,,,,,,
CLEWISTON,HENDRY,,,,DISASTER RECOVERY CENTER-MOBILE,,,-80.93347338,26.74156800,,,,,,,,,,,,,
LABELLE,HENDRY,,,,DISASTER RECOVERY CENTER-MOBILE,,,-81.50948824,26.70953052,,,,,,,,,,,,,
DADE CITY,HERNANDO,,,,DISASTER RECOVERY CENTER-MOBILE,,,-82.17918954,28.50735732,,,,,,,,,,,,,
BROOKSVILLE,HERNANDO,,,,DISASTER RECOVERY CENTER-MOBILE,,,-82.40737479,28.53703799,,,,,,,,,,,,,
BROOKSVILLE,HERNANDO,,,,DISASTER RECOVERY CENTER-MOBILE,,,-82.45760071,28.44235871,,,,,,,,,,,,,
BROOKSVILLE,HERNANDO,,,,DISASTER RECOVERY CENTER-MOBILE,,,-82.40037978,28.54982342,,,,,,,,,,,,,
SEBRING,HIGHLANDS,,,,DISASTER RECOVERY CENTER-MOBILE,,,-81.42117181,27.44147374,,,,,,,,,,,,,
TAMPA,HILLSBOROUGH,,,,DISASTER RECOVERY CENTER-MOBILE,,,-82.50726100,28.09380400,,,,,,,,,,,,,
PLANT CITY,HILLSBOROUGH,,,,DISASTER RECOVERY CENTER-MOBILE,,,-82.10203041,28.03065050,,,,,,,,,,,,,
RUSKIN,HILLSBOROUGH,,,,DISASTER RECOVERY CENTER-MOBILE,,,-82.39295535,27.71643238,,,,,,,,,,,,,
WESTVILLE,HOLMES,,,,DISASTER RECOVERY CENTER-MOBILE,,,-85.87681756,30.95261882,,,,,,,,,,,,,
VERO BEACH,INDIAN RIVER,,,,DISASTER RECOVERY CENTER-MOBILE,,,-80.45745654,27.63449430,,,,,,,,,,,,,
VERO BEACH,INDIAN RIVER,,,,DISASTER RECOVERY CENTER-MOBILE,,,-80.40457800,27.59135799,,,,,,,,,,,,,
MONTICELLO,JEFFERSON,,,,DISASTER RECOVERY CENTER-MOBILE,,,-83.86169933,30.55765415,,,,,,,,,,,,,
MAYO,LAFAYETTE,,,,DISASTER RECOVERY CENTER-MOBILE,,,-83.16554716,30.05243458,,,,,,,,,,,,,
MAYO,LAFAYETTE,,,,DISASTER RECOVERY CENTER-MOBILE,,,-83.16394540,30.05466296,,,,,,,,,,,,,
MAYO,LAFAYETTE,,,,DISASTER RECOVERY CENTER-MOBILE,,,-83.16478698,30.06298972,,,,,,,,,,,,,
330 3RD ST.,LAKE,,,,DISASTER RECOVERY CENTER-MOBILE,,,-81.75999866,28.56021358,,,,,,,,,,,,,
LEESBURG,LAKE,,,,DISASTER RECOVERY CENTER-MOBILE,,,-81.86553836,28.72460786,,,,,,,,,,,,,
TAVARES,LAKE,,,,DISASTER RECOVERY CENTER-MOBILE,,,-81.73692915,28.80278843,,,,,,,,,,,,,
TAVARES,LAKE,,,,DISASTER RECOVERY CENTER-MOBILE,,,-81.74820822,28.78888206,,,,,,,,,,,,,
EUSTIS,LAKE,,,,DISASTER RECOVERY CENTER-MOBILE,,,-81.69894808,28.87733416,,,,,,,,,,,,,
CLERMONT,LAKE,,,,DISASTER RECOVERY CENTER-MOBILE,,,-81.72421807,28.45558118,,,,,,,,,,,,,
FORT MYERS,LEE,,,,DISASTER RECOVERY CENTER-MOBILE,,,-81.88779198,26.55598336,,,,,,,,,,,,,
LEHIGH ACRES,LEE,,,,DISASTER RECOVERY CENTER-MOBILE,,,-81.65217584,26.60799008,,,,,,,,,,,,,
CEDAR KEY,LEVY,,,,DISASTER RECOVERY CENTER-MOBILE,,,-83.03189709,29.13612043,,,,,,,,,,,,,
HOSFORD,LIBERTY,,,,DISASTER RECOVERY CENTER-MOBILE,,,-84.97868919,30.02057425,,,,,,,,,,,,,
HOSFORD,LIBERTY,,,,DISASTER RECOVERY CENTER-MOBILE,,,-84.77721900,30.39552800,,,,,,,,,,,,,
LEE,MADISON,,,,DISASTER RECOVERY CENTER-MOBILE,,,-83.29991707,30.42247169,,,,,,,,,,,,,
GREENVILLE,MADISON,,,,DISASTER RECOVERY CENTER-MOBILE,,,-83.63137664,30.46867625,,,,,,,,,,,,,
BRADENTON,MANATEE,,,,DISASTER RECOVERY CENTER-MOBILE,,,-82.56736968,27.46756366,,,,,,,,,,,,,
BRADENTON,MANATEE,,,,DISASTER RECOVERY CENTER-MOBILE,,,-82.61655054,27.47396123,,,,,,,,,,,,,
BRADENTON,MANATEE,,,,DISASTER RECOVERY CENTER-MOBILE,,,-82.46243191,27.44397915,,,,,,,,,,,,,
BRADENTON,MANATEE,,,,DISASTER RECOVERY CENTER-MOBILE,,,-82.56535410,27.46432532,,,,,,,,,,,,,
PALMETTO,MANATEE,,,,DISASTER RECOVERY CENTER-MOBILE,,,-82.54686360,27.52200274,,,,,,,,,,,,,
OCALA,MARION,,,,DISASTER RECOVERY CENTER-MOBILE,,,-82.06299064,29.14032988,,,,,,,,,,,,,
OCALA,MARION,,,,DISASTER RECOVERY CENTER-MOBILE,,,-82.10273043,29.18236839,,,,,,,,,,,,,
OCALA,MARION,,,,DISASTER RECOVERY CENTER-MOBILE,,,-82.13175752,29.20975822,,,,,,,,,,,,,
OCALA,MARION,,,,DISASTER RECOVERY CENTER-MOBILE,,,-82.09980250,29.18713142,,,,,,,,,,,,,
OCALA,MARION,,,,DISASTER RECOVERY CENTER-MOBILE,,,-82.23163573,29.15278606,,,,,,,,,,,,,
OCALA,MARION,,,,DISASTER RECOVERY CENTER-MOBILE,,,-82.22072919,29.17196503,,,,,,,,,,,,,
CITRA,MARION,,,,DISASTER RECOVERY CENTER-MOBILE,,,-82.13329873,29.36820977,,,,,,,,,,,,,
DUNNELLON,MARION,,,,DISASTER RECOVERY CENTER-MOBILE,,,-82.37020853,29.06160285,,,,,,,,,,,,,
HOBE SOUND,MARTIN,,,,DISASTER RECOVERY CENTER-MOBILE,,,-80.14490090,27.08118290,,,,,,,,,,,,,
JENSEN BEACH,MARTIN,,,,DISASTER RECOVERY CENTER-MOBILE,,,-80.22136100,27.22423500,,,,,,,,,,,,,
STUART,MARTIN,,,,DISASTER RECOVERY CENTER-MOBILE,,,-80.22704694,27.17253112,,,,,,,,,,,,,
STUART,MARTIN,,,,DISASTER RECOVERY CENTER-MOBILE,,,-80.24751716,27.19571129,,,,,,,,,,,,,
INDIANTOWN,MARTIN,,,,DISASTER RECOVERY CENTER-MOBILE,,,-80.46673731,27.02153083,,,,,,,,,,,,,
MIAMI,MIAMI-DADE,,,,DISASTER RECOVERY CENTER-MOBILE,,,-80.22056219,25.77664119,,,,,,,,,,,,,
MIAMI,MIAMI-DADE,,,,DISASTER RECOVERY CENTER-MOBILE,,,-80.36409484,25.57123097,,,,,,,,,,,,,
HOMESTEAD,MIAMI-DADE,,,,DISASTER RECOVERY CENTER-MOBILE,,,-80.44633928,25.47640521,,,,,,,,,,,,,
HIALEAH,MIAMI-DADE,,,,DISASTER RECOVERY CENTER-MOBILE,,,-80.28525082,25.86462361,,,,,,,,,,,,,
MARATHON,MONROE,,,,DISASTER RECOVERY CENTER-MOBILE,,,,,,,,,,,,,,,,,
KEY WEST,MONROE,,,,DISASTER RECOVERY CENTER-MOBILE,,,-81.80036001,24.55495749,,,,,,,,,,,,,
BIG PINE KEY,MONROE,,,,DISASTER RECOVERY CENTER-MOBILE,,,-81.34765270,24.67780212,,,,,,,,,,,,,
ISLAMORADA,MONROE,,,,DISASTER RECOVERY CENTER-MOBILE,,,-80.63626191,24.91770924,,,,,,,,,,,,,
YULEE,NASSAU,,,,DISASTER RECOVERY CENTER-MOBILE,,,-81.63510616,30.62241858,,,,,,,,,,,,,
YULEE,NASSAU,,,,DISASTER RECOVERY CENTER-MOBILE,,,-81.55362332,30.62919446,,,,,,,,,,,,,
FERNANDINA BEACH,NASSAU,,,,DISASTER RECOVERY CENTER-MOBILE,,,-81.51871762,30.61927870,,,,,,,,,,,,,
NICEVILLE,OKALOOSA,,,,DISASTER RECOVERY CENTER-MOBILE,,,-86.41853504,30.48980828,,,,,,,,,,,,,
OKEECHOBEE,OKEECHOBEE,,,,DISASTER RECOVERY CENTER-MOBILE,,,-80.78401256,27.24955979,,,,,,,,,,,,,
OKEECHOBEE,OKEECHOBEE,,,,DISASTER RECOVERY CENTER-MOBILE,,,-80.78378200,27.23876100,,,,,,,,,,,,,
ORLANDO,ORANGE,,,,DISASTER RECOVERY CENTER-MOBILE,,,-81.44325865,28.55848646,,,,,,,,,,,,,
ORLANDO,ORANGE,,,,DISASTER RECOVERY CENTER-MOBILE,,,-81.49722000,28.53921900,,,,,,,,,,,,,
ORLANDO,ORANGE,,,,DISASTER RECOVERY CENTER-MOBILE,,,-81.22191000,28.56742000,,,,,,,,,,,,,
ORLANDO,ORANGE,,,,DISASTER RECOVERY CENTER-MOBILE,,,-81.24438076,28.56611618,,,,,,,,,,,,,
ORLANDO,ORANGE,,,,DISASTER RECOVERY CENTER-MOBILE,,,-81.41582825,28.50188438,,,,,,,,,,,,,
ORLANDO,ORANGE,,,,DISASTER RECOVERY CENTER-MOBILE,,,-81.36982764,28.42960579,,,,,,,,,,,,,
ORLANDO,ORANGE,,,,DISASTER RECOVERY CENTER-MOBILE,,,-81.46501452,28.54220542,,,,,,,,,,,,,
CHRISTMAS,ORANGE,,,,DISASTER RECOVERY CENTER-MOBILE,,,-81.02180904,28.56177078,,,,,,,,,,,,,
MOUNT DORA,ORANGE,,,,DISASTER RECOVERY CENTER-MOBILE,,,-81.61949900,28.73786900,,,,,,,,,,,,,
OCOEE,ORANGE,,,,DISASTER RECOVERY CENTER-MOBILE,,,-81.51749900,28.55509900,,,,,,,,,,,,,
KISSIMMEE,OSCEOLA,,,,DISASTER RECOVERY CENTER-MOBILE,,,-81.36786691,28.29719298,,,,,,,,,,,,,
BELLE GLADE,PALM BEACH,,,,DISASTER RECOVERY CENTER-MOBILE,,,-80.66651624,26.72532122,,,,,,,,,,,,,
WEST PALM BEACH,PALM BEACH,,,,DISASTER RECOVERY CENTER-MOBILE,,,-80.07027267,26.72806123,,,,,,,,,,,,,
BOCA RATON,PALM BEACH,,,,DISASTER RECOVERY CENTER-MOBILE,,,-80.12766535,26.34620087,,,,,,,,,,,,,
BOYNTON BEACH,PALM BEACH,,,,DISASTER RECOVERY CENTER-MOBILE,,,-80.06288945,26.52574778,,,,,,,,,,,,,
HUDSON,PASCO,,,,DISASTER RECOVERY CENTER-MOBILE,,,-82.62430475,28.39057203,,,,,,,,,,,,,
LAND O LAKES,PASCO,,,,DISASTER RECOVERY CENTER-MOBILE,,,-82.46015900,28.23573900,,,,,,,,,,,,,
NEW PORT RICHEY,PASCO,,,,DISASTER RECOVERY CENTER-MOBILE,,,-82.66820000,28.22964900,,,,,,,,,,,,,
DADE CITY,PASCO,,,,DISASTER RECOVERY CENTER-MOBILE,,,-82.16655900,28.39562000,,,,,,,,,,,,,
ZEPHYRHILLS,PASCO,,,,DISASTER RECOVERY CENTER-MOBILE,,,-82.14702900,28.22461900,,,,,,,,,,,,,
TARPON SPRINGS,PINELLAS,,,,DISASTER RECOVERY CENTER-MOBILE,,,-82.73897628,28.13348722,,,,,,,,,,,,,
LARGO,PINELLAS,,,,DISASTER RECOVERY CENTER-MOBILE,,,-82.80690200,27.89221000,,,,,,,,,,,,,
SAINT PETERSBURG,PINELLAS,,,,DISASTER RECOVERY CENTER-MOBILE,,,-82.77180721,27.80344067,,,,,,,,,,,,,
WINTER HAVEN,POLK,,,,DISASTER RECOVERY CENTER-MOBILE,,,-81.72936441,28.00365751,,,,,,,,,,,,,
WINTER HAVEN,POLK,,,,DISASTER RECOVERY CENTER-MOBILE,,,-81.81038800,28.00000000,,,,,,,,,,,,,
LAKELAND,POLK,,,,DISASTER RECOVERY CENTER-MOBILE,,,-81.97796000,28.09122900,,,,,,,,,,,,,
PALATKA,PUTNAM,,,,DISASTER RECOVERY CENTER-MOBILE,,,-81.70809190,29.64526778,,,,,,,,,,,,,
PALATKA,PUTNAM,,,,DISASTER RECOVERY CENTER-MOBILE,,,-81.68750528,29.66292585,,,,,,,,,,,,,
PALATKA,PUTNAM,,,,DISASTER RECOVERY CENTER-MOBILE,,,-81.65895695,29.66546539,,,,,,,,,,,,,
BOSTWICK,PUTNAM,,,,DISASTER RECOVERY CENTER-MOBILE,,,-81.63342193,29.77149195,,,,,,,,,,,,,
CRESCENT CITY,PUTNAM,,,,DISASTER RECOVERY CENTER-MOBILE,,,-81.53539398,29.46502328,,,,,,,,,,,,,
EAST PALATKA,PUTNAM,,,,DISASTER RECOVERY CENTER-MOBILE,,,-81.58887478,29.64186914,,,,,,,,,,,,,
SAINT AUGUSTINE,ST. JOHNS,,,,DISASTER RECOVERY CENTER-MOBILE,,,-81.33645944,29.93903141,,,,,,,,,,,,,
SAINT AUGUSTINE,ST. JOHNS,,,,DISASTER RECOVERY CENTER-MOBILE,,,-81.35342373,29.88850030,,,,,,,,,,,,,
FORT PIERCE,ST. LUCIE,,,,DISASTER RECOVERY CENTER-MOBILE,,,-80.34483972,27.42638545,,,,,,,,,,,,,
FORT PIERCE,ST. LUCIE,,,,DISASTER RECOVERY CENTER-MOBILE,,,-80.34862969,27.42707210,,,,,,,,,,,,,
PORT SAINT LUCIE,ST. LUCIE,,,,DISASTER RECOVERY CENTER-MOBILE,,,-80.36680100,27.34804200,,,,,,,,,,,,,
PORT SAINT LUCIE,ST. LUCIE,,,,DISASTER RECOVERY CENTER-MOBILE,,,-80.27982600,27.30272700,,,,,,,,,,,,,
SARASOTA,SARASOTA,,,,DISASTER RECOVERY CENTER-MOBILE,,,-82.54762724,27.34331891,,,,,,,,,,,,,
SARASOTA,SARASOTA,,,,DISASTER RECOVERY CENTER-MOBILE,,,-82.50092759,27.28540656,,,,,,,,,,,,,
SARASOTA,SARASOTA,,,,DISASTER RECOVERY CENTER-MOBILE,,,-82.53317216,27.36603863,,,,,,,,,,,,,
VENICE,SARASOTA,,,,DISASTER RECOVERY CENTER-MOBILE,,,-82.44696254,27.09515979,,,,,,,,,,,,,
ALTAMONTE SPRINGS,SEMINOLE,,,,DISASTER RECOVERY CENTER-MOBILE,,,-81.37582610,28.66566239,,,,,,,,,,,,,
OVIEDO,SEMINOLE,,,,DISASTER RECOVERY CENTER-MOBILE,,,-81.23617408,28.66084941,,,,,,,,,,,,,
CASSELBERRY,SEMINOLE,,,,DISASTER RECOVERY CENTER-MOBILE,,,-81.33488913,28.66141963,,,,,,,,,,,,,
SANFORD,SEMINOLE,,,,DISASTER RECOVERY CENTER-MOBILE,,,-81.33639225,28.80573656,,,,,,,,,,,,,
BUSHNELL,SUMTER,,,,DISASTER RECOVERY CENTER-MOBILE,,,-82.10494949,28.69130376,,,,,,,,,,,,,
BUSHNELL,SUMTER,,,,DISASTER RECOVERY CENTER-MOBILE,,,-82.11304280,28.67625150,,,,,,,,,,,,,
BUSHNELL,SUMTER,,,,DISASTER RECOVERY CENTER-MOBILE,,,-82.10535008,28.66826614,,,,,,,,,,,,,
WILDWOOD,SUMTER,,,,DISASTER RECOVERY CENTER-MOBILE,,,-82.00264686,28.83189585,,,,,,,,,,,,,
Wildwood,SUMTER,,,,DISASTER RECOVERY CENTER-MOBILE,,,-81.98306430,28.82479382,,,,,,,,,,,,,
LIVE OAK,SUWANNEE,,,,DISASTER RECOVERY CENTER-MOBILE,,,-83.00588449,30.29113492,,,,,,,,,,,,,
LAKE BUTLER,UNION,,,,DISASTER RECOVERY CENTER-MOBILE,,,-82.34779746,30.01735189,,,,,,,,,,,,,
LAKE BUTLER,UNION,,,,DISASTER RECOVERY CENTER-MOBILE,,,-82.33944958,30.02634653,,,,,,,,,,,,,
LAKE BUTLER,UNION,,,,DISASTER RECOVERY CENTER-MOBILE,,,-82.33853753,30.01570708,,,,,,,,,,,,,
DAYTONA BEACH,VOLUSIA,,,,DISASTER RECOVERY CENTER-MOBILE,,,-81.07862669,29.21296012,,,,,,,,,,,,,
CRAWFORDVILLE,WAKULLA,,,,DISASTER RECOVERY CENTER-MOBILE,,,-84.37751246,30.11655744,,,,,,,,,,,,,
DEFUNIAK SPRINGS,WALTON,,,,DISASTER RECOVERY CENTER-MOBILE,,,-86.12458350,30.74342077,,,,,,,,,,,,,
DEFUNIAK SPRINGS,WALTON,,,,DISASTER RECOVERY CENTER-MOBILE,,,-86.26675000,30.98341000,,,,,,,,,,,,,
DEFUNIAK SPRINGS,WALTON,,,,DISASTER RECOVERY CENTER-MOBILE,,,-86.11370857,30.73291094,,,,,,,,,,,,,
SANTA ROSA BEACH,WALTON,,,,DISASTER RECOVERY CENTER-MOBILE,,,-86.23759000,30.36980200,,,,,,,,,,,,,
GAINESVILLE,ALACHUA,,,,DISASTER RECOVERY CENTER,,,,,-82.28027223,29.68244134,,,,,,,,,,,
GAINESVILLE,ALACHUA,,,,DISASTER RECOVERY CENTER,,,,,-82.28827350,29.65153310,,,,,,,,,,,
GAINESVILLE,ALACHUA,,,,DISASTER RECOVERY CENTER,,,,,-82.31096930,29.66781400,,,,,,,,,,,
GAINESVILLE,ALACHUA,,,,DISASTER RECOVERY CENTER,,,,,-82.38790850,29.68195370,,,,,,,,,,,
GAINESVILLE,ALACHUA,,,,DISASTER RECOVERY CENTER,,,,,-82.37134700,29.66151300,,,,,,,,,,,
GAINESVILLE,ALACHUA,,,,DISASTER RECOVERY CENTER,,,,,-82.35290756,29.70979567,,,,,,,,,,,
HIGH SPRINGS,ALACHUA,,,,DISASTER RECOVERY CENTER,,,,,-82.60787460,29.77814550,,,,,,,,,,,
NEWBERRY ,ALACHUA,,,,DISASTER RECOVERY CENTER,,,,,-82.61078510,29.64513260,,,,,,,,,,,
WALDO,ALACHUA,,,,DISASTER RECOVERY CENTER,,,,,-82.17123630,29.79041410,,,,,,,,,,,
HAWTHORNE,ALACHUA,,,,DISASTER RECOVERY CENTER,,,,,-82.08682610,29.59275220,,,,,,,,,,,
ARCHER,ALACHUA,,,,DISASTER RECOVERY CENTER,,,,,-82.51969660,29.53206440,,,,,,,,,,,
GLEN SAINT MARY,BAKER,,,,DISASTER RECOVERY CENTER,,,,,-82.15459886,30.28217508,,,,,,,,,,,
GLEN SAINT MARY,BAKER,,,,DISASTER RECOVERY CENTER,,,,,-82.27698551,30.24737573,,,,,,,,,,,
MACCLENNY,BAKER,,,,DISASTER RECOVERY CENTER,,,,,-82.12681993,30.28658992,,,,,,,,,,,
MACCLENNY,BAKER,,,,DISASTER RECOVERY CENTER,,,,,-82.13265735,30.30543471,,,,,,,,,,,
MACCLENNY,BAKER,,,,DISASTER RECOVERY CENTER,,,,,-82.13784900,30.28030300,,,,,,,,,,,
PANAMA CITY,BAY,,,,DISASTER RECOVERY CENTER,,,,,-85.74907986,30.15374025,,,,,,,,,,,
PANAMA CITY,BAY,,,,DISASTER RECOVERY CENTER,,,,,-85.68439657,30.38657328,,,,,,,,,,,
STARKE,BRADFORD,,,,DISASTER RECOVERY CENTER,,,,,-82.10610430,29.96400788,,,,,,,,,,,
BROOKER,BRADFORD,,,,DISASTER RECOVERY CENTER,,,,,-82.33547402,29.89024714,,,,,,,,,,,
LAWTEY,BRADFORD,,,,DISASTER RECOVERY CENTER,,,,,-82.07339634,30.04531418,,,,,,,,,,,
MELBOURNE,BREVARD,,,,DISASTER RECOVERY CENTER,,,,,-80.62783086,28.13234216,,,,,,,,,,,
MELBOURNE,BREVARD,,,,DISASTER RECOVERY CENTER,,,,,-80.60822600,28.06968600,,,,,,,,,,,
MELBOURNE,BREVARD,,,,DISASTER RECOVERY CENTER,,,,,-80.70294268,28.11035043,,,,,,,,,,,
ROCKLEDGE,BREVARD,,,,DISASTER RECOVERY CENTER,,,,,-80.72647430,28.34433006,,,,,,,,,,,
COCOA,BREVARD,,,,DISASTER RECOVERY CENTER,,,,,-80.78142340,28.35949190,,,,,,,,,,,
COCOA,BREVARD,,,,DISASTER RECOVERY CENTER,,,,,-80.78127400,28.35949162,,,,,,,,,,,
TITUSVILLE,BREVARD,,,,DISASTER RECOVERY CENTER,,,,,-80.81398484,28.60697048,,,,,,,,,,,
TITUSVILLE,BREVARD,,,,DISASTER RECOVERY CENTER,,,,,-80.82222497,28.60570654,,,,,,,,,,,
TITUSVILLE,BREVARD,,,,DISASTER RECOVERY CENTER,,,,,-80.82341100,28.61225400,,,,,,,,,,,
SEBASTIAN,BREVARD,,,,DISASTER RECOVERY CENTER,,,,,-80.52354833,27.88613480,,,,,,,,,,,
SEBASTIAN,BREVARD,,,,DISASTER RECOVERY CENTER,,,,,-80.50109978,27.85933301,,,,,,,,,,,
INDIAN HARBOUR BEACH,BREVARD,,,,DISASTER RECOVERY CENTER,,,,,-80.59567050,28.14404330,,,,,,,,,,,
MIMS,BREVARD,,,,DISASTER RECOVERY CENTER,,,,,-80.84025930,28.66026440,,,,,,,,,,,
PALM BAY,BREVARD,,,,DISASTER RECOVERY CENTER,,,,,-80.65957139,28.03027365,,,,,,,,,,,
NE PALM BAY,BREVARD,,,,DISASTER RECOVERY CENTER,,,,,-80.60527820,28.01796100,,,,,,,,,,,
FORT LAUDERDALE,BROWARD,,,,DISASTER RECOVERY CENTER,,,,,-80.25014033,26.07778094,,,,,,,,,,,
FORT LAUDERDALE,BROWARD,,,,DISASTER RECOVERY CENTER,,,,,-80.24408648,26.07795742,,,,,,,,,,,
FORT LAUDERDALE,BROWARD,,,,DISASTER RECOVERY CENTER,,,,,-80.14580200,26.12013500,,,,,,,,,,,
HOLLYWOOD,BROWARD,,,,DISASTER RECOVERY CENTER,,,,,-80.14794932,26.01306273,,,,,,,,,,,
HOLLYWOOD,BROWARD,,,,DISASTER RECOVERY CENTER,,,,,-80.19075000,25.99489100,,,,,,,,,,,
PEMBROKE PINES,BROWARD,,,,DISASTER RECOVERY CENTER,,,,,-80.23601140,26.00684520,,,,,,,,,,,
HILLSBOROUGH,BROWARD,,,,DISASTER RECOVERY CENTER,,,,,-80.09246530,26.31875210,,,,,,,,,,,
FT LAUDERDALE ,BROWARD,,,,DISASTER RECOVERY CENTER,,,,,-80.18598680,26.13478960,,,,,,,,,,,
CORAL SPRINGS,BROWARD,,,,DISASTER RECOVERY CENTER,,,,,-80.26086030,26.26769770,,,,,,,,,,,
ALTHA,CALHOUN,,,,DISASTER RECOVERY CENTER,,,,,-85.13079139,30.57216440,,,,,,,,,,,
BLOUNTSTOWN,CALHOUN,,,,DISASTER RECOVERY CENTER,,,,,-85.04311412,30.45749179,,,,,,,,,,,
ENGLEWOOD,CHARLOTTE,,,,DISASTER RECOVERY CENTER,,,,,-82.29317250,26.93521771,,,,,,,,,,,
PORT CHARLOTTE,CHARLOTTE,,,,DISASTER RECOVERY CENTER,,,,,-82.09906325,26.99292471,,,,,,,,,,,
PUNTA GORDA,CHARLOTTE,,,,DISASTER RECOVERY CENTER,,,,,-82.03687254,26.93307534,,,,,,,,,,,
INVERNESS,CITRUS,,,,DISASTER RECOVERY CENTER,,,,,-82.31400485,28.80790716,,,,,,,,,,,
DUNNELLON,CITRUS,,,,DISASTER RECOVERY CENTER,,,,,-82.46026604,28.97095655,,,,,,,,,,,
CRYSTAL RIVER,CITRUS,,,,DISASTER RECOVERY CENTER,,,,,-82.60472364,28.91094112,,,,,,,,,,,
CRYSTAL RIVER,CITRUS,,,,DISASTER RECOVERY CENTER,,,,,-82.53970669,28.88382807,,,,,,,,,,,
KEYSTONE HEIGHTS,CLAY,,,,DISASTER RECOVERY CENTER,,,,,-82.02996959,29.78150896,,,,,,,,,,,
KEYSTONE HEIGHTS,CLAY,,,,DISASTER RECOVERY CENTER,,,,,-82.02874410,29.78600093,,,,,,,,,,,
GREEN COVE SPRINGS,CLAY,,,,DISASTER RECOVERY CENTER,,,,,-81.67940567,29.99141142,,,,,,,,,,,
GREEN COVE SPRINGS,CLAY,,,,DISASTER RECOVERY CENTER,,,,,-81.68164921,29.99319461,,,,,,,,,,,
ORANGE PARK,CLAY,,,,DISASTER RECOVERY CENTER,,,,,-81.70690807,30.16443577,,,,,,,,,,,
ORANGE PARK,CLAY,,,,DISASTER RECOVERY CENTER,,,,,-81.70360983,30.16386139,,,,,,,,,,,
ORANGE PARK,CLAY,,,,DISASTER RECOVERY CENTER,,,,,-81.71056493,30.09272928,,,,,,,,,,,
MIDDLEBURG,CLAY,,,,DISASTER RECOVERY CENTER,,,,,-81.86242051,30.07100294,,,,,,,,,,,
MIDDLEBURG,CLAY,,,,DISASTER RECOVERY CENTER,,,,,-81.88125983,30.06250819,,,,,,,,,,,
MIDDLEBURG,CLAY,,,,DISASTER RECOVERY CENTER,,,,,-81.86302196,30.07091227,,,,,,,,,,,
IMMOKALEE,COLLIER,,,,DISASTER RECOVERY CENTER,,,,,-81.42065711,26.40688343,,,,,,,,,,,
NAPLES,COLLIER,,,,DISASTER RECOVERY CENTER,,,,,-81.79902700,26.14823300,,,,,,,,,,,
OCHOPEE,COLLIER,,,,DISASTER RECOVERY CENTER,,,,,-81.38420204,25.85898200,,,,,,,,,,,
 ,COLLIER,,,,DISASTER RECOVERY CENTER,,,,,-81.64490700,25.92519900,,,,,,,,,,,
 ,COLLIER,,,,DISASTER RECOVERY CENTER,,,,,-81.42054100,26.41896910,,,,,,,,,,,
 ,COLLIER,,,,DISASTER RECOVERY CENTER,,,,,-81.38421990,25.85857520,,,,,,,,,,,
LAKE CITY,COLUMBIA,,,,DISASTER RECOVERY CENTER,,,,,-82.67206910,30.17624251,,,,,,,,,,,
LAKE CITY,COLUMBIA,,,,DISASTER RECOVERY CENTER,,,,,-82.66823193,30.18032592,,,,,,,,,,,
LAKE CITY,COLUMBIA,,,,DISASTER RECOVERY CENTER,,,,,-82.68464814,30.17490253,,,,,,,,,,,
LAKE CITY,COLUMBIA,,,,DISASTER RECOVERY CENTER,,,,,-82.71312797,29.93389047,,,,,,,,,,,
ARCADIA,DESOTO,,,,DISASTER RECOVERY CENTER,,,,,-81.86276819,27.22042984,,,,,,,,,,,
ARCADIA,DESOTO,,,,DISASTER RECOVERY CENTER,,,,,-81.86102386,27.20692855,,,,,,,,,,,
JACKSONVILLE,DUVAL,,,,DISASTER RECOVERY CENTER,,,,,-81.47327790,30.28903900,,,,,,,,,,,
JACKSONVILLE,DUVAL,,,,DISASTER RECOVERY CENTER,,,,,-81.67255559,30.32769200,,,,,,,,,,,
JACKSONVILLE,DUVAL,,,,DISASTER RECOVERY CENTER,,,,,-81.65410080,30.30914460,,,,,,,,,,,
JACKSONVILLE,DUVAL,,,,DISASTER RECOVERY CENTER,,,,,-81.67602020,30.43426830,,,,,,,,,,,
JACKSONVILLE,DUVAL,,,,DISASTER RECOVERY CENTER,,,,,-81.75942291,30.26924236,,,,,,,,,,,
JACKSONVILLE,DUVAL,,,,DISASTER RECOVERY CENTER,,,,,-81.64683644,30.33660345,,,,,,,,,,,
JACKSONVILLE,DUVAL,,,,DISASTER RECOVERY CENTER,,,,,-81.61633885,30.17677481,,,,,,,,,,,
JACKSONVILLE,DUVAL,,,,DISASTER RECOVERY CENTER,,,,,-81.67086845,30.34484998,,,,,,,,,,,
JACKSONVILLE,DUVAL,,,,DISASTER RECOVERY CENTER,,,,,-81.70214892,30.35564158,,,,,,,,,,,
JACKSONVILLE,DUVAL,,,,DISASTER RECOVERY CENTER,,,,,-81.68630670,30.38723790,,,,,,,,,,,
JACKSONVILLE,DUVAL,,,,DISASTER RECOVERY CENTER,,,,,-81.63210270,30.46106629,,,,,,,,,,,
JACKSONVILLE ,DUVAL,,,,DISASTER RECOVERY CENTER,,,,,-81.65841450,30.32896320,,,,,,,,,,,
NEPTUNE BEACH,DUVAL,,,,DISASTER RECOVERY CENTER,,,,,-81.39812849,30.31967432,,,,,,,,,,,
PENSACOLA,ESCAMBIA,,,,DISASTER RECOVERY CENTER,,,,,-87.27493151,30.41871437,,,,,,,,,,,
PENSACOLA,ESCAMBIA,,,,DISASTER RECOVERY CENTER,,,,,-87.23850321,30.44750815,,,,,,,,,,,
PENSACOLA,ESCAMBIA,,,,DISASTER RECOVERY CENTER,,,,,-87.30695890,30.46160248,,,,,,,,,,,
PENSACOLA,ESCAMBIA,,,,DISASTER RECOVERY CENTER,,,,,-87.25380990,30.42361070,,,,,,,,,,,
PENSACOLA,ESCAMBIA,,,,DISASTER RECOVERY CENTER,,,,,-87.23272393,30.44015751,,,,,,,,,,,
PENSACOLA,ESCAMBIA,,,,DISASTER RECOVERY CENTER,,,,,-87.31281633,30.45468108,,,,,,,,,,,
PENSACOLA,ESCAMBIA,,,,DISASTER RECOVERY CENTER,,,,,-87.19113393,30.51926938,,,,,,,,,,,
CENTURY,ESCAMBIA,,,,DISASTER RECOVERY CENTER,,,,,-87.26279015,30.97443973,,,,,,,,,,,
CENTURY,ESCAMBIA,,,,DISASTER RECOVERY CENTER,,,,,-87.26511375,30.96745248,,,,,,,,,,,
CENTURY,ESCAMBIA,,,,DISASTER RECOVERY CENTER,,,,,-87.26336038,30.96352948,,,,,,,,,,,
MOLINO,ESCAMBIA,,,,DISASTER RECOVERY CENTER,,,,,-87.33672709,30.71588687,,,,,,,,,,,
MOLINO,ESCAMBIA,,,,DISASTER RECOVERY CENTER,,,,,-87.40552704,30.71221482,,,,,,,,,,,
MC DAVID,ESCAMBIA,,,,DISASTER RECOVERY CENTER,,,,,-87.47960058,30.90166382,,,,,,,,,,,
CANTONMENT,ESCAMBIA,,,,DISASTER RECOVERY CENTER,,,,,-87.29945039,30.54243341,,,,,,,,,,,
PALM COAST,FLAGLER,,,,DISASTER RECOVERY CENTER,,,,,-81.27713059,29.48849197,,,,,,,,,,,
CARRABELLE,FRANKLIN,,,,DISASTER RECOVERY CENTER,,,,,-84.66591621,29.85739518,,,,,,,,,,,
CARRABELLE,FRANKLIN,,,,DISASTER RECOVERY CENTER,,,,,-84.65513525,29.85437546,,,,,,,,,,,
CARRABELLE,FRANKLIN,,,,DISASTER RECOVERY CENTER,,,,,-84.59480425,29.88467743,,,,,,,,,,,
APALACHICOLA,FRANKLIN,,,,DISASTER RECOVERY CENTER,,,,,-84.99856430,29.72443731,,,,,,,,,,,
APALACHICOLA,FRANKLIN,,,,DISASTER RECOVERY CENTER,,,,,-84.98479854,29.72637743,,,,,,,,,,,
EASTPOINT,FRANKLIN,,,,DISASTER RECOVERY CENTER,,,,,-84.86509355,29.74604888,,,,,,,,,,,
QUINCY,GADSDEN,,,,DISASTER RECOVERY CENTER,,,,,-84.59452978,30.58967117,,,,,,,,,,,
BELL,GILCHRIST,,,,DISASTER RECOVERY CENTER,,,,,-82.86253946,29.75578910,,,,,,,,,,,
BRANFORD,GILCHRIST,,,,DISASTER RECOVERY CENTER,,,,,-82.81682246,29.89148889,,,,,,,,,,,
TRENTON,GILCHRIST,,,,DISASTER RECOVERY CENTER,,,,,-82.81678546,29.61105819,,,,,,,,,,,
MOORE HAVEN,GLADES,,,,DISASTER RECOVERY CENTER,,,,,-81.12536492,26.84011872,,,,,,,,,,,
MOORE HAVEN,GLADES,,,,DISASTER RECOVERY CENTER,,,,,-81.10292684,26.83303260,,,,,,,,,,,
WEWAHITCHKA,GULF,,,,DISASTER RECOVERY CENTER,,,,,-85.19754935,30.11591279,,,,,,,,,,,
PORT SAINT JOE,GULF,,,,DISASTER RECOVERY CENTER,,,,,-85.29517005,29.79357501,,,,,,,,,,,
PORT SAINT JOE,GULF,,,,DISASTER RECOVERY CENTER,,,,,-85.29764483,29.82085208,,,,,,,,,,,
JASPER,HAMILTON,,,,DISASTER RECOVERY CENTER,,,,,-82.95790440,30.52380032,,,,,,,,,,,
JASPER,HAMILTON,,,,DISASTER RECOVERY CENTER,,,,,-82.95906404,30.52773059,,,,,,,,,,,
WAUCHULA,HARDEE,,,,DISASTER RECOVERY CENTER,,,,,-81.83469900,27.53299900,,,,,,,,,,,
WAUCHULA,HARDEE,,,,DISASTER RECOVERY CENTER,,,,,-81.80599300,27.50236000,,,,,,,,,,,
ZOLFO SPRINGS,HARDEE,,,,DISASTER RECOVERY CENTER,,,,,-81.80121210,27.50168380,,,,,,,,,,,
CLEWISTON,HENDRY,,,,DISASTER RECOVERY CENTER,,,,,-81.11090689,26.64186868,,,,,,,,,,,
CLEWISTON,HENDRY,,,,DISASTER RECOVERY CENTER,,,,,-81.21396440,26.70668600,,,,,,,,,,,
CLEWISTON,HENDRY,,,,DISASTER RECOVERY CENTER,,,,,-80.94371050,26.73651049,,,,,,,,,,,
FELDA,HENDRY,,,,DISASTER RECOVERY CENTER,,,,,-81.41750200,26.54406900,,,,,,,,,,,
LABELLE,HENDRY,,,,DISASTER RECOVERY CENTER,,,,,-81.42862950,26.74479250,,,,,,,,,,,
LABELLE,HENDRY,,,,DISASTER RECOVERY CENTER,,,,,-81.43658074,26.74255906,,,,,,,,,,,
SPRING HILL,HERNANDO,,,,DISASTER RECOVERY CENTER,,,,,-82.60872428,28.48008264,,,,,,,,,,,
SPRING HILL,HERNANDO,,,,DISASTER RECOVERY CENTER,,,,,-82.59432034,28.49102405,,,,,,,,,,,
BROOKSVILLE,HERNANDO,,,,DISASTER RECOVERY CENTER,,,,,-82.46100019,28.44571312,,,,,,,,,,,
BROOKSVILLE,HERNANDO,,,,DISASTER RECOVERY CENTER,,,,,-82.38866210,28.53775140,,,,,,,,,,,
SEBRING,HIGHLANDS,,,,DISASTER RECOVERY CENTER,,,,,-81.42055580,27.44139337,,,,,,,,,,,
SEBRING,HIGHLANDS,,,,DISASTER RECOVERY CENTER,,,,,-81.42170071,27.44245596,,,,,,,,,,,
LITHIA,HILLSBOROUGH,,,,DISASTER RECOVERY CENTER,,,,,-82.06953408,27.87026904,,,,,,,,,,,
TAMPA,HILLSBOROUGH,,,,DISASTER RECOVERY CENTER,,,,,-82.51683900,28.06647900,,,,,,,,,,,
TAMPA,HILLSBOROUGH,,,,DISASTER RECOVERY CENTER,,,,,-82.43334865,28.07548049,,,,,,,,,,,
TAMPA,HILLSBOROUGH,,,,DISASTER RECOVERY CENTER,,,,,-82.33366700,27.96258020,,,,,,,,,,,
RIVERVIEW,HILLSBOROUGH,,,,DISASTER RECOVERY CENTER,,,,,-82.31122750,27.88702184,,,,,,,,,,,
BONIFAY,HOLMES,,,,DISASTER RECOVERY CENTER,,,,,-85.61971975,30.98063211,,,,,,,,,,,
PONCE DE LEON,HOLMES,,,,DISASTER RECOVERY CENTER,,,,,-85.93371500,30.72607600,,,,,,,,,,,
VERO BEACH,INDIAN RIVER,,,,DISASTER RECOVERY CENTER,,,,,-80.45593320,27.63380920,,,,,,,,,,,
VERO BEACH,INDIAN RIVER,,,,DISASTER RECOVERY CENTER,,,,,-80.42784805,27.73431378,,,,,,,,,,,
VERO BEACH,INDIAN RIVER,,,,DISASTER RECOVERY CENTER,,,,,-80.44280723,27.73475893,,,,,,,,,,,
VERO BEACH,INDIAN RIVER,,,,DISASTER RECOVERY CENTER,,,,,-80.45662626,27.69895131,,,,,,,,,,,
VERO BEACH,INDIAN RIVER,,,,DISASTER RECOVERY CENTER,,,,,-80.43018460,27.68199060,,,,,,,,,,,
VERO BEACH,INDIAN RIVER,,,,DISASTER RECOVERY CENTER,,,,,-80.40187795,27.64055995,,,,,,,,,,,
VERO BEACH,INDIAN RIVER,,,,DISASTER RECOVERY CENTER,,,,,-80.40344376,27.64638513,,,,,,,,,,,
VERO BEACH,INDIAN RIVER,,,,DISASTER RECOVERY CENTER,,,,,-80.46167786,27.64131862,,,,,,,,,,,
VERO BEACH,INDIAN RIVER,,,,DISASTER RECOVERY CENTER,,,,,-80.44776727,27.73825013,,,,,,,,,,,
VERO BEACH,INDIAN RIVER,,,,DISASTER RECOVERY CENTER,,,,,-80.45247096,27.63375111,,,,,,,,,,,
VERO BEACH,INDIAN RIVER,,,,DISASTER RECOVERY CENTER,,,,,-80.39455850,27.63843846,,,,,,,,,,,
VERO BEACH,INDIAN RIVER,,,,DISASTER RECOVERY CENTER,,,,,-80.37209754,27.69226956,,,,,,,,,,,
SEBASTIAN,INDIAN RIVER,,,,DISASTER RECOVERY CENTER,,,,,-80.52059125,27.76888412,,,,,,,,,,,
SEBASTIAN,INDIAN RIVER,,,,DISASTER RECOVERY CENTER,,,,,-80.47686180,27.80415584,,,,,,,,,,,
SEBASTIAN,INDIAN RIVER,,,,DISASTER RECOVERY CENTER,,,,,-80.49730059,27.77795554,,,,,,,,,,,
SEBASTIAN,INDIAN RIVER,,,,DISASTER RECOVERY CENTER,,,,,-80.52097929,27.76846288,,,,,,,,,,,
SEBASTIAN,INDIAN RIVER,,,,DISASTER RECOVERY CENTER,,,,,-80.48753693,27.77892187,,,,,,,,,,,
SEBASTIAN,INDIAN RIVER,,,,DISASTER RECOVERY CENTER,,,,,-80.47474208,27.81743752,,,,,,,,,,,
FELLSMERE,INDIAN RIVER,,,,DISASTER RECOVERY CENTER,,,,,-80.60289661,27.76685289,,,,,,,,,,,
FELLSMERE,INDIAN RIVER,,,,DISASTER RECOVERY CENTER,,,,,-80.59117334,27.76841611,,,,,,,,,,,
MARIANNA,JACKSON,,,,DISASTER RECOVERY CENTER,,,,,-85.29417336,30.78257810,,,,,,,,,,,
MARIANNA,JACKSON,,,,DISASTER RECOVERY CENTER,,,,,-85.22541532,30.77345764,,,,,,,,,,,
MAYO,LAFAYETTE,,,,DISASTER RECOVERY CENTER,,,,,-83.18427025,30.05563098,,,,,,,,,,,
MAYO,LAFAYETTE,,,,DISASTER RECOVERY CENTER,,,,,-83.17499631,30.05414177,,,,,,,,,,,
DAY,LAFAYETTE,,,,DISASTER RECOVERY CENTER,,,,,-83.29207189,30.19571427,,,,,,,,,,,
LEESBURG,LAKE,,,,DISASTER RECOVERY CENTER,,,,,-81.87453670,28.80642253,,,,,,,,,,,
LEESBURG,LAKE,,,,DISASTER RECOVERY CENTER,,,,,-81.78630530,28.82538850,,,,,,,,,,,
GROVELAND,LAKE,,,,DISASTER RECOVERY CENTER,,,,,-81.85667472,28.55945216,,,,,,,,,,,
MOUNT DORA,LAKE,,,,DISASTER RECOVERY CENTER,,,,,-81.65307900,28.81504900,,,,,,,,,,,
BONITA SPRINGS,LEE,,,,DISASTER RECOVERY CENTER,,,,,-81.78653668,26.34857328,,,,,,,,,,,
FORT MYERS,LEE,,,,DISASTER RECOVERY CENTER,,,,,-81.81419912,26.47196165,,,,,,,,,,,
FORT MYERS,LEE,,,,DISASTER RECOVERY CENTER,,,,,,,,,,,,,,,,,
FORT MYERS,LEE,,,,DISASTER RECOVERY CENTER,,,,,-81.85238064,26.63314568,,,,,,,,,,,
CAPE CORAL,LEE,,,,DISASTER RECOVERY CENTER,,,,,-81.97584957,26.64205647,,,,,,,,,,,
FORT MYERS BEACH,LEE,,,,DISASTER RECOVERY CENTER,,,,,,,,,,,,,,,,,
SANIBEL-CAPTIVA,LEE,,,,DISASTER RECOVERY CENTER,,,,,,,,,,,,,,,,,
TALLAHASSEE,LEON,,,,DISASTER RECOVERY CENTER,,,,,-84.29262105,30.41769624,,,,,,,,,,,
TALLAHASSEE,LEON,,,,DISASTER RECOVERY CENTER,,,,,-84.28373187,30.44263997,,,,,,,,,,,
TALLAHASSEE,LEON,,,,DISASTER RECOVERY CENTER,,,,,-84.27434275,30.45338624,,,,,,,,,,,
TALLAHASSEE,LEON,,,,DISASTER RECOVERY CENTER,,,,,-84.28499329,30.47555545,,,,,,,,,,,
CHIEFLAND,LEVY,,,,DISASTER RECOVERY CENTER,,,,,-82.87928743,29.50626796,,,,,,,,,,,
CHIEFLAND,LEVY,,,,DISASTER RECOVERY CENTER,,,,,-82.86468470,29.47500760,,,,,,,,,,,
BRONSON,LEVY,,,,DISASTER RECOVERY CENTER,,,,,-82.64967199,29.45185642,,,,,,,,,,,
ALVA,LEVY,,,,DISASTER RECOVERY CENTER,,,,,,,,,,,,,,,,,
INGLIS,LEVY,,,,DISASTER RECOVERY CENTER,,,,,-82.67273684,29.03287196,,,,,,,,,,,
HOSFORD,LIBERTY,,,,DISASTER RECOVERY CENTER,,,,,-84.77721546,30.39561635,,,,,,,,,,,
HOSFORD,LIBERTY,,,,DISASTER RECOVERY CENTER,,,,,-84.81853271,30.36423630,,,,,,,,,,,
BRISTOL,LIBERTY,,,,DISASTER RECOVERY CENTER,,,,,-84.98118871,30.42230426,,,,,,,,,,,
MADISON,MADISON,,,,DISASTER RECOVERY CENTER,,,,,-83.41922235,30.47336429,,,,,,,,,,,
MADISON,MADISON,,,,DISASTER RECOVERY CENTER,,,,,-83.41242917,30.46834871,,,,,,,,,,,
PALMETTO,MANATEE,,,,DISASTER RECOVERY CENTER,,,,,-82.56165036,27.51498730,,,,,,,,,,,
BRADENTON,MANATEE,,,,DISASTER RECOVERY CENTER,,,,,-82.61935451,27.46754720,,,,,,,,,,,
STUART,MARTIN,,,,DISASTER RECOVERY CENTER,,,,,-80.22355465,27.19450341,,,,,,,,,,,
STUART,MARTIN,,,,DISASTER RECOVERY CENTER,,,,,-80.22062692,27.13418717,,,,,,,,,,,
STUART,MARTIN,,,,DISASTER RECOVERY CENTER,,,,,-80.20711687,27.14625385,,,,,,,,,,,
JENSEN BEACH,MARTIN,,,,DISASTER RECOVERY CENTER,,,,,-80.22184696,27.22446315,,,,,,,,,,,
MIAMI,MIAMI-DADE,,,,DISASTER RECOVERY CENTER,,,,,-80.23321580,25.82526356,,,,,,,,,,,
MIAMI,MIAMI-DADE,,,,DISASTER RECOVERY CENTER,,,,,-80.37709250,25.56554270,,,,,,,,,,,
MIAMI,MIAMI-DADE,,,,DISASTER RECOVERY CENTER,,,,,-80.44193580,25.67169590,,,,,,,,,,,
MIAMI,MIAMI-DADE,,,,DISASTER RECOVERY CENTER,,,,,-80.23540700,25.83790500,,,,,,,,,,,
MIAMI,MIAMI-DADE,,,,DISASTER RECOVERY CENTER,,,,,-80.37405330,25.67373600,,,,,,,,,,,
MIAMI,MIAMI-DADE,,,,DISASTER RECOVERY CENTER,,,,,-80.37076382,25.74826960,,,,,,,,,,,
MIAMI ,MIAMI-DADE,,,,DISASTER RECOVERY CENTER,,,,,-80.19666210,25.77525290,,,,,,,,,,,
MARATHON,MONROE,,,,DISASTER RECOVERY CENTER,,,,,-81.02700239,24.72926148,,,,,,,,,,,
MARATHON,MONROE,,,,DISASTER RECOVERY CENTER,,,,,-81.04964044,24.72554452,,,,,,,,,,,
MARATHON,MONROE,,,,DISASTER RECOVERY CENTER,,,,,,,,,,,,,,,,,
BIG PINE KEY,MONROE,,,,DISASTER RECOVERY CENTER,,,,,-81.34287723,24.66803640,,,,,,,,,,,
BIG PINE KEY,MONROE,,,,DISASTER RECOVERY CENTER,,,,,-81.35852250,24.66870971,,,,,,,,,,,
BIG PINE KEY,MONROE,,,,DISASTER RECOVERY CENTER,,,,,-81.35455496,24.66929155,,,,,,,,,,,
BIG PINE KEY,MONROE,,,,DISASTER RECOVERY CENTER,,,,,-81.35974257,24.67448990,,,,,,,,,,,
BIG PINE KEY,MONROE,,,,DISASTER RECOVERY CENTER,,,,,-81.35600169,24.67508763,,,,,,,,,,,
ISLAMORADA,MONROE,,,,DISASTER RECOVERY CENTER,,,,,-80.63675808,24.91753414,,,,,,,,,,,
KEY LARGO,MONROE,,,,DISASTER RECOVERY CENTER,,,,,-80.38317406,25.16204100,,,,,,,,,,,
 ,MONROE,,,,DISASTER RECOVERY CENTER,,,,,-81.80142800,24.55614200,,,,,,,,,,,
KEY WEST,MONROE,,,,DISASTER RECOVERY CENTER,,,,,-81.76450403,24.56117346,,,,,,,,,,,
KEY WEST,MONROE,,,,DISASTER RECOVERY CENTER,,,,,-81.76562295,24.56159055,,,,,,,,,,,
KEY WEST,MONROE,,,,DISASTER RECOVERY CENTER,,,,,-81.78681180,24.55812877,,,,,,,,,,,
FERNANDINA BEACH,NASSAU,,,,DISASTER RECOVERY CENTER,,,,,-81.45774946,30.66396317,,,,,,,,,,,
BRYCEVILLE,NASSAU,,,,DISASTER RECOVERY CENTER,,,,,-81.93478845,30.39213612,,,,,,,,,,,
YULEE,NASSAU,,,,DISASTER RECOVERY CENTER,,,,,-81.63018519,30.61265568,,,,,,,,,,,
FORT WALTON BEACH,OKALOOSA,,,,DISASTER RECOVERY CENTER,,,,,-86.63075100,30.40951900,,,,,,,,,,,
FORT WALTON BEACH,OKALOOSA,,,,DISASTER RECOVERY CENTER,,,,,-86.61881066,30.40731030,,,,,,,,,,,
FORT WALTON BEACH,OKALOOSA,,,,DISASTER RECOVERY CENTER,,,,,-86.62328800,30.41601100,,,,,,,,,,,
CRESTVIEW,OKALOOSA,,,,DISASTER RECOVERY CENTER,,,,,-86.56036720,30.77493836,,,,,,,,,,,
OKEECHOBEE,OKEECHOBEE,,,,DISASTER RECOVERY CENTER,,,,,-80.82821900,27.22242900,,,,,,,,,,,
OKEECHOBEE,OKEECHOBEE,,,,DISASTER RECOVERY CENTER,,,,,-80.83716658,27.24854672,,,,,,,,,,,
ORLANDO,ORANGE,,,,DISASTER RECOVERY CENTER,,,,,-81.40559183,28.57132923,,,,,,,,,,,
ORLANDO,ORANGE,,,,DISASTER RECOVERY CENTER,,,,,-81.25866410,28.49689900,,,,,,,,,,,
ORLANDO,ORANGE,,,,DISASTER RECOVERY CENTER,,,,,-81.28696303,28.56564319,,,,,,,,,,,
ORLANDO,ORANGE,,,,DISASTER RECOVERY CENTER,,,,,-81.45931720,28.52077770,,,,,,,,,,,
ORLANDO,ORANGE,,,,DISASTER RECOVERY CENTER,,,,,-81.46481018,28.52120108,,,,,,,,,,,
 ,ORANGE,,,,DISASTER RECOVERY CENTER,,,,,-81.38425100,28.54893800,,,,,,,,,,,
APOPKA,ORANGE,,,,DISASTER RECOVERY CENTER,,,,,-81.50778840,28.69993810,,,,,,,,,,,
SAINT CLOUD,OSCEOLA,,,,DISASTER RECOVERY CENTER,,,,,-81.30611619,28.24045522,,,,,,,,,,,
SAINT CLOUD,OSCEOLA,,,,DISASTER RECOVERY CENTER,,,,,-81.30682115,28.24175382,,,,,,,,,,,
SAINT CLOUD,OSCEOLA,,,,DISASTER RECOVERY CENTER,,,,,-81.27864825,28.24678063,,,,,,,,,,,
KISSIMMEE,OSCEOLA,,,,DISASTER RECOVERY CENTER,,,,,-81.40378618,28.29190882,,,,,,,,,,,
KISSIMMEE,OSCEOLA,,,,DISASTER RECOVERY CENTER,,,,,-81.32907323,28.25411775,,,,,,,,,,,
KISSIMMEE,OSCEOLA,,,,DISASTER RECOVERY CENTER,,,,,-81.35123052,28.33095110,,,,,,,,,,,
KISSIMMEE,OSCEOLA,,,,DISASTER RECOVERY CENTER,,,,,-81.35231779,28.32714554,,,,,,,,,,,
KISSIMMEE,OSCEOLA,,,,DISASTER RECOVERY CENTER,,,,,-81.35296567,28.33322544,,,,,,,,,,,
KISSIMMEE,OSCEOLA,,,,DISASTER RECOVERY CENTER,,,,,-81.43934433,28.27548893,,,,,,,,,,,
KISSIMMEE,OSCEOLA,,,,DISASTER RECOVERY CENTER,,,,,-81.45275370,28.15129753,,,,,,,,,,,
KISSIMMEE ,OSCEOLA,,,,DISASTER RECOVERY CENTER,,,,,-81.36902060,28.29895000,,,,,,,,,,,
BELLE GLADE,PALM BEACH,,,,DISASTER RECOVERY CENTER,,,,,-80.66890547,26.68126415,,,,,,,,,,,
BOYNTON BEACH,PALM BEACH,,,,DISASTER RECOVERY CENTER,,,,,-80.06753317,26.53807787,,,,,,,,,,,
WEST PALM BEACH,PALM BEACH,,,,DISASTER RECOVERY CENTER,,,,,-80.23828733,26.65310123,,,,,,,,,,,
JUPITER,PALM BEACH,,,,DISASTER RECOVERY CENTER,,,,,-80.10312746,26.93175506,,,,,,,,,,,
SAN ANTONIO,PASCO,,,,DISASTER RECOVERY CENTER,,,,,-82.27385380,28.33153630,,,,,,,,,,,
LAND O LAKES,PASCO,,,,DISASTER RECOVERY CENTER,,,,,-82.43215936,28.19933183,,,,,,,,,,,
NEW PORT RICHEY,PASCO,,,,DISASTER RECOVERY CENTER,,,,,-82.72098333,28.22366042,,,,,,,,,,,
ODESSA,PASCO,,,,DISASTER RECOVERY CENTER,,,,,-82.54450540,28.18640800,,,,,,,,,,,
DADE CITY,PASCO,,,,DISASTER RECOVERY CENTER,,,,,-82.19820333,28.36026164,,,,,,,,,,,
PORT RICHEY,PASCO,,,,DISASTER RECOVERY CENTER,,,,,-82.68193543,28.28313703,,,,,,,,,,,
PALM HARBOR,PINELLAS,,,,DISASTER RECOVERY CENTER,,,,,-82.75726400,28.08159700,,,,,,,,,,,
PALM HARBOR,PINELLAS,,,,DISASTER RECOVERY CENTER,,,,,-82.74040191,28.06778076,,,,,,,,,,,
LARGO,PINELLAS,,,,DISASTER RECOVERY CENTER,,,,,-82.81244500,27.88565900,,,,,,,,,,,
CLEARWATER,PINELLAS,,,,DISASTER RECOVERY CENTER,,,,,-82.71134081,27.89742955,,,,,,,,,,,
PINELLAS PARK,PINELLAS,,,,DISASTER RECOVERY CENTER,,,,,-82.71424358,27.83958364,,,,,,,,,,,
WINTER HAVEN,POLK,,,,DISASTER RECOVERY CENTER,,,,,-81.83470000,28.00000000,,,,,,,,,,,
WINTER HAVEN,POLK,,,,DISASTER RECOVERY CENTER,,,,,-81.80573900,27.99999900,,,,,,,,,,,
BARTOW,POLK,,,,DISASTER RECOVERY CENTER,,,,,-81.84439000,27.87249900,,,,,,,,,,,
BARTOW,POLK,,,,DISASTER RECOVERY CENTER,,,,,-81.82631230,27.91306340,,,,,,,,,,,
BARTOW,POLK,,,,DISASTER RECOVERY CENTER,,,,,-81.82790688,27.87784098,,,,,,,,,,,
LAKELAND,POLK,,,,DISASTER RECOVERY CENTER,,,,,-81.96293900,28.04184900,,,,,,,,,,,
LAKE WALES,POLK,,,,DISASTER RECOVERY CENTER,,,,,-81.61586900,27.95411000,,,,,,,,,,,
PALATKA,PUTNAM,,,,DISASTER RECOVERY CENTER,,,,,-81.68131598,29.64664699,,,,,,,,,,,
PALATKA,PUTNAM,,,,DISASTER RECOVERY CENTER,,,,,-81.65679755,29.63867190,,,,,,,,,,,
PALATKA,PUTNAM,,,,DISASTER RECOVERY CENTER,,,,,-81.68366129,29.64276461,,,,,,,,,,,
MELROSE,PUTNAM,,,,DISASTER RECOVERY CENTER,,,,,-82.04565211,29.71248360,,,,,,,,,,,
INTERLACHEN,PUTNAM,,,,DISASTER RECOVERY CENTER,,,,,-81.88712461,29.63236699,,,,,,,,,,,
INTERLACHEN,PUTNAM,,,,DISASTER RECOVERY CENTER,,,,,-81.88382025,29.61836732,,,,,,,,,,,
EAST PALATKA,PUTNAM,,,,DISASTER RECOVERY CENTER,,,,,-81.58945328,29.64309192,,,,,,,,,,,
CRESCENT CITY,PUTNAM,,,,DISASTER RECOVERY CENTER,,,,,-81.51024178,29.43845174,,,,,,,,,,,
SAINT AUGUSTINE,ST. JOHNS,,,,DISASTER RECOVERY CENTER,,,,,-81.31023000,29.87641900,,,,,,,,,,,
SAINT AUGUSTINE,ST. JOHNS,,,,DISASTER RECOVERY CENTER,,,,,-81.41005435,29.90487222,,,,,,,,,,,
SAINT AUGUSTINE,ST. JOHNS,,,,DISASTER RECOVERY CENTER,,,,,-81.46772632,29.98977575,,,,,,,,,,,
SAINT AUGUSTINE,ST. JOHNS,,,,DISASTER RECOVERY CENTER,,,,,-81.31856718,29.89771618,,,,,,,,,,,
St Augustine,ST. JOHNS,,,,DISASTER RECOVERY CENTER,,,,,-81.31285696,29.87918265,,,,,,,,,,,
ST AUGUSTINE,ST. JOHNS,,,,DISASTER RECOVERY CENTER,,,,,-81.41189761,29.90577551,,,,,,,,,,,
PORT SAINT LUCIE,ST. LUCIE,,,,DISASTER RECOVERY CENTER,,,,,-80.37105953,27.24628912,,,,,,,,,,,
PORT SAINT LUCIE,ST. LUCIE,,,,DISASTER RECOVERY CENTER,,,,,-80.39765413,27.31570165,,,,,,,,,,,
PORT SAINT LUCIE,ST. LUCIE,,,,DISASTER RECOVERY CENTER,,,,,-80.40223745,27.32137321,,,,,,,,,,,
PORT SAINT LUCIE,ST. LUCIE,,,,DISASTER RECOVERY CENTER,,,,,-80.28951300,27.29389100,,,,,,,,,,,
FORT PIERCE,ST. LUCIE,,,,DISASTER RECOVERY CENTER,,,,,-80.32841695,27.39056664,,,,,,,,,,,
FORT PIERCE,ST. LUCIE,,,,DISASTER RECOVERY CENTER,,,,,-80.35525506,27.37336730,,,,,,,,,,,
FORT PIERCE,ST. LUCIE,,,,DISASTER RECOVERY CENTER,,,,,-80.33504825,27.46930162,,,,,,,,,,,
FORT PIERCE,ST. LUCIE,,,,DISASTER RECOVERY CENTER,,,,,-80.39628840,27.43244714,,,,,,,,,,,
FORT PIERCE,ST. LUCIE,,,,DISASTER RECOVERY CENTER,,,,,-80.37052516,27.42733743,,,,,,,,,,,
JAY,SANTA ROSA,,,,DISASTER RECOVERY CENTER,,,,,-87.16038854,30.95185224,,,,,,,,,,,
GULF BREEZE,SANTA ROSA,,,,DISASTER RECOVERY CENTER,,,,,-87.17759243,30.35477839,,,,,,,,,,,
MILTON,SANTA ROSA,,,,DISASTER RECOVERY CENTER,,,,,-87.07538257,30.60494817,,,,,,,,,,,
MILTON,SANTA ROSA,,,,DISASTER RECOVERY CENTER,,,,,-87.05027500,30.61554600,,,,,,,,,,,
ENGLEWOOD,SARASOTA,,,,DISASTER RECOVERY CENTER,,,,,-82.35081350,26.95524580,,,,,,,,,,,
VENICE,SARASOTA,,,,DISASTER RECOVERY CENTER,,,,,-82.45069140,27.09930745,,,,,,,,,,,
VENICE,SARASOTA,,,,DISASTER RECOVERY CENTER,,,,,-82.40051963,27.04897368,,,,,,,,,,,
SARASOTA,SARASOTA,,,,DISASTER RECOVERY CENTER,,,,,-82.43888146,27.26616894,,,,,,,,,,,
SANFORD,SEMINOLE,,,,DISASTER RECOVERY CENTER,,,,,-81.26638270,28.81233981,,,,,,,,,,,
SANFORD,SEMINOLE,,,,DISASTER RECOVERY CENTER,,,,,-81.29913654,28.74319162,,,,,,,,,,,
LAKE MARY,SEMINOLE,,,,DISASTER RECOVERY CENTER,,,,,-81.33927291,28.73440426,,,,,,,,,,,
OVIEDO,SEMINOLE,,,,DISASTER RECOVERY CENTER,,,,,-81.20366416,28.67540121,,,,,,,,,,,
LONGWOOD,SEMINOLE,,,,DISASTER RECOVERY CENTER,,,,,-81.44586922,28.69394939,,,,,,,,,,,
LADY LAKE,SUMTER,,,,DISASTER RECOVERY CENTER,,,,,-82.00241686,28.92660732,,,,,,,,,,,
LADY LAKE,SUMTER,,,,DISASTER RECOVERY CENTER,,,,,-81.99893155,28.95137574,,,,,,,,,,,
WILDWOOD,SUMTER,,,,DISASTER RECOVERY CENTER,,,,,-82.04113890,28.85855802,,,,,,,,,,,
BUSHNELL,SUMTER,,,,DISASTER RECOVERY CENTER,,,,,-82.11304280,28.67625150,,,,,,,,,,,
FRUITLAND PARK,SUMTER,,,,DISASTER RECOVERY CENTER,,,,,-81.96126357,28.86596232,,,,,,,,,,,
LAKE PANASOFFKEE,SUMTER,,,,DISASTER RECOVERY CENTER,,,,,-82.13029796,28.77536619,,,,,,,,,,,
BRANFORD,SUWANNEE,,,,DISASTER RECOVERY CENTER,,,,,-82.92465726,29.96397938,,,,,,,,,,,
BRANFORD,SUWANNEE,,,,DISASTER RECOVERY CENTER,,,,,-82.91850739,29.96393536,,,,,,,,,,,
LIVE OAK,SUWANNEE,,,,DISASTER RECOVERY CENTER,,,,,-82.99525199,30.28345612,,,,,,,,,,,
PERRY,TAYLOR,,,,DISASTER RECOVERY CENTER,,,,,-83.57446774,30.07753363,,,,,,,,,,,
STEINHATCHEE,TAYLOR,,,,DISASTER RECOVERY CENTER,,,,,-83.37577975,29.67330753,,,,,,,,,,,
LAKE BUTLER,UNION,,,,DISASTER RECOVERY CENTER,,,,,-82.42430137,29.92897507,,,,,,,,,,,
LAKE BUTLER,UNION,,,,DISASTER RECOVERY CENTER,,,,,-82.54620645,30.00245533,,,,,,,,,,,
LAKE BUTLER,UNION,,,,DISASTER RECOVERY CENTER,,,,,-82.33932259,30.01761176,,,,,,,,,,,
RAIFORD,UNION,,,,DISASTER RECOVERY CENTER,,,,,-82.23941383,30.06166161,,,,,,,,,,,
DELAND,VOLUSIA,,,,DISASTER RECOVERY CENTER,,,,,-81.22439000,29.01732900,,,,,,,,,,,
DELAND,VOLUSIA,,,,DISASTER RECOVERY CENTER,,,,,-81.24315502,29.01199289,,,,,,,,,,,
ORANGE CITY,VOLUSIA,,,,DISASTER RECOVERY CENTER,,,,,-81.28114000,28.91324700,,,,,,,,,,,
DAYTONA BEACH,VOLUSIA,,,,DISASTER RECOVERY CENTER,,,,,-81.00019841,29.16581662,,,,,,,,,,,
LAUREL HILL,WALTON,,,,DISASTER RECOVERY CENTER,,,,,-86.30326154,30.97294198,,,,,,,,,,,
FREEPORT,WALTON,,,,DISASTER RECOVERY CENTER,,,,,-86.13366832,30.50020272,,,,,,,,,,,
SANTA ROSA BEACH,WALTON,,,,DISASTER RECOVERY CENTER,,,,,-86.18197600,30.37116300,,,,,,,,,,,
CHIPLEY,WASHINGTON,,,,DISASTER RECOVERY CENTER,,,,,-85.55303200,30.74253300,,,,,,,,,,,
CHIPLEY,WASHINGTON,,,,DISASTER RECOVERY CENTER,,,,,-85.58884705,30.63668744,,,,,,,,,,,
CARYVILLE,WASHINGTON,,,,DISASTER RECOVERY CENTER,,,,,-85.76147700,30.70089000,,,,,,,,,,,
EBRO,WASHINGTON,,,,DISASTER RECOVERY CENTER,,,,,-85.87325982,30.44049408,,,,,,,,,,,
 ,,,,,PRIVATE SCHOOL,,,,,,,-82.15473799,27.08450502,,,,,,,,,
 ,,,,,PRIVATE SCHOOL,,,,,,,-82.24169363,27.05057803,,,,,,,,,
 ,,,,,PRIVATE SCHOOL,,,,,,,-80.29785490,27.35829120,,,,,,,,,
Pembroke Pines,,,,,PRIVATE SCHOOL,,,,,,,-80.24848339,26.03458718,,,,,,,,,
ALACHUA,ALACHUA,,,,PRIVATE SCHOOL,,,,,,,-82.58163335,29.74132711,,,,,,,,,
ALACHUA,ALACHUA,,,,PRIVATE SCHOOL,,,,,,,-82.49651172,29.79171084,,,,,,,,,
ALACHUA,ALACHUA,,,,PRIVATE SCHOOL,,,,,,,-82.46759474,29.81387364,,,,,,,,,
ALACHUA,ALACHUA,,,,PRIVATE SCHOOL,,,,,,,-82.46346107,29.82877747,,,,,,,,,
GAINESVILLE,ALACHUA,,,,PRIVATE SCHOOL,,,,,,,-82.38107130,29.67179184,,,,,,,,,
GAINESVILLE,ALACHUA,,,,PRIVATE SCHOOL,,,,,,,-82.35235889,29.68792860,,,,,,,,,
GAINESVILLE,ALACHUA,,,,PRIVATE SCHOOL,,,,,,,-82.45877345,29.68979002,,,,,,,,,
GAINESVILLE,ALACHUA,,,,PRIVATE SCHOOL,,,,,,,-82.43426439,29.68820256,,,,,,,,,
GAINESVILLE,ALACHUA,,,,PRIVATE SCHOOL,,,,,,,-82.32004901,29.66717034,,,,,,,,,
GAINESVILLE,ALACHUA,,,,PRIVATE SCHOOL,,,,,,,-82.37618372,29.65990736,,,,,,,,,
GAINESVILLE,ALACHUA,,,,PRIVATE SCHOOL,,,,,,,-82.45875693,29.63205699,,,,,,,,,
GAINESVILLE,ALACHUA,,,,PRIVATE SCHOOL,,,,,,,-82.18792245,29.64259528,,,,,,,,,
GAINESVILLE,ALACHUA,,,,PRIVATE SCHOOL,,,,,,,-82.46665211,29.69276366,,,,,,,,,
GAINESVILLE,ALACHUA,,,,PRIVATE SCHOOL,,,,,,,-82.31454974,29.63825738,,,,,,,,,
GAINESVILLE,ALACHUA,,,,PRIVATE SCHOOL,,,,,,,-82.33745848,29.66402702,,,,,,,,,
GAINESVILLE,ALACHUA,,,,PRIVATE SCHOOL,,,,,,,-82.42511531,29.63920385,,,,,,,,,
GAINESVILLE,ALACHUA,,,,PRIVATE SCHOOL,,,,,,,-82.36831394,29.68113347,,,,,,,,,
GAINESVILLE,ALACHUA,,,,PRIVATE SCHOOL,,,,,,,-82.37297169,29.66558166,,,,,,,,,
GAINESVILLE,ALACHUA,,,,PRIVATE SCHOOL,,,,,,,-82.40039604,29.66292733,,,,,,,,,
ALACHUA ,ALACHUA,,,,PRIVATE SCHOOL,,,,,,,-82.49394358,29.78868195,,,,,,,,,
MICANOPY,ALACHUA,,,,PRIVATE SCHOOL,,,,,,,-82.32195583,29.53702506,,,,,,,,,
MICANOPY,ALACHUA,,,,PRIVATE SCHOOL,,,,,,,-82.28988664,29.50482333,,,,,,,,,
HIGH SPRINGS,ALACHUA,,,,PRIVATE SCHOOL,,,,,,,-82.60522473,29.85047792,,,,,,,,,
ARCHER,ALACHUA,,,,PRIVATE SCHOOL,,,,,,,-82.52570519,29.53212861,,,,,,,,,
GAINESVILLE ,ALACHUA,,,,PRIVATE SCHOOL,,,,,,,-82.43513297,29.67501563,,,,,,,,,
GAINESVILLE ,ALACHUA,,,,PRIVATE SCHOOL,,,,,,,-82.41514324,29.63203679,,,,,,,,,
GAINESVILLE ,ALACHUA,,,,PRIVATE SCHOOL,,,,,,,-82.36783211,29.59956449,,,,,,,,,
GAINESVILLE ,ALACHUA,,,,PRIVATE SCHOOL,,,,,,,-82.29987641,29.66971976,,,,,,,,,
GAINESVILLE ,ALACHUA,,,,PRIVATE SCHOOL,,,,,,,-82.42711136,29.63878578,,,,,,,,,
GAINESVILLE ,ALACHUA,,,,PRIVATE SCHOOL,,,,,,,-82.33114146,29.67700308,,,,,,,,,
ARCHER ,ALACHUA,,,,PRIVATE SCHOOL,,,,,,,-82.50630726,29.54080761,,,,,,,,,
MACCLENNY ,BAKER,,,,PRIVATE SCHOOL,,,,,,,-82.12343464,30.28535733,,,,,,,,,
MACCLENNY ,BAKER,,,,PRIVATE SCHOOL,,,,,,,-82.12285256,30.28197870,,,,,,,,,
PANAMA CITY ,BAY,,,,PRIVATE SCHOOL,,,,,,,-85.62758391,30.15344417,,,,,,,,,
PANAMA CITY ,BAY,,,,PRIVATE SCHOOL,,,,,,,-85.66185924,30.15679371,,,,,,,,,
PANAMA CITY ,BAY,,,,PRIVATE SCHOOL,,,,,,,-85.66567498,30.17917674,,,,,,,,,
PANAMA CITY ,BAY,,,,PRIVATE SCHOOL,,,,,,,-85.68290064,30.19746254,,,,,,,,,
PANAMA CITY ,BAY,,,,PRIVATE SCHOOL,,,,,,,-85.67010519,30.20887160,,,,,,,,,
PANAMA CITY,BAY,,,,PRIVATE SCHOOL,,,,,,,-85.58987816,30.12954755,,,,,,,,,
PANAMA CITY,BAY,,,,PRIVATE SCHOOL,,,,,,,-85.65464340,30.16733735,,,,,,,,,
PANAMA CITY,BAY,,,,PRIVATE SCHOOL,,,,,,,-85.67415452,30.16874608,,,,,,,,,
PANAMA CITY,BAY,,,,PRIVATE SCHOOL,,,,,,,-85.64964605,30.14672545,,,,,,,,,
PANAMA CITY,BAY,,,,PRIVATE SCHOOL,,,,,,,-85.68888947,30.16721944,,,,,,,,,
PANAMA CITY,BAY,,,,PRIVATE SCHOOL,,,,,,,-85.69094021,30.19179670,,,,,,,,,
PANAMA CITY,BAY,,,,PRIVATE SCHOOL,,,,,,,-85.64674170,30.15062997,,,,,,,,,
PANAMA CITY,BAY,,,,PRIVATE SCHOOL,,,,,,,-85.65387345,30.16727882,,,,,,,,,
PANAMA CITY BEACH,BAY,,,,PRIVATE SCHOOL,,,,,,,-85.79358437,30.18914981,,,,,,,,,
STARKE,BRADFORD,,,,PRIVATE SCHOOL,,,,,,,-82.04691653,29.82584060,,,,,,,,,
STARKE,BRADFORD,,,,PRIVATE SCHOOL,,,,,,,-82.10353144,29.96816066,,,,,,,,,
STARKE,BRADFORD,,,,PRIVATE SCHOOL,,,,,,,-82.16763032,30.04043422,,,,,,,,,
LAWTEY ,BRADFORD,,,,PRIVATE SCHOOL,,,,,,,-82.07494992,30.04764524,,,,,,,,,
STARKE ,BRADFORD,,,,PRIVATE SCHOOL,,,,,,,-82.08104386,29.96752098,,,,,,,,,
STARKE ,BRADFORD,,,,PRIVATE SCHOOL,,,,,,,-82.08171060,29.95124940,,,,,,,,,
MELBOURNE,BREVARD,,,,PRIVATE SCHOOL,,,,,,,-80.66962406,28.20793175,,,,,,,,,
MELBOURNE,BREVARD,,,,PRIVATE SCHOOL,,,,,,,-80.68905341,28.12597714,,,,,,,,,
MELBOURNE,BREVARD,,,,PRIVATE SCHOOL,,,,,,,-80.66783913,28.20142350,,,,,,,,,
MELBOURNE,BREVARD,,,,PRIVATE SCHOOL,,,,,,,-80.61970127,28.05782356,,,,,,,,,
MELBOURNE,BREVARD,,,,PRIVATE SCHOOL,,,,,,,-80.63065660,28.12662874,,,,,,,,,
MELBOURNE,BREVARD,,,,PRIVATE SCHOOL,,,,,,,-80.67311485,28.18019211,,,,,,,,,
MELBOURNE,BREVARD,,,,PRIVATE SCHOOL,,,,,,,-80.62870114,28.07948677,,,,,,,,,
MELBOURNE,BREVARD,,,,PRIVATE SCHOOL,,,,,,,-80.62769924,28.12734669,,,,,,,,,
MELBOURNE,BREVARD,,,,PRIVATE SCHOOL,,,,,,,-80.62452778,28.07051878,,,,,,,,,
MELBOURNE,BREVARD,,,,PRIVATE SCHOOL,,,,,,,-80.61833012,28.09629654,,,,,,,,,
MELBOURNE,BREVARD,,,,PRIVATE SCHOOL,,,,,,,-80.60939458,28.07108561,,,,,,,,,
MELBOURNE,BREVARD,,,,PRIVATE SCHOOL,,,,,,,-80.64182537,28.15570702,,,,,,,,,
MELBOURNE,BREVARD,,,,PRIVATE SCHOOL,,,,,,,-80.67153316,28.19449633,,,,,,,,,
MELBOURNE,BREVARD,,,,PRIVATE SCHOOL,,,,,,,-80.66241778,28.13743567,,,,,,,,,
MELBOURNE,BREVARD,,,,PRIVATE SCHOOL,,,,,,,-80.65297953,28.07953551,,,,,,,,,
MELBOURNE,BREVARD,,,,PRIVATE SCHOOL,,,,,,,-80.64206909,28.13314557,,,,,,,,,
MELBOURNE,BREVARD,,,,PRIVATE SCHOOL,,,,,,,-80.69916688,28.12159377,,,,,,,,,
MELBOURNE,BREVARD,,,,PRIVATE SCHOOL,,,,,,,-80.61360736,28.08273400,,,,,,,,,
MELBOURNE,BREVARD,,,,PRIVATE SCHOOL,,,,,,,-80.67435839,28.21439367,,,,,,,,,
MELBOURNE,BREVARD,,,,PRIVATE SCHOOL,,,,,,,-80.63876437,28.07584887,,,,,,,,,
MELBOURNE,BREVARD,,,,PRIVATE SCHOOL,,,,,,,-80.67017996,28.07744297,,,,,,,,,
MELBOURNE,BREVARD,,,,PRIVATE SCHOOL,,,,,,,-80.62538926,28.07900094,,,,,,,,,
MELBOURNE,BREVARD,,,,PRIVATE SCHOOL,,,,,,,-80.66038903,28.07938834,,,,,,,,,
MELBOURNE ,BREVARD,,,,PRIVATE SCHOOL,,,,,,,-80.67211428,28.12579189,,,,,,,,,
MELBOURNE ,BREVARD,,,,PRIVATE SCHOOL,,,,,,,-80.67131580,28.19020996,,,,,,,,,
MELBOURNE ,BREVARD,,,,PRIVATE SCHOOL,,,,,,,-80.63160744,28.13512935,,,,,,,,,
MELBOURNE ,BREVARD,,,,PRIVATE SCHOOL,,,,,,,-80.61439486,28.10012300,,,,,,,,,
MELBOURNE ,BREVARD,,,,PRIVATE SCHOOL,,,,,,,-80.64559750,28.12259605,,,,,,,,,
MELBOURNE ,BREVARD,,,,PRIVATE SCHOOL,,,,,,,-80.60338912,28.07904384,,,,,,,,,
MELBOURNE ,BREVARD,,,,PRIVATE SCHOOL,,,,,,,-80.65823202,28.12252792,,,,,,,,,
MELBOURNE ,BREVARD,,,,PRIVATE SCHOOL,,,,,,,-80.66595451,28.17589599,,,,,,,,,
MELBOURNE ,BREVARD,,,,PRIVATE SCHOOL,,,,,,,-80.65656954,28.12135585,,,,,,,,,
MELBOURNE ,BREVARD,,,,PRIVATE SCHOOL,,,,,,,-80.67354488,28.11718619,,,,,,,,,
MELBOURNE ,BREVARD,,,,PRIVATE SCHOOL,,,,,,,-80.63918901,28.05021687,,,,,,,,,
MELBOURNE ,BREVARD,,,,PRIVATE SCHOOL,,,,,,,-80.65607716,28.13450795,,,,,,,,,
MELBOURNE ,BREVARD,,,,PRIVATE SCHOOL,,,,,,,-80.62236270,28.04823246,,,,,,,,,
PALM BAY ,BREVARD,,,,PRIVATE SCHOOL,,,,,,,-80.64725497,27.96293367,,,,,,,,,
PALM BAY ,BREVARD,,,,PRIVATE SCHOOL,,,,,,,-80.68099435,28.03290196,,,,,,,,,
PALM BAY ,BREVARD,,,,PRIVATE SCHOOL,,,,,,,-80.64095929,27.95498986,,,,,,,,,
PALM BAY ,BREVARD,,,,PRIVATE SCHOOL,,,,,,,-80.59601283,28.05336304,,,,,,,,,
PALM BAY ,BREVARD,,,,PRIVATE SCHOOL,,,,,,,-80.71771605,28.03136214,,,,,,,,,
PALM BAY ,BREVARD,,,,PRIVATE SCHOOL,,,,,,,-80.64790402,27.96639994,,,,,,,,,
PALM BAY ,BREVARD,,,,PRIVATE SCHOOL,,,,,,,-80.58380060,28.03770482,,,,,,,,,
PALM BAY,BREVARD,,,,PRIVATE SCHOOL,,,,,,,-80.58341031,28.01943358,,,,,,,,,
PALM BAY,BREVARD,,,,PRIVATE SCHOOL,,,,,,,-80.64603261,27.99435469,,,,,,,,,
PALM BAY,BREVARD,,,,PRIVATE SCHOOL,,,,,,,-80.62430488,28.01550969,,,,,,,,,
PALM BAY,BREVARD,,,,PRIVATE SCHOOL,,,,,,,-80.62414044,27.98460079,,,,,,,,,
PALM BAY,BREVARD,,,,PRIVATE SCHOOL,,,,,,,-80.60377774,28.03330804,,,,,,,,,
PALM BAY,BREVARD,,,,PRIVATE SCHOOL,,,,,,,-80.66006411,28.01852188,,,,,,,,,
PALM BAY,BREVARD,,,,PRIVATE SCHOOL,,,,,,,-80.62296887,27.99772507,,,,,,,,,
PALM BAY,BREVARD,,,,PRIVATE SCHOOL,,,,,,,-80.60580135,28.03856430,,,,,,,,,
COCOA BEACH ,BREVARD,,,,PRIVATE SCHOOL,,,,,,,-80.61071300,28.32135982,,,,,,,,,
TITUSVILLE,BREVARD,,,,PRIVATE SCHOOL,,,,,,,-80.80255929,28.58120914,,,,,,,,,
TITUSVILLE,BREVARD,,,,PRIVATE SCHOOL,,,,,,,-80.81515026,28.51933403,,,,,,,,,
TITUSVILLE,BREVARD,,,,PRIVATE SCHOOL,,,,,,,-80.82997059,28.63414648,,,,,,,,,
TITUSVILLE,BREVARD,,,,PRIVATE SCHOOL,,,,,,,-80.83314392,28.58520882,,,,,,,,,
TITUSVILLE,BREVARD,,,,PRIVATE SCHOOL,,,,,,,-80.81206839,28.60581848,,,,,,,,,
TITUSVILLE,BREVARD,,,,PRIVATE SCHOOL,,,,,,,-80.80071559,28.57126040,,,,,,,,,
TITUSVILLE,BREVARD,,,,PRIVATE SCHOOL,,,,,,,-80.84617767,28.59113286,,,,,,,,,
"COCOA, FL 32922",BREVARD,,,,PRIVATE SCHOOL,,,,,,,-80.73626510,28.37447399,,,,,,,,,
CAPE CANAVERAL ,BREVARD,,,,PRIVATE SCHOOL,,,,,,,-80.59547566,28.40196412,,,,,,,,,
COCOA,BREVARD,,,,PRIVATE SCHOOL,,,,,,,-80.75168527,28.37392657,,,,,,,,,
COCOA,BREVARD,,,,PRIVATE SCHOOL,,,,,,,-80.73570459,28.36828552,,,,,,,,,
COCOA,BREVARD,,,,PRIVATE SCHOOL,,,,,,,-80.60901763,28.30356553,,,,,,,,,
COCOA,BREVARD,,,,PRIVATE SCHOOL,,,,,,,-80.73352021,28.36592061,,,,,,,,,
COCOA,BREVARD,,,,PRIVATE SCHOOL,,,,,,,-80.78166667,28.34935511,,,,,,,,,
COCOA,BREVARD,,,,PRIVATE SCHOOL,,,,,,,-80.74045749,28.37495721,,,,,,,,,
COCOA,BREVARD,,,,PRIVATE SCHOOL,,,,,,,-80.75299548,28.39020521,,,,,,,,,
COCOA,BREVARD,,,,PRIVATE SCHOOL,,,,,,,-80.81839432,28.36154146,,,,,,,,,
COCOA,BREVARD,,,,PRIVATE SCHOOL,,,,,,,-80.75114082,28.37150717,,,,,,,,,
COCOA,BREVARD,,,,PRIVATE SCHOOL,,,,,,,-80.72469761,28.35349111,,,,,,,,,
COCOA,BREVARD,,,,PRIVATE SCHOOL,,,,,,,-80.78073206,28.48655670,,,,,,,,,
ROCKLEDGE,BREVARD,,,,PRIVATE SCHOOL,,,,,,,-80.72118042,28.33198430,,,,,,,,,
ROCKLEDGE,BREVARD,,,,PRIVATE SCHOOL,,,,,,,-80.74432730,28.32482386,,,,,,,,,
ROCKLEDGE,BREVARD,,,,PRIVATE SCHOOL,,,,,,,-80.72800169,28.34675195,,,,,,,,,
ROCKLEDGE,BREVARD,,,,PRIVATE SCHOOL,,,,,,,-80.73357780,28.33282448,,,,,,,,,
ROCKLEDGE,BREVARD,,,,PRIVATE SCHOOL,,,,,,,-80.74307643,28.34521865,,,,,,,,,
SATELLITE BEACH ,BREVARD,,,,PRIVATE SCHOOL,,,,,,,-80.59318465,28.13821940,,,,,,,,,
SATELLITE BEACH ,BREVARD,,,,PRIVATE SCHOOL,,,,,,,-80.60678144,28.19437677,,,,,,,,,
SATELLITE BEACH ,BREVARD,,,,PRIVATE SCHOOL,,,,,,,-80.59504563,28.13680204,,,,,,,,,
MERRITT ISLAND,BREVARD,,,,PRIVATE SCHOOL,,,,,,,-80.70674232,28.42392835,,,,,,,,,
MERRITT ISLAND,BREVARD,,,,PRIVATE SCHOOL,,,,,,,-80.69181107,28.34967556,,,,,,,,,
MERRITT ISLAND,BREVARD,,,,PRIVATE SCHOOL,,,,,,,-80.70994026,28.45722956,,,,,,,,,
MERRITT ISLAND,BREVARD,,,,PRIVATE SCHOOL,,,,,,,-80.66811062,28.37797371,,,,,,,,,
MIMS ,BREVARD,,,,PRIVATE SCHOOL,,,,,,,-80.87777823,28.76198669,,,,,,,,,
MIMS ,BREVARD,,,,PRIVATE SCHOOL,,,,,,,-80.89412816,28.72452971,,,,,,,,,
MIMS ,BREVARD,,,,PRIVATE SCHOOL,,,,,,,-80.86475170,28.72439650,,,,,,,,,
MERRITT ISLAND ,BREVARD,,,,PRIVATE SCHOOL,,,,,,,-80.70081193,28.37184021,,,,,,,,,
MERRITT ISLAND ,BREVARD,,,,PRIVATE SCHOOL,,,,,,,-80.70841338,28.47242405,,,,,,,,,
MERRITT ISLAND ,BREVARD,,,,PRIVATE SCHOOL,,,,,,,-80.70647004,28.40291013,,,,,,,,,
MERRITT ISLAND ,BREVARD,,,,PRIVATE SCHOOL,,,,,,,-80.70317013,28.39192615,,,,,,,,,
MERRITT ISLAND ,BREVARD,,,,PRIVATE SCHOOL,,,,,,,-80.70099321,28.35799942,,,,,,,,,
MERRITT ISLAND ,BREVARD,,,,PRIVATE SCHOOL,,,,,,,-80.69738542,28.34529483,,,,,,,,,
WEST MELBOURNE,BREVARD,,,,PRIVATE SCHOOL,,,,,,,-80.67508637,28.06871532,,,,,,,,,
WEST MELBOURNE,BREVARD,,,,PRIVATE SCHOOL,,,,,,,-80.66955659,28.05923701,,,,,,,,,
WEST MELBOURNE,BREVARD,,,,PRIVATE SCHOOL,,,,,,,-80.65339850,28.05836646,,,,,,,,,
COCOA BEACH,BREVARD,,,,PRIVATE SCHOOL,,,,,,,-80.60769565,28.36672436,,,,,,,,,
COCOA ,BREVARD,,,,PRIVATE SCHOOL,,,,,,,-80.74975466,28.39742973,,,,,,,,,
COCOA ,BREVARD,,,,PRIVATE SCHOOL,,,,,,,-80.81151762,28.46384653,,,,,,,,,
COCOA ,BREVARD,,,,PRIVATE SCHOOL,,,,,,,-80.77107930,28.36716149,,,,,,,,,
COCOA ,BREVARD,,,,PRIVATE SCHOOL,,,,,,,-80.78464354,28.47494745,,,,,,,,,
VIERA,BREVARD,,,,PRIVATE SCHOOL,,,,,,,-80.70819754,28.23417908,,,,,,,,,
TITUSVILLE ,BREVARD,,,,PRIVATE SCHOOL,,,,,,,-80.83459397,28.56467447,,,,,,,,,
INDIALANTIC ,BREVARD,,,,PRIVATE SCHOOL,,,,,,,-80.59127537,28.13150468,,,,,,,,,
INDIANTLANTIC,BREVARD,,,,PRIVATE SCHOOL,,,,,,,-80.58212311,28.13422216,,,,,,,,,
MIMS,BREVARD,,,,PRIVATE SCHOOL,,,,,,,-80.84736522,28.66365466,,,,,,,,,
FORT LAUDERDALE,BROWARD,,,,PRIVATE SCHOOL,,,,,,,-80.19769304,26.10223541,,,,,,,,,
FORT LAUDERDALE,BROWARD,,,,PRIVATE SCHOOL,,,,,,,-80.22257458,26.10926527,,,,,,,,,
FORT LAUDERDALE,BROWARD,,,,PRIVATE SCHOOL,,,,,,,-80.14876489,26.13619407,,,,,,,,,
FORT LAUDERDALE,BROWARD,,,,PRIVATE SCHOOL,,,,,,,-80.24143228,26.16437360,,,,,,,,,
FORT LAUDERDALE,BROWARD,,,,PRIVATE SCHOOL,,,,,,,-80.19175212,26.16476053,,,,,,,,,
FORT LAUDERDALE,BROWARD,,,,PRIVATE SCHOOL,,,,,,,,,,,,,,,,,
FORT LAUDERDALE,BROWARD,,,,PRIVATE SCHOOL,,,,,,,-80.20325870,26.19297169,,,,,,,,,
FORT LAUDERDALE,BROWARD,,,,PRIVATE SCHOOL,,,,,,,-80.31879227,26.13253775,,,,,,,,,
FORT LAUDERDALE,BROWARD,,,,PRIVATE SCHOOL,,,,,,,-80.23917610,26.13407168,,,,,,,,,
FORT LAUDERDALE,BROWARD,,,,PRIVATE SCHOOL,,,,,,,-80.25388716,26.12402235,,,,,,,,,
FORT LAUDERDALE,BROWARD,,,,PRIVATE SCHOOL,,,,,,,-80.19057147,26.16379441,,,,,,,,,
FORT LAUDERDALE,BROWARD,,,,PRIVATE SCHOOL,,,,,,,-80.15919828,26.12232275,,,,,,,,,
FORT LAUDERDALE,BROWARD,,,,PRIVATE SCHOOL,,,,,,,-80.23666547,26.13743643,,,,,,,,,
FORT LAUDERDALE,BROWARD,,,,PRIVATE SCHOOL,,,,,,,-80.18716235,26.20529278,,,,,,,,,
FORT LAUDERDALE,BROWARD,,,,PRIVATE SCHOOL,,,,,,,-80.21456810,26.15783441,,,,,,,,,
FORT LAUDERDALE,BROWARD,,,,PRIVATE SCHOOL,,,,,,,-80.17459715,26.15886614,,,,,,,,,
FORT LAUDERDALE,BROWARD,,,,PRIVATE SCHOOL,,,,,,,-80.15276337,26.15199652,,,,,,,,,
FORT LAUDERDALE,BROWARD,,,,PRIVATE SCHOOL,,,,,,,-80.19952296,26.11898080,,,,,,,,,
HOLLYWOOD,BROWARD,,,,PRIVATE SCHOOL,,,,,,,-80.25227262,25.99849318,,,,,,,,,
HOLLYWOOD,BROWARD,,,,PRIVATE SCHOOL,,,,,,,-80.25389036,25.99705322,,,,,,,,,
HOLLYWOOD,BROWARD,,,,PRIVATE SCHOOL,,,,,,,-80.24250654,26.03511580,,,,,,,,,
HOLLYWOOD,BROWARD,,,,PRIVATE SCHOOL,,,,,,,-80.23218310,26.03925780,,,,,,,,,
HOLLYWOOD,BROWARD,,,,PRIVATE SCHOOL,,,,,,,-80.15156703,26.01590388,,,,,,,,,
HOLLYWOOD,BROWARD,,,,PRIVATE SCHOOL,,,,,,,-80.24927084,25.98210294,,,,,,,,,
HOLLYWOOD,BROWARD,,,,PRIVATE SCHOOL,,,,,,,-80.31296142,25.96068185,,,,,,,,,
HOLLYWOOD,BROWARD,,,,PRIVATE SCHOOL,,,,,,,,,,,,,,,,,
HOLLYWOOD,BROWARD,,,,PRIVATE SCHOOL,,,,,,,-80.14400048,26.01640609,,,,,,,,,
HOLLYWOOD,BROWARD,,,,PRIVATE SCHOOL,,,,,,,-80.14222403,26.01678928,,,,,,,,,
HOLLYWOOD,BROWARD,,,,PRIVATE SCHOOL,,,,,,,-80.31144435,25.95961831,,,,,,,,,
HOLLYWOOD,BROWARD,,,,PRIVATE SCHOOL,,,,,,,-80.15161001,26.01572795,,,,,,,,,
HOLLYWOOD,BROWARD,,,,PRIVATE SCHOOL,,,,,,,-80.16435554,26.00631627,,,,,,,,,
HOLLYWOOD,BROWARD,,,,PRIVATE SCHOOL,,,,,,,-80.23804884,26.04269533,,,,,,,,,
HOLLYWOOD,BROWARD,,,,PRIVATE SCHOOL,,,,,,,-80.15599620,25.99140775,,,,,,,,,
HOLLYWOOD,BROWARD,,,,PRIVATE SCHOOL,,,,,,,-80.24141149,26.03587142,,,,,,,,,
POMPANO BEACH,BROWARD,,,,PRIVATE SCHOOL,,,,,,,,,,,,,,,,,
POMPANO BEACH,BROWARD,,,,PRIVATE SCHOOL,,,,,,,-80.15053171,26.27535095,,,,,,,,,
POMPANO BEACH,BROWARD,,,,PRIVATE SCHOOL,,,,,,,-80.11193568,26.22957230,,,,,,,,,
POMPANO BEACH,BROWARD,,,,PRIVATE SCHOOL,,,,,,,-80.10990683,26.27227453,,,,,,,,,
POMPANO BEACH,BROWARD,,,,PRIVATE SCHOOL,,,,,,,-80.18885049,26.24341685,,,,,,,,,
POMPANO BEACH,BROWARD,,,,PRIVATE SCHOOL,,,,,,,-80.22594861,26.21669383,,,,,,,,,
POMPANO BEACH,BROWARD,,,,PRIVATE SCHOOL,,,,,,,-80.22814711,26.22476959,,,,,,,,,
POMPANO BEACH,BROWARD,,,,PRIVATE SCHOOL,,,,,,,-80.12272469,26.21704439,,,,,,,,,
POMPANO BEACH,BROWARD,,,,PRIVATE SCHOOL,,,,,,,-80.13866718,26.27275748,,,,,,,,,
POMPANO BEACH,BROWARD,,,,PRIVATE SCHOOL,,,,,,,-80.09808861,26.26062926,,,,,,,,,
POMPANO BEACH,BROWARD,,,,PRIVATE SCHOOL,,,,,,,-80.12407889,26.23357690,,,,,,,,,
LAUDERHILL ,BROWARD,,,,PRIVATE SCHOOL,,,,,,,-80.21242374,26.14443358,,,,,,,,,
LAUDERHILL ,BROWARD,,,,PRIVATE SCHOOL,,,,,,,-80.17790967,26.10214893,,,,,,,,,
PEMBROKE PINES,BROWARD,,,,PRIVATE SCHOOL,,,,,,,,,,,,,,,,,
TAMARAC,BROWARD,,,,PRIVATE SCHOOL,,,,,,,-80.25421179,26.22716366,,,,,,,,,
TAMARAC,BROWARD,,,,PRIVATE SCHOOL,,,,,,,-80.17050243,26.18391942,,,,,,,,,
TAMARAC,BROWARD,,,,PRIVATE SCHOOL,,,,,,,,,,,,,,,,,
DAVIE,BROWARD,,,,PRIVATE SCHOOL,,,,,,,,,,,,,,,,,
DAVIE,BROWARD,,,,PRIVATE SCHOOL,,,,,,,-80.24952093,26.07326637,,,,,,,,,
DAVIE,BROWARD,,,,PRIVATE SCHOOL,,,,,,,-80.25874348,26.04791413,,,,,,,,,
DAVIE,BROWARD,,,,PRIVATE SCHOOL,,,,,,,-80.24934627,26.07411047,,,,,,,,,
DAVIE,BROWARD,,,,PRIVATE SCHOOL,,,,,,,-80.22758087,26.06391251,,,,,,,,,
DAVIE ,BROWARD,,,,PRIVATE SCHOOL,,,,,,,-80.25961076,26.06010163,,,,,,,,,
HOLLYWOOD ,BROWARD,,,,PRIVATE SCHOOL,,,,,,,-80.19194782,25.97796430,,,,,,,,,
HOLLYWOOD ,BROWARD,,,,PRIVATE SCHOOL,,,,,,,-80.15784221,26.01074812,,,,,,,,,
HOLLYWOOD ,BROWARD,,,,PRIVATE SCHOOL,,,,,,,-80.16298289,26.00997849,,,,,,,,,
HOLLYWOOD ,BROWARD,,,,PRIVATE SCHOOL,,,,,,,-80.19592344,26.01500806,,,,,,,,,
WEST PARK,BROWARD,,,,PRIVATE SCHOOL,,,,,,,,,,,,,,,,,
PARKLAND ,BROWARD,,,,PRIVATE SCHOOL,,,,,,,-80.25097333,26.30605829,,,,,,,,,
DEERFIELD BEACH,BROWARD,,,,PRIVATE SCHOOL,,,,,,,,,,,,,,,,,
DEERFIELD BEACH,BROWARD,,,,PRIVATE SCHOOL,,,,,,,-80.08828064,26.31312348,,,,,,,,,
FORT LAUDERDALE ,BROWARD,,,,PRIVATE SCHOOL,,,,,,,-80.18063902,26.10836149,,,,,,,,,
FORT LAUDERDALE ,BROWARD,,,,PRIVATE SCHOOL,,,,,,,-80.14530542,26.08961638,,,,,,,,,
FORT LAUDERDALE ,BROWARD,,,,PRIVATE SCHOOL,,,,,,,-80.18521586,26.13826317,,,,,,,,,
FORT LAUDERDALE ,BROWARD,,,,PRIVATE SCHOOL,,,,,,,-80.29882874,26.13261096,,,,,,,,,
FORT LAUDERDALE ,BROWARD,,,,PRIVATE SCHOOL,,,,,,,-80.15335427,26.08998403,,,,,,,,,
FORT LAUDERDALE ,BROWARD,,,,PRIVATE SCHOOL,,,,,,,-80.31519583,26.05167151,,,,,,,,,
FORT LAUDERDALE ,BROWARD,,,,PRIVATE SCHOOL,,,,,,,-80.25329183,26.04608463,,,,,,,,,
FT. LAUDERDALE,BROWARD,,,,PRIVATE SCHOOL,,,,,,,-80.18447415,26.19210567,,,,,,,,,
FT. LAUDERDALE,BROWARD,,,,PRIVATE SCHOOL,,,,,,,-80.23666547,26.13743643,,,,,,,,,
FT. LAUDERDALE,BROWARD,,,,PRIVATE SCHOOL,,,,,,,-80.17896927,26.10856142,,,,,,,,,
WESTON,BROWARD,,,,PRIVATE SCHOOL,,,,,,,-80.37908629,26.10004012,,,,,,,,,
WESTON,BROWARD,,,,PRIVATE SCHOOL,,,,,,,,,,,,,,,,,
WESTON,BROWARD,,,,PRIVATE SCHOOL,,,,,,,-80.42422285,26.13793283,,,,,,,,,
POMPANO BEACH ,BROWARD,,,,PRIVATE SCHOOL,,,,,,,-80.26203300,26.26981852,,,,,,,,,
MARGATE,BROWARD,,,,PRIVATE SCHOOL,,,,,,,-80.20403015,26.22868201,,,,,,,,,
MARGATE,BROWARD,,,,PRIVATE SCHOOL,,,,,,,-80.22215586,26.25399166,,,,,,,,,
MARGATE,BROWARD,,,,PRIVATE SCHOOL,,,,,,,,,,,,,,,,,
COOPER CITY,BROWARD,,,,PRIVATE SCHOOL,,,,,,,,,,,,,,,,,
Tamarac,BROWARD,,,,PRIVATE SCHOOL,,,,,,,-80.29396987,26.20805822,,,,,,,,,
Tamarac,BROWARD,,,,PRIVATE SCHOOL,,,,,,,-80.29330148,26.20809823,,,,,,,,,
Hollywood,BROWARD,,,,PRIVATE SCHOOL,,,,,,,-80.17897244,26.00112381,,,,,,,,,
COCONUT CREEK,BROWARD,,,,PRIVATE SCHOOL,,,,,,,,,,,,,,,,,
COCONUT CREEK,BROWARD,,,,PRIVATE SCHOOL,,,,,,,-80.18194093,26.32555150,,,,,,,,,
FORT LAUDERDLE,BROWARD,,,,PRIVATE SCHOOL,,,,,,,-80.33209163,26.06184313,,,,,,,,,
Fort Lauderdale,BROWARD,,,,PRIVATE SCHOOL,,,,,,,-80.14160169,26.11464746,,,,,,,,,
CORAL SPRINGS ,BROWARD,,,,PRIVATE SCHOOL,,,,,,,-80.23488167,26.28791295,,,,,,,,,
CORAL SPRINGS ,BROWARD,,,,PRIVATE SCHOOL,,,,,,,-80.25990868,26.27100988,,,,,,,,,
CORAL SPRINGS,BROWARD,,,,PRIVATE SCHOOL,,,,,,,-80.24758622,26.29966663,,,,,,,,,
CORAL SPRINGS,BROWARD,,,,PRIVATE SCHOOL,,,,,,,-80.28200827,26.30049661,,,,,,,,,
CORAL SPRINGS,BROWARD,,,,PRIVATE SCHOOL,,,,,,,,,,,,,,,,,
PLANTATION,BROWARD,,,,PRIVATE SCHOOL,,,,,,,-80.31115432,26.12074060,,,,,,,,,
PLANTATION,BROWARD,,,,PRIVATE SCHOOL,,,,,,,-80.25620376,26.10453627,,,,,,,,,
HALLANDALE ,BROWARD,,,,PRIVATE SCHOOL,,,,,,,-80.14153732,25.98462181,,,,,,,,,
DEERFIELD BEACH ,BROWARD,,,,PRIVATE SCHOOL,,,,,,,-80.14111727,26.31844148,,,,,,,,,
DEERFIELD BEACH ,BROWARD,,,,PRIVATE SCHOOL,,,,,,,-80.09328998,26.30730752,,,,,,,,,
SUNRISE,BROWARD,,,,PRIVATE SCHOOL,,,,,,,-80.29411407,26.19083470,,,,,,,,,
WILTON MANORS,BROWARD,,,,PRIVATE SCHOOL,,,,,,,-80.12983630,26.16152659,,,,,,,,,
LAUDERDALE LAKES,BROWARD,,,,PRIVATE SCHOOL,,,,,,,,,,,,,,,,,
LAUDERDALE LAKES,BROWARD,,,,PRIVATE SCHOOL,,,,,,,-80.21176642,26.16628650,,,,,,,,,
PEMBROKE PINES ,BROWARD,,,,PRIVATE SCHOOL,,,,,,,-80.26501018,26.00720279,,,,,,,,,
PEMBROKE PINES ,BROWARD,,,,PRIVATE SCHOOL,,,,,,,-80.24720359,26.00776317,,,,,,,,,
Plantation,BROWARD,,,,PRIVATE SCHOOL,,,,,,,-80.23896656,26.13935668,,,,,,,,,
CORAL SPRINGS  ,BROWARD,,,,PRIVATE SCHOOL,,,,,,,-80.28036959,26.28696047,,,,,,,,,
MIRAMAR,BROWARD,,,,PRIVATE SCHOOL,,,,,,,,,,,,,,,,,
WEWAHITCHKA,CALHOUN,,,,PRIVATE SCHOOL,,,,,,,-85.24121681,30.26708332,,,,,,,,,
ENGLEWOOD ,CHARLOTTE,,,,PRIVATE SCHOOL,,,,,,,-82.27083305,26.94341406,,,,,,,,,
PORT CHARLOTTE,CHARLOTTE,,,,PRIVATE SCHOOL,,,,,,,-82.12230450,27.00999484,,,,,,,,,
PORT CHARLOTTE,CHARLOTTE,,,,PRIVATE SCHOOL,,,,,,,-82.05704455,27.00256834,,,,,,,,,
PORT CHARLOTTE,CHARLOTTE,,,,PRIVATE SCHOOL,,,,,,,-82.09338906,26.98960487,,,,,,,,,
PORT CHARLOTTE ,CHARLOTTE,,,,PRIVATE SCHOOL,,,,,,,-82.03588992,26.97255063,,,,,,,,,
PORT CHARLOTTE ,CHARLOTTE,,,,PRIVATE SCHOOL,,,,,,,-82.05630443,26.96650450,,,,,,,,,
PORT CHARLOTTE ,CHARLOTTE,,,,PRIVATE SCHOOL,,,,,,,-82.07463076,27.02218186,,,,,,,,,
PORT CHARLOTTE ,CHARLOTTE,,,,PRIVATE SCHOOL,,,,,,,-82.06716810,26.98074997,,,,,,,,,
PORT CHARLOTTE ,CHARLOTTE,,,,PRIVATE SCHOOL,,,,,,,-82.16778364,27.00456529,,,,,,,,,
PUNTA GORDA ,CHARLOTTE,,,,PRIVATE SCHOOL,,,,,,,-81.71513546,27.02082624,,,,,,,,,
LECANTO ,CITRUS,,,,PRIVATE SCHOOL,,,,,,,-82.50713915,28.84351991,,,,,,,,,
LECANTO ,CITRUS,,,,PRIVATE SCHOOL,,,,,,,-82.50246153,28.86132760,,,,,,,,,
FLORAL CITY ,CITRUS,,,,PRIVATE SCHOOL,,,,,,,-82.30432464,28.71942025,,,,,,,,,
CRYSTAL RIVER,CITRUS,,,,PRIVATE SCHOOL,,,,,,,-82.59374033,28.90199866,,,,,,,,,
INVERNESS ,CITRUS,,,,PRIVATE SCHOOL,,,,,,,-82.32981238,28.83280405,,,,,,,,,
INVERNESS ,CITRUS,,,,PRIVATE SCHOOL,,,,,,,-82.30965002,28.80061210,,,,,,,,,
DUNNELLON ,CITRUS,,,,PRIVATE SCHOOL,,,,,,,-82.44221768,28.95404280,,,,,,,,,
INVERNESS,CITRUS,,,,PRIVATE SCHOOL,,,,,,,-82.36633243,28.87682220,,,,,,,,,
MIDDLEBURG,CLAY,,,,PRIVATE SCHOOL,,,,,,,-81.94057903,30.08484502,,,,,,,,,
MIDDLEBURG,CLAY,,,,PRIVATE SCHOOL,,,,,,,-81.86524753,30.09880336,,,,,,,,,
MIDDLEBURG,CLAY,,,,PRIVATE SCHOOL,,,,,,,-81.82003256,30.11194070,,,,,,,,,
MIDDLEBURG,CLAY,,,,PRIVATE SCHOOL,,,,,,,-81.79802562,30.11032122,,,,,,,,,
MIDDLEBURG,CLAY,,,,PRIVATE SCHOOL,,,,,,,-81.81770897,30.11338113,,,,,,,,,
GREEN COVE SPRINGS,CLAY,,,,PRIVATE SCHOOL,,,,,,,-81.76106240,30.05134770,,,,,,,,,
GREEN COVE SPRINGS,CLAY,,,,PRIVATE SCHOOL,,,,,,,-81.71630958,29.98289606,,,,,,,,,
GREEN COVE SPRINGS,CLAY,,,,PRIVATE SCHOOL,,,,,,,-81.67967954,29.99323031,,,,,,,,,
GREEN COVE SPRINGS,CLAY,,,,PRIVATE SCHOOL,,,,,,,-81.81960671,30.03303703,,,,,,,,,
GREEN COVE SPRINGS,CLAY,,,,PRIVATE SCHOOL,,,,,,,-81.85660632,29.98146724,,,,,,,,,
ORANGE PARK,CLAY,,,,PRIVATE SCHOOL,,,,,,,-81.70385550,30.11935395,,,,,,,,,
ORANGE PARK,CLAY,,,,PRIVATE SCHOOL,,,,,,,-81.79851029,30.11808910,,,,,,,,,
ORANGE PARK,CLAY,,,,PRIVATE SCHOOL,,,,,,,-81.72156825,30.16494686,,,,,,,,,
ORANGE PARK,CLAY,,,,PRIVATE SCHOOL,,,,,,,-81.70316283,30.11658618,,,,,,,,,
ORANGE PARK,CLAY,,,,PRIVATE SCHOOL,,,,,,,-81.75485712,30.14442141,,,,,,,,,
ORANGE PARK,CLAY,,,,PRIVATE SCHOOL,,,,,,,-81.81768035,30.18047614,,,,,,,,,
ORANGE PARK,CLAY,,,,PRIVATE SCHOOL,,,,,,,-81.77376144,30.14806221,,,,,,,,,
ORANGE PARK,CLAY,,,,PRIVATE SCHOOL,,,,,,,-81.72647683,30.17232841,,,,,,,,,
ORANGE PARK,CLAY,,,,PRIVATE SCHOOL,,,,,,,-81.76169121,30.14572421,,,,,,,,,
ORANGE PARK,CLAY,,,,PRIVATE SCHOOL,,,,,,,-81.69980315,30.18573529,,,,,,,,,
ORANGE PARK,CLAY,,,,PRIVATE SCHOOL,,,,,,,-81.71711679,30.08521309,,,,,,,,,
ORANGE PARK,CLAY,,,,PRIVATE SCHOOL,,,,,,,-81.72037063,30.16637758,,,,,,,,,
ORANGE PARK,CLAY,,,,PRIVATE SCHOOL,,,,,,,-81.75132718,30.16550746,,,,,,,,,
ORANGE PARK,CLAY,,,,PRIVATE SCHOOL,,,,,,,-81.76377670,30.14569981,,,,,,,,,
ORANGE PARK,CLAY,,,,PRIVATE SCHOOL,,,,,,,-81.69866769,30.16398987,,,,,,,,,
ORANGE PARK,CLAY,,,,PRIVATE SCHOOL,,,,,,,-81.74824844,30.15088219,,,,,,,,,
KEYSTONE HEIGHTS,CLAY,,,,PRIVATE SCHOOL,,,,,,,-82.04327561,29.77452244,,,,,,,,,
KEYSTONE HEIGHTS,CLAY,,,,PRIVATE SCHOOL,,,,,,,-82.02903293,29.78336232,,,,,,,,,
KEYSTONE HEIGHTS,CLAY,,,,PRIVATE SCHOOL,,,,,,,-81.93413339,29.80019557,,,,,,,,,
KEYSTONE HEIGHTS,CLAY,,,,PRIVATE SCHOOL,,,,,,,-82.03094157,29.78137345,,,,,,,,,
ORANGE PARK ,CLAY,,,,PRIVATE SCHOOL,,,,,,,-81.70358927,30.17002374,,,,,,,,,
ORANGE PARK ,CLAY,,,,PRIVATE SCHOOL,,,,,,,-81.72829344,30.16410251,,,,,,,,,
ORANGE PARK ,CLAY,,,,PRIVATE SCHOOL,,,,,,,-81.69873020,30.16572116,,,,,,,,,
ORANGE PARK ,CLAY,,,,PRIVATE SCHOOL,,,,,,,-81.77580379,30.13621350,,,,,,,,,
ORANGE PARK ,CLAY,,,,PRIVATE SCHOOL,,,,,,,-81.77436839,30.13725659,,,,,,,,,
ORANGE PARK ,CLAY,,,,PRIVATE SCHOOL,,,,,,,-81.74324637,30.14508137,,,,,,,,,
ORANGE PARK ,CLAY,,,,PRIVATE SCHOOL,,,,,,,-81.74295673,30.16497438,,,,,,,,,
ORANGE PARK ,CLAY,,,,PRIVATE SCHOOL,,,,,,,-81.77623274,30.12549934,,,,,,,,,
ORANGE PARK ,CLAY,,,,PRIVATE SCHOOL,,,,,,,-81.70395970,30.18018522,,,,,,,,,
FLEMING ISLAND,CLAY,,,,PRIVATE SCHOOL,,,,,,,-81.73981459,30.09948730,,,,,,,,,
FLEMING ISLAND,CLAY,,,,PRIVATE SCHOOL,,,,,,,-81.71134823,30.08363237,,,,,,,,,
MIDDLEBURG ,CLAY,,,,PRIVATE SCHOOL,,,,,,,-81.90169975,30.06504535,,,,,,,,,
MIDDLEBURG ,CLAY,,,,PRIVATE SCHOOL,,,,,,,-81.78746100,30.10022118,,,,,,,,,
STARKE,CLAY,,,,PRIVATE SCHOOL,,,,,,,,,,,,,,,,,
NAPLES ,COLLIER,,,,PRIVATE SCHOOL,,,,,,,-81.71210830,26.17234747,,,,,,,,,
NAPLES ,COLLIER,,,,PRIVATE SCHOOL,,,,,,,-81.75418833,26.29225194,,,,,,,,,
NAPLES ,COLLIER,,,,PRIVATE SCHOOL,,,,,,,-81.72479809,26.13674556,,,,,,,,,
NAPLES ,COLLIER,,,,PRIVATE SCHOOL,,,,,,,-81.75413424,26.21594305,,,,,,,,,
NAPLES,COLLIER,,,,PRIVATE SCHOOL,,,,,,,-81.75566749,26.23058118,,,,,,,,,
NAPLES,COLLIER,,,,PRIVATE SCHOOL,,,,,,,-81.71199570,26.17923860,,,,,,,,,
NAPLES,COLLIER,,,,PRIVATE SCHOOL,,,,,,,-81.80754952,26.21061640,,,,,,,,,
NAPLES,COLLIER,,,,PRIVATE SCHOOL,,,,,,,-81.79936437,26.13749262,,,,,,,,,
NAPLES,COLLIER,,,,PRIVATE SCHOOL,,,,,,,-81.80187101,26.17495730,,,,,,,,,
LAKE CITY ,COLUMBIA,,,,PRIVATE SCHOOL,,,,,,,-82.64162823,30.16171428,,,,,,,,,
LAKE CITY ,COLUMBIA,,,,PRIVATE SCHOOL,,,,,,,-82.70308723,30.18267286,,,,,,,,,
LAKE CITY,COLUMBIA,,,,PRIVATE SCHOOL,,,,,,,-82.64002785,30.16269163,,,,,,,,,
ARCADIA ,DESOTO,,,,PRIVATE SCHOOL,,,,,,,-81.76720987,27.19777602,,,,,,,,,
LAKE SUZY ,DESOTO,,,,PRIVATE SCHOOL,,,,,,,-82.04196008,27.04244001,,,,,,,,,
ARCADIA,DESOTO,,,,PRIVATE SCHOOL,,,,,,,-81.98893037,27.11136818,,,,,,,,,
JACKSONVILLE,DUVAL,,,,PRIVATE SCHOOL,,,,,,,-81.70253095,30.27347063,,,,,,,,,
JACKSONVILLE,DUVAL,,,,PRIVATE SCHOOL,,,,,,,-81.54970889,30.22222274,,,,,,,,,
JACKSONVILLE,DUVAL,,,,PRIVATE SCHOOL,,,,,,,-81.67925939,30.35110195,,,,,,,,,
JACKSONVILLE,DUVAL,,,,PRIVATE SCHOOL,,,,,,,-81.75666402,30.23969451,,,,,,,,,
JACKSONVILLE,DUVAL,,,,PRIVATE SCHOOL,,,,,,,-81.54861327,30.32542331,,,,,,,,,
JACKSONVILLE,DUVAL,,,,PRIVATE SCHOOL,,,,,,,-81.54099902,30.32553691,,,,,,,,,
JACKSONVILLE,DUVAL,,,,PRIVATE SCHOOL,,,,,,,-81.59733547,30.29016292,,,,,,,,,
JACKSONVILLE,DUVAL,,,,PRIVATE SCHOOL,,,,,,,-81.69195003,30.31210080,,,,,,,,,
JACKSONVILLE,DUVAL,,,,PRIVATE SCHOOL,,,,,,,-81.74698163,30.30714616,,,,,,,,,
JACKSONVILLE,DUVAL,,,,PRIVATE SCHOOL,,,,,,,-81.62380671,30.24819212,,,,,,,,,
JACKSONVILLE,DUVAL,,,,PRIVATE SCHOOL,,,,,,,-81.57133973,30.32820046,,,,,,,,,
JACKSONVILLE,DUVAL,,,,PRIVATE SCHOOL,,,,,,,-81.72381991,30.28626771,,,,,,,,,
JACKSONVILLE,DUVAL,,,,PRIVATE SCHOOL,,,,,,,-81.62148294,30.16020164,,,,,,,,,
JACKSONVILLE,DUVAL,,,,PRIVATE SCHOOL,,,,,,,-81.74773557,30.26090557,,,,,,,,,
JACKSONVILLE,DUVAL,,,,PRIVATE SCHOOL,,,,,,,-81.75242145,30.29728731,,,,,,,,,
JACKSONVILLE,DUVAL,,,,PRIVATE SCHOOL,,,,,,,-81.51459905,30.37140610,,,,,,,,,
JACKSONVILLE,DUVAL,,,,PRIVATE SCHOOL,,,,,,,-81.73694487,30.20979007,,,,,,,,,
JACKSONVILLE,DUVAL,,,,PRIVATE SCHOOL,,,,,,,-81.55562446,30.21829406,,,,,,,,,
JACKSONVILLE,DUVAL,,,,PRIVATE SCHOOL,,,,,,,-81.45780138,30.29793035,,,,,,,,,
JACKSONVILLE,DUVAL,,,,PRIVATE SCHOOL,,,,,,,-81.67963106,30.31651634,,,,,,,,,
JACKSONVILLE,DUVAL,,,,PRIVATE SCHOOL,,,,,,,-81.75993530,30.34268493,,,,,,,,,
JACKSONVILLE ,DUVAL,,,,PRIVATE SCHOOL,,,,,,,-81.59169393,30.33430962,,,,,,,,,
JACKSONVILLE ,DUVAL,,,,PRIVATE SCHOOL,,,,,,,-81.64015272,30.30782016,,,,,,,,,
JACKSONVILLE ,DUVAL,,,,PRIVATE SCHOOL,,,,,,,-81.60698709,30.17651554,,,,,,,,,
JACKSONVILLE ,DUVAL,,,,PRIVATE SCHOOL,,,,,,,-81.71056010,30.32260909,,,,,,,,,
JACKSONVILLE ,DUVAL,,,,PRIVATE SCHOOL,,,,,,,-81.76731214,30.42642995,,,,,,,,,
JACKSONVILLE ,DUVAL,,,,PRIVATE SCHOOL,,,,,,,-81.57485665,30.33469968,,,,,,,,,
JACKSONVILLE ,DUVAL,,,,PRIVATE SCHOOL,,,,,,,-81.64066317,30.30964033,,,,,,,,,
JACKSONVILLE ,DUVAL,,,,PRIVATE SCHOOL,,,,,,,-81.60007569,30.27766566,,,,,,,,,
JACKSONVILLE ,DUVAL,,,,PRIVATE SCHOOL,,,,,,,-81.62166864,30.31051319,,,,,,,,,
JACKSONVILLE ,DUVAL,,,,PRIVATE SCHOOL,,,,,,,-81.60311732,30.36605856,,,,,,,,,
JACKSONVILLE ,DUVAL,,,,PRIVATE SCHOOL,,,,,,,-81.68736938,30.40427040,,,,,,,,,
JACKSONVILLE ,DUVAL,,,,PRIVATE SCHOOL,,,,,,,-81.72633085,30.39830466,,,,,,,,,
JACKSONVILLE ,DUVAL,,,,PRIVATE SCHOOL,,,,,,,-81.43945793,30.29225566,,,,,,,,,
JACKSONVILLE ,DUVAL,,,,PRIVATE SCHOOL,,,,,,,-81.62896804,30.24275796,,,,,,,,,
JACKSONVILLE ,DUVAL,,,,PRIVATE SCHOOL,,,,,,,-81.65753632,30.37336887,,,,,,,,,
JACKSONVILLE ,DUVAL,,,,PRIVATE SCHOOL,,,,,,,-81.83744239,30.25187491,,,,,,,,,
JACKSONVILLE BEACH ,DUVAL,,,,PRIVATE SCHOOL,,,,,,,-81.39664758,30.29952874,,,,,,,,,
JACKSONVILLE BEACH ,DUVAL,,,,PRIVATE SCHOOL,,,,,,,-81.39015959,30.27536398,,,,,,,,,
JACKSONVILLE BEACH,DUVAL,,,,PRIVATE SCHOOL,,,,,,,-81.39428536,30.29014712,,,,,,,,,
PENSACOLA,ESCAMBIA,,,,PRIVATE SCHOOL,,,,,,,-87.16784331,30.49900287,,,,,,,,,
PENSACOLA,ESCAMBIA,,,,PRIVATE SCHOOL,,,,,,,-87.20525637,30.43151805,,,,,,,,,
PENSACOLA,ESCAMBIA,,,,PRIVATE SCHOOL,,,,,,,-87.29631817,30.43210019,,,,,,,,,
PENSACOLA,ESCAMBIA,,,,PRIVATE SCHOOL,,,,,,,-87.22262566,30.52260026,,,,,,,,,
PENSACOLA,ESCAMBIA,,,,PRIVATE SCHOOL,,,,,,,-87.21248112,30.45629530,,,,,,,,,
PENSACOLA,ESCAMBIA,,,,PRIVATE SCHOOL,,,,,,,-87.19552708,30.49476467,,,,,,,,,
PENSACOLA,ESCAMBIA,,,,PRIVATE SCHOOL,,,,,,,-87.25370702,30.41136006,,,,,,,,,
PENSACOLA,ESCAMBIA,,,,PRIVATE SCHOOL,,,,,,,-87.25389158,30.42883869,,,,,,,,,
PENSACOLA,ESCAMBIA,,,,PRIVATE SCHOOL,,,,,,,-87.25714847,30.47430773,,,,,,,,,
PENSACOLA,ESCAMBIA,,,,PRIVATE SCHOOL,,,,,,,-87.21599086,30.42012575,,,,,,,,,
PENSACOLA,ESCAMBIA,,,,PRIVATE SCHOOL,,,,,,,-87.27001957,30.40656160,,,,,,,,,
PENSACOLA,ESCAMBIA,,,,PRIVATE SCHOOL,,,,,,,-87.18364379,30.51001186,,,,,,,,,
PENSACOLA,ESCAMBIA,,,,PRIVATE SCHOOL,,,,,,,-87.26816317,30.40918238,,,,,,,,,
PENSACOLA,ESCAMBIA,,,,PRIVATE SCHOOL,,,,,,,-87.19782268,30.51648281,,,,,,,,,
PENSACOLA,ESCAMBIA,,,,PRIVATE SCHOOL,,,,,,,-87.20129602,30.42657609,,,,,,,,,
PENSACOLA,ESCAMBIA,,,,PRIVATE SCHOOL,,,,,,,-87.27356953,30.38594032,,,,,,,,,
PENSACOLA,ESCAMBIA,,,,PRIVATE SCHOOL,,,,,,,-87.20237863,30.43147104,,,,,,,,,
PENSACOLA,ESCAMBIA,,,,PRIVATE SCHOOL,,,,,,,-87.22403438,30.41114254,,,,,,,,,
PENSACOLA,ESCAMBIA,,,,PRIVATE SCHOOL,,,,,,,-87.24315720,30.45234338,,,,,,,,,
PENSACOLA ,ESCAMBIA,,,,PRIVATE SCHOOL,,,,,,,-87.32428360,30.51377948,,,,,,,,,
PENSACOLA ,ESCAMBIA,,,,PRIVATE SCHOOL,,,,,,,-87.32844861,30.40405031,,,,,,,,,
PENSACOLA ,ESCAMBIA,,,,PRIVATE SCHOOL,,,,,,,-87.25081917,30.43752771,,,,,,,,,
PALM COAST ,FLAGLER,,,,PRIVATE SCHOOL,,,,,,,-81.24208333,29.55076347,,,,,,,,,
FLAGLER BEACH ,FLAGLER,,,,PRIVATE SCHOOL,,,,,,,-81.15383805,29.49611689,,,,,,,,,
PALM COAST,FLAGLER,,,,PRIVATE SCHOOL,,,,,,,-81.23328091,29.54735944,,,,,,,,,
APALACHICOLA,FRANKLIN,,,,PRIVATE SCHOOL,,,,,,,-84.98751245,29.72271037,,,,,,,,,
HAVANA ,GADSDEN,,,,PRIVATE SCHOOL,,,,,,,-84.47141846,30.60736350,,,,,,,,,
QUINCY,GADSDEN,,,,PRIVATE SCHOOL,,,,,,,-84.69963888,30.65338054,,,,,,,,,
PORT SAINT JOE,GULF,,,,PRIVATE SCHOOL,,,,,,,-85.28977491,29.79987941,,,,,,,,,
WEWHITCHKA,GULF,,,,PRIVATE SCHOOL,,,,,,,-85.19974491,30.10565342,,,,,,,,,
BOWLING GREEN,HARDEE,,,,PRIVATE SCHOOL,,,,,,,-81.82422466,27.63871945,,,,,,,,,
WAUCHULA,HARDEE,,,,PRIVATE SCHOOL,,,,,,,-81.91147626,27.52465220,,,,,,,,,
CLEWISTON,HENDRY,,,,PRIVATE SCHOOL,,,,,,,-80.94076800,26.75882453,,,,,,,,,
SPRING HILL,HERNANDO,,,,PRIVATE SCHOOL,,,,,,,-82.63722472,28.46018822,,,,,,,,,
SPRING HILL,HERNANDO,,,,PRIVATE SCHOOL,,,,,,,-82.63614076,28.44788360,,,,,,,,,
SPRING HILL,HERNANDO,,,,PRIVATE SCHOOL,,,,,,,-82.52548035,28.48910121,,,,,,,,,
BROOKSVILLE,HERNANDO,,,,PRIVATE SCHOOL,,,,,,,-82.37409814,28.53427588,,,,,,,,,
LAKE PLACID,HIGHLANDS,,,,PRIVATE SCHOOL,,,,,,,-81.31339744,27.28392955,,,,,,,,,
SEBRING,HIGHLANDS,,,,PRIVATE SCHOOL,,,,,,,-81.43785842,27.48531046,,,,,,,,,
TAMPA,HILLSBOROUGH,,,,PRIVATE SCHOOL,,,,,,,-82.50594806,28.04677550,,,,,,,,,
TAMPA,HILLSBOROUGH,,,,PRIVATE SCHOOL,,,,,,,-82.36746850,28.05500570,,,,,,,,,
TAMPA,HILLSBOROUGH,,,,PRIVATE SCHOOL,,,,,,,-82.52490230,28.05121532,,,,,,,,,
TAMPA,HILLSBOROUGH,,,,PRIVATE SCHOOL,,,,,,,-82.47809603,28.06781303,,,,,,,,,
TAMPA,HILLSBOROUGH,,,,PRIVATE SCHOOL,,,,,,,-82.49275272,27.91487068,,,,,,,,,
TAMPA,HILLSBOROUGH,,,,PRIVATE SCHOOL,,,,,,,-82.55086896,27.98240838,,,,,,,,,
TAMPA,HILLSBOROUGH,,,,PRIVATE SCHOOL,,,,,,,-82.46506238,27.96761638,,,,,,,,,
TAMPA,HILLSBOROUGH,,,,PRIVATE SCHOOL,,,,,,,-82.35971632,27.90023284,,,,,,,,,
TAMPA,HILLSBOROUGH,,,,PRIVATE SCHOOL,,,,,,,-82.56411250,27.99003303,,,,,,,,,
TAMPA,HILLSBOROUGH,,,,PRIVATE SCHOOL,,,,,,,-82.52464666,27.96057913,,,,,,,,,
TAMPA,HILLSBOROUGH,,,,PRIVATE SCHOOL,,,,,,,-82.46794717,27.95113813,,,,,,,,,
TAMPA,HILLSBOROUGH,,,,PRIVATE SCHOOL,,,,,,,-82.49972732,27.98692199,,,,,,,,,
TAMPA,HILLSBOROUGH,,,,PRIVATE SCHOOL,,,,,,,-82.55017873,28.05810484,,,,,,,,,
TAMPA,HILLSBOROUGH,,,,PRIVATE SCHOOL,,,,,,,-82.47921392,27.99220609,,,,,,,,,
TAMPA,HILLSBOROUGH,,,,PRIVATE SCHOOL,,,,,,,-82.50005395,28.05652614,,,,,,,,,
TAMPA,HILLSBOROUGH,,,,PRIVATE SCHOOL,,,,,,,-82.47573635,27.98553058,,,,,,,,,
TAMPA,HILLSBOROUGH,,,,PRIVATE SCHOOL,,,,,,,-82.47441286,28.09100255,,,,,,,,,
TAMPA,HILLSBOROUGH,,,,PRIVATE SCHOOL,,,,,,,-82.45700628,28.04114786,,,,,,,,,
TAMPA,HILLSBOROUGH,,,,PRIVATE SCHOOL,,,,,,,-82.50648429,27.93507694,,,,,,,,,
TAMPA,HILLSBOROUGH,,,,PRIVATE SCHOOL,,,,,,,-82.57353910,27.99572554,,,,,,,,,
TAMPA,HILLSBOROUGH,,,,PRIVATE SCHOOL,,,,,,,-82.41055935,28.03041482,,,,,,,,,
TAMPA,HILLSBOROUGH,,,,PRIVATE SCHOOL,,,,,,,-82.36924681,27.92503027,,,,,,,,,
TAMPA,HILLSBOROUGH,,,,PRIVATE SCHOOL,,,,,,,-82.48355537,27.98912326,,,,,,,,,
TAMPA,HILLSBOROUGH,,,,PRIVATE SCHOOL,,,,,,,-82.38452892,27.98829721,,,,,,,,,
TAMPA,HILLSBOROUGH,,,,PRIVATE SCHOOL,,,,,,,-82.45906587,27.98951736,,,,,,,,,
TAMPA,HILLSBOROUGH,,,,PRIVATE SCHOOL,,,,,,,-82.33017173,27.96539900,,,,,,,,,
TAMPA,HILLSBOROUGH,,,,PRIVATE SCHOOL,,,,,,,-82.43753787,27.99823005,,,,,,,,,
TAMPA,HILLSBOROUGH,,,,PRIVATE SCHOOL,,,,,,,-82.57270975,28.07905716,,,,,,,,,
TAMPA,HILLSBOROUGH,,,,PRIVATE SCHOOL,,,,,,,-82.45991286,27.96388667,,,,,,,,,
TAMPA,HILLSBOROUGH,,,,PRIVATE SCHOOL,,,,,,,-82.50016172,27.99394608,,,,,,,,,
TAMPA,HILLSBOROUGH,,,,PRIVATE SCHOOL,,,,,,,-82.47355470,27.98234646,,,,,,,,,
TAMPA,HILLSBOROUGH,,,,PRIVATE SCHOOL,,,,,,,-82.40640502,28.00418340,,,,,,,,,
THONOTOSASSA,HILLSBOROUGH,,,,PRIVATE SCHOOL,,,,,,,-82.28435886,28.13725809,,,,,,,,,
THONOTOSASSA,HILLSBOROUGH,,,,PRIVATE SCHOOL,,,,,,,-82.28924636,28.13495503,,,,,,,,,
TEMPLE TERRACE,HILLSBOROUGH,,,,PRIVATE SCHOOL,,,,,,,-82.38872819,28.04432564,,,,,,,,,
RIVERVIEW,HILLSBOROUGH,,,,PRIVATE SCHOOL,,,,,,,-82.31796318,27.89758466,,,,,,,,,
LUTZ,HILLSBOROUGH,,,,PRIVATE SCHOOL,,,,,,,-82.45046280,28.10393803,,,,,,,,,
VERO BEACH,INDIAN RIVER,,,,PRIVATE SCHOOL,,,,,,,-80.33809798,27.59995641,,,,,,,,,
VERO BEACH,INDIAN RIVER,,,,PRIVATE SCHOOL,,,,,,,-80.39091229,27.62946528,,,,,,,,,
VERO BEACH,INDIAN RIVER,,,,PRIVATE SCHOOL,,,,,,,-80.63165659,27.61742872,,,,,,,,,
SEBASTIAN,INDIAN RIVER,,,,PRIVATE SCHOOL,,,,,,,-80.50183872,27.79235357,,,,,,,,,
MARIANNA,JACKSON,,,,PRIVATE SCHOOL,,,,,,,-85.20449783,30.79696895,,,,,,,,,
MARIANNA,JACKSON,,,,PRIVATE SCHOOL,,,,,,,-85.23043531,30.76980892,,,,,,,,,
MONTICELLO,JEFFERSON,,,,PRIVATE SCHOOL,,,,,,,-83.75867451,30.48255640,,,,,,,,,
LEESBURG,LAKE,,,,PRIVATE SCHOOL,,,,,,,-81.88596137,28.82006054,,,,,,,,,
LEESBURG,LAKE,,,,PRIVATE SCHOOL,,,,,,,-81.90758857,28.79972474,,,,,,,,,
LEESBURG,LAKE,,,,PRIVATE SCHOOL,,,,,,,-81.88552834,28.81368663,,,,,,,,,
LEESBURG,LAKE,,,,PRIVATE SCHOOL,,,,,,,-81.88049777,28.81565126,,,,,,,,,
LEESBURG,LAKE,,,,PRIVATE SCHOOL,,,,,,,-81.76855928,28.84654011,,,,,,,,,
LEESBURG,LAKE,,,,PRIVATE SCHOOL,,,,,,,-81.88272103,28.81621731,,,,,,,,,
TAVARES,LAKE,,,,PRIVATE SCHOOL,,,,,,,-81.74781393,28.77249740,,,,,,,,,
TAVARES,LAKE,,,,PRIVATE SCHOOL,,,,,,,-81.75326218,28.76794544,,,,,,,,,
TAVARES,LAKE,,,,PRIVATE SCHOOL,,,,,,,-81.70292603,28.81912695,,,,,,,,,
TAVARES,LAKE,,,,PRIVATE SCHOOL,,,,,,,-81.71238034,28.82021779,,,,,,,,,
MT DORA,LAKE,,,,PRIVATE SCHOOL,,,,,,,-81.65230902,28.82342780,,,,,,,,,
MT DORA,LAKE,,,,PRIVATE SCHOOL,,,,,,,-81.66683459,28.75842110,,,,,,,,,
MT DORA,LAKE,,,,PRIVATE SCHOOL,,,,,,,-81.63791864,28.79336872,,,,,,,,,
MT DORA,LAKE,,,,PRIVATE SCHOOL,,,,,,,-81.63692363,28.80190443,,,,,,,,,
MT DORA,LAKE,,,,PRIVATE SCHOOL,,,,,,,-81.64628854,28.80949332,,,,,,,,,
MOUNT DORA,LAKE,,,,PRIVATE SCHOOL,,,,,,,-81.64458977,28.81210045,,,,,,,,,
MOUNT DORA,LAKE,,,,PRIVATE SCHOOL,,,,,,,-81.64780021,28.80880091,,,,,,,,,
MOUNT DORA,LAKE,,,,PRIVATE SCHOOL,,,,,,,-81.63333566,28.81675196,,,,,,,,,
EUSTIS,LAKE,,,,PRIVATE SCHOOL,,,,,,,-81.68584575,28.84942422,,,,,,,,,
EUSTIS,LAKE,,,,PRIVATE SCHOOL,,,,,,,-81.68423790,28.86283789,,,,,,,,,
EUSTIS,LAKE,,,,PRIVATE SCHOOL,,,,,,,-81.64599195,28.85478250,,,,,,,,,
EUSTIS,LAKE,,,,PRIVATE SCHOOL,,,,,,,-81.41079211,28.91353895,,,,,,,,,
EUSTIS,LAKE,,,,PRIVATE SCHOOL,,,,,,,-81.68168679,28.82775987,,,,,,,,,
HOWEY IN THE HILLS,LAKE,,,,PRIVATE SCHOOL,,,,,,,-81.77885160,28.71647415,,,,,,,,,
CLERMONT,LAKE,,,,PRIVATE SCHOOL,,,,,,,-81.83844090,28.54239615,,,,,,,,,
CLERMONT,LAKE,,,,PRIVATE SCHOOL,,,,,,,-81.73768632,28.53428609,,,,,,,,,
CLERMONT,LAKE,,,,PRIVATE SCHOOL,,,,,,,-81.74076116,28.56434909,,,,,,,,,
CLERMONT,LAKE,,,,PRIVATE SCHOOL,,,,,,,-81.73929695,28.56441125,,,,,,,,,
MONTVERDE,LAKE,,,,PRIVATE SCHOOL,,,,,,,-81.68967894,28.57030899,,,,,,,,,
MONTVERDE,LAKE,,,,PRIVATE SCHOOL,,,,,,,-81.74660886,28.57415117,,,,,,,,,
MONTVERDE,LAKE,,,,PRIVATE SCHOOL,,,,,,,-81.67414700,28.59763985,,,,,,,,,
SORRENTO,LAKE,,,,PRIVATE SCHOOL,,,,,,,-81.53095776,28.83619464,,,,,,,,,
FRUITLAND PARK,LAKE,,,,PRIVATE SCHOOL,,,,,,,-81.87640459,28.88535772,,,,,,,,,
FRUITLAND PARK,LAKE,,,,PRIVATE SCHOOL,,,,,,,-81.91712477,28.87658642,,,,,,,,,
GROVELAND,LAKE,,,,PRIVATE SCHOOL,,,,,,,-81.89113318,28.57829082,,,,,,,,,
GROVELAND,LAKE,,,,PRIVATE SCHOOL,,,,,,,-81.85828151,28.57414933,,,,,,,,,
UMATILLA,LAKE,,,,PRIVATE SCHOOL,,,,,,,-81.63265591,28.90428239,,,,,,,,,
FORT MYERS,LEE,,,,PRIVATE SCHOOL,,,,,,,-81.89393488,26.54671377,,,,,,,,,
FORT MYERS,LEE,,,,PRIVATE SCHOOL,,,,,,,-81.84633331,26.65912137,,,,,,,,,
FORT MYERS,LEE,,,,PRIVATE SCHOOL,,,,,,,-81.85402526,26.64044594,,,,,,,,,
FORT MYERS,LEE,,,,PRIVATE SCHOOL,,,,,,,-81.86161146,26.57486519,,,,,,,,,
FORT MYERS,LEE,,,,PRIVATE SCHOOL,,,,,,,-81.88998919,26.55519102,,,,,,,,,
FORT MYERS,LEE,,,,PRIVATE SCHOOL,,,,,,,-81.85409862,26.60373456,,,,,,,,,
FORT MYERS,LEE,,,,PRIVATE SCHOOL,,,,,,,-81.87316164,26.58433413,,,,,,,,,
FORT MYERS,LEE,,,,PRIVATE SCHOOL,,,,,,,-81.86919734,26.63577486,,,,,,,,,
FORT MYERS,LEE,,,,PRIVATE SCHOOL,,,,,,,-81.88561761,26.58863617,,,,,,,,,
FORT MYERS,LEE,,,,PRIVATE SCHOOL,,,,,,,-81.88983493,26.59404467,,,,,,,,,
FORT MYERS,LEE,,,,PRIVATE SCHOOL,,,,,,,-81.87113017,26.63910191,,,,,,,,,
FORT MYERS,LEE,,,,PRIVATE SCHOOL,,,,,,,-81.85710842,26.50056713,,,,,,,,,
FORT MYERS,LEE,,,,PRIVATE SCHOOL,,,,,,,-81.88254720,26.59642295,,,,,,,,,
FORT MYERS,LEE,,,,PRIVATE SCHOOL,,,,,,,-81.87456491,26.56785185,,,,,,,,,
FORT MYERS,LEE,,,,PRIVATE SCHOOL,,,,,,,-81.84784849,26.64069412,,,,,,,,,
FORT MYERS,LEE,,,,PRIVATE SCHOOL,,,,,,,-81.76906820,26.69804989,,,,,,,,,
FORT MYERS,LEE,,,,PRIVATE SCHOOL,,,,,,,-81.73846261,26.57595394,,,,,,,,,
FORT MYERS,LEE,,,,PRIVATE SCHOOL,,,,,,,-81.74761316,26.67481779,,,,,,,,,
FORT MYERS,LEE,,,,PRIVATE SCHOOL,,,,,,,-81.88984510,26.59473065,,,,,,,,,
FORT MYERS,LEE,,,,PRIVATE SCHOOL,,,,,,,-81.83604714,26.59583232,,,,,,,,,
FORT MYERS,LEE,,,,PRIVATE SCHOOL,,,,,,,-81.90738715,26.54431615,,,,,,,,,
FORT MYERS,LEE,,,,PRIVATE SCHOOL,,,,,,,-81.86612934,26.61114282,,,,,,,,,
FORT MYERS,LEE,,,,PRIVATE SCHOOL,,,,,,,-81.83990594,26.55996893,,,,,,,,,
FORT MYERS,LEE,,,,PRIVATE SCHOOL,,,,,,,-81.83419712,26.63042039,,,,,,,,,
FORT MYERS,LEE,,,,PRIVATE SCHOOL,,,,,,,-81.74561802,26.70317126,,,,,,,,,
FORT MYERS,LEE,,,,PRIVATE SCHOOL,,,,,,,-81.83445226,26.63951097,,,,,,,,,
FORT MYERS,LEE,,,,PRIVATE SCHOOL,,,,,,,-81.87454322,26.58598750,,,,,,,,,
FORT MYERS,LEE,,,,PRIVATE SCHOOL,,,,,,,-81.84768824,26.55019760,,,,,,,,,
BONITA SPRINGS,LEE,,,,PRIVATE SCHOOL,,,,,,,-81.78285571,26.34837971,,,,,,,,,
BONITA SPRINGS,LEE,,,,PRIVATE SCHOOL,,,,,,,-81.79772235,26.33202113,,,,,,,,,
BONITA SPRINGS,LEE,,,,PRIVATE SCHOOL,,,,,,,-81.77416326,26.32273457,,,,,,,,,
BONITA SPRINGS,LEE,,,,PRIVATE SCHOOL,,,,,,,-81.80459446,26.35196993,,,,,,,,,
CAPE CORAL,LEE,,,,PRIVATE SCHOOL,,,,,,,-81.99138402,26.59734377,,,,,,,,,
CAPE CORAL,LEE,,,,PRIVATE SCHOOL,,,,,,,-81.95479532,26.56109418,,,,,,,,,
CAPE CORAL,LEE,,,,PRIVATE SCHOOL,,,,,,,-81.97371940,26.63691451,,,,,,,,,
CAPE CORAL,LEE,,,,PRIVATE SCHOOL,,,,,,,-81.98893789,26.57856648,,,,,,,,,
CAPE CORAL,LEE,,,,PRIVATE SCHOOL,,,,,,,-81.98795729,26.63795831,,,,,,,,,
CAPE CORAL,LEE,,,,PRIVATE SCHOOL,,,,,,,-81.94214619,26.57044900,,,,,,,,,
CAPE CORAL,LEE,,,,PRIVATE SCHOOL,,,,,,,-81.91355395,26.68143989,,,,,,,,,
CAPE CORAL,LEE,,,,PRIVATE SCHOOL,,,,,,,-81.98178930,26.58595097,,,,,,,,,
CAPE CORAL,LEE,,,,PRIVATE SCHOOL,,,,,,,-81.94055979,26.59701469,,,,,,,,,
CAPE CORAL,LEE,,,,PRIVATE SCHOOL,,,,,,,-81.94941566,26.56399486,,,,,,,,,
CAPE CORAL,LEE,,,,PRIVATE SCHOOL,,,,,,,-81.94192568,26.60257060,,,,,,,,,
CAPE CORAL,LEE,,,,PRIVATE SCHOOL,,,,,,,-81.97702941,26.62744153,,,,,,,,,
LEHIGH ACRES,LEE,,,,PRIVATE SCHOOL,,,,,,,-81.71690116,26.63982139,,,,,,,,,
NORTH FORT MYERS,LEE,,,,PRIVATE SCHOOL,,,,,,,-81.84033412,26.70985491,,,,,,,,,
NORTH FORT MYERS,LEE,,,,PRIVATE SCHOOL,,,,,,,-81.80195322,26.71425706,,,,,,,,,
NORTH FORT MYERS,LEE,,,,PRIVATE SCHOOL,,,,,,,-81.91495156,26.65220204,,,,,,,,,
NORTH FORT MYERS,LEE,,,,PRIVATE SCHOOL,,,,,,,-81.91614902,26.64967985,,,,,,,,,
NORTH FORT MYERS,LEE,,,,PRIVATE SCHOOL,,,,,,,-81.89945692,26.71049616,,,,,,,,,
NORTH FORT MYERS,LEE,,,,PRIVATE SCHOOL,,,,,,,-81.88359078,26.66691696,,,,,,,,,
ALVA,LEE,,,,PRIVATE SCHOOL,,,,,,,-81.60043492,26.70106133,,,,,,,,,
SAINT JAMES CITY,LEE,,,,PRIVATE SCHOOL,,,,,,,-82.10436567,26.58267050,,,,,,,,,
FORT MYERS BEACH,LEE,,,,PRIVATE SCHOOL,,,,,,,-81.93019793,26.44274942,,,,,,,,,
TALLAHASSEE,LEON,,,,PRIVATE SCHOOL,,,,,,,-84.21574721,30.53828216,,,,,,,,,
TALLAHASSEE,LEON,,,,PRIVATE SCHOOL,,,,,,,-84.21813836,30.38476773,,,,,,,,,
TALLAHASSEE,LEON,,,,PRIVATE SCHOOL,,,,,,,-84.29459358,30.47695137,,,,,,,,,
TALLAHASSEE,LEON,,,,PRIVATE SCHOOL,,,,,,,-84.31791625,30.44202475,,,,,,,,,
TALLAHASSEE,LEON,,,,PRIVATE SCHOOL,,,,,,,-84.14679846,30.48669725,,,,,,,,,
TALLAHASSEE,LEON,,,,PRIVATE SCHOOL,,,,,,,-84.27926286,30.45332726,,,,,,,,,
TALLAHASSEE,LEON,,,,PRIVATE SCHOOL,,,,,,,-84.25991114,30.44356918,,,,,,,,,
TALLAHASSEE,LEON,,,,PRIVATE SCHOOL,,,,,,,-84.27448558,30.52459103,,,,,,,,,
TALLAHASSEE,LEON,,,,PRIVATE SCHOOL,,,,,,,-84.28603078,30.44439744,,,,,,,,,
TALLAHASSEE,LEON,,,,PRIVATE SCHOOL,,,,,,,-84.25879696,30.43438131,,,,,,,,,
TALLAHASSEE,LEON,,,,PRIVATE SCHOOL,,,,,,,-84.29579049,30.47624882,,,,,,,,,
TALLAHASSEE,LEON,,,,PRIVATE SCHOOL,,,,,,,-84.33736339,30.44637164,,,,,,,,,
TALLAHASSEE,LEON,,,,PRIVATE SCHOOL,,,,,,,-84.28008455,30.42799708,,,,,,,,,
TALLAHASSEE,LEON,,,,PRIVATE SCHOOL,,,,,,,-84.26266709,30.40489210,,,,,,,,,
TALLAHASSEE,LEON,,,,PRIVATE SCHOOL,,,,,,,-84.29218854,30.43331084,,,,,,,,,
TALLAHASSEE,LEON,,,,PRIVATE SCHOOL,,,,,,,-84.31907963,30.43483645,,,,,,,,,
TALLAHASSEE,LEON,,,,PRIVATE SCHOOL,,,,,,,-84.26943146,30.44244724,,,,,,,,,
TALLAHASSEE,LEON,,,,PRIVATE SCHOOL,,,,,,,-84.22293358,30.48047383,,,,,,,,,
TALLAHASSEE,LEON,,,,PRIVATE SCHOOL,,,,,,,-84.27306899,30.44929453,,,,,,,,,
TALLAHASSEE,LEON,,,,PRIVATE SCHOOL,,,,,,,-84.33460421,30.46689099,,,,,,,,,
TALLAHASSEE,LEON,,,,PRIVATE SCHOOL,,,,,,,-84.29244712,30.42195714,,,,,,,,,
TALLAHASSEE,LEON,,,,PRIVATE SCHOOL,,,,,,,-84.29372970,30.43918345,,,,,,,,,
TALLAHASSEE,LEON,,,,PRIVATE SCHOOL,,,,,,,-84.26695798,30.43695048,,,,,,,,,
TALLAHASSEE,LEON,,,,PRIVATE SCHOOL,,,,,,,-84.28039772,30.48665100,,,,,,,,,
TALLAHASSEE,LEON,,,,PRIVATE SCHOOL,,,,,,,-84.22747947,30.44384806,,,,,,,,,
TALLAHASSEE,LEON,,,,PRIVATE SCHOOL,,,,,,,-84.19998462,30.51764551,,,,,,,,,
MADISON,MADISON,,,,PRIVATE SCHOOL,,,,,,,-83.37414846,30.46753651,,,,,,,,,
MADISON,MADISON,,,,PRIVATE SCHOOL,,,,,,,-83.45488259,30.48614269,,,,,,,,,
BRADENTON,MANATEE,,,,PRIVATE SCHOOL,,,,,,,-82.64149587,27.46728615,,,,,,,,,
BRADENTON,MANATEE,,,,PRIVATE SCHOOL,,,,,,,-82.54105822,27.44305002,,,,,,,,,
BRADENTON,MANATEE,,,,PRIVATE SCHOOL,,,,,,,-82.60227712,27.46287247,,,,,,,,,
BRADENTON,MANATEE,,,,PRIVATE SCHOOL,,,,,,,-82.55125562,27.45457458,,,,,,,,,
BRADENTON,MANATEE,,,,PRIVATE SCHOOL,,,,,,,-82.58702994,27.47639203,,,,,,,,,
BRADENTON,MANATEE,,,,PRIVATE SCHOOL,,,,,,,-82.60519635,27.47137223,,,,,,,,,
BRADENTON,MANATEE,,,,PRIVATE SCHOOL,,,,,,,-82.64006746,27.51263116,,,,,,,,,
BRADENTON,MANATEE,,,,PRIVATE SCHOOL,,,,,,,-82.59714275,27.44191324,,,,,,,,,
BRADENTON,MANATEE,,,,PRIVATE SCHOOL,,,,,,,-82.60163210,27.49735042,,,,,,,,,
BRADENTON,MANATEE,,,,PRIVATE SCHOOL,,,,,,,-82.54972605,27.49360289,,,,,,,,,
BRADENTON,MANATEE,,,,PRIVATE SCHOOL,,,,,,,-82.49367441,27.49310451,,,,,,,,,
BRADENTON,MANATEE,,,,PRIVATE SCHOOL,,,,,,,-82.58822037,27.47322795,,,,,,,,,
OCALA,MARION,,,,PRIVATE SCHOOL,,,,,,,-82.16766782,29.14554681,,,,,,,,,
OCALA,MARION,,,,PRIVATE SCHOOL,,,,,,,-82.07817672,29.19111360,,,,,,,,,
OCALA,MARION,,,,PRIVATE SCHOOL,,,,,,,-82.09102500,29.19584696,,,,,,,,,
OCALA,MARION,,,,PRIVATE SCHOOL,,,,,,,-82.10586124,29.13403196,,,,,,,,,
OCALA,MARION,,,,PRIVATE SCHOOL,,,,,,,-82.17867435,29.16940515,,,,,,,,,
OCALA,MARION,,,,PRIVATE SCHOOL,,,,,,,-82.19920614,29.16982557,,,,,,,,,
STUART,MARTIN,,,,PRIVATE SCHOOL,,,,,,,-80.23413213,27.11845089,,,,,,,,,
STUART,MARTIN,,,,PRIVATE SCHOOL,,,,,,,-80.22960391,27.18965291,,,,,,,,,
STUART,MARTIN,,,,PRIVATE SCHOOL,,,,,,,-80.25489265,27.19789737,,,,,,,,,
STUART,MARTIN,,,,PRIVATE SCHOOL,,,,,,,-80.23229864,27.18944728,,,,,,,,,
STUART,MARTIN,,,,PRIVATE SCHOOL,,,,,,,-80.21942460,27.19585004,,,,,,,,,
INDIANTOWN,MARTIN,,,,PRIVATE SCHOOL,,,,,,,-80.47128836,27.02823218,,,,,,,,,
HOMESTEAD,MIAMI-DADE,,,,PRIVATE SCHOOL,,,,,,,-80.49313894,25.45796105,,,,,,,,,
HOMESTEAD,MIAMI-DADE,,,,PRIVATE SCHOOL,,,,,,,-80.48062895,25.47371444,,,,,,,,,
HOMESTEAD,MIAMI-DADE,,,,PRIVATE SCHOOL,,,,,,,-80.47766353,25.47455913,,,,,,,,,
HOMESTEAD,MIAMI-DADE,,,,PRIVATE SCHOOL,,,,,,,-80.49399488,25.46099884,,,,,,,,,
HOMESTEAD,MIAMI-DADE,,,,PRIVATE SCHOOL,,,,,,,-80.43753425,25.49886870,,,,,,,,,
HOMESTEAD,MIAMI-DADE,,,,PRIVATE SCHOOL,,,,,,,-80.40836648,25.53686271,,,,,,,,,
HOMESTEAD,MIAMI-DADE,,,,PRIVATE SCHOOL,,,,,,,-80.47153363,25.48413100,,,,,,,,,
HOMESTEAD,MIAMI-DADE,,,,PRIVATE SCHOOL,,,,,,,-80.48016633,25.48018802,,,,,,,,,
HOMESTEAD,MIAMI-DADE,,,,PRIVATE SCHOOL,,,,,,,-80.40799315,25.53591358,,,,,,,,,
HOMESTEAD,MIAMI-DADE,,,,PRIVATE SCHOOL,,,,,,,-80.46462785,25.49388895,,,,,,,,,
HOMESTEAD,MIAMI-DADE,,,,PRIVATE SCHOOL,,,,,,,-80.47346502,25.46210563,,,,,,,,,
HOMESTEAD,MIAMI-DADE,,,,PRIVATE SCHOOL,,,,,,,-80.43860988,25.51097010,,,,,,,,,
HOMESTEAD,MIAMI-DADE,,,,PRIVATE SCHOOL,,,,,,,-80.40652590,25.49913562,,,,,,,,,
MIAMI,MIAMI-DADE,,,,PRIVATE SCHOOL,,,,,,,-80.21848244,25.92105255,,,,,,,,,
MIAMI,MIAMI-DADE,,,,PRIVATE SCHOOL,,,,,,,-80.23302081,25.76427391,,,,,,,,,
MIAMI,MIAMI-DADE,,,,PRIVATE SCHOOL,,,,,,,-80.42316843,25.74445413,,,,,,,,,
MIAMI,MIAMI-DADE,,,,PRIVATE SCHOOL,,,,,,,-80.33795466,25.74103381,,,,,,,,,
MIAMI,MIAMI-DADE,,,,PRIVATE SCHOOL,,,,,,,-80.34919727,25.60703965,,,,,,,,,
MIAMI,MIAMI-DADE,,,,PRIVATE SCHOOL,,,,,,,-80.20191786,25.79103360,,,,,,,,,
MIAMI,MIAMI-DADE,,,,PRIVATE SCHOOL,,,,,,,-80.18344162,25.87440714,,,,,,,,,
MIAMI,MIAMI-DADE,,,,PRIVATE SCHOOL,,,,,,,-80.35057708,25.76977603,,,,,,,,,
MIAMI,MIAMI-DADE,,,,PRIVATE SCHOOL,,,,,,,-80.39591782,25.55437369,,,,,,,,,
MIAMI,MIAMI-DADE,,,,PRIVATE SCHOOL,,,,,,,-80.33648289,25.68201157,,,,,,,,,
MIAMI,MIAMI-DADE,,,,PRIVATE SCHOOL,,,,,,,-80.29242219,25.78362884,,,,,,,,,
MIAMI,MIAMI-DADE,,,,PRIVATE SCHOOL,,,,,,,-80.31590993,25.69842553,,,,,,,,,
MIAMI,MIAMI-DADE,,,,PRIVATE SCHOOL,,,,,,,-80.28087587,25.74553159,,,,,,,,,
MIAMI,MIAMI-DADE,,,,PRIVATE SCHOOL,,,,,,,-80.22022803,25.77060283,,,,,,,,,
MIAMI,MIAMI-DADE,,,,PRIVATE SCHOOL,,,,,,,-80.28920750,25.68883556,,,,,,,,,
MIAMI,MIAMI-DADE,,,,PRIVATE SCHOOL,,,,,,,-80.17686627,25.91038766,,,,,,,,,
MIAMI,MIAMI-DADE,,,,PRIVATE SCHOOL,,,,,,,-80.37043953,25.73302257,,,,,,,,,
MIAMI,MIAMI-DADE,,,,PRIVATE SCHOOL,,,,,,,-80.28415406,25.81926132,,,,,,,,,
MIAMI,MIAMI-DADE,,,,PRIVATE SCHOOL,,,,,,,-80.40642600,25.64394023,,,,,,,,,
MIAMI,MIAMI-DADE,,,,PRIVATE SCHOOL,,,,,,,-80.36714868,25.69026576,,,,,,,,,
MIAMI,MIAMI-DADE,,,,PRIVATE SCHOOL,,,,,,,-80.21319674,25.88423038,,,,,,,,,
MIAMI,MIAMI-DADE,,,,PRIVATE SCHOOL,,,,,,,-80.28563768,25.69188700,,,,,,,,,
MIAMI,MIAMI-DADE,,,,PRIVATE SCHOOL,,,,,,,-80.31035637,25.82008546,,,,,,,,,
MIAMI,MIAMI-DADE,,,,PRIVATE SCHOOL,,,,,,,-80.21829163,25.78805394,,,,,,,,,
MIAMI,MIAMI-DADE,,,,PRIVATE SCHOOL,,,,,,,-80.23247953,25.86866610,,,,,,,,,
MIAMI,MIAMI-DADE,,,,PRIVATE SCHOOL,,,,,,,-80.43869054,25.71231486,,,,,,,,,
MIAMI,MIAMI-DADE,,,,PRIVATE SCHOOL,,,,,,,-80.18458894,25.83157791,,,,,,,,,
MIAMI,MIAMI-DADE,,,,PRIVATE SCHOOL,,,,,,,-80.39055774,25.73748288,,,,,,,,,
MIAMI,MIAMI-DADE,,,,PRIVATE SCHOOL,,,,,,,-80.21820455,25.78871937,,,,,,,,,
MIAMI,MIAMI-DADE,,,,PRIVATE SCHOOL,,,,,,,-80.21406403,25.79074638,,,,,,,,,
MIAMI,MIAMI-DADE,,,,PRIVATE SCHOOL,,,,,,,-80.40554832,25.76276952,,,,,,,,,
MIAMI,MIAMI-DADE,,,,PRIVATE SCHOOL,,,,,,,-80.24695017,25.71996903,,,,,,,,,
MIAMI,MIAMI-DADE,,,,PRIVATE SCHOOL,,,,,,,-80.32847788,25.65212628,,,,,,,,,
MIAMI,MIAMI-DADE,,,,PRIVATE SCHOOL,,,,,,,-80.17977037,25.96525482,,,,,,,,,
MIAMI,MIAMI-DADE,,,,PRIVATE SCHOOL,,,,,,,-80.33696123,25.74258689,,,,,,,,,
MIAMI,MIAMI-DADE,,,,PRIVATE SCHOOL,,,,,,,-80.17837452,25.92645176,,,,,,,,,
MIAMI,MIAMI-DADE,,,,PRIVATE SCHOOL,,,,,,,-80.30437202,25.63168605,,,,,,,,,
MIAMI,MIAMI-DADE,,,,PRIVATE SCHOOL,,,,,,,-80.43077538,25.61400547,,,,,,,,,
MIAMI,MIAMI-DADE,,,,PRIVATE SCHOOL,,,,,,,-80.31549917,25.73177884,,,,,,,,,
MIAMI,MIAMI-DADE,,,,PRIVATE SCHOOL,,,,,,,-80.36774089,25.71356562,,,,,,,,,
MIAMI,MIAMI-DADE,,,,PRIVATE SCHOOL,,,,,,,-80.22295047,25.77028987,,,,,,,,,
MIAMI,MIAMI-DADE,,,,PRIVATE SCHOOL,,,,,,,-80.21803273,25.76612076,,,,,,,,,
MIAMI,MIAMI-DADE,,,,PRIVATE SCHOOL,,,,,,,-80.21051764,25.77293613,,,,,,,,,
MIAMI,MIAMI-DADE,,,,PRIVATE SCHOOL,,,,,,,-80.28373914,25.68898916,,,,,,,,,
MIAMI,MIAMI-DADE,,,,PRIVATE SCHOOL,,,,,,,-80.19032704,25.82144952,,,,,,,,,
MIAMI,MIAMI-DADE,,,,PRIVATE SCHOOL,,,,,,,-80.31117248,25.65878623,,,,,,,,,
MIAMI,MIAMI-DADE,,,,PRIVATE SCHOOL,,,,,,,-80.30263908,25.63290086,,,,,,,,,
MIAMI,MIAMI-DADE,,,,PRIVATE SCHOOL,,,,,,,-80.25678248,25.76380092,,,,,,,,,
MIAMI,MIAMI-DADE,,,,PRIVATE SCHOOL,,,,,,,-80.30322860,25.75783973,,,,,,,,,
MIAMI,MIAMI-DADE,,,,PRIVATE SCHOOL,,,,,,,-80.19246205,25.81116219,,,,,,,,,
MIAMI,MIAMI-DADE,,,,PRIVATE SCHOOL,,,,,,,-80.18959069,25.76767192,,,,,,,,,
MIAMI,MIAMI-DADE,,,,PRIVATE SCHOOL,,,,,,,-80.23251433,25.86777334,,,,,,,,,
MIAMI,MIAMI-DADE,,,,PRIVATE SCHOOL,,,,,,,-80.32417624,25.76954573,,,,,,,,,
MIAMI,MIAMI-DADE,,,,PRIVATE SCHOOL,,,,,,,-80.34078460,25.72835466,,,,,,,,,
MIAMI,MIAMI-DADE,,,,PRIVATE SCHOOL,,,,,,,-80.38671454,25.70127226,,,,,,,,,
MIAMI,MIAMI-DADE,,,,PRIVATE SCHOOL,,,,,,,-80.24637718,25.74120923,,,,,,,,,
MIAMI,MIAMI-DADE,,,,PRIVATE SCHOOL,,,,,,,-80.15610840,25.95109219,,,,,,,,,
MIAMI,MIAMI-DADE,,,,PRIVATE SCHOOL,,,,,,,-80.34828047,25.75425234,,,,,,,,,
MIAMI,MIAMI-DADE,,,,PRIVATE SCHOOL,,,,,,,-80.19562310,25.84836314,,,,,,,,,
MIAMI,MIAMI-DADE,,,,PRIVATE SCHOOL,,,,,,,-80.42184114,25.70035130,,,,,,,,,
MIAMI,MIAMI-DADE,,,,PRIVATE SCHOOL,,,,,,,-80.32548559,25.71692442,,,,,,,,,
MIAMI,MIAMI-DADE,,,,PRIVATE SCHOOL,,,,,,,-80.38670779,25.71594635,,,,,,,,,
MIAMI,MIAMI-DADE,,,,PRIVATE SCHOOL,,,,,,,-80.24225221,25.77515156,,,,,,,,,
MIAMI,MIAMI-DADE,,,,PRIVATE SCHOOL,,,,,,,-80.20942708,25.75416563,,,,,,,,,
MIAMI,MIAMI-DADE,,,,PRIVATE SCHOOL,,,,,,,-80.37295554,25.73726374,,,,,,,,,
MIAMI,MIAMI-DADE,,,,PRIVATE SCHOOL,,,,,,,-80.34253242,25.62220233,,,,,,,,,
MIAMI,MIAMI-DADE,,,,PRIVATE SCHOOL,,,,,,,-80.24529548,25.84786390,,,,,,,,,
MIAMI,MIAMI-DADE,,,,PRIVATE SCHOOL,,,,,,,-80.44885968,25.71462658,,,,,,,,,
MIAMI,MIAMI-DADE,,,,PRIVATE SCHOOL,,,,,,,-80.19620547,25.88482736,,,,,,,,,
MIAMI,MIAMI-DADE,,,,PRIVATE SCHOOL,,,,,,,-80.22731795,25.73826933,,,,,,,,,
MIAMI,MIAMI-DADE,,,,PRIVATE SCHOOL,,,,,,,-80.39649627,25.58653201,,,,,,,,,
MIAMI,MIAMI-DADE,,,,PRIVATE SCHOOL,,,,,,,-80.33385300,25.64626615,,,,,,,,,
MIAMI,MIAMI-DADE,,,,PRIVATE SCHOOL,,,,,,,-80.25243302,25.71798294,,,,,,,,,
MIAMI,MIAMI-DADE,,,,PRIVATE SCHOOL,,,,,,,-80.19261327,25.85183708,,,,,,,,,
MIAMI,MIAMI-DADE,,,,PRIVATE SCHOOL,,,,,,,-80.23152117,25.78110796,,,,,,,,,
MIAMI,MIAMI-DADE,,,,PRIVATE SCHOOL,,,,,,,-80.33710632,25.74165381,,,,,,,,,
MIAMI,MIAMI-DADE,,,,PRIVATE SCHOOL,,,,,,,-80.42835010,25.63055338,,,,,,,,,
MIAMI,MIAMI-DADE,,,,PRIVATE SCHOOL,,,,,,,-80.33731672,25.68220116,,,,,,,,,
MIAMI,MIAMI-DADE,,,,PRIVATE SCHOOL,,,,,,,-80.34026907,25.73042137,,,,,,,,,
MIAMI,MIAMI-DADE,,,,PRIVATE SCHOOL,,,,,,,-80.21049925,25.93206414,,,,,,,,,
MIAMI,MIAMI-DADE,,,,PRIVATE SCHOOL,,,,,,,-80.36665748,25.72733324,,,,,,,,,
MIAMI,MIAMI-DADE,,,,PRIVATE SCHOOL,,,,,,,-80.40639464,25.66477856,,,,,,,,,
MIAMI,MIAMI-DADE,,,,PRIVATE SCHOOL,,,,,,,-80.37171275,25.56129528,,,,,,,,,
MIAMI,MIAMI-DADE,,,,PRIVATE SCHOOL,,,,,,,-80.39854909,25.73109032,,,,,,,,,
MIAMI,MIAMI-DADE,,,,PRIVATE SCHOOL,,,,,,,-80.19329516,25.86505992,,,,,,,,,
MIAMI,MIAMI-DADE,,,,PRIVATE SCHOOL,,,,,,,-80.32139714,25.60478128,,,,,,,,,
MIAMI,MIAMI-DADE,,,,PRIVATE SCHOOL,,,,,,,-80.19905870,25.94934472,,,,,,,,,
MIAMI,MIAMI-DADE,,,,PRIVATE SCHOOL,,,,,,,-80.41850976,25.71284994,,,,,,,,,
MIAMI,MIAMI-DADE,,,,PRIVATE SCHOOL,,,,,,,-80.23615254,25.89687605,,,,,,,,,
MIAMI,MIAMI-DADE,,,,PRIVATE SCHOOL,,,,,,,-80.15014916,25.96558192,,,,,,,,,
MIAMI,MIAMI-DADE,,,,PRIVATE SCHOOL,,,,,,,-80.28271133,25.65518252,,,,,,,,,
MIAMI,MIAMI-DADE,,,,PRIVATE SCHOOL,,,,,,,-80.28610381,25.71485123,,,,,,,,,
MIAMI,MIAMI-DADE,,,,PRIVATE SCHOOL,,,,,,,-80.17296094,25.88423526,,,,,,,,,
MIAMI,MIAMI-DADE,,,,PRIVATE SCHOOL,,,,,,,-80.21220060,25.74211108,,,,,,,,,
MIAMI,MIAMI-DADE,,,,PRIVATE SCHOOL,,,,,,,-80.22561131,25.79632450,,,,,,,,,
MIAMI,MIAMI-DADE,,,,PRIVATE SCHOOL,,,,,,,-80.17873909,25.92695347,,,,,,,,,
MIAMI,MIAMI-DADE,,,,PRIVATE SCHOOL,,,,,,,-80.30921796,25.63669450,,,,,,,,,
MIAMI,MIAMI-DADE,,,,PRIVATE SCHOOL,,,,,,,-80.36865582,25.74585478,,,,,,,,,
MIAMI,MIAMI-DADE,,,,PRIVATE SCHOOL,,,,,,,-80.28167600,25.69426750,,,,,,,,,
MIAMI,MIAMI-DADE,,,,PRIVATE SCHOOL,,,,,,,-80.30404092,25.75818537,,,,,,,,,
MIAMI,MIAMI-DADE,,,,PRIVATE SCHOOL,,,,,,,-80.37599320,25.59369769,,,,,,,,,
MIAMI,MIAMI-DADE,,,,PRIVATE SCHOOL,,,,,,,-80.36866558,25.67916064,,,,,,,,,
MIAMI,MIAMI-DADE,,,,PRIVATE SCHOOL,,,,,,,-80.41052072,25.65579786,,,,,,,,,
MIAMI,MIAMI-DADE,,,,PRIVATE SCHOOL,,,,,,,-80.14203785,25.96477425,,,,,,,,,
MIAMI,MIAMI-DADE,,,,PRIVATE SCHOOL,,,,,,,-80.44644677,25.68294287,,,,,,,,,
MIAMI,MIAMI-DADE,,,,PRIVATE SCHOOL,,,,,,,-80.41541239,25.74232841,,,,,,,,,
MIAMI,MIAMI-DADE,,,,PRIVATE SCHOOL,,,,,,,-80.42249085,25.66240155,,,,,,,,,
MIAMI,MIAMI-DADE,,,,PRIVATE SCHOOL,,,,,,,-80.21657922,25.81543492,,,,,,,,,
MIAMI,MIAMI-DADE,,,,PRIVATE SCHOOL,,,,,,,-80.18487631,25.84546046,,,,,,,,,
MIAMI,MIAMI-DADE,,,,PRIVATE SCHOOL,,,,,,,-80.22177614,25.85151353,,,,,,,,,
MIAMI,MIAMI-DADE,,,,PRIVATE SCHOOL,,,,,,,-80.44770279,25.69743039,,,,,,,,,
MIAMI,MIAMI-DADE,,,,PRIVATE SCHOOL,,,,,,,-80.19655604,25.79619669,,,,,,,,,
MIAMI,MIAMI-DADE,,,,PRIVATE SCHOOL,,,,,,,-80.36532500,25.68799443,,,,,,,,,
MIAMI,MIAMI-DADE,,,,PRIVATE SCHOOL,,,,,,,-80.28870112,25.81272626,,,,,,,,,
MIAMI,MIAMI-DADE,,,,PRIVATE SCHOOL,,,,,,,-80.33432931,25.67934419,,,,,,,,,
MIAMI,MIAMI-DADE,,,,PRIVATE SCHOOL,,,,,,,-80.41547644,25.73240881,,,,,,,,,
MIAMI,MIAMI-DADE,,,,PRIVATE SCHOOL,,,,,,,-80.21431894,25.89903772,,,,,,,,,
MIAMI,MIAMI-DADE,,,,PRIVATE SCHOOL,,,,,,,-80.27265486,25.73473533,,,,,,,,,
MIAMI,MIAMI-DADE,,,,PRIVATE SCHOOL,,,,,,,-80.20993955,25.83086915,,,,,,,,,
MIAMI,MIAMI-DADE,,,,PRIVATE SCHOOL,,,,,,,-80.42097629,25.67471106,,,,,,,,,
MIAMI,MIAMI-DADE,,,,PRIVATE SCHOOL,,,,,,,-80.20538995,25.89091006,,,,,,,,,
MIAMI,MIAMI-DADE,,,,PRIVATE SCHOOL,,,,,,,-80.23250860,25.86809536,,,,,,,,,
MIAMI,MIAMI-DADE,,,,PRIVATE SCHOOL,,,,,,,-80.28631119,25.82148575,,,,,,,,,
MIAMI,MIAMI-DADE,,,,PRIVATE SCHOOL,,,,,,,-80.24287685,25.72701910,,,,,,,,,
MIAMI,MIAMI-DADE,,,,PRIVATE SCHOOL,,,,,,,-80.36065143,25.70054917,,,,,,,,,
MIAMI,MIAMI-DADE,,,,PRIVATE SCHOOL,,,,,,,-80.23464071,25.86779913,,,,,,,,,
MIAMI,MIAMI-DADE,,,,PRIVATE SCHOOL,,,,,,,-80.39379110,25.77225100,,,,,,,,,
MIAMI,MIAMI-DADE,,,,PRIVATE SCHOOL,,,,,,,-80.33217325,25.66679272,,,,,,,,,
MIAMI,MIAMI-DADE,,,,PRIVATE SCHOOL,,,,,,,-80.36465675,25.82668498,,,,,,,,,
MIAMI,MIAMI-DADE,,,,PRIVATE SCHOOL,,,,,,,-80.21165669,25.77285938,,,,,,,,,
MIAMI,MIAMI-DADE,,,,PRIVATE SCHOOL,,,,,,,-80.29199400,25.81119932,,,,,,,,,
MIAMI,MIAMI-DADE,,,,PRIVATE SCHOOL,,,,,,,-80.31269045,25.71118432,,,,,,,,,
MIAMI,MIAMI-DADE,,,,PRIVATE SCHOOL,,,,,,,-80.31290249,25.60573904,,,,,,,,,
MIAMI,MIAMI-DADE,,,,PRIVATE SCHOOL,,,,,,,-80.37063100,25.56614856,,,,,,,,,
MIAMI,MIAMI-DADE,,,,PRIVATE SCHOOL,,,,,,,-80.35999585,25.71738676,,,,,,,,,
MIAMI,MIAMI-DADE,,,,PRIVATE SCHOOL,,,,,,,-80.41703746,25.74244947,,,,,,,,,
MIAMI,MIAMI-DADE,,,,PRIVATE SCHOOL,,,,,,,-80.37403159,25.77304391,,,,,,,,,
MIAMI,MIAMI-DADE,,,,PRIVATE SCHOOL,,,,,,,-80.16290770,25.92727717,,,,,,,,,
MIAMI,MIAMI-DADE,,,,PRIVATE SCHOOL,,,,,,,-80.21655216,25.95352327,,,,,,,,,
MIAMI,MIAMI-DADE,,,,PRIVATE SCHOOL,,,,,,,-80.21368275,25.75970300,,,,,,,,,
MIAMI,MIAMI-DADE,,,,PRIVATE SCHOOL,,,,,,,-80.17134618,25.87997633,,,,,,,,,
MIAMI,MIAMI-DADE,,,,PRIVATE SCHOOL,,,,,,,-80.20787852,25.82372544,,,,,,,,,
MIAMI,MIAMI-DADE,,,,PRIVATE SCHOOL,,,,,,,-80.15371739,25.94984997,,,,,,,,,
MIAMI,MIAMI-DADE,,,,PRIVATE SCHOOL,,,,,,,-80.28130329,25.70561631,,,,,,,,,
MIAMI,MIAMI-DADE,,,,PRIVATE SCHOOL,,,,,,,-80.33080942,25.70320020,,,,,,,,,
MIAMI,MIAMI-DADE,,,,PRIVATE SCHOOL,,,,,,,-80.35086511,25.67164995,,,,,,,,,
MIAMI,MIAMI-DADE,,,,PRIVATE SCHOOL,,,,,,,-80.39691221,25.70168630,,,,,,,,,
MIAMI,MIAMI-DADE,,,,PRIVATE SCHOOL,,,,,,,-80.46683604,25.67072068,,,,,,,,,
MIAMI,MIAMI-DADE,,,,PRIVATE SCHOOL,,,,,,,-80.20210251,25.89304756,,,,,,,,,
MIAMI,MIAMI-DADE,,,,PRIVATE SCHOOL,,,,,,,-80.24703698,25.75608857,,,,,,,,,
MIAMI,MIAMI-DADE,,,,PRIVATE SCHOOL,,,,,,,-80.24462399,25.72324078,,,,,,,,,
MIAMI,MIAMI-DADE,,,,PRIVATE SCHOOL,,,,,,,-80.35863142,25.71615149,,,,,,,,,
MIAMI,MIAMI-DADE,,,,PRIVATE SCHOOL,,,,,,,-80.42322095,25.70818835,,,,,,,,,
MIAMI,MIAMI-DADE,,,,PRIVATE SCHOOL,,,,,,,-80.34233354,25.63032173,,,,,,,,,
MIAMI,MIAMI-DADE,,,,PRIVATE SCHOOL,,,,,,,-80.20557495,25.85492819,,,,,,,,,
MIAMI,MIAMI-DADE,,,,PRIVATE SCHOOL,,,,,,,-80.34748764,25.59723649,,,,,,,,,
MIAMI,MIAMI-DADE,,,,PRIVATE SCHOOL,,,,,,,-80.17745328,25.92513971,,,,,,,,,
MIAMI,MIAMI-DADE,,,,PRIVATE SCHOOL,,,,,,,-80.18460826,25.88872667,,,,,,,,,
MIAMI,MIAMI-DADE,,,,PRIVATE SCHOOL,,,,,,,-80.31678618,25.65871042,,,,,,,,,
MIAMI,MIAMI-DADE,,,,PRIVATE SCHOOL,,,,,,,-80.18035203,25.94480493,,,,,,,,,
MIAMI,MIAMI-DADE,,,,PRIVATE SCHOOL,,,,,,,-80.38944970,25.70167782,,,,,,,,,
MIAMI,MIAMI-DADE,,,,PRIVATE SCHOOL,,,,,,,-80.28562901,25.69845928,,,,,,,,,
MIAMI,MIAMI-DADE,,,,PRIVATE SCHOOL,,,,,,,-80.36833077,25.67304114,,,,,,,,,
MIAMI,MIAMI-DADE,,,,PRIVATE SCHOOL,,,,,,,-80.37405972,25.66549808,,,,,,,,,
MIAMI,MIAMI-DADE,,,,PRIVATE SCHOOL,,,,,,,-80.21594553,25.74138367,,,,,,,,,
MIAMI,MIAMI-DADE,,,,PRIVATE SCHOOL,,,,,,,-80.43884359,25.64000724,,,,,,,,,
MIAMI,MIAMI-DADE,,,,PRIVATE SCHOOL,,,,,,,-80.37199013,25.69067706,,,,,,,,,
MIAMI,MIAMI-DADE,,,,PRIVATE SCHOOL,,,,,,,-80.28591320,25.77119348,,,,,,,,,
MIAMI,MIAMI-DADE,,,,PRIVATE SCHOOL,,,,,,,-80.28020228,25.95868691,,,,,,,,,
MIAMI,MIAMI-DADE,,,,PRIVATE SCHOOL,,,,,,,-80.20970792,25.85162379,,,,,,,,,
MIAMI,MIAMI-DADE,,,,PRIVATE SCHOOL,,,,,,,-80.18226039,25.96573317,,,,,,,,,
MIAMI,MIAMI-DADE,,,,PRIVATE SCHOOL,,,,,,,-80.44311347,25.67224935,,,,,,,,,
MIAMI,MIAMI-DADE,,,,PRIVATE SCHOOL,,,,,,,-80.19110991,25.79911089,,,,,,,,,
MIAMI,MIAMI-DADE,,,,PRIVATE SCHOOL,,,,,,,-80.44827126,25.76073804,,,,,,,,,
MIAMI,MIAMI-DADE,,,,PRIVATE SCHOOL,,,,,,,-80.37617434,25.75737124,,,,,,,,,
MIAMI,MIAMI-DADE,,,,PRIVATE SCHOOL,,,,,,,-80.21182987,25.87228562,,,,,,,,,
MIAMI,MIAMI-DADE,,,,PRIVATE SCHOOL,,,,,,,-80.40162788,25.76432399,,,,,,,,,
MIAMI,MIAMI-DADE,,,,PRIVATE SCHOOL,,,,,,,-80.22202925,25.80258853,,,,,,,,,
MIAMI,MIAMI-DADE,,,,PRIVATE SCHOOL,,,,,,,-80.21034928,25.87149164,,,,,,,,,
MIAMI,MIAMI-DADE,,,,PRIVATE SCHOOL,,,,,,,-80.38762042,25.71378002,,,,,,,,,
MIAMI,MIAMI-DADE,,,,PRIVATE SCHOOL,,,,,,,-80.26184641,25.77151670,,,,,,,,,
MIAMI,MIAMI-DADE,,,,PRIVATE SCHOOL,,,,,,,-80.43567707,25.68536345,,,,,,,,,
MIAMI,MIAMI-DADE,,,,PRIVATE SCHOOL,,,,,,,-80.19995606,25.82722751,,,,,,,,,
MIAMI,MIAMI-DADE,,,,PRIVATE SCHOOL,,,,,,,-80.37387614,25.75698465,,,,,,,,,
HIALEAH,MIAMI-DADE,,,,PRIVATE SCHOOL,,,,,,,-80.32054531,25.88312995,,,,,,,,,
HIALEAH,MIAMI-DADE,,,,PRIVATE SCHOOL,,,,,,,-80.30789706,25.87472684,,,,,,,,,
HIALEAH,MIAMI-DADE,,,,PRIVATE SCHOOL,,,,,,,-80.27264879,25.82358549,,,,,,,,,
HIALEAH,MIAMI-DADE,,,,PRIVATE SCHOOL,,,,,,,-80.28577383,25.86366372,,,,,,,,,
HIALEAH,MIAMI-DADE,,,,PRIVATE SCHOOL,,,,,,,-80.28434124,25.87527265,,,,,,,,,
HIALEAH,MIAMI-DADE,,,,PRIVATE SCHOOL,,,,,,,-80.35574314,25.89822464,,,,,,,,,
HIALEAH,MIAMI-DADE,,,,PRIVATE SCHOOL,,,,,,,-80.32850397,25.91510323,,,,,,,,,
HIALEAH,MIAMI-DADE,,,,PRIVATE SCHOOL,,,,,,,-80.28394837,25.82777767,,,,,,,,,
HIALEAH,MIAMI-DADE,,,,PRIVATE SCHOOL,,,,,,,-80.30459892,25.91763336,,,,,,,,,
HIALEAH,MIAMI-DADE,,,,PRIVATE SCHOOL,,,,,,,-80.30603516,25.92607689,,,,,,,,,
HIALEAH,MIAMI-DADE,,,,PRIVATE SCHOOL,,,,,,,-80.28693225,25.88102350,,,,,,,,,
HIALEAH,MIAMI-DADE,,,,PRIVATE SCHOOL,,,,,,,-80.30699986,25.88609328,,,,,,,,,
HIALEAH,MIAMI-DADE,,,,PRIVATE SCHOOL,,,,,,,-80.27277763,25.83364554,,,,,,,,,
HIALEAH,MIAMI-DADE,,,,PRIVATE SCHOOL,,,,,,,-80.29322641,25.89048574,,,,,,,,,
HIALEAH,MIAMI-DADE,,,,PRIVATE SCHOOL,,,,,,,-80.33270459,25.88492893,,,,,,,,,
HIALEAH,MIAMI-DADE,,,,PRIVATE SCHOOL,,,,,,,-80.29049966,25.83138405,,,,,,,,,
HIALEAH,MIAMI-DADE,,,,PRIVATE SCHOOL,,,,,,,-80.29870059,25.88469673,,,,,,,,,
HIALEAH,MIAMI-DADE,,,,PRIVATE SCHOOL,,,,,,,-80.34689639,25.88343681,,,,,,,,,
HIALEAH,MIAMI-DADE,,,,PRIVATE SCHOOL,,,,,,,-80.32410728,25.87606793,,,,,,,,,
HIALEAH,MIAMI-DADE,,,,PRIVATE SCHOOL,,,,,,,-80.30925957,25.88315300,,,,,,,,,
HIALEAH,MIAMI-DADE,,,,PRIVATE SCHOOL,,,,,,,-80.28106265,25.82973553,,,,,,,,,
HIALEAH,MIAMI-DADE,,,,PRIVATE SCHOOL,,,,,,,-80.27523447,25.86746743,,,,,,,,,
HIALEAH,MIAMI-DADE,,,,PRIVATE SCHOOL,,,,,,,-80.33792324,25.94351634,,,,,,,,,
HIALEAH,MIAMI-DADE,,,,PRIVATE SCHOOL,,,,,,,-80.32101862,25.86194756,,,,,,,,,
HIALEAH,MIAMI-DADE,,,,PRIVATE SCHOOL,,,,,,,-80.34782823,25.89231626,,,,,,,,,
HIALEAH,MIAMI-DADE,,,,PRIVATE SCHOOL,,,,,,,-80.31186614,25.88648884,,,,,,,,,
HIALEAH,MIAMI-DADE,,,,PRIVATE SCHOOL,,,,,,,-80.30656591,25.91749887,,,,,,,,,
HIALEAH,MIAMI-DADE,,,,PRIVATE SCHOOL,,,,,,,-80.32676101,25.87866578,,,,,,,,,
HIALEAH,MIAMI-DADE,,,,PRIVATE SCHOOL,,,,,,,-80.30593405,25.84285693,,,,,,,,,
HIALEAH,MIAMI-DADE,,,,PRIVATE SCHOOL,,,,,,,-80.27490840,25.85634253,,,,,,,,,
HIALEAH,MIAMI-DADE,,,,PRIVATE SCHOOL,,,,,,,-80.31973994,25.86591076,,,,,,,,,
HIALEAH,MIAMI-DADE,,,,PRIVATE SCHOOL,,,,,,,-80.27429918,25.83796971,,,,,,,,,
HIALEAH,MIAMI-DADE,,,,PRIVATE SCHOOL,,,,,,,-80.29996061,25.92694886,,,,,,,,,
HIALEAH,MIAMI-DADE,,,,PRIVATE SCHOOL,,,,,,,-80.26424233,25.86579420,,,,,,,,,
HIALEAH,MIAMI-DADE,,,,PRIVATE SCHOOL,,,,,,,-80.27425905,25.83119857,,,,,,,,,
HIALEAH,MIAMI-DADE,,,,PRIVATE SCHOOL,,,,,,,-80.27165649,25.82608615,,,,,,,,,
HIALEAH,MIAMI-DADE,,,,PRIVATE SCHOOL,,,,,,,-80.28235463,25.87297871,,,,,,,,,
HIALEAH,MIAMI-DADE,,,,PRIVATE SCHOOL,,,,,,,-80.33518148,25.86891721,,,,,,,,,
HIALEAH,MIAMI-DADE,,,,PRIVATE SCHOOL,,,,,,,-80.28341859,25.83142404,,,,,,,,,
HIALEAH,MIAMI-DADE,,,,PRIVATE SCHOOL,,,,,,,-80.33918076,25.89673090,,,,,,,,,
HIALEAH,MIAMI-DADE,,,,PRIVATE SCHOOL,,,,,,,-80.30179745,25.86625928,,,,,,,,,
KEY BISCAYNE,MIAMI-DADE,,,,PRIVATE SCHOOL,,,,,,,-80.16523197,25.69978574,,,,,,,,,
KEY BISCAYNE,MIAMI-DADE,,,,PRIVATE SCHOOL,,,,,,,-80.16704165,25.69952096,,,,,,,,,
OPA LOCKA,MIAMI-DADE,,,,PRIVATE SCHOOL,,,,,,,-80.25595663,25.94658410,,,,,,,,,
OPA LOCKA,MIAMI-DADE,,,,PRIVATE SCHOOL,,,,,,,-80.28070951,25.93878312,,,,,,,,,
OPA LOCKA,MIAMI-DADE,,,,PRIVATE SCHOOL,,,,,,,-80.25071156,25.90417672,,,,,,,,,
OPA LOCKA,MIAMI-DADE,,,,PRIVATE SCHOOL,,,,,,,-80.24644186,25.92526374,,,,,,,,,
OPA LOCKA,MIAMI-DADE,,,,PRIVATE SCHOOL,,,,,,,-80.23763224,25.93999905,,,,,,,,,
OPA LOCKA,MIAMI-DADE,,,,PRIVATE SCHOOL,,,,,,,-80.24443023,25.91071091,,,,,,,,,
OPA LOCKA,MIAMI-DADE,,,,PRIVATE SCHOOL,,,,,,,-80.23587362,25.89901369,,,,,,,,,
OPA LOCKA,MIAMI-DADE,,,,PRIVATE SCHOOL,,,,,,,-80.26336118,25.96965447,,,,,,,,,
OPA LOCKA,MIAMI-DADE,,,,PRIVATE SCHOOL,,,,,,,-80.25353940,25.91660053,,,,,,,,,
OPA LOCKA,MIAMI-DADE,,,,PRIVATE SCHOOL,,,,,,,-80.25987193,25.94621398,,,,,,,,,
OPA LOCKA,MIAMI-DADE,,,,PRIVATE SCHOOL,,,,,,,-80.25444735,25.89566444,,,,,,,,,
OPA LOCKA,MIAMI-DADE,,,,PRIVATE SCHOOL,,,,,,,-80.24529267,25.93258694,,,,,,,,,
OPA LOCKA,MIAMI-DADE,,,,PRIVATE SCHOOL,,,,,,,-80.23830309,25.92848148,,,,,,,,,
OPA LOCKA,MIAMI-DADE,,,,PRIVATE SCHOOL,,,,,,,-80.25838516,25.91681452,,,,,,,,,
NORTH MIAMI BEACH,MIAMI-DADE,,,,PRIVATE SCHOOL,,,,,,,-80.15617516,25.94896859,,,,,,,,,
NORTH MIAMI BEACH,MIAMI-DADE,,,,PRIVATE SCHOOL,,,,,,,-80.14480592,25.94576172,,,,,,,,,
NORTH MIAMI BEACH,MIAMI-DADE,,,,PRIVATE SCHOOL,,,,,,,-80.15205158,25.95136142,,,,,,,,,
NORTH MIAMI BEACH,MIAMI-DADE,,,,PRIVATE SCHOOL,,,,,,,-80.16876771,25.92692027,,,,,,,,,
NORTH MIAMI BEACH,MIAMI-DADE,,,,PRIVATE SCHOOL,,,,,,,-80.15265276,25.95091224,,,,,,,,,
MIAMI BEACH,MIAMI-DADE,,,,PRIVATE SCHOOL,,,,,,,-80.12356637,25.87149212,,,,,,,,,
MIAMI BEACH,MIAMI-DADE,,,,PRIVATE SCHOOL,,,,,,,-80.14134640,25.78243125,,,,,,,,,
MIAMI BEACH,MIAMI-DADE,,,,PRIVATE SCHOOL,,,,,,,-80.12349995,25.85648374,,,,,,,,,
MIAMI BEACH,MIAMI-DADE,,,,PRIVATE SCHOOL,,,,,,,-80.12510208,25.86424478,,,,,,,,,
MIAMI BEACH,MIAMI-DADE,,,,PRIVATE SCHOOL,,,,,,,-80.12996069,25.80260967,,,,,,,,,
MIAMI BEACH,MIAMI-DADE,,,,PRIVATE SCHOOL,,,,,,,-80.12605231,25.86222521,,,,,,,,,
MIAMI BEACH,MIAMI-DADE,,,,PRIVATE SCHOOL,,,,,,,-80.13444859,25.81174642,,,,,,,,,
MIAMI BEACH,MIAMI-DADE,,,,PRIVATE SCHOOL,,,,,,,-80.13034738,25.80068543,,,,,,,,,
MIAMI BEACH,MIAMI-DADE,,,,PRIVATE SCHOOL,,,,,,,-80.13806515,25.79230839,,,,,,,,,
MIAMI BEACH,MIAMI-DADE,,,,PRIVATE SCHOOL,,,,,,,-80.14006120,25.79560485,,,,,,,,,
MIAMI SPRINGS,MIAMI-DADE,,,,PRIVATE SCHOOL,,,,,,,-80.28314220,25.82364200,,,,,,,,,
FLORIDA CITY,MIAMI-DADE,,,,PRIVATE SCHOOL,,,,,,,-80.48504291,25.44696576,,,,,,,,,
MIAMI GARDENS,MIAMI-DADE,,,,PRIVATE SCHOOL,,,,,,,-80.23142818,25.94106895,,,,,,,,,
MIAMI GARDENS,MIAMI-DADE,,,,PRIVATE SCHOOL,,,,,,,-80.20540315,25.96187101,,,,,,,,,
MIAMI GARDENS,MIAMI-DADE,,,,PRIVATE SCHOOL,,,,,,,-80.20721507,25.95814104,,,,,,,,,
MIAMI GARDENS,MIAMI-DADE,,,,PRIVATE SCHOOL,,,,,,,-80.21848874,25.92102672,,,,,,,,,
MIAMI GARDENS,MIAMI-DADE,,,,PRIVATE SCHOOL,,,,,,,-80.21132469,25.93279387,,,,,,,,,
MIAMI GARDENS,MIAMI-DADE,,,,PRIVATE SCHOOL,,,,,,,-80.25634096,25.91756747,,,,,,,,,
NORTH MIAMI,MIAMI-DADE,,,,PRIVATE SCHOOL,,,,,,,-80.18535300,25.89861277,,,,,,,,,
DORAL,MIAMI-DADE,,,,PRIVATE SCHOOL,,,,,,,-80.32869642,25.80916363,,,,,,,,,
DORAL,MIAMI-DADE,,,,PRIVATE SCHOOL,,,,,,,-80.36588687,25.81277294,,,,,,,,,
DORAL,MIAMI-DADE,,,,PRIVATE SCHOOL,,,,,,,-80.37957525,25.81097728,,,,,,,,,
Miami,MIAMI-DADE,,,,PRIVATE SCHOOL,,,,,,,-80.40580690,25.49898454,,,,,,,,,
PINECREST,MIAMI-DADE,,,,PRIVATE SCHOOL,,,,,,,-80.29988481,25.68998456,,,,,,,,,
CUTLER BAY,MIAMI-DADE,,,,PRIVATE SCHOOL,,,,,,,-80.31974897,25.59449338,,,,,,,,,
Doral,MIAMI-DADE,,,,PRIVATE SCHOOL,,,,,,,-80.35347756,25.79626684,,,,,,,,,
MIAmi,MIAMI-DADE,,,,PRIVATE SCHOOL,,,,,,,-80.48783173,25.44732646,,,,,,,,,
OPA-LOCKA,MIAMI-DADE,,,,PRIVATE SCHOOL,,,,,,,-80.24265502,25.90003652,,,,,,,,,
SOUTH MIAMI,MIAMI-DADE,,,,PRIVATE SCHOOL,,,,,,,-80.29718928,25.70370937,,,,,,,,,
MIAMI LAKES,MIAMI-DADE,,,,PRIVATE SCHOOL,,,,,,,-80.29849754,25.91208114,,,,,,,,,
EVERGLADES,MIAMI-DADE,,,,PRIVATE SCHOOL,,,,,,,-80.79708690,25.76001051,,,,,,,,,
KEY LARGO,MONROE,,,,PRIVATE SCHOOL,,,,,,,-80.29207294,25.29740242,,,,,,,,,
ISLAMORADA,MONROE,,,,PRIVATE SCHOOL,,,,,,,-80.61521103,24.93677125,,,,,,,,,
KEY WEST,MONROE,,,,PRIVATE SCHOOL,,,,,,,-81.79662146,24.55224174,,,,,,,,,
HILLIARD,NASSAU,,,,PRIVATE SCHOOL,,,,,,,-81.93246064,30.68623591,,,,,,,,,
FERNANDINA BEACH,NASSAU,,,,PRIVATE SCHOOL,,,,,,,-81.46367781,30.67153028,,,,,,,,,
FERNANDINA BEACH,NASSAU,,,,PRIVATE SCHOOL,,,,,,,-81.46013123,30.67455472,,,,,,,,,
CRESTVIEW,OKALOOSA,,,,PRIVATE SCHOOL,,,,,,,-86.56590574,30.74392255,,,,,,,,,
Niceville,OKALOOSA,,,,PRIVATE SCHOOL,,,,,,,-86.39625500,30.45517800,,,,,,,,,
FORT WALTON BEACH,OKALOOSA,,,,PRIVATE SCHOOL,,,,,,,-86.61881066,30.40731030,,,,,,,,,
OKEECHOBEE,OKEECHOBEE,,,,PRIVATE SCHOOL,,,,,,,-80.83586385,27.21929191,,,,,,,,,
ORLANDO,ORANGE,,,,PRIVATE SCHOOL,,,,,,,-81.50681149,28.54961197,,,,,,,,,
ORLANDO,ORANGE,,,,PRIVATE SCHOOL,,,,,,,-81.42905593,28.56949897,,,,,,,,,
ORLANDO,ORANGE,,,,PRIVATE SCHOOL,,,,,,,-81.50780159,28.48581647,,,,,,,,,
ORLANDO,ORANGE,,,,PRIVATE SCHOOL,,,,,,,-81.31143189,28.56360246,,,,,,,,,
ORLANDO,ORANGE,,,,PRIVATE SCHOOL,,,,,,,-81.46695984,28.59545637,,,,,,,,,
ORLANDO,ORANGE,,,,PRIVATE SCHOOL,,,,,,,-81.37645753,28.53995182,,,,,,,,,
ORLANDO,ORANGE,,,,PRIVATE SCHOOL,,,,,,,-81.35003809,28.57084975,,,,,,,,,
ORLANDO,ORANGE,,,,PRIVATE SCHOOL,,,,,,,-81.39142655,28.58826303,,,,,,,,,
ORLANDO,ORANGE,,,,PRIVATE SCHOOL,,,,,,,-81.30718422,28.48257131,,,,,,,,,
ORLANDO,ORANGE,,,,PRIVATE SCHOOL,,,,,,,-81.37104612,28.54691427,,,,,,,,,
ORLANDO,ORANGE,,,,PRIVATE SCHOOL,,,,,,,-81.49890416,28.54045369,,,,,,,,,
ORLANDO,ORANGE,,,,PRIVATE SCHOOL,,,,,,,-81.42307343,28.61507153,,,,,,,,,
ORLANDO,ORANGE,,,,PRIVATE SCHOOL,,,,,,,-81.37284981,28.48418578,,,,,,,,,
ORLANDO,ORANGE,,,,PRIVATE SCHOOL,,,,,,,-81.45127927,28.61176425,,,,,,,,,
ORLANDO,ORANGE,,,,PRIVATE SCHOOL,,,,,,,-81.42390854,28.43876454,,,,,,,,,
WINTER PARK,ORANGE,,,,PRIVATE SCHOOL,,,,,,,-81.36897458,28.58926595,,,,,,,,,
WINTER PARK,ORANGE,,,,PRIVATE SCHOOL,,,,,,,-81.35338461,28.60719378,,,,,,,,,
WINTER PARK,ORANGE,,,,PRIVATE SCHOOL,,,,,,,-81.33041077,28.62410793,,,,,,,,,
ORLANDO ,ORANGE,,,,PRIVATE SCHOOL,,,,,,,-81.40765309,28.50639887,,,,,,,,,
ORLANDO ,ORANGE,,,,PRIVATE SCHOOL,,,,,,,-81.50004912,28.58815289,,,,,,,,,
ORLANDO ,ORANGE,,,,PRIVATE SCHOOL,,,,,,,-81.28341231,28.55762729,,,,,,,,,
ORLANDO ,ORANGE,,,,PRIVATE SCHOOL,,,,,,,-81.41766202,28.53056774,,,,,,,,,
ORLANDO ,ORANGE,,,,PRIVATE SCHOOL,,,,,,,-81.40120662,28.46315700,,,,,,,,,
ORLANDO ,ORANGE,,,,PRIVATE SCHOOL,,,,,,,-81.37198325,28.55802038,,,,,,,,,
ORLANDO ,ORANGE,,,,PRIVATE SCHOOL,,,,,,,-81.30694358,28.55913618,,,,,,,,,
ORLANDO ,ORANGE,,,,PRIVATE SCHOOL,,,,,,,-81.34340583,28.54448677,,,,,,,,,
ORLANDO ,ORANGE,,,,PRIVATE SCHOOL,,,,,,,-81.46079381,28.49247879,,,,,,,,,
WINTER PARK ,ORANGE,,,,PRIVATE SCHOOL,,,,,,,-81.37196577,28.58926270,,,,,,,,,
WINTER PARK ,ORANGE,,,,PRIVATE SCHOOL,,,,,,,-81.36394540,28.59857201,,,,,,,,,
WINTER PARK ,ORANGE,,,,PRIVATE SCHOOL,,,,,,,-81.36801932,28.59286294,,,,,,,,,
WINTER PARK ,ORANGE,,,,PRIVATE SCHOOL,,,,,,,-81.32534865,28.60122215,,,,,,,,,
APOPKA,ORANGE,,,,PRIVATE SCHOOL,,,,,,,-81.46889072,28.70805097,,,,,,,,,
GOTHA,ORANGE,,,,PRIVATE SCHOOL,,,,,,,-81.51889374,28.54816918,,,,,,,,,
WINDERMERE,ORANGE,,,,PRIVATE SCHOOL,,,,,,,-81.56812243,28.47678844,,,,,,,,,
MAITLAND,ORANGE,,,,PRIVATE SCHOOL,,,,,,,-81.36475073,28.62293732,,,,,,,,,
MAITLAND,ORANGE,,,,PRIVATE SCHOOL,,,,,,,-81.36507279,28.61572618,,,,,,,,,
KISSIMMEE ,OSCEOLA,,,,PRIVATE SCHOOL,,,,,,,-81.39077283,28.32707307,,,,,,,,,
KISSIMMEE ,OSCEOLA,,,,PRIVATE SCHOOL,,,,,,,-81.40804671,28.29880568,,,,,,,,,
KISSIMMEE ,OSCEOLA,,,,PRIVATE SCHOOL,,,,,,,-81.53956025,28.31942431,,,,,,,,,
KISSIMMEE,OSCEOLA,,,,PRIVATE SCHOOL,,,,,,,-81.34417741,28.30324047,,,,,,,,,
KISSIMMEE,OSCEOLA,,,,PRIVATE SCHOOL,,,,,,,-81.42485179,28.30514874,,,,,,,,,
KISSIMMEE,OSCEOLA,,,,PRIVATE SCHOOL,,,,,,,-81.42311994,28.30711389,,,,,,,,,
SAINT CLOUD,OSCEOLA,,,,PRIVATE SCHOOL,,,,,,,-81.29253535,28.23312928,,,,,,,,,
SAINT CLOUD,OSCEOLA,,,,PRIVATE SCHOOL,,,,,,,-81.26861134,28.24475217,,,,,,,,,
SAINT CLOUD,OSCEOLA,,,,PRIVATE SCHOOL,,,,,,,-81.31028308,28.25016113,,,,,,,,,
BOCA RATON,PALM BEACH,,,,PRIVATE SCHOOL,,,,,,,-80.16748410,26.34612371,,,,,,,,,
BOCA RATON,PALM BEACH,,,,PRIVATE SCHOOL,,,,,,,-80.11697385,26.34459117,,,,,,,,,
BOCA RATON,PALM BEACH,,,,PRIVATE SCHOOL,,,,,,,-80.13555658,26.39311971,,,,,,,,,
BOCA RATON,PALM BEACH,,,,PRIVATE SCHOOL,,,,,,,-80.19739614,26.35865083,,,,,,,,,
BOCA RATON,PALM BEACH,,,,PRIVATE SCHOOL,,,,,,,-80.20066368,26.33436132,,,,,,,,,
LOXAHATCHEE ,PALM BEACH,,,,PRIVATE SCHOOL,,,,,,,-80.25905405,26.68480843,,,,,,,,,
LAKE WORTH ,PALM BEACH,,,,PRIVATE SCHOOL,,,,,,,-80.09121966,26.58441491,,,,,,,,,
BOCA RATON ,PALM BEACH,,,,PRIVATE SCHOOL,,,,,,,-80.08404618,26.37116962,,,,,,,,,
BOCA RATON ,PALM BEACH,,,,PRIVATE SCHOOL,,,,,,,-80.08955901,26.38518955,,,,,,,,,
BOCA RATON ,PALM BEACH,,,,PRIVATE SCHOOL,,,,,,,-80.12858066,26.38158986,,,,,,,,,
BOCA RATON ,PALM BEACH,,,,PRIVATE SCHOOL,,,,,,,-80.12429238,26.38793163,,,,,,,,,
WEST PALM BEACH,PALM BEACH,,,,PRIVATE SCHOOL,,,,,,,-80.09377800,26.71059136,,,,,,,,,
WEST PALM BEACH,PALM BEACH,,,,PRIVATE SCHOOL,,,,,,,-80.18200123,26.69405794,,,,,,,,,
GULFSTREAM,PALM BEACH,,,,PRIVATE SCHOOL,,,,,,,-80.05422582,26.49826980,,,,,,,,,
WEST PALM BEACH ,PALM BEACH,,,,PRIVATE SCHOOL,,,,,,,-80.07375438,26.80381264,,,,,,,,,
WEST PALM BEACH ,PALM BEACH,,,,PRIVATE SCHOOL,,,,,,,-80.19020123,26.69021432,,,,,,,,,
WEST PALM BEACH ,PALM BEACH,,,,PRIVATE SCHOOL,,,,,,,-80.11209067,26.72559329,,,,,,,,,
JUPITER ,PALM BEACH,,,,PRIVATE SCHOOL,,,,,,,-80.12618867,26.91280279,,,,,,,,,
JUPITER ,PALM BEACH,,,,PRIVATE SCHOOL,,,,,,,-80.09942167,26.96980071,,,,,,,,,
PALM BEACH GARDENS,PALM BEACH,,,,PRIVATE SCHOOL,,,,,,,-80.07419377,26.85507780,,,,,,,,,
BELLE GLADE,PALM BEACH,,,,PRIVATE SCHOOL,,,,,,,-80.66301336,26.69572702,,,,,,,,,
NORTH PALM BEACH ,PALM BEACH,,,,PRIVATE SCHOOL,,,,,,,-80.05394253,26.80566996,,,,,,,,,
LAKE PARK ,PALM BEACH,,,,PRIVATE SCHOOL,,,,,,,-80.06269434,26.79876780,,,,,,,,,
SPRING HILL ,PASCO,,,,PRIVATE SCHOOL,,,,,,,-82.56449276,28.35649995,,,,,,,,,
NEW PORT RICHEY ,PASCO,,,,PRIVATE SCHOOL,,,,,,,-82.68108073,28.26932247,,,,,,,,,
PORT RICHEY,PASCO,,,,PRIVATE SCHOOL,,,,,,,-82.69916664,28.29545051,,,,,,,,,
PORT RICHEY,PASCO,,,,PRIVATE SCHOOL,,,,,,,-82.67617775,28.29507563,,,,,,,,,
CLEARWATER,PINELLAS,,,,PRIVATE SCHOOL,,,,,,,-82.71016086,27.96691706,,,,,,,,,
CLEARWATER,PINELLAS,,,,PRIVATE SCHOOL,,,,,,,,,,,,,,,,,
CLEARWATER,PINELLAS,,,,PRIVATE SCHOOL,,,,,,,-82.80313696,27.95799561,,,,,,,,,
CLEARWATER,PINELLAS,,,,PRIVATE SCHOOL,,,,,,,-82.78077846,27.96159755,,,,,,,,,
CLEARWATER,PINELLAS,,,,PRIVATE SCHOOL,,,,,,,-82.72396280,27.92924396,,,,,,,,,
CLEARWATER,PINELLAS,,,,PRIVATE SCHOOL,,,,,,,-82.75735549,27.93245440,,,,,,,,,
CLEARWATER,PINELLAS,,,,PRIVATE SCHOOL,,,,,,,-82.77464938,27.93261321,,,,,,,,,
SAINT PETERSBURG,PINELLAS,,,,PRIVATE SCHOOL,,,,,,,-82.72141898,27.78194926,,,,,,,,,
SAINT PETERSBURG,PINELLAS,,,,PRIVATE SCHOOL,,,,,,,-82.68235345,27.75162067,,,,,,,,,
SAINT PETERSBURG,PINELLAS,,,,PRIVATE SCHOOL,,,,,,,-82.66478796,27.74903268,,,,,,,,,
SAINT PETERSBURG,PINELLAS,,,,PRIVATE SCHOOL,,,,,,,-82.74797403,27.79164303,,,,,,,,,
SAINT PETERSBURG,PINELLAS,,,,PRIVATE SCHOOL,,,,,,,-82.65068071,27.87482146,,,,,,,,,
PINELLAS PARK ,PINELLAS,,,,PRIVATE SCHOOL,,,,,,,-82.70130018,27.84382069,,,,,,,,,
ST PETERSBURG,PINELLAS,,,,PRIVATE SCHOOL,,,,,,,,,,,,,,,,,
LARGO,PINELLAS,,,,PRIVATE SCHOOL,,,,,,,-82.79138958,27.87193936,,,,,,,,,
ST. PETERSBURG,PINELLAS,,,,PRIVATE SCHOOL,,,,,,,-82.66201113,27.82794062,,,,,,,,,
ST. PETERSBURG,PINELLAS,,,,PRIVATE SCHOOL,,,,,,,-82.64684778,27.71432634,,,,,,,,,
ST. PETERSBURG,PINELLAS,,,,PRIVATE SCHOOL,,,,,,,-82.77922559,27.82221744,,,,,,,,,
ST. PETERSBURG,PINELLAS,,,,PRIVATE SCHOOL,,,,,,,-82.63162752,27.81934217,,,,,,,,,
PINELLAS PARK,PINELLAS,,,,PRIVATE SCHOOL,,,,,,,-82.69479228,27.83525257,,,,,,,,,
PINELLAS PARK,PINELLAS,,,,PRIVATE SCHOOL,,,,,,,-82.70832114,27.83960808,,,,,,,,,
PINELLAS PARK,PINELLAS,,,,PRIVATE SCHOOL,,,,,,,-82.74497125,27.83056240,,,,,,,,,
GULFPORT,PINELLAS,,,,PRIVATE SCHOOL,,,,,,,,,,,,,,,,,
CLEARWATER ,PINELLAS,,,,PRIVATE SCHOOL,,,,,,,-82.72134167,27.89485753,,,,,,,,,
LARGO ,PINELLAS,,,,PRIVATE SCHOOL,,,,,,,-82.80950589,27.86756081,,,,,,,,,
LARGO ,PINELLAS,,,,PRIVATE SCHOOL,,,,,,,-82.81419098,27.88322025,,,,,,,,,
PALM HARBOR,PINELLAS,,,,PRIVATE SCHOOL,,,,,,,-82.74893966,28.08186591,,,,,,,,,
PALM HARBOR,PINELLAS,,,,PRIVATE SCHOOL,,,,,,,,,,,,,,,,,
TARPON SPRINGS,PINELLAS,,,,PRIVATE SCHOOL,,,,,,,,,,,,,,,,,
TARPON SPRINGS,PINELLAS,,,,PRIVATE SCHOOL,,,,,,,-82.69496257,28.15497132,,,,,,,,,
SEMINOLE,PINELLAS,,,,PRIVATE SCHOOL,,,,,,,-82.82459150,27.84295702,,,,,,,,,
SAINT PETERSBURG ,PINELLAS,,,,PRIVATE SCHOOL,,,,,,,-82.74498255,27.77847365,,,,,,,,,
SAINT PETERSBURG ,PINELLAS,,,,PRIVATE SCHOOL,,,,,,,-82.62098663,27.82562097,,,,,,,,,
ST. PETE BEACH,PINELLAS,,,,PRIVATE SCHOOL,,,,,,,-82.75480084,27.74818320,,,,,,,,,
DUNEDIN ,PINELLAS,,,,PRIVATE SCHOOL,,,,,,,-82.79128334,28.00622897,,,,,,,,,
WINTER HAVEN ,POLK,,,,PRIVATE SCHOOL,,,,,,,-81.80079315,28.01169074,,,,,,,,,
LAKELAND,POLK,,,,PRIVATE SCHOOL,,,,,,,-81.95839631,28.04257218,,,,,,,,,
LAKELAND,POLK,,,,PRIVATE SCHOOL,,,,,,,-81.90145303,28.05954326,,,,,,,,,
LAKELAND,POLK,,,,PRIVATE SCHOOL,,,,,,,-81.89913759,28.04876637,,,,,,,,,
LAKELAND,POLK,,,,PRIVATE SCHOOL,,,,,,,-81.97289172,28.02468783,,,,,,,,,
WINTER HAVEN,POLK,,,,PRIVATE SCHOOL,,,,,,,-81.69292047,28.03996893,,,,,,,,,
HAINES CITY ,POLK,,,,PRIVATE SCHOOL,,,,,,,-81.62530387,28.11052135,,,,,,,,,
FORT MEADE,POLK,,,,PRIVATE SCHOOL,,,,,,,-81.78647092,27.75809679,,,,,,,,,
LAKE WALES,POLK,,,,PRIVATE SCHOOL,,,,,,,-81.61159023,27.93263692,,,,,,,,,
MULBERRY,POLK,,,,PRIVATE SCHOOL,,,,,,,-81.98310185,27.79236672,,,,,,,,,
EAST PALATKA,PUTNAM,,,,PRIVATE SCHOOL,,,,,,,-81.56707291,29.69659616,,,,,,,,,
PALATKA,PUTNAM,,,,PRIVATE SCHOOL,,,,,,,-81.66159463,29.64848224,,,,,,,,,
PALATKA,PUTNAM,,,,PRIVATE SCHOOL,,,,,,,-81.64252243,29.65372306,,,,,,,,,
PALATKA,PUTNAM,,,,PRIVATE SCHOOL,,,,,,,-81.71839962,29.61950091,,,,,,,,,
CRESCENT CITY,PUTNAM,,,,PRIVATE SCHOOL,,,,,,,-81.57082482,29.42676088,,,,,,,,,
INTERLACHEN,PUTNAM,,,,PRIVATE SCHOOL,,,,,,,-81.88564754,29.59923968,,,,,,,,,
ST AUGUSTINE,ST. JOHNS,,,,PRIVATE SCHOOL,,,,,,,-81.27111059,29.82173157,,,,,,,,,
ST AUGUSTINE,ST. JOHNS,,,,PRIVATE SCHOOL,,,,,,,-81.32611061,29.85947821,,,,,,,,,
JACKSONVILLE,ST. JOHNS,,,,PRIVATE SCHOOL,,,,,,,-81.65233777,30.07163511,,,,,,,,,
JACKSONVILLE,ST. JOHNS,,,,PRIVATE SCHOOL,,,,,,,-81.65690307,30.06660500,,,,,,,,,
JACKSONVILLE,ST. JOHNS,,,,PRIVATE SCHOOL,,,,,,,-81.63643065,30.08520455,,,,,,,,,
JACKSONVILLE,ST. JOHNS,,,,PRIVATE SCHOOL,,,,,,,-81.50741951,30.06318657,,,,,,,,,
JACKSONVILLE,ST. JOHNS,,,,PRIVATE SCHOOL,,,,,,,-81.62720988,30.11805099,,,,,,,,,
SAINT AUGUSTINE,ST. JOHNS,,,,PRIVATE SCHOOL,,,,,,,-81.33047289,29.88087151,,,,,,,,,
SAINT AUGUSTINE,ST. JOHNS,,,,PRIVATE SCHOOL,,,,,,,-81.34891930,29.91588882,,,,,,,,,
SAINT AUGUSTINE,ST. JOHNS,,,,PRIVATE SCHOOL,,,,,,,-81.29877465,29.89115719,,,,,,,,,
SAINT AUGUSTINE,ST. JOHNS,,,,PRIVATE SCHOOL,,,,,,,-81.32440112,29.87500841,,,,,,,,,
SAINT AUGUSTINE,ST. JOHNS,,,,PRIVATE SCHOOL,,,,,,,-81.31129683,29.88874615,,,,,,,,,
SAINT AUGUSTINE,ST. JOHNS,,,,PRIVATE SCHOOL,,,,,,,-81.33785396,29.91570288,,,,,,,,,
SAINT AUGUSTINE,ST. JOHNS,,,,PRIVATE SCHOOL,,,,,,,-81.31491849,29.88692862,,,,,,,,,
SAINT AUGUSTINE,ST. JOHNS,,,,PRIVATE SCHOOL,,,,,,,-81.35706256,29.83063385,,,,,,,,,
SAINT AUGUSTINE,ST. JOHNS,,,,PRIVATE SCHOOL,,,,,,,-81.34967362,29.84630723,,,,,,,,,
SAINT AUGUSTINE,ST. JOHNS,,,,PRIVATE SCHOOL,,,,,,,-81.32487744,29.87614908,,,,,,,,,
PONTE VEDRA BEACH,ST. JOHNS,,,,PRIVATE SCHOOL,,,,,,,-81.39717184,30.17650381,,,,,,,,,
PONTE VEDRA BEACH,ST. JOHNS,,,,PRIVATE SCHOOL,,,,,,,-81.38368269,30.19551948,,,,,,,,,
ST JOHNS,ST. JOHNS,,,,PRIVATE SCHOOL,,,,,,,-81.60576158,30.11423904,,,,,,,,,
 ,ST. LUCIE,,,,PRIVATE SCHOOL,,,,,,,-80.35884286,27.44546108,,,,,,,,,
 ,ST. LUCIE,,,,PRIVATE SCHOOL,,,,,,,-80.33508762,27.39339819,,,,,,,,,
 ,ST. LUCIE,,,,PRIVATE SCHOOL,,,,,,,-80.36081402,27.44475380,,,,,,,,,
FORT PIERCE,ST. LUCIE,,,,PRIVATE SCHOOL,,,,,,,-80.33344401,27.40620789,,,,,,,,,
FORT PIERCE,ST. LUCIE,,,,PRIVATE SCHOOL,,,,,,,-80.41164267,27.44857235,,,,,,,,,
PORT ST. LUCIE\t,ST. LUCIE,,,,PRIVATE SCHOOL,,,,,,,-80.41143204,27.30936133,,,,,,,,,
Fort Pierce,ST. LUCIE,,,,PRIVATE SCHOOL,,,,,,,-80.36186697,27.53904550,,,,,,,,,
Fort Pierce,ST. LUCIE,,,,PRIVATE SCHOOL,,,,,,,-80.33348316,27.41164609,,,,,,,,,
FT PIERCE,ST. LUCIE,,,,PRIVATE SCHOOL,,,,,,,-80.35965908,27.53414297,,,,,,,,,
Port St. Lucie,ST. LUCIE,,,,PRIVATE SCHOOL,,,,,,,-80.42465624,27.33826266,,,,,,,,,
Port St. Lucie,ST. LUCIE,,,,PRIVATE SCHOOL,,,,,,,-80.37302501,27.31447833,,,,,,,,,
MILTON,SANTA ROSA,,,,PRIVATE SCHOOL,,,,,,,-87.05841780,30.64192487,,,,,,,,,
JAY,SANTA ROSA,,,,PRIVATE SCHOOL,,,,,,,-87.16690646,30.91191746,,,,,,,,,
 ,SARASOTA,,,,PRIVATE SCHOOL,,,,,,,-82.41273609,27.03685182,,,,,,,,,
 ,SARASOTA,,,,PRIVATE SCHOOL,,,,,,,-82.21030782,27.06986780,,,,,,,,,
 ,SARASOTA,,,,PRIVATE SCHOOL,,,,,,,-82.53465083,27.26909032,,,,,,,,,
 ,SARASOTA,,,,PRIVATE SCHOOL,,,,,,,-82.42884609,27.07862684,,,,,,,,,
 ,SARASOTA,,,,PRIVATE SCHOOL,,,,,,,-82.34001912,26.95434581,,,,,,,,,
SARASOTA,SARASOTA,,,,PRIVATE SCHOOL,,,,,,,-82.51328291,27.33456351,,,,,,,,,
SARASOTA,SARASOTA,,,,PRIVATE SCHOOL,,,,,,,-82.50621135,27.36738707,,,,,,,,,
SARASOTA,SARASOTA,,,,PRIVATE SCHOOL,,,,,,,-82.54055313,27.35999717,,,,,,,,,
SARASOTA,SARASOTA,,,,PRIVATE SCHOOL,,,,,,,-82.52877523,27.26283433,,,,,,,,,
SARASOTA,SARASOTA,,,,PRIVATE SCHOOL,,,,,,,-82.48663952,27.33897195,,,,,,,,,
SARASOTA,SARASOTA,,,,PRIVATE SCHOOL,,,,,,,-82.53004826,27.32422346,,,,,,,,,
SARASOTA,SARASOTA,,,,PRIVATE SCHOOL,,,,,,,-82.48209000,27.33504796,,,,,,,,,
SARASOTA,SARASOTA,,,,PRIVATE SCHOOL,,,,,,,-82.46099090,27.27995731,,,,,,,,,
SARASOTA,SARASOTA,,,,PRIVATE SCHOOL,,,,,,,-82.46122912,27.32374655,,,,,,,,,
SARASOTA,SARASOTA,,,,PRIVATE SCHOOL,,,,,,,-82.35307747,27.25092972,,,,,,,,,
SARASOTA,SARASOTA,,,,PRIVATE SCHOOL,,,,,,,-82.51230989,27.30003810,,,,,,,,,
SARASOTA,SARASOTA,,,,PRIVATE SCHOOL,,,,,,,-82.51545191,27.32466735,,,,,,,,,
SARASOTA,SARASOTA,,,,PRIVATE SCHOOL,,,,,,,-82.46570529,27.27736425,,,,,,,,,
SARASOTA,SARASOTA,,,,PRIVATE SCHOOL,,,,,,,-82.41873559,27.38255582,,,,,,,,,
SARASOTA,SARASOTA,,,,PRIVATE SCHOOL,,,,,,,-82.56041213,27.28624520,,,,,,,,,
VENICE,SARASOTA,,,,PRIVATE SCHOOL,,,,,,,-82.37783778,27.07856578,,,,,,,,,
VENICE,SARASOTA,,,,PRIVATE SCHOOL,,,,,,,-82.44876035,27.10211653,,,,,,,,,
ENGLEWOOD,SARASOTA,,,,PRIVATE SCHOOL,,,,,,,-82.33594067,26.95908689,,,,,,,,,
WINTER PARK,SEMINOLE,,,,PRIVATE SCHOOL,,,,,,,-81.29862079,28.62292958,,,,,,,,,
WINTER PARK,SEMINOLE,,,,PRIVATE SCHOOL,,,,,,,-81.31071124,28.61227870,,,,,,,,,
WINTER PARK,SEMINOLE,,,,PRIVATE SCHOOL,,,,,,,-81.28841113,28.62259667,,,,,,,,,
WINTER PARK,SEMINOLE,,,,PRIVATE SCHOOL,,,,,,,-81.27518620,28.63954492,,,,,,,,,
WINTER PARK,SEMINOLE,,,,PRIVATE SCHOOL,,,,,,,-81.27218712,28.61204476,,,,,,,,,
LAKE MARY,SEMINOLE,,,,PRIVATE SCHOOL,,,,,,,-81.32375869,28.77754884,,,,,,,,,
LAKE MARY,SEMINOLE,,,,PRIVATE SCHOOL,,,,,,,-81.34556063,28.75523509,,,,,,,,,
ALTAMONTE SPRINGS,SEMINOLE,,,,PRIVATE SCHOOL,,,,,,,-81.40614390,28.68194475,,,,,,,,,
ALTAMONTE SPRINGS,SEMINOLE,,,,PRIVATE SCHOOL,,,,,,,-81.43265002,28.65240540,,,,,,,,,
ALTAMONTE SPRINGS,SEMINOLE,,,,PRIVATE SCHOOL,,,,,,,-81.38666150,28.66859388,,,,,,,,,
ALTAMONTE SPRINGS,SEMINOLE,,,,PRIVATE SCHOOL,,,,,,,-81.36473764,28.64601229,,,,,,,,,
ALTAMONTE SPRINGS,SEMINOLE,,,,PRIVATE SCHOOL,,,,,,,-81.43843671,28.67791159,,,,,,,,,
MAITLAND,SEMINOLE,,,,PRIVATE SCHOOL,,,,,,,-81.38707587,28.64282566,,,,,,,,,
CHULUOTA,SEMINOLE,,,,PRIVATE SCHOOL,,,,,,,-81.11460260,28.65409529,,,,,,,,,
CHULUOTA,SEMINOLE,,,,PRIVATE SCHOOL,,,,,,,-81.13059395,28.64233393,,,,,,,,,
CASSELBERRY,SEMINOLE,,,,PRIVATE SCHOOL,,,,,,,-81.28169776,28.64603008,,,,,,,,,
CASSELBERRY,SEMINOLE,,,,PRIVATE SCHOOL,,,,,,,-81.32795527,28.65045485,,,,,,,,,
SANFORD,SEMINOLE,,,,PRIVATE SCHOOL,,,,,,,-81.25752741,28.81207687,,,,,,,,,
SANFORD,SEMINOLE,,,,PRIVATE SCHOOL,,,,,,,-81.26963881,28.80499612,,,,,,,,,
SANFORD,SEMINOLE,,,,PRIVATE SCHOOL,,,,,,,-81.31087563,28.81032698,,,,,,,,,
APOPKA,SEMINOLE,,,,PRIVATE SCHOOL,,,,,,,-81.43694237,28.67004321,,,,,,,,,
APOPKA,SEMINOLE,,,,PRIVATE SCHOOL,,,,,,,-81.44242542,28.66036691,,,,,,,,,
LONGWOOD,SEMINOLE,,,,PRIVATE SCHOOL,,,,,,,-81.38747212,28.69230112,,,,,,,,,
LONGWOOD,SEMINOLE,,,,PRIVATE SCHOOL,,,,,,,-81.44434162,28.67933897,,,,,,,,,
LONGWOOD,SEMINOLE,,,,PRIVATE SCHOOL,,,,,,,-81.43922200,28.67787731,,,,,,,,,
LONGWOOD,SEMINOLE,,,,PRIVATE SCHOOL,,,,,,,-81.38218401,28.71267348,,,,,,,,,
OVIEDO,SEMINOLE,,,,PRIVATE SCHOOL,,,,,,,-81.16722299,28.68750186,,,,,,,,,
OVIEDO,SEMINOLE,,,,PRIVATE SCHOOL,,,,,,,-81.26512392,28.63785929,,,,,,,,,
OVIEDO,SEMINOLE,,,,PRIVATE SCHOOL,,,,,,,-81.23402718,28.64980372,,,,,,,,,
SANFORD ,SEMINOLE,,,,PRIVATE SCHOOL,,,,,,,-81.25160597,28.76931885,,,,,,,,,
LIVE OAK,SUWANNEE,,,,PRIVATE SCHOOL,,,,,,,-82.99856234,30.29043121,,,,,,,,,
DELAND,VOLUSIA,,,,PRIVATE SCHOOL,,,,,,,-81.32313541,29.03588739,,,,,,,,,
DELAND,VOLUSIA,,,,PRIVATE SCHOOL,,,,,,,-81.28594029,29.02863919,,,,,,,,,
DELAND,VOLUSIA,,,,PRIVATE SCHOOL,,,,,,,-81.34121275,29.02375098,,,,,,,,,
DELAND,VOLUSIA,,,,PRIVATE SCHOOL,,,,,,,-81.29727828,29.02680132,,,,,,,,,
DELAND,VOLUSIA,,,,PRIVATE SCHOOL,,,,,,,-81.31390564,29.00194744,,,,,,,,,
DELAND,VOLUSIA,,,,PRIVATE SCHOOL,,,,,,,-81.35488924,29.10594025,,,,,,,,,
DELAND,VOLUSIA,,,,PRIVATE SCHOOL,,,,,,,-81.31050425,29.02858181,,,,,,,,,
DELTONA,VOLUSIA,,,,PRIVATE SCHOOL,,,,,,,-81.22376556,28.94655514,,,,,,,,,
DELTONA,VOLUSIA,,,,PRIVATE SCHOOL,,,,,,,-81.25417411,28.92454068,,,,,,,,,
DAYTONA BEACH,VOLUSIA,,,,PRIVATE SCHOOL,,,,,,,-81.02088007,29.24142555,,,,,,,,,
DAYTONA BEACH,VOLUSIA,,,,PRIVATE SCHOOL,,,,,,,-81.12164546,29.17420334,,,,,,,,,
DAYTONA BEACH,VOLUSIA,,,,PRIVATE SCHOOL,,,,,,,-81.04255727,29.24814810,,,,,,,,,
DAYTONA BEACH,VOLUSIA,,,,PRIVATE SCHOOL,,,,,,,-81.05764154,29.22649388,,,,,,,,,
DAYTONA BEACH,VOLUSIA,,,,PRIVATE SCHOOL,,,,,,,-81.00663326,29.17889547,,,,,,,,,
DAYTONA BEACH,VOLUSIA,,,,PRIVATE SCHOOL,,,,,,,-81.02718225,29.21691830,,,,,,,,,
DAYTONA BEACH,VOLUSIA,,,,PRIVATE SCHOOL,,,,,,,-81.01762371,29.19373776,,,,,,,,,
DAYTONA BEACH,VOLUSIA,,,,PRIVATE SCHOOL,,,,,,,-80.99776995,29.16225179,,,,,,,,,
DAYTONA BEACH,VOLUSIA,,,,PRIVATE SCHOOL,,,,,,,-81.02400303,29.21686480,,,,,,,,,
NEW SMYRNA BEACH,VOLUSIA,,,,PRIVATE SCHOOL,,,,,,,-80.93500359,29.03927651,,,,,,,,,
EDGEWATER,VOLUSIA,,,,PRIVATE SCHOOL,,,,,,,-80.90899768,28.99527922,,,,,,,,,
ORMOND BEACH,VOLUSIA,,,,PRIVATE SCHOOL,,,,,,,-81.04541466,29.28898318,,,,,,,,,
ORMOND BEACH,VOLUSIA,,,,PRIVATE SCHOOL,,,,,,,-81.11862506,29.25763863,,,,,,,,,
ORMOND BEACH,VOLUSIA,,,,PRIVATE SCHOOL,,,,,,,-81.05378844,29.31515398,,,,,,,,,
ORMOND BEACH,VOLUSIA,,,,PRIVATE SCHOOL,,,,,,,-81.07830154,29.26809736,,,,,,,,,
ORMOND BEACH,VOLUSIA,,,,PRIVATE SCHOOL,,,,,,,-81.11997234,29.30720149,,,,,,,,,
DEBARY,VOLUSIA,,,,PRIVATE SCHOOL,,,,,,,-81.28882574,28.90415344,,,,,,,,,
PORT ORANGE,VOLUSIA,,,,PRIVATE SCHOOL,,,,,,,-81.02378834,29.11322124,,,,,,,,,
CRAWFORDVILLE,WAKULLA,,,,PRIVATE SCHOOL,,,,,,,,,,,,,,,,,
DEFUNIAK_SPRINGS,WALTON,,,,PRIVATE SCHOOL,,,,,,,-86.16502786,30.70568480,,,,,,,,,
DEFUNIAK SPRINGS,WALTON,,,,PRIVATE SCHOOL,,,,,,,-86.11778054,30.71858337,,,,,,,,,
DEFUNIAK SPRINGS,WALTON,,,,PRIVATE SCHOOL,,,,,,,-86.11280663,30.75109229,,,,,,,,,
DEFUNIAK SPRINGS,WALTON,,,,PRIVATE SCHOOL,,,,,,,,,,,,,,,,,
MIRAMAR,WALTON,,,,PRIVATE SCHOOL,,,,,,,,,,,,,,,,,
CHIPLEY,WASHINGTON,,,,PRIVATE SCHOOL,,,,,,,-85.54609602,30.76414714,,,,,,,,,
HOLLYWOOD,BROWARD,,,,PUBLIC SCHOOL,,,,,,,,,"-80.26816996,25.99284586",-80.26816996,25.99284586,,,,,,
HOLLYWOOD,BROWARD,,,,PUBLIC SCHOOL,,,,,,,,,"-80.17537875,26.04736267",-80.17537875,26.04736267,,,,,,
HOLLYWOOD,BROWARD,,,,PUBLIC SCHOOL,,,,,,,,,"-80.16462881,26.01521420",-80.16462881,26.01521420,,,,,,
HOLLYWOOD,BROWARD,,,,PUBLIC SCHOOL,,,,,,,,,,,,,,,,,
HOLLYWOOD,BROWARD,,,,PUBLIC SCHOOL,,,,,,,,,"-80.29241493,26.03263668",-80.29241493,26.03263668,,,,,,
HOLLYWOOD,BROWARD,,,,PUBLIC SCHOOL,,,,,,,,,"-80.31296142,25.96068185",-80.31296142,25.96068185,,,,,,
HOLLYWOOD,BROWARD,,,,PUBLIC SCHOOL,,,,,,,,,"-80.25113391,26.03317896",-80.25113391,26.03317896,,,,,,
HOLLYWOOD,BROWARD,,,,PUBLIC SCHOOL,,,,,,,,,"-80.23916148,26.03609603",-80.23916148,26.03609603,,,,,,
HOLLYWOOD,BROWARD,,,,PUBLIC SCHOOL,,,,,,,,,"-80.15995836,26.01000217",-80.15995836,26.01000217,,,,,,
HOLLYWOOD,BROWARD,,,,PUBLIC SCHOOL,,,,,,,,,"-80.22686217,26.01775889",-80.22686217,26.01775889,,,,,,
HOLLYWOOD,BROWARD,,,,PUBLIC SCHOOL,,,,,,,,,"-80.40765071,26.02040670",-80.40765071,26.02040670,,,,,,
HOLLYWOOD,BROWARD,,,,PUBLIC SCHOOL,,,,,,,,,"-80.19475915,26.03122190",-80.19475915,26.03122190,,,,,,
HOLLYWOOD,BROWARD,,,,PUBLIC SCHOOL,,,,,,,,,"-80.36627650,25.97747706",-80.36627650,25.97747706,,,,,,
HOLLYWOOD,BROWARD,,,,PUBLIC SCHOOL,,,,,,,,,"-80.20800410,25.99273574",-80.20800410,25.99273574,,,,,,
HOLLYWOOD,BROWARD,,,,PUBLIC SCHOOL,,,,,,,,,"-80.14187443,26.00733345",-80.14187443,26.00733345,,,,,,
HOLLYWOOD,BROWARD,,,,PUBLIC SCHOOL,,,,,,,,,"-80.28875472,25.98829301",-80.28875472,25.98829301,,,,,,
HOLLYWOOD,BROWARD,,,,PUBLIC SCHOOL,,,,,,,,,"-80.22810920,25.97937904",-80.22810920,25.97937904,,,,,,
HOLLYWOOD,BROWARD,,,,PUBLIC SCHOOL,,,,,,,,,"-80.22499999,25.97900001",-80.22499999,25.97900001,,,,,,
HOLLYWOOD,BROWARD,,,,PUBLIC SCHOOL,,,,,,,,,"-80.33106305,26.01298902",-80.33106305,26.01298902,,,,,,
HOLLYWOOD,BROWARD,,,,PUBLIC SCHOOL,,,,,,,,,"-80.27422895,25.98713966",-80.27422895,25.98713966,,,,,,
HOLLYWOOD,BROWARD,,,,PUBLIC SCHOOL,,,,,,,,,"-80.18770360,26.00360237",-80.18770360,26.00360237,,,,,,
HOLLYWOOD,BROWARD,,,,PUBLIC SCHOOL,,,,,,,,,"-80.32176392,26.02153184",-80.32176392,26.02153184,,,,,,
HOLLYWOOD,BROWARD,,,,PUBLIC SCHOOL,,,,,,,,,"-80.14224992,26.02911580",-80.14224992,26.02911580,,,,,,
HOLLYWOOD,BROWARD,,,,PUBLIC SCHOOL,,,,,,,,,"-80.37405786,25.96979096",-80.37405786,25.96979096,,,,,,
HOLLYWOOD,BROWARD,,,,PUBLIC SCHOOL,,,,,,,,,"-80.39336627,25.99452153",-80.39336627,25.99452153,,,,,,
HOLLYWOOD,BROWARD,,,,PUBLIC SCHOOL,,,,,,,,,"-80.25227262,25.99849318",-80.25227262,25.99849318,,,,,,
HOLLYWOOD,BROWARD,,,,PUBLIC SCHOOL,,,,,,,,,"-80.22727064,26.03462396",-80.22727064,26.03462396,,,,,,
HOLLYWOOD,BROWARD,,,,PUBLIC SCHOOL,,,,,,,,,"-80.15495830,26.04563148",-80.15495830,26.04563148,,,,,,
HOLLYWOOD,BROWARD,,,,PUBLIC SCHOOL,,,,,,,,,"-80.16083467,26.00092602",-80.16083467,26.00092602,,,,,,
HOLLYWOOD,BROWARD,,,,PUBLIC SCHOOL,,,,,,,,,"-80.23283578,26.01756955",-80.23283578,26.01756955,,,,,,
HOLLYWOOD,BROWARD,,,,PUBLIC SCHOOL,,,,,,,,,"-80.37579918,26.01167823",-80.37579918,26.01167823,,,,,,
HOLLYWOOD,BROWARD,,,,PUBLIC SCHOOL,,,,,,,,,"-80.24312967,25.97564192",-80.24312967,25.97564192,,,,,,
HOLLYWOOD,BROWARD,,,,PUBLIC SCHOOL,,,,,,,,,"-80.28987500,25.99465539",-80.28987500,25.99465539,,,,,,
HOLLYWOOD,BROWARD,,,,PUBLIC SCHOOL,,,,,,,,,"-80.34906051,26.01888524",-80.34906051,26.01888524,,,,,,
HOLLYWOOD,BROWARD,,,,PUBLIC SCHOOL,,,,,,,,,"-80.18575383,25.99026923",-80.18575383,25.99026923,,,,,,
HOLLYWOOD,BROWARD,,,,PUBLIC SCHOOL,,,,,,,,,"-80.26642443,26.02364003",-80.26642443,26.02364003,,,,,,
HOLLYWOOD,BROWARD,,,,PUBLIC SCHOOL,,,,,,,,,"-80.30150920,26.00168272",-80.30150920,26.00168272,,,,,,
HOLLYWOOD,BROWARD,,,,PUBLIC SCHOOL,,,,,,,,,"-80.26217467,26.02890919",-80.26217467,26.02890919,,,,,,
HOLLYWOOD,BROWARD,,,,PUBLIC SCHOOL,,,,,,,,,"-80.14048897,26.01039342",-80.14048897,26.01039342,,,,,,
HOLLYWOOD,BROWARD,,,,PUBLIC SCHOOL,,,,,,,,,"-80.39306442,25.98484275",-80.39306442,25.98484275,,,,,,
HOLLYWOOD,BROWARD,,,,PUBLIC SCHOOL,,,,,,,,,"-80.42598981,26.01684031",-80.42598981,26.01684031,,,,,,
HOLLYWOOD,BROWARD,,,,PUBLIC SCHOOL,,,,,,,,,"-80.20017183,26.04494980",-80.20017183,26.04494980,,,,,,
HOLLYWOOD,BROWARD,,,,PUBLIC SCHOOL,,,,,,,,,"-80.21810548,26.04012789",-80.21810548,26.04012789,,,,,,
HOLLYWOOD,BROWARD,,,,PUBLIC SCHOOL,,,,,,,,,"-80.26099998,25.97620002",-80.26099998,25.97620002,,,,,,
HOLLYWOOD,BROWARD,,,,PUBLIC SCHOOL,,,,,,,,,"-80.37612274,26.00073122",-80.37612274,26.00073122,,,,,,
HOLLYWOOD,BROWARD,,,,PUBLIC SCHOOL,,,,,,,,,"-80.42609233,26.01837570",-80.42609233,26.01837570,,,,,,
HOLLYWOOD,BROWARD,,,,PUBLIC SCHOOL,,,,,,,,,"-80.28290131,26.01438916",-80.28290131,26.01438916,,,,,,
HOLLYWOOD,BROWARD,,,,PUBLIC SCHOOL,,,,,,,,,"-80.21477951,26.01151347",-80.21477951,26.01151347,,,,,,
HOLLYWOOD,BROWARD,,,,PUBLIC SCHOOL,,,,,,,,,"-80.36054293,25.99215295",-80.36054293,25.99215295,,,,,,
HOLLYWOOD,BROWARD,,,,PUBLIC SCHOOL,,,,,,,,,"-80.19206982,25.97952435",-80.19206982,25.97952435,,,,,,
HOLLYWOOD,BROWARD,,,,PUBLIC SCHOOL,,,,,,,,,"-80.19798750,26.04620642",-80.19798750,26.04620642,,,,,,
HOLLYWOOD,BROWARD,,,,PUBLIC SCHOOL,,,,,,,,,"-80.19795607,26.03139338",-80.19795607,26.03139338,,,,,,
HOLLYWOOD,BROWARD,,,,PUBLIC SCHOOL,,,,,,,,,"-80.37827519,25.98630644",-80.37827519,25.98630644,,,,,,
HOLLYWOOD,BROWARD,,,,PUBLIC SCHOOL,,,,,,,,,"-80.42598151,26.01604419",-80.42598151,26.01604419,,,,,,
HOLLYWOOD,BROWARD,,,,PUBLIC SCHOOL,,,,,,,,,"-80.15305416,26.04353493",-80.15305416,26.04353493,,,,,,
HOLLYWOOD,BROWARD,,,,PUBLIC SCHOOL,,,,,,,,,"-80.29954137,26.02413852",-80.29954137,26.02413852,,,,,,
HOLLYWOOD,BROWARD,,,,PUBLIC SCHOOL,,,,,,,,,"-80.32137559,26.01322005",-80.32137559,26.01322005,,,,,,
HOLLYWOOD,BROWARD,,,,PUBLIC SCHOOL,,,,,,,,,"-80.14222403,26.01678928",-80.14222403,26.01678928,,,,,,
HOLLYWOOD,BROWARD,,,,PUBLIC SCHOOL,,,,,,,,,"-80.22893248,26.03464000",-80.22893248,26.03464000,,,,,,
HOLLYWOOD,BROWARD,,,,PUBLIC SCHOOL,,,,,,,,,"-80.22125910,26.00160818",-80.22125910,26.00160818,,,,,,
HOLLYWOOD,BROWARD,,,,PUBLIC SCHOOL,,,,,,,,,"-80.16250001,26.02400000",-80.16250001,26.02400000,,,,,,
HOLLYWOOD,BROWARD,,,,PUBLIC SCHOOL,,,,,,,,,"-80.31144435,25.95961831",-80.31144435,25.95961831,,,,,,
HOLLYWOOD,BROWARD,,,,PUBLIC SCHOOL,,,,,,,,,"-80.23130043,26.03027329",-80.23130043,26.03027329,,,,,,
HOLLYWOOD,BROWARD,,,,PUBLIC SCHOOL,,,,,,,,,"-80.21692864,26.01142865",-80.21692864,26.01142865,,,,,,
HOLLYWOOD,BROWARD,,,,PUBLIC SCHOOL,,,,,,,,,"-80.17996037,26.02608565",-80.17996037,26.02608565,,,,,,
HOLLYWOOD,BROWARD,,,,PUBLIC SCHOOL,,,,,,,,,"-80.42605602,26.01785597",-80.42605602,26.01785597,,,,,,
HOLLYWOOD,BROWARD,,,,PUBLIC SCHOOL,,,,,,,,,"-80.19557598,25.97817603",-80.19557598,25.97817603,,,,,,
HOLLYWOOD,BROWARD,,,,PUBLIC SCHOOL,,,,,,,,,"-80.15225488,26.01686823",-80.15225488,26.01686823,,,,,,
HOLLYWOOD,BROWARD,,,,PUBLIC SCHOOL,,,,,,,,,"-80.25764223,25.97566742",-80.25764223,25.97566742,,,,,,
HOLLYWOOD,BROWARD,,,,PUBLIC SCHOOL,,,,,,,,,"-80.16218846,25.99702353",-80.16218846,25.99702353,,,,,,
HOLLYWOOD,BROWARD,,,,PUBLIC SCHOOL,,,,,,,,,"-80.22473758,25.98843804",-80.22473758,25.98843804,,,,,,
HOLLYWOOD,BROWARD,,,,PUBLIC SCHOOL,,,,,,,,,"-80.43112342,26.01146701",-80.43112342,26.01146701,,,,,,
HOLLYWOOD,BROWARD,,,,PUBLIC SCHOOL,,,,,,,,,"-80.39200376,26.02826530",-80.39200376,26.02826530,,,,,,
HOLLYWOOD,BROWARD,,,,PUBLIC SCHOOL,,,,,,,,,"-80.22532092,26.02005409",-80.22532092,26.02005409,,,,,,
HOLLYWOOD,BROWARD,,,,PUBLIC SCHOOL,,,,,,,,,"-80.26642111,26.01196347",-80.26642111,26.01196347,,,,,,
THE VILLAGES,SUMTER,,,,PUBLIC SCHOOL,,,,,,,,,"-82.02784974,28.92640774",-82.02784974,28.92640774,,,,,,
THE VILLAGES,SUMTER,,,,PUBLIC SCHOOL,,,,,,,,,"-82.02518213,28.92363836",-82.02518213,28.92363836,,,,,,
THE VILLAGES,SUMTER,,,,PUBLIC SCHOOL,,,,,,,,,"-82.01849624,28.92530875",-82.01849624,28.92530875,,,,,,
JACKSONVILLE,DUVAL,,,,PUBLIC SCHOOL,,,,,,,,,"-81.57255819,30.31165595",-81.57255819,30.31165595,,,,,,
JACKSONVILLE,DUVAL,,,,PUBLIC SCHOOL,,,,,,,,,"-81.64287522,30.38616414",-81.64287522,30.38616414,,,,,,
JACKSONVILLE,DUVAL,,,,PUBLIC SCHOOL,,,,,,,,,"-81.70803548,30.32156889",-81.70803548,30.32156889,,,,,,
JACKSONVILLE,DUVAL,,,,PUBLIC SCHOOL,,,,,,,,,"-81.61156410,30.27762700",-81.61156410,30.27762700,,,,,,
JACKSONVILLE,DUVAL,,,,PUBLIC SCHOOL,,,,,,,,,"-81.58072691,30.28932235",-81.58072691,30.28932235,,,,,,
JACKSONVILLE,DUVAL,,,,PUBLIC SCHOOL,,,,,,,,,"-81.79918911,30.30065503",-81.79918911,30.30065503,,,,,,
JACKSONVILLE,DUVAL,,,,PUBLIC SCHOOL,,,,,,,,,"-81.61474828,30.24578676",-81.61474828,30.24578676,,,,,,
JACKSONVILLE,DUVAL,,,,PUBLIC SCHOOL,,,,,,,,,"-81.65521603,30.37490337",-81.65521603,30.37490337,,,,,,
JACKSONVILLE,DUVAL,,,,PUBLIC SCHOOL,,,,,,,,,"-81.69221660,30.31888328",-81.69221660,30.31888328,,,,,,
JACKSONVILLE,DUVAL,,,,PUBLIC SCHOOL,,,,,,,,,"-81.57490001,30.16050000",-81.57490001,30.16050000,,,,,,
JACKSONVILLE,DUVAL,,,,PUBLIC SCHOOL,,,,,,,,,"-81.61648085,30.27877534",-81.61648085,30.27877534,,,,,,
JACKSONVILLE,DUVAL,,,,PUBLIC SCHOOL,,,,,,,,,"-81.55824245,30.33932474",-81.55824245,30.33932474,,,,,,
JACKSONVILLE,DUVAL,,,,PUBLIC SCHOOL,,,,,,,,,"-81.65040293,30.31734178",-81.65040293,30.31734178,,,,,,
JACKSONVILLE,DUVAL,,,,PUBLIC SCHOOL,,,,,,,,,"-81.60247347,30.21707007",-81.60247347,30.21707007,,,,,,
JACKSONVILLE,DUVAL,,,,PUBLIC SCHOOL,,,,,,,,,"-81.57956324,30.33615378",-81.57956324,30.33615378,,,,,,
JACKSONVILLE,DUVAL,,,,PUBLIC SCHOOL,,,,,,,,,"-81.73854324,30.24423583",-81.73854324,30.24423583,,,,,,
JACKSONVILLE,DUVAL,,,,PUBLIC SCHOOL,,,,,,,,,"-81.65255750,30.34890202",-81.65255750,30.34890202,,,,,,
JACKSONVILLE,DUVAL,,,,PUBLIC SCHOOL,,,,,,,,,"-81.72349234,30.27166298",-81.72349234,30.27166298,,,,,,
JACKSONVILLE,DUVAL,,,,PUBLIC SCHOOL,,,,,,,,,"-81.58014662,30.28939500",-81.58014662,30.28939500,,,,,,
JACKSONVILLE,DUVAL,,,,PUBLIC SCHOOL,,,,,,,,,"-81.60191551,30.35354952",-81.60191551,30.35354952,,,,,,
JACKSONVILLE,DUVAL,,,,PUBLIC SCHOOL,,,,,,,,,"-81.63996961,30.34109538",-81.63996961,30.34109538,,,,,,
JACKSONVILLE,DUVAL,,,,PUBLIC SCHOOL,,,,,,,,,"-81.67641098,30.43227164",-81.67641098,30.43227164,,,,,,
JACKSONVILLE,DUVAL,,,,PUBLIC SCHOOL,,,,,,,,,"-81.73223255,30.30347287",-81.73223255,30.30347287,,,,,,
JACKSONVILLE,DUVAL,,,,PUBLIC SCHOOL,,,,,,,,,"-81.66441000,30.41786000",-81.66441000,30.41786000,,,,,,
JACKSONVILLE,DUVAL,,,,PUBLIC SCHOOL,,,,,,,,,"-81.71414910,30.29156535",-81.71414910,30.29156535,,,,,,
JACKSONVILLE,DUVAL,,,,PUBLIC SCHOOL,,,,,,,,,"-81.72823587,30.34981069",-81.72823587,30.34981069,,,,,,
JACKSONVILLE,DUVAL,,,,PUBLIC SCHOOL,,,,,,,,,"-81.65315727,30.34209491",-81.65315727,30.34209491,,,,,,
JACKSONVILLE,DUVAL,,,,PUBLIC SCHOOL,,,,,,,,,"-81.44736744,30.31424529",-81.44736744,30.31424529,,,,,,
JACKSONVILLE,DUVAL,,,,PUBLIC SCHOOL,,,,,,,,,"-81.62295510,30.46090268",-81.62295510,30.46090268,,,,,,
JACKSONVILLE,DUVAL,,,,PUBLIC SCHOOL,,,,,,,,,"-81.59970467,30.35628770",-81.59970467,30.35628770,,,,,,
JACKSONVILLE,DUVAL,,,,PUBLIC SCHOOL,,,,,,,,,"-81.78638227,30.32511894",-81.78638227,30.32511894,,,,,,
JACKSONVILLE,DUVAL,,,,PUBLIC SCHOOL,,,,,,,,,"-81.77744305,30.26186404",-81.77744305,30.26186404,,,,,,
JACKSONVILLE,DUVAL,,,,PUBLIC SCHOOL,,,,,,,,,"-81.69361712,30.43815824",-81.69361712,30.43815824,,,,,,
JACKSONVILLE,DUVAL,,,,PUBLIC SCHOOL,,,,,,,,,"-81.61581027,30.30856192",-81.61581027,30.30856192,,,,,,
JACKSONVILLE,DUVAL,,,,PUBLIC SCHOOL,,,,,,,,,"-81.72735355,30.38074115",-81.72735355,30.38074115,,,,,,
JACKSONVILLE,DUVAL,,,,PUBLIC SCHOOL,,,,,,,,,"-81.66712156,30.33226386",-81.66712156,30.33226386,,,,,,
JACKSONVILLE,DUVAL,,,,PUBLIC SCHOOL,,,,,,,,,"-81.75939998,30.26920001",-81.75939998,30.26920001,,,,,,
JACKSONVILLE,DUVAL,,,,PUBLIC SCHOOL,,,,,,,,,"-81.63838563,30.33410200",-81.63838563,30.33410200,,,,,,
JACKSONVILLE,DUVAL,,,,PUBLIC SCHOOL,,,,,,,,,"-81.69666601,30.33734110",-81.69666601,30.33734110,,,,,,
JACKSONVILLE,DUVAL,,,,PUBLIC SCHOOL,,,,,,,,,"-81.62779147,30.43917330",-81.62779147,30.43917330,,,,,,
JACKSONVILLE,DUVAL,,,,PUBLIC SCHOOL,,,,,,,,,"-81.70022854,30.37708197",-81.70022854,30.37708197,,,,,,
JACKSONVILLE,DUVAL,,,,PUBLIC SCHOOL,,,,,,,,,"-81.59260678,30.33667787",-81.59260678,30.33667787,,,,,,
JACKSONVILLE,DUVAL,,,,PUBLIC SCHOOL,,,,,,,,,"-81.50141298,30.36130791",-81.50141298,30.36130791,,,,,,
JACKSONVILLE,DUVAL,,,,PUBLIC SCHOOL,,,,,,,,,"-81.59389939,30.37121091",-81.59389939,30.37121091,,,,,,
JACKSONVILLE,DUVAL,,,,PUBLIC SCHOOL,,,,,,,,,"-81.52860147,30.31966902",-81.52860147,30.31966902,,,,,,
JACKSONVILLE,DUVAL,,,,PUBLIC SCHOOL,,,,,,,,,"-81.65257233,30.30704636",-81.65257233,30.30704636,,,,,,
JACKSONVILLE,DUVAL,,,,PUBLIC SCHOOL,,,,,,,,,"-81.68588077,30.33763606",-81.68588077,30.33763606,,,,,,
JACKSONVILLE,DUVAL,,,,PUBLIC SCHOOL,,,,,,,,,"-81.65450685,30.36226576",-81.65450685,30.36226576,,,,,,
JACKSONVILLE,DUVAL,,,,PUBLIC SCHOOL,,,,,,,,,"-81.68883103,30.35190381",-81.68883103,30.35190381,,,,,,
JACKSONVILLE,DUVAL,,,,PUBLIC SCHOOL,,,,,,,,,"-81.58434013,30.16346485",-81.58434013,30.16346485,,,,,,
JACKSONVILLE,DUVAL,,,,PUBLIC SCHOOL,,,,,,,,,"-81.80259131,30.19602897",-81.80259131,30.19602897,,,,,,
JACKSONVILLE,DUVAL,,,,PUBLIC SCHOOL,,,,,,,,,"-81.73638659,30.33374176",-81.73638659,30.33374176,,,,,,
JACKSONVILLE,DUVAL,,,,PUBLIC SCHOOL,,,,,,,,,"-81.67913184,30.43779654",-81.67913184,30.43779654,,,,,,
JACKSONVILLE,DUVAL,,,,PUBLIC SCHOOL,,,,,,,,,"-81.74255493,30.31340380",-81.74255493,30.31340380,,,,,,
JACKSONVILLE,DUVAL,,,,PUBLIC SCHOOL,,,,,,,,,"-81.52850650,30.33789327",-81.52850650,30.33789327,,,,,,
JACKSONVILLE,DUVAL,,,,PUBLIC SCHOOL,,,,,,,,,"-81.46916321,30.26637860",-81.46916321,30.26637860,,,,,,
JACKSONVILLE,DUVAL,,,,PUBLIC SCHOOL,,,,,,,,,"-81.76031295,30.25268542",-81.76031295,30.25268542,,,,,,
JACKSONVILLE,DUVAL,,,,PUBLIC SCHOOL,,,,,,,,,"-81.76537632,30.24652340",-81.76537632,30.24652340,,,,,,
JACKSONVILLE,DUVAL,,,,PUBLIC SCHOOL,,,,,,,,,"-81.98088809,30.30836418",-81.98088809,30.30836418,,,,,,
JACKSONVILLE,DUVAL,,,,PUBLIC SCHOOL,,,,,,,,,"-81.71130002,30.36880001",-81.71130002,30.36880001,,,,,,
JACKSONVILLE,DUVAL,,,,PUBLIC SCHOOL,,,,,,,,,"-81.82087939,30.19987472",-81.82087939,30.19987472,,,,,,
JACKSONVILLE,DUVAL,,,,PUBLIC SCHOOL,,,,,,,,,"-81.70466300,30.31425553",-81.70466300,30.31425553,,,,,,
JACKSONVILLE,DUVAL,,,,PUBLIC SCHOOL,,,,,,,,,"-81.71633641,30.41028919",-81.71633641,30.41028919,,,,,,
JACKSONVILLE,DUVAL,,,,PUBLIC SCHOOL,,,,,,,,,"-81.56548091,30.46485391",-81.56548091,30.46485391,,,,,,
JACKSONVILLE,DUVAL,,,,PUBLIC SCHOOL,,,,,,,,,"-81.57587628,30.31220923",-81.57587628,30.31220923,,,,,,
JACKSONVILLE,DUVAL,,,,PUBLIC SCHOOL,,,,,,,,,"-81.54257420,30.27711062",-81.54257420,30.27711062,,,,,,
JACKSONVILLE,DUVAL,,,,PUBLIC SCHOOL,,,,,,,,,"-81.63854587,30.36176677",-81.63854587,30.36176677,,,,,,
JACKSONVILLE,DUVAL,,,,PUBLIC SCHOOL,,,,,,,,,"-81.58773395,30.18500962",-81.58773395,30.18500962,,,,,,
JACKSONVILLE,DUVAL,,,,PUBLIC SCHOOL,,,,,,,,,"-81.75616190,30.28019924",-81.75616190,30.28019924,,,,,,
JACKSONVILLE,DUVAL,,,,PUBLIC SCHOOL,,,,,,,,,"-81.63265810,30.25072638",-81.63265810,30.25072638,,,,,,
JACKSONVILLE,DUVAL,,,,PUBLIC SCHOOL,,,,,,,,,"-81.51299586,30.30019383",-81.51299586,30.30019383,,,,,,
JACKSONVILLE,DUVAL,,,,PUBLIC SCHOOL,,,,,,,,,"-81.66983369,30.33946245",-81.66983369,30.33946245,,,,,,
JACKSONVILLE,DUVAL,,,,PUBLIC SCHOOL,,,,,,,,,"-81.76885778,30.26446632",-81.76885778,30.26446632,,,,,,
JACKSONVILLE,DUVAL,,,,PUBLIC SCHOOL,,,,,,,,,"-81.70075581,30.35480575",-81.70075581,30.35480575,,,,,,
JACKSONVILLE,DUVAL,,,,PUBLIC SCHOOL,,,,,,,,,"-81.67312229,30.36946832",-81.67312229,30.36946832,,,,,,
JACKSONVILLE,DUVAL,,,,PUBLIC SCHOOL,,,,,,,,,"-81.66972363,30.34633196",-81.66972363,30.34633196,,,,,,
JACKSONVILLE,DUVAL,,,,PUBLIC SCHOOL,,,,,,,,,"-81.50391101,30.29940200",-81.50391101,30.29940200,,,,,,
JACKSONVILLE,DUVAL,,,,PUBLIC SCHOOL,,,,,,,,,"-81.63472801,30.34792518",-81.63472801,30.34792518,,,,,,
JACKSONVILLE,DUVAL,,,,PUBLIC SCHOOL,,,,,,,,,"-81.46036341,30.25502751",-81.46036341,30.25502751,,,,,,
JACKSONVILLE,DUVAL,,,,PUBLIC SCHOOL,,,,,,,,,"-81.72326980,30.24163332",-81.72326980,30.24163332,,,,,,
JACKSONVILLE,DUVAL,,,,PUBLIC SCHOOL,,,,,,,,,"-81.69002629,30.41156653",-81.69002629,30.41156653,,,,,,
JACKSONVILLE,DUVAL,,,,PUBLIC SCHOOL,,,,,,,,,"-81.73764476,30.25486056",-81.73764476,30.25486056,,,,,,
JACKSONVILLE,DUVAL,,,,PUBLIC SCHOOL,,,,,,,,,"-81.65637323,30.35159901",-81.65637323,30.35159901,,,,,,
JACKSONVILLE,DUVAL,,,,PUBLIC SCHOOL,,,,,,,,,"-81.49548378,30.10919786",-81.49548378,30.10919786,,,,,,
JACKSONVILLE,DUVAL,,,,PUBLIC SCHOOL,,,,,,,,,"-81.55451308,30.30061623",-81.55451308,30.30061623,,,,,,
JACKSONVILLE,DUVAL,,,,PUBLIC SCHOOL,,,,,,,,,"-81.61037203,30.20483715",-81.61037203,30.20483715,,,,,,
JACKSONVILLE,DUVAL,,,,PUBLIC SCHOOL,,,,,,,,,"-81.56987085,30.34036531",-81.56987085,30.34036531,,,,,,
JACKSONVILLE,DUVAL,,,,PUBLIC SCHOOL,,,,,,,,,"-81.57560001,30.34190001",-81.57560001,30.34190001,,,,,,
JACKSONVILLE,DUVAL,,,,PUBLIC SCHOOL,,,,,,,,,"-81.77633599,30.24135416",-81.77633599,30.24135416,,,,,,
JACKSONVILLE,DUVAL,,,,PUBLIC SCHOOL,,,,,,,,,"-81.54861327,30.32542331",-81.54861327,30.32542331,,,,,,
JACKSONVILLE,DUVAL,,,,PUBLIC SCHOOL,,,,,,,,,"-81.70302952,30.27588529",-81.70302952,30.27588529,,,,,,
JACKSONVILLE,DUVAL,,,,PUBLIC SCHOOL,,,,,,,,,"-81.61442682,30.19413506",-81.61442682,30.19413506,,,,,,
JACKSONVILLE,DUVAL,,,,PUBLIC SCHOOL,,,,,,,,,"-81.48552602,30.30576897",-81.48552602,30.30576897,,,,,,
JACKSONVILLE,DUVAL,,,,PUBLIC SCHOOL,,,,,,,,,"-81.67260371,30.35261592",-81.67260371,30.35261592,,,,,,
JACKSONVILLE,DUVAL,,,,PUBLIC SCHOOL,,,,,,,,,"-81.51606133,30.22400604",-81.51606133,30.22400604,,,,,,
JACKSONVILLE,DUVAL,,,,PUBLIC SCHOOL,,,,,,,,,"-81.72175265,30.32352946",-81.72175265,30.32352946,,,,,,
JACKSONVILLE,DUVAL,,,,PUBLIC SCHOOL,,,,,,,,,"-81.63125978,30.46746897",-81.63125978,30.46746897,,,,,,
JACKSONVILLE,DUVAL,,,,PUBLIC SCHOOL,,,,,,,,,"-81.57019960,30.32121614",-81.57019960,30.32121614,,,,,,
JACKSONVILLE,DUVAL,,,,PUBLIC SCHOOL,,,,,,,,,"-81.69601118,30.30832322",-81.69601118,30.30832322,,,,,,
JACKSONVILLE,DUVAL,,,,PUBLIC SCHOOL,,,,,,,,,"-81.71053381,30.40132534",-81.71053381,30.40132534,,,,,,
JACKSONVILLE,DUVAL,,,,PUBLIC SCHOOL,,,,,,,,,"-81.72544742,30.27346675",-81.72544742,30.27346675,,,,,,
JACKSONVILLE,DUVAL,,,,PUBLIC SCHOOL,,,,,,,,,"-81.57641562,30.31320149",-81.57641562,30.31320149,,,,,,
JACKSONVILLE,DUVAL,,,,PUBLIC SCHOOL,,,,,,,,,"-81.63836272,30.34582445",-81.63836272,30.34582445,,,,,,
JACKSONVILLE,DUVAL,,,,PUBLIC SCHOOL,,,,,,,,,"-81.71720081,30.33609295",-81.71720081,30.33609295,,,,,,
JACKSONVILLE,DUVAL,,,,PUBLIC SCHOOL,,,,,,,,,"-81.75049327,30.25856537",-81.75049327,30.25856537,,,,,,
JACKSONVILLE,DUVAL,,,,PUBLIC SCHOOL,,,,,,,,,"-81.63541921,30.30178082",-81.63541921,30.30178082,,,,,,
JACKSONVILLE,DUVAL,,,,PUBLIC SCHOOL,,,,,,,,,"-81.49074923,30.33271843",-81.49074923,30.33271843,,,,,,
JACKSONVILLE,DUVAL,,,,PUBLIC SCHOOL,,,,,,,,,"-81.58507320,30.30162921",-81.58507320,30.30162921,,,,,,
JACKSONVILLE,DUVAL,,,,PUBLIC SCHOOL,,,,,,,,,"-81.59754496,30.27280497",-81.59754496,30.27280497,,,,,,
JACKSONVILLE,DUVAL,,,,PUBLIC SCHOOL,,,,,,,,,"-81.59573988,30.36911737",-81.59573988,30.36911737,,,,,,
JACKSONVILLE,DUVAL,,,,PUBLIC SCHOOL,,,,,,,,,"-81.72433089,30.34509962",-81.72433089,30.34509962,,,,,,
JACKSONVILLE,DUVAL,,,,PUBLIC SCHOOL,,,,,,,,,"-81.55678990,30.32875811",-81.55678990,30.32875811,,,,,,
JACKSONVILLE,DUVAL,,,,PUBLIC SCHOOL,,,,,,,,,"-81.59560024,30.27134309",-81.59560024,30.27134309,,,,,,
JACKSONVILLE,DUVAL,,,,PUBLIC SCHOOL,,,,,,,,,"-81.72825478,30.34246529",-81.72825478,30.34246529,,,,,,
JACKSONVILLE,DUVAL,,,,PUBLIC SCHOOL,,,,,,,,,"-81.47743930,30.32276042",-81.47743930,30.32276042,,,,,,
JACKSONVILLE,DUVAL,,,,PUBLIC SCHOOL,,,,,,,,,"-81.67686706,30.36785851",-81.67686706,30.36785851,,,,,,
JACKSONVILLE,DUVAL,,,,PUBLIC SCHOOL,,,,,,,,,"-81.70370001,30.30719999",-81.70370001,30.30719999,,,,,,
JACKSONVILLE,DUVAL,,,,PUBLIC SCHOOL,,,,,,,,,"-81.63789838,30.28058067",-81.63789838,30.28058067,,,,,,
JACKSONVILLE,DUVAL,,,,PUBLIC SCHOOL,,,,,,,,,"-81.80823776,30.24697686",-81.80823776,30.24697686,,,,,,
JACKSONVILLE,DUVAL,,,,PUBLIC SCHOOL,,,,,,,,,"-81.58740001,30.18989998",-81.58740001,30.18989998,,,,,,
JACKSONVILLE,DUVAL,,,,PUBLIC SCHOOL,,,,,,,,,"-81.57278593,30.33997402",-81.57278593,30.33997402,,,,,,
JACKSONVILLE,DUVAL,,,,PUBLIC SCHOOL,,,,,,,,,"-81.69016457,30.35339318",-81.69016457,30.35339318,,,,,,
JACKSONVILLE,DUVAL,,,,PUBLIC SCHOOL,,,,,,,,,"-81.71060047,30.38150839",-81.71060047,30.38150839,,,,,,
JACKSONVILLE,DUVAL,,,,PUBLIC SCHOOL,,,,,,,,,"-81.60848048,30.48275362",-81.60848048,30.48275362,,,,,,
JACKSONVILLE,DUVAL,,,,PUBLIC SCHOOL,,,,,,,,,"-81.65876946,30.34671685",-81.65876946,30.34671685,,,,,,
JACKSONVILLE,DUVAL,,,,PUBLIC SCHOOL,,,,,,,,,"-81.66101240,30.42329323",-81.66101240,30.42329323,,,,,,
JACKSONVILLE,DUVAL,,,,PUBLIC SCHOOL,,,,,,,,,"-81.55769416,30.36027928",-81.55769416,30.36027928,,,,,,
JACKSONVILLE,DUVAL,,,,PUBLIC SCHOOL,,,,,,,,,"-81.85229742,30.27900212",-81.85229742,30.27900212,,,,,,
JACKSONVILLE,DUVAL,,,,PUBLIC SCHOOL,,,,,,,,,"-81.68970754,30.33884290",-81.68970754,30.33884290,,,,,,
JACKSONVILLE,DUVAL,,,,PUBLIC SCHOOL,,,,,,,,,"-81.76780600,30.28930742",-81.76780600,30.28930742,,,,,,
JACKSONVILLE,DUVAL,,,,PUBLIC SCHOOL,,,,,,,,,"-81.65890980,30.33472696",-81.65890980,30.33472696,,,,,,
JACKSONVILLE,DUVAL,,,,PUBLIC SCHOOL,,,,,,,,,"-81.63000549,30.26531703",-81.63000549,30.26531703,,,,,,
JACKSONVILLE,DUVAL,,,,PUBLIC SCHOOL,,,,,,,,,"-81.73512988,30.29120323",-81.73512988,30.29120323,,,,,,
JACKSONVILLE,DUVAL,,,,PUBLIC SCHOOL,,,,,,,,,"-81.57227460,30.33682188",-81.57227460,30.33682188,,,,,,
JACKSONVILLE,DUVAL,,,,PUBLIC SCHOOL,,,,,,,,,"-81.58743307,30.47821826",-81.58743307,30.47821826,,,,,,
JACKSONVILLE,DUVAL,,,,PUBLIC SCHOOL,,,,,,,,,"-81.63821212,30.30025829",-81.63821212,30.30025829,,,,,,
JACKSONVILLE,DUVAL,,,,PUBLIC SCHOOL,,,,,,,,,"-81.68735479,30.34824073",-81.68735479,30.34824073,,,,,,
JACKSONVILLE,DUVAL,,,,PUBLIC SCHOOL,,,,,,,,,"-81.66591721,30.34621944",-81.66591721,30.34621944,,,,,,
JACKSONVILLE,DUVAL,,,,PUBLIC SCHOOL,,,,,,,,,"-81.67132328,30.45254915",-81.67132328,30.45254915,,,,,,
JACKSONVILLE,DUVAL,,,,PUBLIC SCHOOL,,,,,,,,,"-81.48735291,30.32354472",-81.48735291,30.32354472,,,,,,
JACKSONVILLE,DUVAL,,,,PUBLIC SCHOOL,,,,,,,,,"-81.69586400,30.32920125",-81.69586400,30.32920125,,,,,,
JACKSONVILLE,DUVAL,,,,PUBLIC SCHOOL,,,,,,,,,"-81.70708664,30.34252839",-81.70708664,30.34252839,,,,,,
JACKSONVILLE,DUVAL,,,,PUBLIC SCHOOL,,,,,,,,,"-81.48177484,30.30487021",-81.48177484,30.30487021,,,,,,
JACKSONVILLE,DUVAL,,,,PUBLIC SCHOOL,,,,,,,,,"-81.78821684,30.28478748",-81.78821684,30.28478748,,,,,,
JACKSONVILLE,DUVAL,,,,PUBLIC SCHOOL,,,,,,,,,"-81.51780450,30.29711209",-81.51780450,30.29711209,,,,,,
JACKSONVILLE,DUVAL,,,,PUBLIC SCHOOL,,,,,,,,,"-81.71986176,30.30717134",-81.71986176,30.30717134,,,,,,
JACKSONVILLE,DUVAL,,,,PUBLIC SCHOOL,,,,,,,,,"-81.70355093,30.26020644",-81.70355093,30.26020644,,,,,,
JACKSONVILLE,DUVAL,,,,PUBLIC SCHOOL,,,,,,,,,"-81.51570000,30.22109998",-81.51570000,30.22109998,,,,,,
JACKSONVILLE,DUVAL,,,,PUBLIC SCHOOL,,,,,,,,,"-81.97871859,30.30434594",-81.97871859,30.30434594,,,,,,
JACKSONVILLE,DUVAL,,,,PUBLIC SCHOOL,,,,,,,,,"-81.60254193,30.33216521",-81.60254193,30.33216521,,,,,,
JACKSONVILLE,DUVAL,,,,PUBLIC SCHOOL,,,,,,,,,"-81.48812138,30.34263468",-81.48812138,30.34263468,,,,,,
JACKSONVILLE,DUVAL,,,,PUBLIC SCHOOL,,,,,,,,,"-81.56013738,30.28773037",-81.56013738,30.28773037,,,,,,
JACKSONVILLE,DUVAL,,,,PUBLIC SCHOOL,,,,,,,,,"-81.68220594,30.43089167",-81.68220594,30.43089167,,,,,,
JACKSONVILLE,DUVAL,,,,PUBLIC SCHOOL,,,,,,,,,"-81.70794715,30.39028550",-81.70794715,30.39028550,,,,,,
JACKSONVILLE,DUVAL,,,,PUBLIC SCHOOL,,,,,,,,,"-81.65062406,30.29018869",-81.65062406,30.29018869,,,,,,
JACKSONVILLE,DUVAL,,,,PUBLIC SCHOOL,,,,,,,,,"-81.74658895,30.37218297",-81.74658895,30.37218297,,,,,,
JACKSONVILLE,DUVAL,,,,PUBLIC SCHOOL,,,,,,,,,"-81.74213323,30.26799960",-81.74213323,30.26799960,,,,,,
JACKSONVILLE,DUVAL,,,,PUBLIC SCHOOL,,,,,,,,,"-81.61884907,30.30026391",-81.61884907,30.30026391,,,,,,
JACKSONVILLE,DUVAL,,,,PUBLIC SCHOOL,,,,,,,,,"-81.67116601,30.39142430",-81.67116601,30.39142430,,,,,,
JACKSONVILLE,DUVAL,,,,PUBLIC SCHOOL,,,,,,,,,"-81.73958867,30.26075958",-81.73958867,30.26075958,,,,,,
JACKSONVILLE,DUVAL,,,,PUBLIC SCHOOL,,,,,,,,,"-81.56004961,30.35373209",-81.56004961,30.35373209,,,,,,
JACKSONVILLE,DUVAL,,,,PUBLIC SCHOOL,,,,,,,,,"-81.60750992,30.15857889",-81.60750992,30.15857889,,,,,,
JACKSONVILLE,DUVAL,,,,PUBLIC SCHOOL,,,,,,,,,"-81.82229431,30.25304059",-81.82229431,30.25304059,,,,,,
JACKSONVILLE,DUVAL,,,,PUBLIC SCHOOL,,,,,,,,,"-81.68194198,30.43426166",-81.68194198,30.43426166,,,,,,
JACKSONVILLE,DUVAL,,,,PUBLIC SCHOOL,,,,,,,,,"-81.74101514,30.22568150",-81.74101514,30.22568150,,,,,,
JACKSONVILLE,DUVAL,,,,PUBLIC SCHOOL,,,,,,,,,"-81.61539999,30.25110001",-81.61539999,30.25110001,,,,,,
JACKSONVILLE,DUVAL,,,,PUBLIC SCHOOL,,,,,,,,,"-81.63853952,30.34361077",-81.63853952,30.34361077,,,,,,
JACKSONVILLE,DUVAL,,,,PUBLIC SCHOOL,,,,,,,,,"-81.84798978,30.31209179",-81.84798978,30.31209179,,,,,,
JACKSONVILLE,DUVAL,,,,PUBLIC SCHOOL,,,,,,,,,"-81.60203765,30.30158834",-81.60203765,30.30158834,,,,,,
JACKSONVILLE,DUVAL,,,,PUBLIC SCHOOL,,,,,,,,,"-81.76644484,30.42560310",-81.76644484,30.42560310,,,,,,
JACKSONVILLE,DUVAL,,,,PUBLIC SCHOOL,,,,,,,,,"-81.77803033,30.30783004",-81.77803033,30.30783004,,,,,,
JACKSONVILLE,DUVAL,,,,PUBLIC SCHOOL,,,,,,,,,"-81.73274940,30.39110664",-81.73274940,30.39110664,,,,,,
JACKSONVILLE,DUVAL,,,,PUBLIC SCHOOL,,,,,,,,,"-81.66289580,30.36275482",-81.66289580,30.36275482,,,,,,
JACKSONVILLE,DUVAL,,,,PUBLIC SCHOOL,,,,,,,,,"-81.71044715,30.39301791",-81.71044715,30.39301791,,,,,,
JACKSONVILLE,DUVAL,,,,PUBLIC SCHOOL,,,,,,,,,"-81.59018816,30.28924355",-81.59018816,30.28924355,,,,,,
JACKSONVILLE,DUVAL,,,,PUBLIC SCHOOL,,,,,,,,,"-81.72605900,30.34255090",-81.72605900,30.34255090,,,,,,
JACKSONVILLE,DUVAL,,,,PUBLIC SCHOOL,,,,,,,,,"-81.50550794,30.20280022",-81.50550794,30.20280022,,,,,,
JACKSONVILLE,DUVAL,,,,PUBLIC SCHOOL,,,,,,,,,"-81.77418261,30.29264164",-81.77418261,30.29264164,,,,,,
JACKSONVILLE,DUVAL,,,,PUBLIC SCHOOL,,,,,,,,,"-81.58821513,30.35257316",-81.58821513,30.35257316,,,,,,
JACKSONVILLE,DUVAL,,,,PUBLIC SCHOOL,,,,,,,,,"-81.71944426,30.37448805",-81.71944426,30.37448805,,,,,,
JACKSONVILLE,DUVAL,,,,PUBLIC SCHOOL,,,,,,,,,"-81.68581855,30.37252296",-81.68581855,30.37252296,,,,,,
JACKSONVILLE,DUVAL,,,,PUBLIC SCHOOL,,,,,,,,,"-81.76131790,30.25487604",-81.76131790,30.25487604,,,,,,
JACKSONVILLE,DUVAL,,,,PUBLIC SCHOOL,,,,,,,,,"-81.61779726,30.30047395",-81.61779726,30.30047395,,,,,,
JACKSONVILLE,DUVAL,,,,PUBLIC SCHOOL,,,,,,,,,"-81.68002498,30.38928749",-81.68002498,30.38928749,,,,,,
JACKSONVILLE,DUVAL,,,,PUBLIC SCHOOL,,,,,,,,,"-81.69510553,30.37105916",-81.69510553,30.37105916,,,,,,
JACKSONVILLE,DUVAL,,,,PUBLIC SCHOOL,,,,,,,,,"-81.58600000,30.23262589",-81.58600000,30.23262589,,,,,,
JACKSONVILLE,DUVAL,,,,PUBLIC SCHOOL,,,,,,,,,"-81.70585965,30.39133575",-81.70585965,30.39133575,,,,,,
JACKSONVILLE,DUVAL,,,,PUBLIC SCHOOL,,,,,,,,,"-81.69414580,30.24723235",-81.69414580,30.24723235,,,,,,
FORT PIERCE,ST. LUCIE,,,,PUBLIC SCHOOL,,,,,,,,,"-80.37609388,27.46411772",-80.37609388,27.46411772,,,,,,
FORT PIERCE,ST. LUCIE,,,,PUBLIC SCHOOL,,,,,,,,,"-80.43881203,27.43246353",-80.43881203,27.43246353,,,,,,
FORT PIERCE,ST. LUCIE,,,,PUBLIC SCHOOL,,,,,,,,,"-80.33664139,27.42926631",-80.33664139,27.42926631,,,,,,
FORT PIERCE,ST. LUCIE,,,,PUBLIC SCHOOL,,,,,,,,,"-80.31581122,27.38267608",-80.31581122,27.38267608,,,,,,
FORT PIERCE,ST. LUCIE,,,,PUBLIC SCHOOL,,,,,,,,,"-80.33659604,27.42697233",-80.33659604,27.42697233,,,,,,
FORT PIERCE,ST. LUCIE,,,,PUBLIC SCHOOL,,,,,,,,,"-80.35140650,27.40669664",-80.35140650,27.40669664,,,,,,
FORT PIERCE,ST. LUCIE,,,,PUBLIC SCHOOL,,,,,,,,,"-80.37662522,27.45901403",-80.37662522,27.45901403,,,,,,
FORT PIERCE,ST. LUCIE,,,,PUBLIC SCHOOL,,,,,,,,,"-80.33727678,27.39467650",-80.33727678,27.39467650,,,,,,
FORT PIERCE,ST. LUCIE,,,,PUBLIC SCHOOL,,,,,,,,,"-80.38154502,27.42449213",-80.38154502,27.42449213,,,,,,
FORT PIERCE,ST. LUCIE,,,,PUBLIC SCHOOL,,,,,,,,,"-80.36232609,27.42498296",-80.36232609,27.42498296,,,,,,
FORT PIERCE,ST. LUCIE,,,,PUBLIC SCHOOL,,,,,,,,,"-80.35196697,27.39110026",-80.35196697,27.39110026,,,,,,
FORT PIERCE,ST. LUCIE,,,,PUBLIC SCHOOL,,,,,,,,,"-80.33817112,27.46600426",-80.33817112,27.46600426,,,,,,
FORT PIERCE,ST. LUCIE,,,,PUBLIC SCHOOL,,,,,,,,,"-80.34399553,27.45928576",-80.34399553,27.45928576,,,,,,
FORT PIERCE,ST. LUCIE,,,,PUBLIC SCHOOL,,,,,,,,,"-80.35741178,27.42861321",-80.35741178,27.42861321,,,,,,
FORT PIERCE,ST. LUCIE,,,,PUBLIC SCHOOL,,,,,,,,,"-80.33469036,27.42963803",-80.33469036,27.42963803,,,,,,
FORT PIERCE,ST. LUCIE,,,,PUBLIC SCHOOL,,,,,,,,,"-80.40344939,27.52240648",-80.40344939,27.52240648,,,,,,
FORT PIERCE,ST. LUCIE,,,,PUBLIC SCHOOL,,,,,,,,,"-80.33442732,27.44401417",-80.33442732,27.44401417,,,,,,
FORT PIERCE,ST. LUCIE,,,,PUBLIC SCHOOL,,,,,,,,,"-80.33652209,27.43315399",-80.33652209,27.43315399,,,,,,
FORT PIERCE,ST. LUCIE,,,,PUBLIC SCHOOL,,,,,,,,,"-80.35463833,27.45763467",-80.35463833,27.45763467,,,,,,
FORT PIERCE,ST. LUCIE,,,,PUBLIC SCHOOL,,,,,,,,,"-80.36611536,27.38369535",-80.36611536,27.38369535,,,,,,
FORT PIERCE,ST. LUCIE,,,,PUBLIC SCHOOL,,,,,,,,,"-80.34657967,27.42912111",-80.34657967,27.42912111,,,,,,
FORT PIERCE,ST. LUCIE,,,,PUBLIC SCHOOL,,,,,,,,,"-80.35480316,27.44332948",-80.35480316,27.44332948,,,,,,
FORT PIERCE,ST. LUCIE,,,,PUBLIC SCHOOL,,,,,,,,,"-80.33510834,27.37159221",-80.33510834,27.37159221,,,,,,
SAINT AUGUSTINE,ST. JOHNS,,,,PUBLIC SCHOOL,,,,,,,,,"-81.49763841,29.92189772",-81.49763841,29.92189772,,,,,,
SAINT AUGUSTINE,ST. JOHNS,,,,PUBLIC SCHOOL,,,,,,,,,"-81.34040955,29.87191196",-81.34040955,29.87191196,,,,,,
SAINT AUGUSTINE,ST. JOHNS,,,,PUBLIC SCHOOL,,,,,,,,,"-81.31829201,29.91397786",-81.31829201,29.91397786,,,,,,
SAINT AUGUSTINE,ST. JOHNS,,,,PUBLIC SCHOOL,,,,,,,,,"-81.33499954,29.91805335",-81.33499954,29.91805335,,,,,,
SAINT AUGUSTINE,ST. JOHNS,,,,PUBLIC SCHOOL,,,,,,,,,"-81.31491849,29.88692862",-81.31491849,29.88692862,,,,,,
SAINT AUGUSTINE,ST. JOHNS,,,,PUBLIC SCHOOL,,,,,,,,,"-81.39531851,30.11544920",-81.39531851,30.11544920,,,,,,
SAINT AUGUSTINE,ST. JOHNS,,,,PUBLIC SCHOOL,,,,,,,,,"-81.31858014,29.90741360",-81.31858014,29.90741360,,,,,,
SAINT AUGUSTINE,ST. JOHNS,,,,PUBLIC SCHOOL,,,,,,,,,"-81.50227232,29.94522448",-81.50227232,29.94522448,,,,,,
SAINT AUGUSTINE,ST. JOHNS,,,,PUBLIC SCHOOL,,,,,,,,,"-81.34168963,29.92446349",-81.34168963,29.92446349,,,,,,
SAINT AUGUSTINE,ST. JOHNS,,,,PUBLIC SCHOOL,,,,,,,,,"-81.33274090,29.75615327",-81.33274090,29.75615327,,,,,,
SAINT AUGUSTINE,ST. JOHNS,,,,PUBLIC SCHOOL,,,,,,,,,"-81.32927168,29.88736517",-81.32927168,29.88736517,,,,,,
SAINT AUGUSTINE,ST. JOHNS,,,,PUBLIC SCHOOL,,,,,,,,,"-81.34537713,29.92284405",-81.34537713,29.92284405,,,,,,
SAINT AUGUSTINE,ST. JOHNS,,,,PUBLIC SCHOOL,,,,,,,,,"-81.33942409,29.94208893",-81.33942409,29.94208893,,,,,,
SAINT AUGUSTINE,ST. JOHNS,,,,PUBLIC SCHOOL,,,,,,,,,"-81.31751050,29.89701745",-81.31751050,29.89701745,,,,,,
SAINT AUGUSTINE,ST. JOHNS,,,,PUBLIC SCHOOL,,,,,,,,,"-81.31584800,29.89781645",-81.31584800,29.89781645,,,,,,
SAINT AUGUSTINE,ST. JOHNS,,,,PUBLIC SCHOOL,,,,,,,,,"-81.31091476,29.78897763",-81.31091476,29.78897763,,,,,,
SAINT AUGUSTINE,ST. JOHNS,,,,PUBLIC SCHOOL,,,,,,,,,"-81.56563196,30.04369156",-81.56563196,30.04369156,,,,,,
SAINT AUGUSTINE,ST. JOHNS,,,,PUBLIC SCHOOL,,,,,,,,,"-81.49101875,29.96566822",-81.49101875,29.96566822,,,,,,
SAINT AUGUSTINE,ST. JOHNS,,,,PUBLIC SCHOOL,,,,,,,,,"-81.33726683,29.90638287",-81.33726683,29.90638287,,,,,,
SAINT AUGUSTINE,ST. JOHNS,,,,PUBLIC SCHOOL,,,,,,,,,"-81.44795111,30.08129997",-81.44795111,30.08129997,,,,,,
SAINT AUGUSTINE,ST. JOHNS,,,,PUBLIC SCHOOL,,,,,,,,,"-81.34805760,29.89262867",-81.34805760,29.89262867,,,,,,
SAINT AUGUSTINE,ST. JOHNS,,,,PUBLIC SCHOOL,,,,,,,,,"-81.28864802,29.88421344",-81.28864802,29.88421344,,,,,,
SAINT AUGUSTINE,ST. JOHNS,,,,PUBLIC SCHOOL,,,,,,,,,"-81.52326279,29.97249282",-81.52326279,29.97249282,,,,,,
SAINT AUGUSTINE,ST. JOHNS,,,,PUBLIC SCHOOL,,,,,,,,,"-81.31152556,29.77308357",-81.31152556,29.77308357,,,,,,
SAINT AUGUSTINE,ST. JOHNS,,,,PUBLIC SCHOOL,,,,,,,,,"-81.35515220,29.89222902",-81.35515220,29.89222902,,,,,,
PALM COAST ,FLAGLER,,,,PUBLIC SCHOOL,,,,,,,,,,,,,,,,,
PENSACOLA,ESCAMBIA,,,,PUBLIC SCHOOL,,,,,,,,,"-87.24189969,30.42350061",-87.24189969,30.42350061,,,,,,
PENSACOLA,ESCAMBIA,,,,PUBLIC SCHOOL,,,,,,,,,"-87.26819056,30.55220212",-87.26819056,30.55220212,,,,,,
PENSACOLA,ESCAMBIA,,,,PUBLIC SCHOOL,,,,,,,,,"-87.31203747,30.53051952",-87.31203747,30.53051952,,,,,,
PENSACOLA,ESCAMBIA,,,,PUBLIC SCHOOL,,,,,,,,,"-87.26893019,30.55563868",-87.26893019,30.55563868,,,,,,
PENSACOLA,ESCAMBIA,,,,PUBLIC SCHOOL,,,,,,,,,"-87.18291113,30.42691906",-87.18291113,30.42691906,,,,,,
PENSACOLA,ESCAMBIA,,,,PUBLIC SCHOOL,,,,,,,,,"-87.27012456,30.51587707",-87.27012456,30.51587707,,,,,,
PENSACOLA,ESCAMBIA,,,,PUBLIC SCHOOL,,,,,,,,,"-87.29520012,30.48803737",-87.29520012,30.48803737,,,,,,
PENSACOLA,ESCAMBIA,,,,PUBLIC SCHOOL,,,,,,,,,"-87.30638238,30.46762240",-87.30638238,30.46762240,,,,,,
PENSACOLA,ESCAMBIA,,,,PUBLIC SCHOOL,,,,,,,,,"-87.25826820,30.43551408",-87.25826820,30.43551408,,,,,,
PENSACOLA,ESCAMBIA,,,,PUBLIC SCHOOL,,,,,,,,,"-87.26900411,30.54867205",-87.26900411,30.54867205,,,,,,
PENSACOLA,ESCAMBIA,,,,PUBLIC SCHOOL,,,,,,,,,"-87.17716884,30.48947858",-87.17716884,30.48947858,,,,,,
PENSACOLA,ESCAMBIA,,,,PUBLIC SCHOOL,,,,,,,,,"-87.40779403,30.34555420",-87.40779403,30.34555420,,,,,,
PENSACOLA,ESCAMBIA,,,,PUBLIC SCHOOL,,,,,,,,,"-87.25050804,30.51710275",-87.25050804,30.51710275,,,,,,
PENSACOLA,ESCAMBIA,,,,PUBLIC SCHOOL,,,,,,,,,"-87.22213387,30.44688112",-87.22213387,30.44688112,,,,,,
PENSACOLA,ESCAMBIA,,,,PUBLIC SCHOOL,,,,,,,,,"-87.27711772,30.39107056",-87.27711772,30.39107056,,,,,,
PENSACOLA,ESCAMBIA,,,,PUBLIC SCHOOL,,,,,,,,,"-87.25823476,30.45415095",-87.25823476,30.45415095,,,,,,
PENSACOLA,ESCAMBIA,,,,PUBLIC SCHOOL,,,,,,,,,"-87.28562544,30.39293589",-87.28562544,30.39293589,,,,,,
PENSACOLA,ESCAMBIA,,,,PUBLIC SCHOOL,,,,,,,,,"-87.27322523,30.40467312",-87.27322523,30.40467312,,,,,,
PENSACOLA,ESCAMBIA,,,,PUBLIC SCHOOL,,,,,,,,,"-87.23363246,30.43155277",-87.23363246,30.43155277,,,,,,
PENSACOLA,ESCAMBIA,,,,PUBLIC SCHOOL,,,,,,,,,"-87.40448840,30.34592687",-87.40448840,30.34592687,,,,,,
PENSACOLA,ESCAMBIA,,,,PUBLIC SCHOOL,,,,,,,,,"-87.20570001,30.48750000",-87.20570001,30.48750000,,,,,,
PENSACOLA,ESCAMBIA,,,,PUBLIC SCHOOL,,,,,,,,,"-87.21940835,30.41189897",-87.21940835,30.41189897,,,,,,
PENSACOLA,ESCAMBIA,,,,PUBLIC SCHOOL,,,,,,,,,"-87.23970310,30.46251547",-87.23970310,30.46251547,,,,,,
PENSACOLA,ESCAMBIA,,,,PUBLIC SCHOOL,,,,,,,,,"-87.23520907,30.43849265",-87.23520907,30.43849265,,,,,,
PENSACOLA,ESCAMBIA,,,,PUBLIC SCHOOL,,,,,,,,,"-87.38149378,30.53108422",-87.38149378,30.53108422,,,,,,
PENSACOLA,ESCAMBIA,,,,PUBLIC SCHOOL,,,,,,,,,"-87.29247922,30.48740903",-87.29247922,30.48740903,,,,,,
PENSACOLA,ESCAMBIA,,,,PUBLIC SCHOOL,,,,,,,,,"-87.19805469,30.51365552",-87.19805469,30.51365552,,,,,,
PENSACOLA,ESCAMBIA,,,,PUBLIC SCHOOL,,,,,,,,,"-87.29073900,30.48754936",-87.29073900,30.48754936,,,,,,
PENSACOLA,ESCAMBIA,,,,PUBLIC SCHOOL,,,,,,,,,"-87.31671323,30.44845296",-87.31671323,30.44845296,,,,,,
PENSACOLA,ESCAMBIA,,,,PUBLIC SCHOOL,,,,,,,,,"-87.24343166,30.44077874",-87.24343166,30.44077874,,,,,,
PENSACOLA,ESCAMBIA,,,,PUBLIC SCHOOL,,,,,,,,,"-87.28144489,30.38996939",-87.28144489,30.38996939,,,,,,
PENSACOLA,ESCAMBIA,,,,PUBLIC SCHOOL,,,,,,,,,"-87.28525319,30.54293518",-87.28525319,30.54293518,,,,,,
PENSACOLA,ESCAMBIA,,,,PUBLIC SCHOOL,,,,,,,,,"-87.23993075,30.48264720",-87.23993075,30.48264720,,,,,,
PENSACOLA,ESCAMBIA,,,,PUBLIC SCHOOL,,,,,,,,,"-87.26942422,30.54984682",-87.26942422,30.54984682,,,,,,
PENSACOLA,ESCAMBIA,,,,PUBLIC SCHOOL,,,,,,,,,"-87.20736723,30.45050606",-87.20736723,30.45050606,,,,,,
PENSACOLA,ESCAMBIA,,,,PUBLIC SCHOOL,,,,,,,,,"-87.35749999,30.50509999",-87.35749999,30.50509999,,,,,,
PENSACOLA,ESCAMBIA,,,,PUBLIC SCHOOL,,,,,,,,,"-87.29662799,30.42312599",-87.29662799,30.42312599,,,,,,
PENSACOLA,ESCAMBIA,,,,PUBLIC SCHOOL,,,,,,,,,"-87.24917299,30.49930582",-87.24917299,30.49930582,,,,,,
PENSACOLA,ESCAMBIA,,,,PUBLIC SCHOOL,,,,,,,,,"-87.22478449,30.43472815",-87.22478449,30.43472815,,,,,,
PENSACOLA,ESCAMBIA,,,,PUBLIC SCHOOL,,,,,,,,,"-87.29317746,30.40617667",-87.29317746,30.40617667,,,,,,
PENSACOLA,ESCAMBIA,,,,PUBLIC SCHOOL,,,,,,,,,"-87.21650000,30.51409999",-87.21650000,30.51409999,,,,,,
PENSACOLA,ESCAMBIA,,,,PUBLIC SCHOOL,,,,,,,,,"-87.29047592,30.43605456",-87.29047592,30.43605456,,,,,,
PENSACOLA,ESCAMBIA,,,,PUBLIC SCHOOL,,,,,,,,,"-87.23320788,30.43100112",-87.23320788,30.43100112,,,,,,
PENSACOLA,ESCAMBIA,,,,PUBLIC SCHOOL,,,,,,,,,"-87.28300311,30.42117113",-87.28300311,30.42117113,,,,,,
PENSACOLA,ESCAMBIA,,,,PUBLIC SCHOOL,,,,,,,,,"-87.35844356,30.38618672",-87.35844356,30.38618672,,,,,,
PENSACOLA,ESCAMBIA,,,,PUBLIC SCHOOL,,,,,,,,,"-87.22200563,30.45011902",-87.22200563,30.45011902,,,,,,
PENSACOLA,ESCAMBIA,,,,PUBLIC SCHOOL,,,,,,,,,"-87.24345257,30.41467087",-87.24345257,30.41467087,,,,,,
PENSACOLA,ESCAMBIA,,,,PUBLIC SCHOOL,,,,,,,,,"-87.21187130,30.48417134",-87.21187130,30.48417134,,,,,,
PENSACOLA,ESCAMBIA,,,,PUBLIC SCHOOL,,,,,,,,,"-87.29850327,30.42730316",-87.29850327,30.42730316,,,,,,
PENSACOLA,ESCAMBIA,,,,PUBLIC SCHOOL,,,,,,,,,"-87.30456952,30.46451556",-87.30456952,30.46451556,,,,,,
PENSACOLA,ESCAMBIA,,,,PUBLIC SCHOOL,,,,,,,,,"-87.29035108,30.38877702",-87.29035108,30.38877702,,,,,,
PENSACOLA,ESCAMBIA,,,,PUBLIC SCHOOL,,,,,,,,,"-87.23654459,30.44249834",-87.23654459,30.44249834,,,,,,
PENSACOLA,ESCAMBIA,,,,PUBLIC SCHOOL,,,,,,,,,"-87.29929998,30.48850002",-87.29929998,30.48850002,,,,,,
PENSACOLA,ESCAMBIA,,,,PUBLIC SCHOOL,,,,,,,,,"-87.20662778,30.48584454",-87.20662778,30.48584454,,,,,,
PENSACOLA,ESCAMBIA,,,,PUBLIC SCHOOL,,,,,,,,,"-87.28424016,30.43144662",-87.28424016,30.43144662,,,,,,
PENSACOLA,ESCAMBIA,,,,PUBLIC SCHOOL,,,,,,,,,"-87.27700819,30.50741342",-87.27700819,30.50741342,,,,,,
PENSACOLA,ESCAMBIA,,,,PUBLIC SCHOOL,,,,,,,,,"-87.20065514,30.43137042",-87.20065514,30.43137042,,,,,,
PENSACOLA,ESCAMBIA,,,,PUBLIC SCHOOL,,,,,,,,,"-87.34131113,30.36088702",-87.34131113,30.36088702,,,,,,
PENSACOLA,ESCAMBIA,,,,PUBLIC SCHOOL,,,,,,,,,"-87.20285599,30.42903879",-87.20285599,30.42903879,,,,,,
PENSACOLA,ESCAMBIA,,,,PUBLIC SCHOOL,,,,,,,,,"-87.19363001,30.46245649",-87.19363001,30.46245649,,,,,,
MIDDLEBURG,CLAY,,,,PUBLIC SCHOOL,,,,,,,,,,,,,,,,,
MIDDLEBURG,CLAY,,,,PUBLIC SCHOOL,,,,,,,,,"-81.81316558,30.01527769",-81.81316558,30.01527769,,,,,,
MIDDLEBURG,CLAY,,,,PUBLIC SCHOOL,,,,,,,,,"-81.85123334,30.08885173",-81.85123334,30.08885173,,,,,,
MIDDLEBURG,CLAY,,,,PUBLIC SCHOOL,,,,,,,,,"-81.94072948,30.08178121",-81.94072948,30.08178121,,,,,,
MIDDLEBURG,CLAY,,,,PUBLIC SCHOOL,,,,,,,,,"-81.80686747,30.09307275",-81.80686747,30.09307275,,,,,,
MIDDLEBURG,CLAY,,,,PUBLIC SCHOOL,,,,,,,,,"-81.74870001,30.09690000",-81.74870001,30.09690000,,,,,,
MIDDLEBURG,CLAY,,,,PUBLIC SCHOOL,,,,,,,,,"-81.84065201,30.17862500",-81.84065201,30.17862500,,,,,,
MIDDLEBURG,CLAY,,,,PUBLIC SCHOOL,,,,,,,,,"-81.83936353,30.17471215",-81.83936353,30.17471215,,,,,,
MIDDLEBURG,CLAY,,,,PUBLIC SCHOOL,,,,,,,,,"-81.86476997,30.06857389",-81.86476997,30.06857389,,,,,,
MIDDLEBURG,CLAY,,,,PUBLIC SCHOOL,,,,,,,,,"-81.84560641,30.11873320",-81.84560641,30.11873320,,,,,,
MIDDLEBURG,CLAY,,,,PUBLIC SCHOOL,,,,,,,,,"-81.77979425,30.10110428",-81.77979425,30.10110428,,,,,,
MIDDLEBURG,CLAY,,,,PUBLIC SCHOOL,,,,,,,,,"-81.81409650,30.10150957",-81.81409650,30.10150957,,,,,,
MIDDLEBURG,CLAY,,,,PUBLIC SCHOOL,,,,,,,,,"-81.83390887,30.16977242",-81.83390887,30.16977242,,,,,,
MIDDLEBURG,CLAY,,,,PUBLIC SCHOOL,,,,,,,,,"-81.94424449,30.08307785",-81.94424449,30.08307785,,,,,,
POMPANO BEACH,BROWARD,,,,PUBLIC SCHOOL,,,,,,,,,"-80.25259882,26.23352554",-80.25259882,26.23352554,,,,,,
POMPANO BEACH,BROWARD,,,,PUBLIC SCHOOL,,,,,,,,,"-80.20517112,26.26929031",-80.20517112,26.26929031,,,,,,
POMPANO BEACH,BROWARD,,,,PUBLIC SCHOOL,,,,,,,,,"-80.22127368,26.21921788",-80.22127368,26.21921788,,,,,,
POMPANO BEACH,BROWARD,,,,PUBLIC SCHOOL,,,,,,,,,"-80.13514491,26.22549044",-80.13514491,26.22549044,,,,,,
POMPANO BEACH,BROWARD,,,,PUBLIC SCHOOL,,,,,,,,,"-80.26976065,26.31891354",-80.26976065,26.31891354,,,,,,
POMPANO BEACH,BROWARD,,,,PUBLIC SCHOOL,,,,,,,,,"-80.15426370,26.25311543",-80.15426370,26.25311543,,,,,,
POMPANO BEACH,BROWARD,,,,PUBLIC SCHOOL,,,,,,,,,"-80.28253404,26.30054208",-80.28253404,26.30054208,,,,,,
POMPANO BEACH,BROWARD,,,,PUBLIC SCHOOL,,,,,,,,,"-80.22814711,26.22476959",-80.22814711,26.22476959,,,,,,
POMPANO BEACH,BROWARD,,,,PUBLIC SCHOOL,,,,,,,,,"-80.21122985,26.23647384",-80.21122985,26.23647384,,,,,,
POMPANO BEACH,BROWARD,,,,PUBLIC SCHOOL,,,,,,,,,"-80.10997600,26.23748772",-80.10997600,26.23748772,,,,,,
POMPANO BEACH,BROWARD,,,,PUBLIC SCHOOL,,,,,,,,,"-80.26751245,26.29684767",-80.26751245,26.29684767,,,,,,
POMPANO BEACH,BROWARD,,,,PUBLIC SCHOOL,,,,,,,,,"-80.10990683,26.27227453",-80.10990683,26.27227453,,,,,,
POMPANO BEACH,BROWARD,,,,PUBLIC SCHOOL,,,,,,,,,"-80.13866718,26.27275748",-80.13866718,26.27275748,,,,,,
POMPANO BEACH,BROWARD,,,,PUBLIC SCHOOL,,,,,,,,,"-80.19723830,26.31125852",-80.19723830,26.31125852,,,,,,
POMPANO BEACH,BROWARD,,,,PUBLIC SCHOOL,,,,,,,,,"-80.25791606,26.24484140",-80.25791606,26.24484140,,,,,,
POMPANO BEACH,BROWARD,,,,PUBLIC SCHOOL,,,,,,,,,"-80.23066830,26.27364453",-80.23066830,26.27364453,,,,,,
POMPANO BEACH,BROWARD,,,,PUBLIC SCHOOL,,,,,,,,,"-80.22723676,26.21388298",-80.22723676,26.21388298,,,,,,
POMPANO BEACH,BROWARD,,,,PUBLIC SCHOOL,,,,,,,,,"-80.14423741,26.24660141",-80.14423741,26.24660141,,,,,,
POMPANO BEACH,BROWARD,,,,PUBLIC SCHOOL,,,,,,,,,"-80.19315459,26.28498570",-80.19315459,26.28498570,,,,,,
POMPANO BEACH,BROWARD,,,,PUBLIC SCHOOL,,,,,,,,,"-80.17868741,26.29449489",-80.17868741,26.29449489,,,,,,
POMPANO BEACH,BROWARD,,,,PUBLIC SCHOOL,,,,,,,,,"-80.12413685,26.27861586",-80.12413685,26.27861586,,,,,,
POMPANO BEACH,BROWARD,,,,PUBLIC SCHOOL,,,,,,,,,"-80.24053505,26.26882238",-80.24053505,26.26882238,,,,,,
POMPANO BEACH,BROWARD,,,,PUBLIC SCHOOL,,,,,,,,,"-80.22043207,26.27366027",-80.22043207,26.27366027,,,,,,
POMPANO BEACH,BROWARD,,,,PUBLIC SCHOOL,,,,,,,,,"-80.10408875,26.23082589",-80.10408875,26.23082589,,,,,,
POMPANO BEACH,BROWARD,,,,PUBLIC SCHOOL,,,,,,,,,"-80.10900977,26.21424910",-80.10900977,26.21424910,,,,,,
POMPANO BEACH,BROWARD,,,,PUBLIC SCHOOL,,,,,,,,,"-80.28135846,26.29669500",-80.28135846,26.29669500,,,,,,
POMPANO BEACH,BROWARD,,,,PUBLIC SCHOOL,,,,,,,,,"-80.26870635,26.30443365",-80.26870635,26.30443365,,,,,,
POMPANO BEACH,BROWARD,,,,PUBLIC SCHOOL,,,,,,,,,"-80.20229514,26.26469272",-80.20229514,26.26469272,,,,,,
POMPANO BEACH,BROWARD,,,,PUBLIC SCHOOL,,,,,,,,,,,,,,,,,
POMPANO BEACH,BROWARD,,,,PUBLIC SCHOOL,,,,,,,,,"-80.21901979,26.23352753",-80.21901979,26.23352753,,,,,,
POMPANO BEACH,BROWARD,,,,PUBLIC SCHOOL,,,,,,,,,"-80.16276248,26.24086769",-80.16276248,26.24086769,,,,,,
POMPANO BEACH,BROWARD,,,,PUBLIC SCHOOL,,,,,,,,,"-80.29479643,26.26353521",-80.29479643,26.26353521,,,,,,
POMPANO BEACH,BROWARD,,,,PUBLIC SCHOOL,,,,,,,,,"-80.19358289,26.25900912",-80.19358289,26.25900912,,,,,,
POMPANO BEACH,BROWARD,,,,PUBLIC SCHOOL,,,,,,,,,"-80.11101231,26.22971523",-80.11101231,26.22971523,,,,,,
POMPANO BEACH,BROWARD,,,,PUBLIC SCHOOL,,,,,,,,,"-80.23862065,26.23683832",-80.23862065,26.23683832,,,,,,
POMPANO BEACH,BROWARD,,,,PUBLIC SCHOOL,,,,,,,,,"-80.26288861,26.26779397",-80.26288861,26.26779397,,,,,,
POMPANO BEACH,BROWARD,,,,PUBLIC SCHOOL,,,,,,,,,"-80.13280002,26.24140002",-80.13280002,26.24140002,,,,,,
POMPANO BEACH,BROWARD,,,,PUBLIC SCHOOL,,,,,,,,,"-80.11830833,26.27277076",-80.11830833,26.27277076,,,,,,
POMPANO BEACH,BROWARD,,,,PUBLIC SCHOOL,,,,,,,,,"-80.23813864,26.29908528",-80.23813864,26.29908528,,,,,,
POMPANO BEACH,BROWARD,,,,PUBLIC SCHOOL,,,,,,,,,"-80.12800000,26.21889999",-80.12800000,26.21889999,,,,,,
POMPANO BEACH,BROWARD,,,,PUBLIC SCHOOL,,,,,,,,,"-80.19260982,26.24242205",-80.19260982,26.24242205,,,,,,
POMPANO BEACH,BROWARD,,,,PUBLIC SCHOOL,,,,,,,,,"-80.11385884,26.26296151",-80.11385884,26.26296151,,,,,,
POMPANO BEACH,BROWARD,,,,PUBLIC SCHOOL,,,,,,,,,"-80.10107901,26.28024056",-80.10107901,26.28024056,,,,,,
POMPANO BEACH,BROWARD,,,,PUBLIC SCHOOL,,,,,,,,,"-80.23909560,26.20525685",-80.23909560,26.20525685,,,,,,
POMPANO BEACH,BROWARD,,,,PUBLIC SCHOOL,,,,,,,,,"-80.13506056,26.27328755",-80.13506056,26.27328755,,,,,,
POMPANO BEACH,BROWARD,,,,PUBLIC SCHOOL,,,,,,,,,"-80.12008499,26.23579168",-80.12008499,26.23579168,,,,,,
POMPANO BEACH,BROWARD,,,,PUBLIC SCHOOL,,,,,,,,,"-80.22195245,26.21652208",-80.22195245,26.21652208,,,,,,
POMPANO BEACH,BROWARD,,,,PUBLIC SCHOOL,,,,,,,,,"-80.10847853,26.23671409",-80.10847853,26.23671409,,,,,,
POMPANO BEACH,BROWARD,,,,PUBLIC SCHOOL,,,,,,,,,"-80.29474906,26.27138131",-80.29474906,26.27138131,,,,,,
POMPANO BEACH,BROWARD,,,,PUBLIC SCHOOL,,,,,,,,,"-80.11698523,26.29538163",-80.11698523,26.29538163,,,,,,
POMPANO BEACH,BROWARD,,,,PUBLIC SCHOOL,,,,,,,,,"-80.12543576,26.22835762",-80.12543576,26.22835762,,,,,,
POMPANO BEACH,BROWARD,,,,PUBLIC SCHOOL,,,,,,,,,"-80.27936161,26.23264624",-80.27936161,26.23264624,,,,,,
POMPANO BEACH,BROWARD,,,,PUBLIC SCHOOL,,,,,,,,,"-80.16245784,26.24256287",-80.16245784,26.24256287,,,,,,
POMPANO BEACH,BROWARD,,,,PUBLIC SCHOOL,,,,,,,,,"-80.13310130,26.24833933",-80.13310130,26.24833933,,,,,,
POMPANO BEACH,BROWARD,,,,PUBLIC SCHOOL,,,,,,,,,"-80.24782023,26.27121549",-80.24782023,26.27121549,,,,,,
POMPANO BEACH,BROWARD,,,,PUBLIC SCHOOL,,,,,,,,,"-80.21070456,26.29153578",-80.21070456,26.29153578,,,,,,
POMPANO BEACH,BROWARD,,,,PUBLIC SCHOOL,,,,,,,,,"-80.21468625,26.28539401",-80.21468625,26.28539401,,,,,,
POMPANO BEACH,BROWARD,,,,PUBLIC SCHOOL,,,,,,,,,"-80.12390812,26.26299087",-80.12390812,26.26299087,,,,,,
POMPANO BEACH,BROWARD,,,,PUBLIC SCHOOL,,,,,,,,,"-80.22179002,26.32253285",-80.22179002,26.32253285,,,,,,
POMPANO BEACH,BROWARD,,,,PUBLIC SCHOOL,,,,,,,,,"-80.26449998,26.28633784",-80.26449998,26.28633784,,,,,,
POMPANO BEACH,BROWARD,,,,PUBLIC SCHOOL,,,,,,,,,"-80.22594861,26.21669383",-80.22594861,26.21669383,,,,,,
POMPANO BEACH,BROWARD,,,,PUBLIC SCHOOL,,,,,,,,,"-80.11050771,26.29497977",-80.11050771,26.29497977,,,,,,
POMPANO BEACH,BROWARD,,,,PUBLIC SCHOOL,,,,,,,,,"-80.28129340,26.29986458",-80.28129340,26.29986458,,,,,,
POMPANO BEACH,BROWARD,,,,PUBLIC SCHOOL,,,,,,,,,"-80.18317599,26.23729049",-80.18317599,26.23729049,,,,,,
POMPANO BEACH,BROWARD,,,,PUBLIC SCHOOL,,,,,,,,,"-80.27349549,26.30486448",-80.27349549,26.30486448,,,,,,
POMPANO BEACH,BROWARD,,,,PUBLIC SCHOOL,,,,,,,,,"-80.18174925,26.31126599",-80.18174925,26.31126599,,,,,,
POMPANO BEACH,BROWARD,,,,PUBLIC SCHOOL,,,,,,,,,"-80.20563975,26.21061098",-80.20563975,26.21061098,,,,,,
POMPANO BEACH,BROWARD,,,,PUBLIC SCHOOL,,,,,,,,,"-80.20966725,26.25095085",-80.20966725,26.25095085,,,,,,
POMPANO BEACH,BROWARD,,,,PUBLIC SCHOOL,,,,,,,,,"-80.27330631,26.32516024",-80.27330631,26.32516024,,,,,,
POMPANO BEACH,BROWARD,,,,PUBLIC SCHOOL,,,,,,,,,"-80.23905096,26.20662619",-80.23905096,26.20662619,,,,,,
POMPANO BEACH,BROWARD,,,,PUBLIC SCHOOL,,,,,,,,,"-80.27175851,26.27508613",-80.27175851,26.27508613,,,,,,
POMPANO BEACH,BROWARD,,,,PUBLIC SCHOOL,,,,,,,,,"-80.18407633,26.24650946",-80.18407633,26.24650946,,,,,,
POMPANO BEACH,BROWARD,,,,PUBLIC SCHOOL,,,,,,,,,"-80.10833409,26.23818358",-80.10833409,26.23818358,,,,,,
POMPANO BEACH,BROWARD,,,,PUBLIC SCHOOL,,,,,,,,,"-80.24429784,26.24815779",-80.24429784,26.24815779,,,,,,
POMPANO BEACH,BROWARD,,,,PUBLIC SCHOOL,,,,,,,,,"-80.12422154,26.28042466",-80.12422154,26.28042466,,,,,,
POMPANO BEACH,BROWARD,,,,PUBLIC SCHOOL,,,,,,,,,"-80.29051695,26.26017386",-80.29051695,26.26017386,,,,,,
CITY OF PALATKA,PUTNAM,,,,PUBLIC SCHOOL,,,,,,,,,"-81.64771924,29.63938431",-81.64771924,29.63938431,,,,,,
CITY OF PALATKA,PUTNAM,,,,PUBLIC SCHOOL,,,,,,,,,"-81.64941232,29.64081106",-81.64941232,29.64081106,,,,,,
SUNRISE,BROWARD,,,,PUBLIC SCHOOL,,,,,,,,,,,,,,,,,
SUNRISE,BROWARD,,,,PUBLIC SCHOOL,,,,,,,,,"-80.26847929,26.17495033",-80.26847929,26.17495033,,,,,,
PORT ST. LUCIE\t,ST. LUCIE,,,,PUBLIC SCHOOL,,,,,,,,,"-80.40650747,27.32034116",-80.40650747,27.32034116,,,,,,
ST AUGUSTINE,ST. JOHNS,,,,PUBLIC SCHOOL,,,,,,,,,"-81.31879418,29.90688897",-81.31879418,29.90688897,,,,,,
ST AUGUSTINE,ST. JOHNS,,,,PUBLIC SCHOOL,,,,,,,,,"-81.32931886,29.88776680",-81.32931886,29.88776680,,,,,,
ST AUGUSTINE,ST. JOHNS,,,,PUBLIC SCHOOL,,,,,,,,,"-81.31422203,29.89585966",-81.31422203,29.89585966,,,,,,
ST AUGUSTINE,ST. JOHNS,,,,PUBLIC SCHOOL,,,,,,,,,"-81.39077253,30.01879811",-81.39077253,30.01879811,,,,,,
ST AUGUSTINE,ST. JOHNS,,,,PUBLIC SCHOOL,,,,,,,,,"-81.40137618,29.92012339",-81.40137618,29.92012339,,,,,,
MARGATE,BROWARD,,,,PUBLIC SCHOOL,,,,,,,,,,,,,,,,,
PONTE VEDRA,ST. JOHNS,,,,PUBLIC SCHOOL,,,,,,,,,"-81.40777174,30.12059082",-81.40777174,30.12059082,,,,,,
DEFUNIAK SPRINGS,WALTON,,,,PUBLIC SCHOOL,,,,,,,,,,,,,,,,,
DEFUNIAK SPRINGS,WALTON,,,,PUBLIC SCHOOL,,,,,,,,,"-86.12817943,30.73212023",-86.12817943,30.73212023,,,,,,
DEFUNIAK SPRINGS,WALTON,,,,PUBLIC SCHOOL,,,,,,,,,"-86.12597966,30.74157744",-86.12597966,30.74157744,,,,,,
DEFUNIAK SPRINGS,WALTON,,,,PUBLIC SCHOOL,,,,,,,,,"-86.09834325,30.72083365",-86.09834325,30.72083365,,,,,,
DEFUNIAK SPRINGS,WALTON,,,,PUBLIC SCHOOL,,,,,,,,,"-86.11256690,30.71304555",-86.11256690,30.71304555,,,,,,
DEFUNIAK SPRINGS,WALTON,,,,PUBLIC SCHOOL,,,,,,,,,"-86.13740361,30.72329185",-86.13740361,30.72329185,,,,,,
DEFUNIAK SPRINGS,WALTON,,,,PUBLIC SCHOOL,,,,,,,,,"-86.16409100,30.73426005",-86.16409100,30.73426005,,,,,,
DEFUNIAK SPRINGS,WALTON,,,,PUBLIC SCHOOL,,,,,,,,,"-86.33052811,30.74371468",-86.33052811,30.74371468,,,,,,
DEFUNIAK SPRINGS,WALTON,,,,PUBLIC SCHOOL,,,,,,,,,"-86.09606654,30.72089913",-86.09606654,30.72089913,,,,,,
DEFUNIAK SPRINGS,WALTON,,,,PUBLIC SCHOOL,,,,,,,,,"-86.12570019,30.74819879",-86.12570019,30.74819879,,,,,,
BRANFORD,SUWANNEE,,,,PUBLIC SCHOOL,,,,,,,,,"-82.91850739,29.96393536",-82.91850739,29.96393536,,,,,,
BRANFORD,SUWANNEE,,,,PUBLIC SCHOOL,,,,,,,,,"-82.92465726,29.96397938",-82.92465726,29.96397938,,,,,,
TAMARAC,BROWARD,,,,PUBLIC SCHOOL,,,,,,,,,,,,,,,,,
TAMARAC,BROWARD,,,,PUBLIC SCHOOL,,,,,,,,,"-80.27061891,26.22550381",-80.27061891,26.22550381,,,,,,
TAMARAC,BROWARD,,,,PUBLIC SCHOOL,,,,,,,,,"-80.17050243,26.18391942",-80.17050243,26.18391942,,,,,,
TAMARAC,BROWARD,,,,PUBLIC SCHOOL,,,,,,,,,"-80.25421179,26.22716366",-80.25421179,26.22716366,,,,,,
LARGO,PINELLAS,,,,PUBLIC SCHOOL,,,,,,,,,,,,,,,,,
LARGO,PINELLAS,,,,PUBLIC SCHOOL,,,,,,,,,"-82.78440673,27.90830253",-82.78440673,27.90830253,,,,,,
LARGO,PINELLAS,,,,PUBLIC SCHOOL,,,,,,,,,"-82.74732787,27.89567325",-82.74732787,27.89567325,,,,,,
LARGO,PINELLAS,,,,PUBLIC SCHOOL,,,,,,,,,"-82.72405010,27.88096049",-82.72405010,27.88096049,,,,,,
LARGO,PINELLAS,,,,PUBLIC SCHOOL,,,,,,,,,"-82.72585827,27.87811347",-82.72585827,27.87811347,,,,,,
LARGO,PINELLAS,,,,PUBLIC SCHOOL,,,,,,,,,"-82.77989274,27.89228150",-82.77989274,27.89228150,,,,,,
LARGO,PINELLAS,,,,PUBLIC SCHOOL,,,,,,,,,"-82.82770000,27.86820002",-82.82770000,27.86820002,,,,,,
LARGO,PINELLAS,,,,PUBLIC SCHOOL,,,,,,,,,"-82.73646835,27.90050959",-82.73646835,27.90050959,,,,,,
LARGO,PINELLAS,,,,PUBLIC SCHOOL,,,,,,,,,"-82.80287886,27.89911051",-82.80287886,27.89911051,,,,,,
LARGO,PINELLAS,,,,PUBLIC SCHOOL,,,,,,,,,"-82.76543593,27.88100442",-82.76543593,27.88100442,,,,,,
LARGO,PINELLAS,,,,PUBLIC SCHOOL,,,,,,,,,"-82.79352744,27.91401658",-82.79352744,27.91401658,,,,,,
LARGO,PINELLAS,,,,PUBLIC SCHOOL,,,,,,,,,"-82.79008445,27.88683214",-82.79008445,27.88683214,,,,,,
LARGO,PINELLAS,,,,PUBLIC SCHOOL,,,,,,,,,"-82.78615000,27.92022843",-82.78615000,27.92022843,,,,,,
LARGO,PINELLAS,,,,PUBLIC SCHOOL,,,,,,,,,"-82.79711662,27.91247948",-82.79711662,27.91247948,,,,,,
LARGO,PINELLAS,,,,PUBLIC SCHOOL,,,,,,,,,"-82.76370101,27.88112527",-82.76370101,27.88112527,,,,,,
LARGO,PINELLAS,,,,PUBLIC SCHOOL,,,,,,,,,"-82.77591376,27.91525122",-82.77591376,27.91525122,,,,,,
LARGO,PINELLAS,,,,PUBLIC SCHOOL,,,,,,,,,"-82.83200000,27.88519999",-82.83200000,27.88519999,,,,,,
FORT LAUDERDALE,BROWARD,,,,PUBLIC SCHOOL,,,,,,,,,"-80.18442836,26.20180025",-80.18442836,26.20180025,,,,,,
FORT LAUDERDALE,BROWARD,,,,PUBLIC SCHOOL,,,,,,,,,"-80.22567696,26.15149645",-80.22567696,26.15149645,,,,,,
FORT LAUDERDALE,BROWARD,,,,PUBLIC SCHOOL,,,,,,,,,"-80.14612757,26.09854588",-80.14612757,26.09854588,,,,,,
FORT LAUDERDALE,BROWARD,,,,PUBLIC SCHOOL,,,,,,,,,"-80.23224780,26.08498425",-80.23224780,26.08498425,,,,,,
FORT LAUDERDALE,BROWARD,,,,PUBLIC SCHOOL,,,,,,,,,"-80.19149108,26.09541404",-80.19149108,26.09541404,,,,,,
FORT LAUDERDALE,BROWARD,,,,PUBLIC SCHOOL,,,,,,,,,"-80.14300846,26.13829918",-80.14300846,26.13829918,,,,,,
FORT LAUDERDALE,BROWARD,,,,PUBLIC SCHOOL,,,,,,,,,"-80.14342158,26.15844550",-80.14342158,26.15844550,,,,,,
FORT LAUDERDALE,BROWARD,,,,PUBLIC SCHOOL,,,,,,,,,"-80.17630574,26.10889584",-80.17630574,26.10889584,,,,,,
FORT LAUDERDALE,BROWARD,,,,PUBLIC SCHOOL,,,,,,,,,"-80.15296418,26.14074168",-80.15296418,26.14074168,,,,,,
FORT LAUDERDALE,BROWARD,,,,PUBLIC SCHOOL,,,,,,,,,"-80.14167727,26.19716960",-80.14167727,26.19716960,,,,,,
FORT LAUDERDALE,BROWARD,,,,PUBLIC SCHOOL,,,,,,,,,"-80.23204014,26.08144480",-80.23204014,26.08144480,,,,,,
FORT LAUDERDALE,BROWARD,,,,PUBLIC SCHOOL,,,,,,,,,"-80.23328193,26.07437571",-80.23328193,26.07437571,,,,,,
FORT LAUDERDALE,BROWARD,,,,PUBLIC SCHOOL,,,,,,,,,"-80.21399362,26.14456162",-80.21399362,26.14456162,,,,,,
FORT LAUDERDALE,BROWARD,,,,PUBLIC SCHOOL,,,,,,,,,"-80.17369678,26.15010413",-80.17369678,26.15010413,,,,,,
FORT LAUDERDALE,BROWARD,,,,PUBLIC SCHOOL,,,,,,,,,"-80.20365124,26.10532033",-80.20365124,26.10532033,,,,,,
FORT LAUDERDALE,BROWARD,,,,PUBLIC SCHOOL,,,,,,,,,"-80.13994556,26.14813153",-80.13994556,26.14813153,,,,,,
FORT LAUDERDALE,BROWARD,,,,PUBLIC SCHOOL,,,,,,,,,"-80.19004676,26.14026617",-80.19004676,26.14026617,,,,,,
FORT LAUDERDALE,BROWARD,,,,PUBLIC SCHOOL,,,,,,,,,"-80.13373345,26.10221801",-80.13373345,26.10221801,,,,,,
FORT LAUDERDALE,BROWARD,,,,PUBLIC SCHOOL,,,,,,,,,"-80.25097439,26.18379388",-80.25097439,26.18379388,,,,,,
FORT LAUDERDALE,BROWARD,,,,PUBLIC SCHOOL,,,,,,,,,"-80.25036832,26.19982231",-80.25036832,26.19982231,,,,,,
FORT LAUDERDALE,BROWARD,,,,PUBLIC SCHOOL,,,,,,,,,"-80.32869311,26.10468816",-80.32869311,26.10468816,,,,,,
FORT LAUDERDALE,BROWARD,,,,PUBLIC SCHOOL,,,,,,,,,"-80.27520000,26.18750000",-80.27520000,26.18750000,,,,,,
FORT LAUDERDALE,BROWARD,,,,PUBLIC SCHOOL,,,,,,,,,"-80.15136694,26.12612238",-80.15136694,26.12612238,,,,,,
FORT LAUDERDALE,BROWARD,,,,PUBLIC SCHOOL,,,,,,,,,"-80.42195917,26.13738816",-80.42195917,26.13738816,,,,,,
FORT LAUDERDALE,BROWARD,,,,PUBLIC SCHOOL,,,,,,,,,"-80.32511979,26.10537355",-80.32511979,26.10537355,,,,,,
FORT LAUDERDALE,BROWARD,,,,PUBLIC SCHOOL,,,,,,,,,"-80.12339035,26.14375343",-80.12339035,26.14375343,,,,,,
FORT LAUDERDALE,BROWARD,,,,PUBLIC SCHOOL,,,,,,,,,"-80.22023273,26.10313044",-80.22023273,26.10313044,,,,,,
FORT LAUDERDALE,BROWARD,,,,PUBLIC SCHOOL,,,,,,,,,"-80.21084348,26.09627656",-80.21084348,26.09627656,,,,,,
FORT LAUDERDALE,BROWARD,,,,PUBLIC SCHOOL,,,,,,,,,"-80.13299521,26.12340455",-80.13299521,26.12340455,,,,,,
FORT LAUDERDALE,BROWARD,,,,PUBLIC SCHOOL,,,,,,,,,"-80.26841551,26.05115552",-80.26841551,26.05115552,,,,,,
FORT LAUDERDALE,BROWARD,,,,PUBLIC SCHOOL,,,,,,,,,"-80.20675754,26.10115966",-80.20675754,26.10115966,,,,,,
FORT LAUDERDALE,BROWARD,,,,PUBLIC SCHOOL,,,,,,,,,"-80.17068997,26.12439148",-80.17068997,26.12439148,,,,,,
FORT LAUDERDALE,BROWARD,,,,PUBLIC SCHOOL,,,,,,,,,"-80.19461233,26.10410007",-80.19461233,26.10410007,,,,,,
FORT LAUDERDALE,BROWARD,,,,PUBLIC SCHOOL,,,,,,,,,"-80.14876489,26.13619407",-80.14876489,26.13619407,,,,,,
FORT LAUDERDALE,BROWARD,,,,PUBLIC SCHOOL,,,,,,,,,"-80.13720737,26.19507147",-80.13720737,26.19507147,,,,,,
FORT LAUDERDALE,BROWARD,,,,PUBLIC SCHOOL,,,,,,,,,"-80.22986383,26.15982264",-80.22986383,26.15982264,,,,,,
FORT LAUDERDALE,BROWARD,,,,PUBLIC SCHOOL,,,,,,,,,"-80.13971898,26.11450550",-80.13971898,26.11450550,,,,,,
FORT LAUDERDALE,BROWARD,,,,PUBLIC SCHOOL,,,,,,,,,"-80.17601249,26.15639633",-80.17601249,26.15639633,,,,,,
FORT LAUDERDALE,BROWARD,,,,PUBLIC SCHOOL,,,,,,,,,"-80.15783021,26.08432016",-80.15783021,26.08432016,,,,,,
FORT LAUDERDALE,BROWARD,,,,PUBLIC SCHOOL,,,,,,,,,"-80.39633121,26.06309338",-80.39633121,26.06309338,,,,,,
FORT LAUDERDALE,BROWARD,,,,PUBLIC SCHOOL,,,,,,,,,"-80.31879227,26.13253775",-80.31879227,26.13253775,,,,,,
FORT LAUDERDALE,BROWARD,,,,PUBLIC SCHOOL,,,,,,,,,"-80.17446894,26.16508172",-80.17446894,26.16508172,,,,,,
FORT LAUDERDALE,BROWARD,,,,PUBLIC SCHOOL,,,,,,,,,"-80.37318446,26.09695862",-80.37318446,26.09695862,,,,,,
FORT LAUDERDALE,BROWARD,,,,PUBLIC SCHOOL,,,,,,,,,"-80.17590823,26.13962550",-80.17590823,26.13962550,,,,,,
FORT LAUDERDALE,BROWARD,,,,PUBLIC SCHOOL,,,,,,,,,"-80.18531074,26.17423908",-80.18531074,26.17423908,,,,,,
FORT LAUDERDALE,BROWARD,,,,PUBLIC SCHOOL,,,,,,,,,"-80.28263376,26.16671914",-80.28263376,26.16671914,,,,,,
FORT LAUDERDALE,BROWARD,,,,PUBLIC SCHOOL,,,,,,,,,"-80.21122171,26.15956205",-80.21122171,26.15956205,,,,,,
FORT LAUDERDALE,BROWARD,,,,PUBLIC SCHOOL,,,,,,,,,"-80.18212461,26.11136411",-80.18212461,26.11136411,,,,,,
FORT LAUDERDALE,BROWARD,,,,PUBLIC SCHOOL,,,,,,,,,"-80.26896621,26.18562278",-80.26896621,26.18562278,,,,,,
FORT LAUDERDALE,BROWARD,,,,PUBLIC SCHOOL,,,,,,,,,"-80.30280123,26.05644212",-80.30280123,26.05644212,,,,,,
FORT LAUDERDALE,BROWARD,,,,PUBLIC SCHOOL,,,,,,,,,"-80.23654009,26.07568328",-80.23654009,26.07568328,,,,,,
FORT LAUDERDALE,BROWARD,,,,PUBLIC SCHOOL,,,,,,,,,"-80.16084585,26.14369521",-80.16084585,26.14369521,,,,,,
FORT LAUDERDALE,BROWARD,,,,PUBLIC SCHOOL,,,,,,,,,"-80.37467418,26.03148241",-80.37467418,26.03148241,,,,,,
FORT LAUDERDALE,BROWARD,,,,PUBLIC SCHOOL,,,,,,,,,"-80.23917610,26.13407168",-80.23917610,26.13407168,,,,,,
FORT LAUDERDALE,BROWARD,,,,PUBLIC SCHOOL,,,,,,,,,"-80.39968299,26.12738484",-80.39968299,26.12738484,,,,,,
FORT LAUDERDALE,BROWARD,,,,PUBLIC SCHOOL,,,,,,,,,"-80.14763219,26.08971369",-80.14763219,26.08971369,,,,,,
FORT LAUDERDALE,BROWARD,,,,PUBLIC SCHOOL,,,,,,,,,"-80.20434427,26.17398153",-80.20434427,26.17398153,,,,,,
FORT LAUDERDALE,BROWARD,,,,PUBLIC SCHOOL,,,,,,,,,"-80.36001294,26.04527343",-80.36001294,26.04527343,,,,,,
FORT LAUDERDALE,BROWARD,,,,PUBLIC SCHOOL,,,,,,,,,"-80.18632049,26.10357476",-80.18632049,26.10357476,,,,,,
FORT LAUDERDALE,BROWARD,,,,PUBLIC SCHOOL,,,,,,,,,"-80.21664240,26.14974476",-80.21664240,26.14974476,,,,,,
FORT LAUDERDALE,BROWARD,,,,PUBLIC SCHOOL,,,,,,,,,"-80.14034732,26.10691624",-80.14034732,26.10691624,,,,,,
FORT LAUDERDALE,BROWARD,,,,PUBLIC SCHOOL,,,,,,,,,"-80.27284582,26.04599741",-80.27284582,26.04599741,,,,,,
FORT LAUDERDALE,BROWARD,,,,PUBLIC SCHOOL,,,,,,,,,"-80.12329104,26.14524143",-80.12329104,26.14524143,,,,,,
FORT LAUDERDALE,BROWARD,,,,PUBLIC SCHOOL,,,,,,,,,"-80.28615761,26.15138643",-80.28615761,26.15138643,,,,,,
FORT LAUDERDALE,BROWARD,,,,PUBLIC SCHOOL,,,,,,,,,"-80.16240979,26.12349903",-80.16240979,26.12349903,,,,,,
FORT LAUDERDALE,BROWARD,,,,PUBLIC SCHOOL,,,,,,,,,"-80.25701593,26.17765371",-80.25701593,26.17765371,,,,,,
FORT LAUDERDALE,BROWARD,,,,PUBLIC SCHOOL,,,,,,,,,"-80.23169390,26.07514715",-80.23169390,26.07514715,,,,,,
FORT LAUDERDALE,BROWARD,,,,PUBLIC SCHOOL,,,,,,,,,"-80.19540045,26.12540675",-80.19540045,26.12540675,,,,,,
FORT LAUDERDALE,BROWARD,,,,PUBLIC SCHOOL,,,,,,,,,"-80.18725577,26.12912052",-80.18725577,26.12912052,,,,,,
FORT LAUDERDALE,BROWARD,,,,PUBLIC SCHOOL,,,,,,,,,"-80.14605336,26.08413350",-80.14605336,26.08413350,,,,,,
FORT LAUDERDALE,BROWARD,,,,PUBLIC SCHOOL,,,,,,,,,"-80.26926109,26.19240377",-80.26926109,26.19240377,,,,,,
FORT LAUDERDALE,BROWARD,,,,PUBLIC SCHOOL,,,,,,,,,"-80.23510291,26.10350233",-80.23510291,26.10350233,,,,,,
FORT LAUDERDALE,BROWARD,,,,PUBLIC SCHOOL,,,,,,,,,"-80.20526518,26.18171590",-80.20526518,26.18171590,,,,,,
FORT LAUDERDALE,BROWARD,,,,PUBLIC SCHOOL,,,,,,,,,"-80.27871426,26.10440775",-80.27871426,26.10440775,,,,,,
FORT LAUDERDALE,BROWARD,,,,PUBLIC SCHOOL,,,,,,,,,"-80.19669910,26.12700231",-80.19669910,26.12700231,,,,,,
FORT LAUDERDALE,BROWARD,,,,PUBLIC SCHOOL,,,,,,,,,"-80.19168187,26.13943073",-80.19168187,26.13943073,,,,,,
FORT LAUDERDALE,BROWARD,,,,PUBLIC SCHOOL,,,,,,,,,"-80.11703545,26.14118416",-80.11703545,26.14118416,,,,,,
FORT LAUDERDALE,BROWARD,,,,PUBLIC SCHOOL,,,,,,,,,"-80.39790778,26.06587167",-80.39790778,26.06587167,,,,,,
FORT LAUDERDALE,BROWARD,,,,PUBLIC SCHOOL,,,,,,,,,"-80.17207215,26.14920117",-80.17207215,26.14920117,,,,,,
FORT LAUDERDALE,BROWARD,,,,PUBLIC SCHOOL,,,,,,,,,"-80.15564669,26.12645155",-80.15564669,26.12645155,,,,,,
FORT LAUDERDALE,BROWARD,,,,PUBLIC SCHOOL,,,,,,,,,"-80.38871605,26.08492797",-80.38871605,26.08492797,,,,,,
FORT LAUDERDALE,BROWARD,,,,PUBLIC SCHOOL,,,,,,,,,"-80.24443834,26.14060956",-80.24443834,26.14060956,,,,,,
FORT LAUDERDALE,BROWARD,,,,PUBLIC SCHOOL,,,,,,,,,"-80.14084909,26.14176264",-80.14084909,26.14176264,,,,,,
FORT LAUDERDALE,BROWARD,,,,PUBLIC SCHOOL,,,,,,,,,"-80.23879998,26.13670001",-80.23879998,26.13670001,,,,,,
FORT LAUDERDALE,BROWARD,,,,PUBLIC SCHOOL,,,,,,,,,"-80.25350085,26.21664656",-80.25350085,26.21664656,,,,,,
FORT LAUDERDALE,BROWARD,,,,PUBLIC SCHOOL,,,,,,,,,"-80.26955302,26.07521627",-80.26955302,26.07521627,,,,,,
FORT LAUDERDALE,BROWARD,,,,PUBLIC SCHOOL,,,,,,,,,"-80.15004002,26.09002609",-80.15004002,26.09002609,,,,,,
FORT LAUDERDALE,BROWARD,,,,PUBLIC SCHOOL,,,,,,,,,"-80.23204285,26.10174925",-80.23204285,26.10174925,,,,,,
FORT LAUDERDALE,BROWARD,,,,PUBLIC SCHOOL,,,,,,,,,"-80.20544655,26.14714048",-80.20544655,26.14714048,,,,,,
FORT LAUDERDALE,BROWARD,,,,PUBLIC SCHOOL,,,,,,,,,"-80.18480840,26.17742092",-80.18480840,26.17742092,,,,,,
FORT LAUDERDALE,BROWARD,,,,PUBLIC SCHOOL,,,,,,,,,"-80.16596082,26.11206532",-80.16596082,26.11206532,,,,,,
FORT LAUDERDALE,BROWARD,,,,PUBLIC SCHOOL,,,,,,,,,"-80.24158615,26.07370097",-80.24158615,26.07370097,,,,,,
FORT LAUDERDALE,BROWARD,,,,PUBLIC SCHOOL,,,,,,,,,"-80.28632191,26.18847870",-80.28632191,26.18847870,,,,,,
FORT LAUDERDALE,BROWARD,,,,PUBLIC SCHOOL,,,,,,,,,"-80.24029852,26.15302645",-80.24029852,26.15302645,,,,,,
FORT LAUDERDALE,BROWARD,,,,PUBLIC SCHOOL,,,,,,,,,"-80.26884683,26.15143767",-80.26884683,26.15143767,,,,,,
FORT LAUDERDALE,BROWARD,,,,PUBLIC SCHOOL,,,,,,,,,"-80.28382100,26.10354095",-80.28382100,26.10354095,,,,,,
FORT LAUDERDALE,BROWARD,,,,PUBLIC SCHOOL,,,,,,,,,"-80.40279398,26.07429131",-80.40279398,26.07429131,,,,,,
FORT LAUDERDALE,BROWARD,,,,PUBLIC SCHOOL,,,,,,,,,"-80.18632981,26.09049010",-80.18632981,26.09049010,,,,,,
FORT LAUDERDALE,BROWARD,,,,PUBLIC SCHOOL,,,,,,,,,"-80.27689998,26.19644306",-80.27689998,26.19644306,,,,,,
FORT LAUDERDALE,BROWARD,,,,PUBLIC SCHOOL,,,,,,,,,"-80.13430704,26.20167737",-80.13430704,26.20167737,,,,,,
FORT LAUDERDALE,BROWARD,,,,PUBLIC SCHOOL,,,,,,,,,"-80.13506715,26.16786030",-80.13506715,26.16786030,,,,,,
FORT LAUDERDALE,BROWARD,,,,PUBLIC SCHOOL,,,,,,,,,"-80.14704752,26.15652575",-80.14704752,26.15652575,,,,,,
FORT LAUDERDALE,BROWARD,,,,PUBLIC SCHOOL,,,,,,,,,"-80.27357263,26.05738283",-80.27357263,26.05738283,,,,,,
FORT LAUDERDALE,BROWARD,,,,PUBLIC SCHOOL,,,,,,,,,"-80.18383566,26.17492040",-80.18383566,26.17492040,,,,,,
FORT LAUDERDALE,BROWARD,,,,PUBLIC SCHOOL,,,,,,,,,"-80.22257458,26.10926527",-80.22257458,26.10926527,,,,,,
FORT LAUDERDALE,BROWARD,,,,PUBLIC SCHOOL,,,,,,,,,"-80.28851332,26.13122871",-80.28851332,26.13122871,,,,,,
FORT LAUDERDALE,BROWARD,,,,PUBLIC SCHOOL,,,,,,,,,"-80.17336793,26.14023914",-80.17336793,26.14023914,,,,,,
FORT LAUDERDALE,BROWARD,,,,PUBLIC SCHOOL,,,,,,,,,"-80.29392356,26.17215991",-80.29392356,26.17215991,,,,,,
FORT LAUDERDALE,BROWARD,,,,PUBLIC SCHOOL,,,,,,,,,"-80.12904929,26.19085638",-80.12904929,26.19085638,,,,,,
FORT LAUDERDALE,BROWARD,,,,PUBLIC SCHOOL,,,,,,,,,"-80.15229490,26.17659196",-80.15229490,26.17659196,,,,,,
FORT LAUDERDALE,BROWARD,,,,PUBLIC SCHOOL,,,,,,,,,"-80.27040163,26.15129155",-80.27040163,26.15129155,,,,,,
FORT LAUDERDALE,BROWARD,,,,PUBLIC SCHOOL,,,,,,,,,"-80.41880472,26.12779228",-80.41880472,26.12779228,,,,,,
FORT LAUDERDALE,BROWARD,,,,PUBLIC SCHOOL,,,,,,,,,"-80.15980529,26.13574998",-80.15980529,26.13574998,,,,,,
FORT LAUDERDALE,BROWARD,,,,PUBLIC SCHOOL,,,,,,,,,"-80.20531629,26.13099260",-80.20531629,26.13099260,,,,,,
FORT LAUDERDALE,BROWARD,,,,PUBLIC SCHOOL,,,,,,,,,"-80.27684862,26.19467813",-80.27684862,26.19467813,,,,,,
FORT LAUDERDALE,BROWARD,,,,PUBLIC SCHOOL,,,,,,,,,"-80.39327339,26.10568906",-80.39327339,26.10568906,,,,,,
FORT LAUDERDALE,BROWARD,,,,PUBLIC SCHOOL,,,,,,,,,"-80.39306556,26.11453308",-80.39306556,26.11453308,,,,,,
FORT LAUDERDALE,BROWARD,,,,PUBLIC SCHOOL,,,,,,,,,"-80.23303197,26.07571267",-80.23303197,26.07571267,,,,,,
PEMBROKE PINES,BROWARD,,,,PUBLIC SCHOOL,,,,,,,,,,,,,,,,,
PEMBROKE PINES,BROWARD,,,,PUBLIC SCHOOL,,,,,,,,,"-80.26476563,26.02434209",-80.26476563,26.02434209,,,,,,
PEMBROKE PINES,BROWARD,,,,PUBLIC SCHOOL,,,,,,,,,"-80.39930434,26.00638208",-80.39930434,26.00638208,,,,,,
PEMBROKE PINES,BROWARD,,,,PUBLIC SCHOOL,,,,,,,,,"-80.25656424,26.27286968",-80.25656424,26.27286968,,,,,,
PEMBROKE PINES,BROWARD,,,,PUBLIC SCHOOL,,,,,,,,,"-80.27610803,26.00973190",-80.27610803,26.00973190,,,,,,
GREEN COVE SPRINGS,CLAY,,,,PUBLIC SCHOOL,,,,,,,,,"-81.69099915,29.99670745",-81.69099915,29.99670745,,,,,,
GREEN COVE SPRINGS,CLAY,,,,PUBLIC SCHOOL,,,,,,,,,"-81.69021325,29.99020338",-81.69021325,29.99020338,,,,,,
GREEN COVE SPRINGS,CLAY,,,,PUBLIC SCHOOL,,,,,,,,,"-81.68411947,29.99243803",-81.68411947,29.99243803,,,,,,
GREEN COVE SPRINGS,CLAY,,,,PUBLIC SCHOOL,,,,,,,,,"-81.69786855,29.98887918",-81.69786855,29.98887918,,,,,,
GREEN COVE SPRINGS,CLAY,,,,PUBLIC SCHOOL,,,,,,,,,"-81.71291661,29.98241383",-81.71291661,29.98241383,,,,,,
GREEN COVE SPRINGS,CLAY,,,,PUBLIC SCHOOL,,,,,,,,,"-81.80737449,30.04468905",-81.80737449,30.04468905,,,,,,
GREEN COVE SPRINGS,CLAY,,,,PUBLIC SCHOOL,,,,,,,,,"-81.69103618,29.99673901",-81.69103618,29.99673901,,,,,,
GREEN COVE SPRINGS,CLAY,,,,PUBLIC SCHOOL,,,,,,,,,"-81.80370571,30.04430348",-81.80370571,30.04430348,,,,,,
BLOUNTSTOWN,CALHOUN,,,,PUBLIC SCHOOL,,,,,,,,,"-85.04656345,30.44852098",-85.04656345,30.44852098,,,,,,
BLOUNTSTOWN,CALHOUN,,,,PUBLIC SCHOOL,,,,,,,,,"-85.04084322,30.45556687",-85.04084322,30.45556687,,,,,,
BLOUNTSTOWN,CALHOUN,,,,PUBLIC SCHOOL,,,,,,,,,"-85.04351876,30.46862483",-85.04351876,30.46862483,,,,,,
BLOUNTSTOWN,CALHOUN,,,,PUBLIC SCHOOL,,,,,,,,,"-85.04883111,30.44956716",-85.04883111,30.44956716,,,,,,
BLOUNTSTOWN,CALHOUN,,,,PUBLIC SCHOOL,,,,,,,,,"-85.04193932,30.44273833",-85.04193932,30.44273833,,,,,,
PUNTA GORDA,CHARLOTTE,,,,PUBLIC SCHOOL,,,,,,,,,"-82.03426725,26.92889722",-82.03426725,26.92889722,,,,,,
PUNTA GORDA,CHARLOTTE,,,,PUBLIC SCHOOL,,,,,,,,,,,,,,,,,
PUNTA GORDA,CHARLOTTE,,,,PUBLIC SCHOOL,,,,,,,,,"-82.04335824,26.93386047",-82.04335824,26.93386047,,,,,,
PUNTA GORDA,CHARLOTTE,,,,PUBLIC SCHOOL,,,,,,,,,"-82.04151485,26.92800525",-82.04151485,26.92800525,,,,,,
PUNTA GORDA,CHARLOTTE,,,,PUBLIC SCHOOL,,,,,,,,,"-82.01066362,26.98563880",-82.01066362,26.98563880,,,,,,
PUNTA GORDA,CHARLOTTE,,,,PUBLIC SCHOOL,,,,,,,,,"-81.69717972,26.93532811",-81.69717972,26.93532811,,,,,,
PUNTA GORDA,CHARLOTTE,,,,PUBLIC SCHOOL,,,,,,,,,"-82.01854731,26.92454987",-82.01854731,26.92454987,,,,,,
PUNTA GORDA,CHARLOTTE,,,,PUBLIC SCHOOL,,,,,,,,,"-82.03842772,26.92806891",-82.03842772,26.92806891,,,,,,
PUNTA GORDA,CHARLOTTE,,,,PUBLIC SCHOOL,,,,,,,,,"-82.00408647,26.94074640",-82.00408647,26.94074640,,,,,,
SAINT JOHNS,ST. JOHNS,,,,PUBLIC SCHOOL,,,,,,,,,"-81.58864961,30.08415826",-81.58864961,30.08415826,,,,,,
SAINT JOHNS,ST. JOHNS,,,,PUBLIC SCHOOL,,,,,,,,,"-81.60994078,30.04494017",-81.60994078,30.04494017,,,,,,
STARKE,CLAY,,,,PUBLIC SCHOOL,,,,,,,,,"-81.98508588,29.97848624",-81.98508588,29.97848624,,,,,,
STARKE,CLAY,,,,PUBLIC SCHOOL,,,,,,,,,"-81.99510384,29.94644146",-81.99510384,29.94644146,,,,,,
EAST PALATKA,PUTNAM,,,,PUBLIC SCHOOL,,,,,,,,,"-81.60148092,29.64877493",-81.60148092,29.64877493,,,,,,
EAST PALATKA,PUTNAM,,,,PUBLIC SCHOOL,,,,,,,,,"-81.60244723,29.64883192",-81.60244723,29.64883192,,,,,,
LIVE OAK,SUWANNEE,,,,PUBLIC SCHOOL,,,,,,,,,"-82.99122300,30.27803446",-82.99122300,30.27803446,,,,,,
LIVE OAK,SUWANNEE,,,,PUBLIC SCHOOL,,,,,,,,,"-82.99071970,30.30264911",-82.99071970,30.30264911,,,,,,
LIVE OAK,SUWANNEE,,,,PUBLIC SCHOOL,,,,,,,,,"-82.99380969,30.28014649",-82.99380969,30.28014649,,,,,,
LIVE OAK,SUWANNEE,,,,PUBLIC SCHOOL,,,,,,,,,"-82.99142122,30.28450320",-82.99142122,30.28450320,,,,,,
LIVE OAK,SUWANNEE,,,,PUBLIC SCHOOL,,,,,,,,,"-82.99525199,30.28345612",-82.99525199,30.28345612,,,,,,
LIVE OAK,SUWANNEE,,,,PUBLIC SCHOOL,,,,,,,,,"-83.01691547,30.41812308",-83.01691547,30.41812308,,,,,,
LIVE OAK,SUWANNEE,,,,PUBLIC SCHOOL,,,,,,,,,"-82.99838028,30.27654003",-82.99838028,30.27654003,,,,,,
PALATKA,,,,,PUBLIC SCHOOL,,,,,,,,,"-81.65273177,29.63960742",-81.65273177,29.63960742,,,,,,
KENANSVILLE,,,,,PUBLIC SCHOOL,,,,,,,,,"-80.99751000,27.87594000",-80.99751000,27.87594000,,,,,,
Eustis,,,,,PUBLIC SCHOOL,,,,,,,,,"-81.66651378,28.85951993",-81.66651378,28.85951993,,,,,,
GAINESVILLE,ALACHUA,,,,PUBLIC SCHOOL,,,,,,,,,"-82.35155794,29.68778558",-82.35155794,29.68778558,,,,,,
GAINESVILLE,ALACHUA,,,,PUBLIC SCHOOL,,,,,,,,,"-82.34179079,29.60269586",-82.34179079,29.60269586,,,,,,
GAINESVILLE,ALACHUA,,,,PUBLIC SCHOOL,,,,,,,,,"-82.30836161,29.67330255",-82.30836161,29.67330255,,,,,,
GAINESVILLE,ALACHUA,,,,PUBLIC SCHOOL,,,,,,,,,"-82.37053028,29.66494122",-82.37053028,29.66494122,,,,,,
GAINESVILLE,ALACHUA,,,,PUBLIC SCHOOL,,,,,,,,,"-82.33526071,29.64037699",-82.33526071,29.64037699,,,,,,
GAINESVILLE,ALACHUA,,,,PUBLIC SCHOOL,,,,,,,,,"-82.31914534,29.65270026",-82.31914534,29.65270026,,,,,,
GAINESVILLE,ALACHUA,,,,PUBLIC SCHOOL,,,,,,,,,"-82.42029932,29.61133188",-82.42029932,29.61133188,,,,,,
GAINESVILLE,ALACHUA,,,,PUBLIC SCHOOL,,,,,,,,,"-82.36486884,29.68239089",-82.36486884,29.68239089,,,,,,
GAINESVILLE,ALACHUA,,,,PUBLIC SCHOOL,,,,,,,,,"-82.30661074,29.68990914",-82.30661074,29.68990914,,,,,,
GAINESVILLE,ALACHUA,,,,PUBLIC SCHOOL,,,,,,,,,"-82.44085796,29.67177271",-82.44085796,29.67177271,,,,,,
GAINESVILLE,ALACHUA,,,,PUBLIC SCHOOL,,,,,,,,,"-82.33780278,29.67285951",-82.33780278,29.67285951,,,,,,
GAINESVILLE,ALACHUA,,,,PUBLIC SCHOOL,,,,,,,,,"-82.37371401,29.66030390",-82.37371401,29.66030390,,,,,,
GAINESVILLE,ALACHUA,,,,PUBLIC SCHOOL,,,,,,,,,"-82.35453968,29.69649439",-82.35453968,29.69649439,,,,,,
GAINESVILLE,ALACHUA,,,,PUBLIC SCHOOL,,,,,,,,,"-82.30897959,29.64172681",-82.30897959,29.64172681,,,,,,
GAINESVILLE,ALACHUA,,,,PUBLIC SCHOOL,,,,,,,,,"-82.40632709,29.60719116",-82.40632709,29.60719116,,,,,,
GAINESVILLE,ALACHUA,,,,PUBLIC SCHOOL,,,,,,,,,"-82.33535178,29.65806374",-82.33535178,29.65806374,,,,,,
GAINESVILLE,ALACHUA,,,,PUBLIC SCHOOL,,,,,,,,,"-82.27172586,29.67873873",-82.27172586,29.67873873,,,,,,
GAINESVILLE,ALACHUA,,,,PUBLIC SCHOOL,,,,,,,,,"-82.40811085,29.65523007",-82.40811085,29.65523007,,,,,,
GAINESVILLE,ALACHUA,,,,PUBLIC SCHOOL,,,,,,,,,"-82.30108577,29.65027854",-82.30108577,29.65027854,,,,,,
GAINESVILLE,ALACHUA,,,,PUBLIC SCHOOL,,,,,,,,,"-82.46213829,29.68780739",-82.46213829,29.68780739,,,,,,
GAINESVILLE,ALACHUA,,,,PUBLIC SCHOOL,,,,,,,,,"-82.28700821,29.65556217",-82.28700821,29.65556217,,,,,,
GAINESVILLE,ALACHUA,,,,PUBLIC SCHOOL,,,,,,,,,"-82.30681011,29.68424006",-82.30681011,29.68424006,,,,,,
GAINESVILLE,ALACHUA,,,,PUBLIC SCHOOL,,,,,,,,,"-82.30714024,29.68583864",-82.30714024,29.68583864,,,,,,
GAINESVILLE,ALACHUA,,,,PUBLIC SCHOOL,,,,,,,,,"-82.31294561,29.64865149",-82.31294561,29.64865149,,,,,,
GAINESVILLE,ALACHUA,,,,PUBLIC SCHOOL,,,,,,,,,"-82.38727349,29.70801514",-82.38727349,29.70801514,,,,,,
GAINESVILLE,ALACHUA,,,,PUBLIC SCHOOL,,,,,,,,,"-82.26865165,29.64017579",-82.26865165,29.64017579,,,,,,
GAINESVILLE,ALACHUA,,,,PUBLIC SCHOOL,,,,,,,,,"-82.42106552,29.60634770",-82.42106552,29.60634770,,,,,,
GAINESVILLE,ALACHUA,,,,PUBLIC SCHOOL,,,,,,,,,"-82.44457755,29.62808600",-82.44457755,29.62808600,,,,,,
GAINESVILLE,ALACHUA,,,,PUBLIC SCHOOL,,,,,,,,,"-82.31539235,29.63367529",-82.31539235,29.63367529,,,,,,
GAINESVILLE,ALACHUA,,,,PUBLIC SCHOOL,,,,,,,,,"-82.32736992,29.66774218",-82.32736992,29.66774218,,,,,,
GAINESVILLE,ALACHUA,,,,PUBLIC SCHOOL,,,,,,,,,"-82.33305961,29.68804699",-82.33305961,29.68804699,,,,,,
GAINESVILLE,ALACHUA,,,,PUBLIC SCHOOL,,,,,,,,,"-82.34864494,29.65655491",-82.34864494,29.65655491,,,,,,
GAINESVILLE,ALACHUA,,,,PUBLIC SCHOOL,,,,,,,,,"-82.31435307,29.66753000",-82.31435307,29.66753000,,,,,,
GAINESVILLE,ALACHUA,,,,PUBLIC SCHOOL,,,,,,,,,"-82.30834302,29.64537148",-82.30834302,29.64537148,,,,,,
GAINESVILLE,ALACHUA,,,,PUBLIC SCHOOL,,,,,,,,,"-82.34059584,29.66940328",-82.34059584,29.66940328,,,,,,
GAINESVILLE,ALACHUA,,,,PUBLIC SCHOOL,,,,,,,,,"-82.27142621,29.64769338",-82.27142621,29.64769338,,,,,,
GAINESVILLE,ALACHUA,,,,PUBLIC SCHOOL,,,,,,,,,"-82.30847610,29.66887685",-82.30847610,29.66887685,,,,,,
GAINESVILLE,ALACHUA,,,,PUBLIC SCHOOL,,,,,,,,,"-82.27254377,29.70434952",-82.27254377,29.70434952,,,,,,
GAINESVILLE,ALACHUA,,,,PUBLIC SCHOOL,,,,,,,,,"-82.29750656,29.65975102",-82.29750656,29.65975102,,,,,,
GAINESVILLE,ALACHUA,,,,PUBLIC SCHOOL,,,,,,,,,"-82.31352707,29.66914558",-82.31352707,29.66914558,,,,,,
GAINESVILLE,ALACHUA,,,,PUBLIC SCHOOL,,,,,,,,,"-82.32699131,29.67346244",-82.32699131,29.67346244,,,,,,
GAINESVILLE,ALACHUA,,,,PUBLIC SCHOOL,,,,,,,,,"-82.30247859,29.62144469",-82.30247859,29.62144469,,,,,,
GAINESVILLE,ALACHUA,,,,PUBLIC SCHOOL,,,,,,,,,"-82.34855504,29.60948409",-82.34855504,29.60948409,,,,,,
GAINESVILLE,ALACHUA,,,,PUBLIC SCHOOL,,,,,,,,,"-82.28861030,29.65989893",-82.28861030,29.65989893,,,,,,
GAINESVILLE,ALACHUA,,,,PUBLIC SCHOOL,,,,,,,,,"-82.44179999,29.67329998",-82.44179999,29.67329998,,,,,,
GAINESVILLE,ALACHUA,,,,PUBLIC SCHOOL,,,,,,,,,"-82.40200559,29.67857265",-82.40200559,29.67857265,,,,,,
HIGH SPRINGS,ALACHUA,,,,PUBLIC SCHOOL,,,,,,,,,"-82.58980682,29.83417868",-82.58980682,29.83417868,,,,,,
ARCHER,ALACHUA,,,,PUBLIC SCHOOL,,,,,,,,,"-82.52256505,29.52024366",-82.52256505,29.52024366,,,,,,
NEWBERRY,ALACHUA,,,,PUBLIC SCHOOL,,,,,,,,,"-82.61562354,29.64254345",-82.61562354,29.64254345,,,,,,
NEWBERRY,ALACHUA,,,,PUBLIC SCHOOL,,,,,,,,,"-82.60532282,29.64099683",-82.60532282,29.64099683,,,,,,
NEWBERRY,ALACHUA,,,,PUBLIC SCHOOL,,,,,,,,,"-82.61374548,29.63763974",-82.61374548,29.63763974,,,,,,
MICANOPY,ALACHUA,,,,PUBLIC SCHOOL,,,,,,,,,"-82.28988664,29.50482333",-82.28988664,29.50482333,,,,,,
MICANOPY,ALACHUA,,,,PUBLIC SCHOOL,,,,,,,,,"-82.28662652,29.50911231",-82.28662652,29.50911231,,,,,,
ALACHUA,ALACHUA,,,,PUBLIC SCHOOL,,,,,,,,,"-82.49320787,29.80529759",-82.49320787,29.80529759,,,,,,
ALACHUA,ALACHUA,,,,PUBLIC SCHOOL,,,,,,,,,"-82.49235478,29.79460819",-82.49235478,29.79460819,,,,,,
ALACHUA,ALACHUA,,,,PUBLIC SCHOOL,,,,,,,,,"-82.46461900,29.81374929",-82.46461900,29.81374929,,,,,,
ALACHUA,ALACHUA,,,,PUBLIC SCHOOL,,,,,,,,,"-82.49296611,29.77940250",-82.49296611,29.77940250,,,,,,
ALACHUA,ALACHUA,,,,PUBLIC SCHOOL,,,,,,,,,"-82.52337908,29.80617396",-82.52337908,29.80617396,,,,,,
WALDO,ALACHUA,,,,PUBLIC SCHOOL,,,,,,,,,"-82.16943532,29.79185590",-82.16943532,29.79185590,,,,,,
HAWTHORNE,ALACHUA,,,,PUBLIC SCHOOL,,,,,,,,,"-82.09093815,29.59389998",-82.09093815,29.59389998,,,,,,
HAWTHORNE,ALACHUA,,,,PUBLIC SCHOOL,,,,,,,,,"-82.09381100,29.58955700",-82.09381100,29.58955700,,,,,,
MACCLENNY,BAKER,,,,PUBLIC SCHOOL,,,,,,,,,"-82.12759562,30.27757116",-82.12759562,30.27757116,,,,,,
MACCLENNY,BAKER,,,,PUBLIC SCHOOL,,,,,,,,,"-82.11665096,30.27710741",-82.11665096,30.27710741,,,,,,
MACCLENNY,BAKER,,,,PUBLIC SCHOOL,,,,,,,,,"-82.11620476,30.27715066",-82.11620476,30.27715066,,,,,,
MACCLENNY,BAKER,,,,PUBLIC SCHOOL,,,,,,,,,"-82.11902509,30.27521619",-82.11902509,30.27521619,,,,,,
MACCLENNY,BAKER,,,,PUBLIC SCHOOL,,,,,,,,,"-82.13118078,30.29797467",-82.13118078,30.29797467,,,,,,
MACCLENNY,BAKER,,,,PUBLIC SCHOOL,,,,,,,,,"-82.12807192,30.27696454",-82.12807192,30.27696454,,,,,,
GLEN SAINT MARY,BAKER,,,,PUBLIC SCHOOL,,,,,,,,,"-82.15459886,30.28217508",-82.15459886,30.28217508,,,,,,
GLEN SAINT MARY,BAKER,,,,PUBLIC SCHOOL,,,,,,,,,"-82.15814123,30.28107891",-82.15814123,30.28107891,,,,,,
PANAMA CITY,BAY,,,,PUBLIC SCHOOL,,,,,,,,,"-85.76423854,30.16999494",-85.76423854,30.16999494,,,,,,
PANAMA CITY,BAY,,,,PUBLIC SCHOOL,,,,,,,,,"-85.65863889,30.17060537",-85.65863889,30.17060537,,,,,,
PANAMA CITY,BAY,,,,PUBLIC SCHOOL,,,,,,,,,"-85.62165138,30.17410977",-85.62165138,30.17410977,,,,,,
PANAMA CITY,BAY,,,,PUBLIC SCHOOL,,,,,,,,,"-85.64160002,30.28850001",-85.64160002,30.28850001,,,,,,
PANAMA CITY,BAY,,,,PUBLIC SCHOOL,,,,,,,,,"-85.65464340,30.16733735",-85.65464340,30.16733735,,,,,,
PANAMA CITY,BAY,,,,PUBLIC SCHOOL,,,,,,,,,"-85.70707485,30.18330423",-85.70707485,30.18330423,,,,,,
PANAMA CITY,BAY,,,,PUBLIC SCHOOL,,,,,,,,,"-85.61507415,30.16668835",-85.61507415,30.16668835,,,,,,
PANAMA CITY,BAY,,,,PUBLIC SCHOOL,,,,,,,,,"-85.64087594,30.16600510",-85.64087594,30.16600510,,,,,,
PANAMA CITY,BAY,,,,PUBLIC SCHOOL,,,,,,,,,"-85.62664662,30.21320042",-85.62664662,30.21320042,,,,,,
PANAMA CITY,BAY,,,,PUBLIC SCHOOL,,,,,,,,,"-85.64380000,30.21010000",-85.64380000,30.21010000,,,,,,
PANAMA CITY,BAY,,,,PUBLIC SCHOOL,,,,,,,,,"-85.62561099,30.14988854",-85.62561099,30.14988854,,,,,,
PANAMA CITY,BAY,,,,PUBLIC SCHOOL,,,,,,,,,"-85.67600423,30.17252814",-85.67600423,30.17252814,,,,,,
PANAMA CITY,BAY,,,,PUBLIC SCHOOL,,,,,,,,,"-85.67230160,30.19164962",-85.67230160,30.19164962,,,,,,
PANAMA CITY,BAY,,,,PUBLIC SCHOOL,,,,,,,,,"-85.60927037,30.08313269",-85.60927037,30.08313269,,,,,,
PANAMA CITY,BAY,,,,PUBLIC SCHOOL,,,,,,,,,"-85.61547836,30.15739262",-85.61547836,30.15739262,,,,,,
PANAMA CITY,BAY,,,,PUBLIC SCHOOL,,,,,,,,,"-85.66801154,30.16870809",-85.66801154,30.16870809,,,,,,
PANAMA CITY,BAY,,,,PUBLIC SCHOOL,,,,,,,,,"-85.67476240,30.16964831",-85.67476240,30.16964831,,,,,,
PANAMA CITY,BAY,,,,PUBLIC SCHOOL,,,,,,,,,"-85.56416447,30.24187111",-85.56416447,30.24187111,,,,,,
PANAMA CITY,BAY,,,,PUBLIC SCHOOL,,,,,,,,,"-85.62865817,30.20292250",-85.62865817,30.20292250,,,,,,
PANAMA CITY,BAY,,,,PUBLIC SCHOOL,,,,,,,,,"-85.65846128,30.16860792",-85.65846128,30.16860792,,,,,,
PANAMA CITY,BAY,,,,PUBLIC SCHOOL,,,,,,,,,"-85.72339487,30.18987693",-85.72339487,30.18987693,,,,,,
PANAMA CITY,BAY,,,,PUBLIC SCHOOL,,,,,,,,,"-85.67731989,30.18531084",-85.67731989,30.18531084,,,,,,
PANAMA CITY,BAY,,,,PUBLIC SCHOOL,,,,,,,,,"-85.64553704,30.14676522",-85.64553704,30.14676522,,,,,,
PANAMA CITY,BAY,,,,PUBLIC SCHOOL,,,,,,,,,"-85.68583265,30.39425316",-85.68583265,30.39425316,,,,,,
PANAMA CITY,BAY,,,,PUBLIC SCHOOL,,,,,,,,,"-85.69129998,30.17059126",-85.69129998,30.17059126,,,,,,
PANAMA CITY,BAY,,,,PUBLIC SCHOOL,,,,,,,,,"-85.70200001,30.17500001",-85.70200001,30.17500001,,,,,,
PANAMA CITY,BAY,,,,PUBLIC SCHOOL,,,,,,,,,"-85.60064245,30.13561945",-85.60064245,30.13561945,,,,,,
PANAMA CITY,BAY,,,,PUBLIC SCHOOL,,,,,,,,,"-85.69157543,30.17683444",-85.69157543,30.17683444,,,,,,
PANAMA CITY,BAY,,,,PUBLIC SCHOOL,,,,,,,,,"-85.64657146,30.20343576",-85.64657146,30.20343576,,,,,,
PANAMA CITY,BAY,,,,PUBLIC SCHOOL,,,,,,,,,"-85.63830043,30.16676006",-85.63830043,30.16676006,,,,,,
PANAMA CITY,BAY,,,,PUBLIC SCHOOL,,,,,,,,,"-85.64520141,30.20720144",-85.64520141,30.20720144,,,,,,
PANAMA CITY,BAY,,,,PUBLIC SCHOOL,,,,,,,,,"-85.56215632,30.24175637",-85.56215632,30.24175637,,,,,,
PANAMA CITY,BAY,,,,PUBLIC SCHOOL,,,,,,,,,"-85.59207315,30.25769105",-85.59207315,30.25769105,,,,,,
PANAMA CITY,BAY,,,,PUBLIC SCHOOL,,,,,,,,,"-85.66079998,30.15199998",-85.66079998,30.15199998,,,,,,
PANAMA CITY,BAY,,,,PUBLIC SCHOOL,,,,,,,,,"-85.61557859,30.15915534",-85.61557859,30.15915534,,,,,,
PANAMA CITY,BAY,,,,PUBLIC SCHOOL,,,,,,,,,"-85.56884970,30.15381906",-85.56884970,30.15381906,,,,,,
PANAMA CITY BEACH,BAY,,,,PUBLIC SCHOOL,,,,,,,,,"-85.81280300,30.20467351",-85.81280300,30.20467351,,,,,,
PANAMA CITY BEACH,BAY,,,,PUBLIC SCHOOL,,,,,,,,,"-85.85178045,30.20881576",-85.85178045,30.20881576,,,,,,
PANAMA CITY BEACH,BAY,,,,PUBLIC SCHOOL,,,,,,,,,"-85.83696274,30.19937834",-85.83696274,30.19937834,,,,,,
PANAMA CITY BEACH,BAY,,,,PUBLIC SCHOOL,,,,,,,,,"-85.80767140,30.20272450",-85.80767140,30.20272450,,,,,,
YOUNGSTOWN,BAY,,,,PUBLIC SCHOOL,,,,,,,,,"-85.44078377,30.36619817",-85.44078377,30.36619817,,,,,,
LYNN HAVEN,BAY,,,,PUBLIC SCHOOL,,,,,,,,,"-85.65585123,30.22849619",-85.65585123,30.22849619,,,,,,
LYNN HAVEN,BAY,,,,PUBLIC SCHOOL,,,,,,,,,"-85.65132439,30.24470066",-85.65132439,30.24470066,,,,,,
STARKE,BRADFORD,,,,PUBLIC SCHOOL,,,,,,,,,"-82.11257823,29.95156680",-82.11257823,29.95156680,,,,,,
STARKE,BRADFORD,,,,PUBLIC SCHOOL,,,,,,,,,"-82.11663543,29.95132933",-82.11663543,29.95132933,,,,,,
STARKE,BRADFORD,,,,PUBLIC SCHOOL,,,,,,,,,"-82.10345937,29.93580343",-82.10345937,29.93580343,,,,,,
STARKE,BRADFORD,,,,PUBLIC SCHOOL,,,,,,,,,"-82.11729602,29.95233899",-82.11729602,29.95233899,,,,,,
STARKE,BRADFORD,,,,PUBLIC SCHOOL,,,,,,,,,"-82.12260431,29.95197670",-82.12260431,29.95197670,,,,,,
STARKE,BRADFORD,,,,PUBLIC SCHOOL,,,,,,,,,"-82.11031343,29.94944613",-82.11031343,29.94944613,,,,,,
LAWTEY,BRADFORD,,,,PUBLIC SCHOOL,,,,,,,,,"-82.07202541,30.04622147",-82.07202541,30.04622147,,,,,,
BROOKER,BRADFORD,,,,PUBLIC SCHOOL,,,,,,,,,"-82.32925164,29.88948964",-82.32925164,29.88948964,,,,,,
HAMPTON,BRADFORD,,,,PUBLIC SCHOOL,,,,,,,,,"-82.12852135,29.86930067",-82.12852135,29.86930067,,,,,,
CAPE CANAVERAL,BREVARD,,,,PUBLIC SCHOOL,,,,,,,,,"-80.59929998,28.39260002",-80.59929998,28.39260002,,,,,,
ROCKLEDGE,BREVARD,,,,PUBLIC SCHOOL,,,,,,,,,"-80.73277513,28.33130257",-80.73277513,28.33130257,,,,,,
ROCKLEDGE,BREVARD,,,,PUBLIC SCHOOL,,,,,,,,,"-80.73284767,28.32683584",-80.73284767,28.32683584,,,,,,
ROCKLEDGE,BREVARD,,,,PUBLIC SCHOOL,,,,,,,,,"-80.74183266,28.32520464",-80.74183266,28.32520464,,,,,,
ROCKLEDGE,BREVARD,,,,PUBLIC SCHOOL,,,,,,,,,"-80.74459860,28.26311608",-80.74459860,28.26311608,,,,,,
ROCKLEDGE,BREVARD,,,,PUBLIC SCHOOL,,,,,,,,,"-80.72020000,28.32190001",-80.72020000,28.32190001,,,,,,
ROCKLEDGE,BREVARD,,,,PUBLIC SCHOOL,,,,,,,,,"-80.72354022,28.34010741",-80.72354022,28.34010741,,,,,,
ROCKLEDGE,BREVARD,,,,PUBLIC SCHOOL,,,,,,,,,"-80.71470001,28.27330002",-80.71470001,28.27330002,,,,,,
ROCKLEDGE,BREVARD,,,,PUBLIC SCHOOL,,,,,,,,,"-80.74159999,28.33760000",-80.74159999,28.33760000,,,,,,
ROCKLEDGE,BREVARD,,,,PUBLIC SCHOOL,,,,,,,,,"-80.73761829,28.32896066",-80.73761829,28.32896066,,,,,,
ROCKLEDGE,BREVARD,,,,PUBLIC SCHOOL,,,,,,,,,"-80.73800000,28.34840001",-80.73800000,28.34840001,,,,,,
ROCKLEDGE,BREVARD,,,,PUBLIC SCHOOL,,,,,,,,,"-80.74412693,28.30921795",-80.74412693,28.30921795,,,,,,
TITUSVILLE,BREVARD,,,,PUBLIC SCHOOL,,,,,,,,,"-80.85037960,28.62521284",-80.85037960,28.62521284,,,,,,
TITUSVILLE,BREVARD,,,,PUBLIC SCHOOL,,,,,,,,,"-80.84355618,28.58069906",-80.84355618,28.58069906,,,,,,
TITUSVILLE,BREVARD,,,,PUBLIC SCHOOL,,,,,,,,,"-80.81540000,28.53280000",-80.81540000,28.53280000,,,,,,
TITUSVILLE,BREVARD,,,,PUBLIC SCHOOL,,,,,,,,,"-80.80564829,28.59231504",-80.80564829,28.59231504,,,,,,
TITUSVILLE,BREVARD,,,,PUBLIC SCHOOL,,,,,,,,,"-80.81359999,28.58029999",-80.81359999,28.58029999,,,,,,
TITUSVILLE,BREVARD,,,,PUBLIC SCHOOL,,,,,,,,,"-80.83618700,28.55077300",-80.83618700,28.55077300,,,,,,
TITUSVILLE,BREVARD,,,,PUBLIC SCHOOL,,,,,,,,,"-80.81880001,28.56949999",-80.81880001,28.56949999,,,,,,
TITUSVILLE,BREVARD,,,,PUBLIC SCHOOL,,,,,,,,,"-80.85120001,28.63630002",-80.85120001,28.63630002,,,,,,
TITUSVILLE,BREVARD,,,,PUBLIC SCHOOL,,,,,,,,,"-80.79158408,28.54581365",-80.79158408,28.54581365,,,,,,
TITUSVILLE,BREVARD,,,,PUBLIC SCHOOL,,,,,,,,,"-80.81230002,28.54210000",-80.81230002,28.54210000,,,,,,
TITUSVILLE,BREVARD,,,,PUBLIC SCHOOL,,,,,,,,,"-80.81119999,28.56510001",-80.81119999,28.56510001,,,,,,
TITUSVILLE,BREVARD,,,,PUBLIC SCHOOL,,,,,,,,,"-80.82455862,28.60606204",-80.82455862,28.60606204,,,,,,
TITUSVILLE,BREVARD,,,,PUBLIC SCHOOL,,,,,,,,,"-80.84939998,28.63650000",-80.84939998,28.63650000,,,,,,
COCOA,BREVARD,,,,PUBLIC SCHOOL,,,,,,,,,"-80.79560000,28.48760000",-80.79560000,28.48760000,,,,,,
COCOA,BREVARD,,,,PUBLIC SCHOOL,,,,,,,,,"-80.75009999,28.38290001",-80.75009999,28.38290001,,,,,,
COCOA,BREVARD,,,,PUBLIC SCHOOL,,,,,,,,,"-80.77079999,28.37040001",-80.77079999,28.37040001,,,,,,
COCOA,BREVARD,,,,PUBLIC SCHOOL,,,,,,,,,"-80.78094200,28.48033700",-80.78094200,28.48033700,,,,,,
COCOA,BREVARD,,,,PUBLIC SCHOOL,,,,,,,,,"-80.78442114,28.41795382",-80.78442114,28.41795382,,,,,,
COCOA,BREVARD,,,,PUBLIC SCHOOL,,,,,,,,,"-80.75598517,28.37585397",-80.75598517,28.37585397,,,,,,
COCOA,BREVARD,,,,PUBLIC SCHOOL,,,,,,,,,"-80.73907234,28.35111271",-80.73907234,28.35111271,,,,,,
COCOA,BREVARD,,,,PUBLIC SCHOOL,,,,,,,,,"-80.74787466,28.36845005",-80.74787466,28.36845005,,,,,,
COCOA,BREVARD,,,,PUBLIC SCHOOL,,,,,,,,,"-80.76906371,28.38310111",-80.76906371,28.38310111,,,,,,
COCOA,BREVARD,,,,PUBLIC SCHOOL,,,,,,,,,"-80.82739998,28.47670001",-80.82739998,28.47670001,,,,,,
COCOA,BREVARD,,,,PUBLIC SCHOOL,,,,,,,,,"-80.80020002,28.46630000",-80.80020002,28.46630000,,,,,,
COCOA,BREVARD,,,,PUBLIC SCHOOL,,,,,,,,,"-80.78434082,28.44927946",-80.78434082,28.44927946,,,,,,
COCOA,BREVARD,,,,PUBLIC SCHOOL,,,,,,,,,"-80.76010002,28.43840001",-80.76010002,28.43840001,,,,,,
COCOA,BREVARD,,,,PUBLIC SCHOOL,,,,,,,,,"-80.82544944,28.47976907",-80.82544944,28.47976907,,,,,,
PALM BAY,BREVARD,,,,PUBLIC SCHOOL,,,,,,,,,"-80.63233609,27.94961498",-80.63233609,27.94961498,,,,,,
PALM BAY,BREVARD,,,,PUBLIC SCHOOL,,,,,,,,,"-80.71909998,28.02910000",-80.71909998,28.02910000,,,,,,
PALM BAY,BREVARD,,,,PUBLIC SCHOOL,,,,,,,,,"-80.61102443,28.03390450",-80.61102443,28.03390450,,,,,,
PALM BAY,BREVARD,,,,PUBLIC SCHOOL,,,,,,,,,"-80.69800002,27.98720002",-80.69800002,27.98720002,,,,,,
PALM BAY,BREVARD,,,,PUBLIC SCHOOL,,,,,,,,,"-80.66060000,27.98850001",-80.66060000,27.98850001,,,,,,
PALM BAY,BREVARD,,,,PUBLIC SCHOOL,,,,,,,,,"-80.62319999,27.96920001",-80.62319999,27.96920001,,,,,,
PALM BAY,BREVARD,,,,PUBLIC SCHOOL,,,,,,,,,"-80.62559876,27.90893705",-80.62559876,27.90893705,,,,,,
PALM BAY,BREVARD,,,,PUBLIC SCHOOL,,,,,,,,,"-80.61430001,28.03449998",-80.61430001,28.03449998,,,,,,
PALM BAY,BREVARD,,,,PUBLIC SCHOOL,,,,,,,,,"-80.74370948,28.00230463",-80.74370948,28.00230463,,,,,,
PALM BAY,BREVARD,,,,PUBLIC SCHOOL,,,,,,,,,"-80.67471118,27.94379701",-80.67471118,27.94379701,,,,,,
PALM BAY,BREVARD,,,,PUBLIC SCHOOL,,,,,,,,,"-80.63843876,27.96767585",-80.63843876,27.96767585,,,,,,
PALM BAY,BREVARD,,,,PUBLIC SCHOOL,,,,,,,,,"-80.64364475,28.02936683",-80.64364475,28.02936683,,,,,,
PALM BAY,BREVARD,,,,PUBLIC SCHOOL,,,,,,,,,"-80.65879999,28.02560001",-80.65879999,28.02560001,,,,,,
PALM BAY,BREVARD,,,,PUBLIC SCHOOL,,,,,,,,,"-80.65786481,27.95395158",-80.65786481,27.95395158,,,,,,
PALM BAY,BREVARD,,,,PUBLIC SCHOOL,,,,,,,,,"-80.66050000,27.99039999",-80.66050000,27.99039999,,,,,,
PALM BAY,BREVARD,,,,PUBLIC SCHOOL,,,,,,,,,"-80.61610000,28.03416258",-80.61610000,28.03416258,,,,,,
PALM BAY,BREVARD,,,,PUBLIC SCHOOL,,,,,,,,,"-80.67516597,27.95104839",-80.67516597,27.95104839,,,,,,
PALM BAY,BREVARD,,,,PUBLIC SCHOOL,,,,,,,,,"-80.61979999,28.00390002",-80.61979999,28.00390002,,,,,,
PALM BAY,BREVARD,,,,PUBLIC SCHOOL,,,,,,,,,"-80.62296887,27.99772507",-80.62296887,27.99772507,,,,,,
PALM BAY,BREVARD,,,,PUBLIC SCHOOL,,,,,,,,,"-80.59109999,28.02860000",-80.59109999,28.02860000,,,,,,
PALM BAY,BREVARD,,,,PUBLIC SCHOOL,,,,,,,,,"-80.67429999,28.00930000",-80.67429999,28.00930000,,,,,,
SATELLITE BEACH,BREVARD,,,,PUBLIC SCHOOL,,,,,,,,,"-80.60242641,28.18617278",-80.60242641,28.18617278,,,,,,
SATELLITE BEACH,BREVARD,,,,PUBLIC SCHOOL,,,,,,,,,"-80.59242877,28.14969983",-80.59242877,28.14969983,,,,,,
SATELLITE BEACH,BREVARD,,,,PUBLIC SCHOOL,,,,,,,,,"-80.59695574,28.18391243",-80.59695574,28.18391243,,,,,,
SATELLITE BEACH,BREVARD,,,,PUBLIC SCHOOL,,,,,,,,,"-80.60231582,28.17166940",-80.60231582,28.17166940,,,,,,
SATELLITE BEACH,BREVARD,,,,PUBLIC SCHOOL,,,,,,,,,"-80.60420001,28.20289999",-80.60420001,28.20289999,,,,,,
SATELLITE BEACH,BREVARD,,,,PUBLIC SCHOOL,,,,,,,,,"-80.59672745,28.18571994",-80.59672745,28.18571994,,,,,,
MERRITT ISLAND,BREVARD,,,,PUBLIC SCHOOL,,,,,,,,,"-80.70280002,28.36169999",-80.70280002,28.36169999,,,,,,
MERRITT ISLAND,BREVARD,,,,PUBLIC SCHOOL,,,,,,,,,"-80.67089998,28.39860001",-80.67089998,28.39860001,,,,,,
MERRITT ISLAND,BREVARD,,,,PUBLIC SCHOOL,,,,,,,,,"-80.69489998,28.34160002",-80.69489998,28.34160002,,,,,,
MERRITT ISLAND,BREVARD,,,,PUBLIC SCHOOL,,,,,,,,,"-80.68680001,28.33479999",-80.68680001,28.33479999,,,,,,
MERRITT ISLAND,BREVARD,,,,PUBLIC SCHOOL,,,,,,,,,"-80.69930000,28.39439998",-80.69930000,28.39439998,,,,,,
MERRITT ISLAND,BREVARD,,,,PUBLIC SCHOOL,,,,,,,,,"-80.69959045,28.37705922",-80.69959045,28.37705922,,,,,,
MERRITT ISLAND,BREVARD,,,,PUBLIC SCHOOL,,,,,,,,,"-80.69650000,28.36180001",-80.69650000,28.36180001,,,,,,
MERRITT ISLAND,BREVARD,,,,PUBLIC SCHOOL,,,,,,,,,"-80.66940000,28.37790000",-80.66940000,28.37790000,,,,,,
COCOA BEACH,BREVARD,,,,PUBLIC SCHOOL,,,,,,,,,"-80.63058076,28.31772893",-80.63058076,28.31772893,,,,,,
COCOA BEACH,BREVARD,,,,PUBLIC SCHOOL,,,,,,,,,"-80.62303951,28.36010552",-80.62303951,28.36010552,,,,,,
COCOA BEACH,BREVARD,,,,PUBLIC SCHOOL,,,,,,,,,"-80.62726570,28.31756882",-80.62726570,28.31756882,,,,,,
COCOA BEACH,BREVARD,,,,PUBLIC SCHOOL,,,,,,,,,"-80.61279998,28.31059998",-80.61279998,28.31059998,,,,,,
MELBOURNE,BREVARD,,,,PUBLIC SCHOOL,,,,,,,,,"-80.73671313,28.24865322",-80.73671313,28.24865322,,,,,,
MELBOURNE,BREVARD,,,,PUBLIC SCHOOL,,,,,,,,,"-80.60360000,28.06289999",-80.60360000,28.06289999,,,,,,
MELBOURNE,BREVARD,,,,PUBLIC SCHOOL,,,,,,,,,"-80.64159998,28.12110000",-80.64159998,28.12110000,,,,,,
MELBOURNE,BREVARD,,,,PUBLIC SCHOOL,,,,,,,,,"-80.66405579,28.11711534",-80.66405579,28.11711534,,,,,,
MELBOURNE,BREVARD,,,,PUBLIC SCHOOL,,,,,,,,,"-80.62959999,28.06370001",-80.62959999,28.06370001,,,,,,
MELBOURNE,BREVARD,,,,PUBLIC SCHOOL,,,,,,,,,"-80.61801136,28.04873360",-80.61801136,28.04873360,,,,,,
MELBOURNE,BREVARD,,,,PUBLIC SCHOOL,,,,,,,,,"-80.62361096,28.08725761",-80.62361096,28.08725761,,,,,,
MELBOURNE,BREVARD,,,,PUBLIC SCHOOL,,,,,,,,,"-80.67085604,28.14263250",-80.67085604,28.14263250,,,,,,
MELBOURNE,BREVARD,,,,PUBLIC SCHOOL,,,,,,,,,"-80.66363798,28.06214525",-80.66363798,28.06214525,,,,,,
MELBOURNE,BREVARD,,,,PUBLIC SCHOOL,,,,,,,,,"-80.67024815,28.07386260",-80.67024815,28.07386260,,,,,,
MELBOURNE,BREVARD,,,,PUBLIC SCHOOL,,,,,,,,,"-80.66430005,28.17088890",-80.66430005,28.17088890,,,,,,
MELBOURNE,BREVARD,,,,PUBLIC SCHOOL,,,,,,,,,"-80.65399999,28.14250000",-80.65399999,28.14250000,,,,,,
MELBOURNE,BREVARD,,,,PUBLIC SCHOOL,,,,,,,,,"-80.65419999,28.12990001",-80.65419999,28.12990001,,,,,,
MELBOURNE,BREVARD,,,,PUBLIC SCHOOL,,,,,,,,,"-80.61994064,28.09023338",-80.61994064,28.09023338,,,,,,
MELBOURNE,BREVARD,,,,PUBLIC SCHOOL,,,,,,,,,"-80.66901010,28.06201809",-80.66901010,28.06201809,,,,,,
MELBOURNE,BREVARD,,,,PUBLIC SCHOOL,,,,,,,,,"-80.67369999,28.17850002",-80.67369999,28.17850002,,,,,,
MELBOURNE,BREVARD,,,,PUBLIC SCHOOL,,,,,,,,,"-80.71370001,28.23169999",-80.71370001,28.23169999,,,,,,
MELBOURNE,BREVARD,,,,PUBLIC SCHOOL,,,,,,,,,"-80.64760738,28.13046757",-80.64760738,28.13046757,,,,,,
MELBOURNE,BREVARD,,,,PUBLIC SCHOOL,,,,,,,,,"-80.64542972,28.14116808",-80.64542972,28.14116808,,,,,,
MELBOURNE,BREVARD,,,,PUBLIC SCHOOL,,,,,,,,,"-80.67214486,28.08596499",-80.67214486,28.08596499,,,,,,
MELBOURNE,BREVARD,,,,PUBLIC SCHOOL,,,,,,,,,"-80.71239999,28.12129999",-80.71239999,28.12129999,,,,,,
MELBOURNE,BREVARD,,,,PUBLIC SCHOOL,,,,,,,,,"-80.72391353,28.22136343",-80.72391353,28.22136343,,,,,,
MELBOURNE,BREVARD,,,,PUBLIC SCHOOL,,,,,,,,,"-80.67099998,28.13060001",-80.67099998,28.13060001,,,,,,
MELBOURNE,BREVARD,,,,PUBLIC SCHOOL,,,,,,,,,"-80.62681232,28.10780030",-80.62681232,28.10780030,,,,,,
MELBOURNE,BREVARD,,,,PUBLIC SCHOOL,,,,,,,,,"-80.67950000,28.21430002",-80.67950000,28.21430002,,,,,,
MELBOURNE,BREVARD,,,,PUBLIC SCHOOL,,,,,,,,,"-80.73591380,28.25234965",-80.73591380,28.25234965,,,,,,
MIMS,BREVARD,,,,PUBLIC SCHOOL,,,,,,,,,"-80.84695618,28.66816861",-80.84695618,28.66816861,,,,,,
MIMS,BREVARD,,,,PUBLIC SCHOOL,,,,,,,,,"-80.85800001,28.70209999",-80.85800001,28.70209999,,,,,,
MELBOURNE BEACH,BREVARD,,,,PUBLIC SCHOOL,,,,,,,,,"-80.55529998,28.05430000",-80.55529998,28.05430000,,,,,,
SCOTTSMOOR,BREVARD,,,,PUBLIC SCHOOL,,,,,,,,,"-80.86921507,28.77064042",-80.86921507,28.77064042,,,,,,
VIERA,BREVARD,,,,PUBLIC SCHOOL,,,,,,,,,"-80.74514223,28.25783895",-80.74514223,28.25783895,,,,,,
INDIALANTIC,BREVARD,,,,PUBLIC SCHOOL,,,,,,,,,"-80.57459998,28.10190000",-80.57459998,28.10190000,,,,,,
INDIALANTIC,BREVARD,,,,PUBLIC SCHOOL,,,,,,,,,"-80.57342843,28.10047515",-80.57342843,28.10047515,,,,,,
WEST MELBOURNE,BREVARD,,,,PUBLIC SCHOOL,,,,,,,,,"-80.66737877,28.06186407",-80.66737877,28.06186407,,,,,,
WEST MELBOURNE,BREVARD,,,,PUBLIC SCHOOL,,,,,,,,,"-80.65137850,28.04172974",-80.65137850,28.04172974,,,,,,
PLANTATION,BROWARD,,,,PUBLIC SCHOOL,,,,,,,,,"-80.24150937,26.14639995",-80.24150937,26.14639995,,,,,,
PLANTATION,BROWARD,,,,PUBLIC SCHOOL,,,,,,,,,"-80.20210669,26.11390454",-80.20210669,26.11390454,,,,,,
PLANTATION,BROWARD,,,,PUBLIC SCHOOL,,,,,,,,,"-80.25620376,26.10453627",-80.25620376,26.10453627,,,,,,
DANIA,BROWARD,,,,PUBLIC SCHOOL,,,,,,,,,"-80.15072416,26.05625775",-80.15072416,26.05625775,,,,,,
DANIA,BROWARD,,,,PUBLIC SCHOOL,,,,,,,,,"-80.14221621,26.04671215",-80.14221621,26.04671215,,,,,,
DANIA,BROWARD,,,,PUBLIC SCHOOL,,,,,,,,,"-80.13782881,26.03634909",-80.13782881,26.03634909,,,,,,
HALLANDALE,BROWARD,,,,PUBLIC SCHOOL,,,,,,,,,"-80.15414504,25.99135587",-80.15414504,25.99135587,,,,,,
HALLANDALE,BROWARD,,,,PUBLIC SCHOOL,,,,,,,,,"-80.16184045,25.99370763",-80.16184045,25.99370763,,,,,,
HALLANDALE,BROWARD,,,,PUBLIC SCHOOL,,,,,,,,,"-80.15295296,25.98383271",-80.15295296,25.98383271,,,,,,
HALLANDALE,BROWARD,,,,PUBLIC SCHOOL,,,,,,,,,"-80.16443724,25.99274477",-80.16443724,25.99274477,,,,,,
HALLANDALE,BROWARD,,,,PUBLIC SCHOOL,,,,,,,,,"-80.16157444,25.97733887",-80.16157444,25.97733887,,,,,,
HALLANDALE,BROWARD,,,,PUBLIC SCHOOL,,,,,,,,,"-80.16261672,25.98056615",-80.16261672,25.98056615,,,,,,
COOPER CITY,BROWARD,,,,PUBLIC SCHOOL,,,,,,,,,"-80.27938892,26.03398343",-80.27938892,26.03398343,,,,,,
COOPER CITY,BROWARD,,,,PUBLIC SCHOOL,,,,,,,,,"-80.31462516,26.03956593",-80.31462516,26.03956593,,,,,,
MIRAMAR,BROWARD,,,,PUBLIC SCHOOL,,,,,,,,,"-80.36812805,25.97022326",-80.36812805,25.97022326,,,,,,
MIRAMAR,BROWARD,,,,PUBLIC SCHOOL,,,,,,,,,"-80.24020090,25.98532676",-80.24020090,25.98532676,,,,,,
MIRAMAR,BROWARD,,,,PUBLIC SCHOOL,,,,,,,,,"-80.34477350,25.96223357",-80.34477350,25.96223357,,,,,,
MIRAMAR,BROWARD,,,,PUBLIC SCHOOL,,,,,,,,,"-80.32891888,25.98611593",-80.32891888,25.98611593,,,,,,
MIRAMAR,BROWARD,,,,PUBLIC SCHOOL,,,,,,,,,"-80.24902064,25.97976631",-80.24902064,25.97976631,,,,,,
FT LAUDERDALE,BROWARD,,,,PUBLIC SCHOOL,,,,,,,,,"-80.17919073,26.10600807",-80.17919073,26.10600807,,,,,,
FT LAUDERDALE,BROWARD,,,,PUBLIC SCHOOL,,,,,,,,,"-80.19925608,26.04755553",-80.19925608,26.04755553,,,,,,
FT LAUDERDALE,BROWARD,,,,PUBLIC SCHOOL,,,,,,,,,"-80.17183728,26.18704260",-80.17183728,26.18704260,,,,,,
NORTH LAUDERDALE,BROWARD,,,,PUBLIC SCHOOL,,,,,,,,,"-80.20670735,26.20486462",-80.20670735,26.20486462,,,,,,
LAUDERHILL,BROWARD,,,,PUBLIC SCHOOL,,,,,,,,,"-80.19585925,26.14456858",-80.19585925,26.14456858,,,,,,
CORAL SPRINGS,BROWARD,,,,PUBLIC SCHOOL,,,,,,,,,"-80.20735975,26.27235745",-80.20735975,26.27235745,,,,,,
CORAL SPRINGS,BROWARD,,,,PUBLIC SCHOOL,,,,,,,,,"-80.26797516,26.23221374",-80.26797516,26.23221374,,,,,,
DEERFIELD BEACH,BROWARD,,,,PUBLIC SCHOOL,,,,,,,,,"-80.16070711,26.31621342",-80.16070711,26.31621342,,,,,,
DEERFIELD BEACH,BROWARD,,,,PUBLIC SCHOOL,,,,,,,,,"-80.09471721,26.32000802",-80.09471721,26.32000802,,,,,,
DEERFIELD BEACH,BROWARD,,,,PUBLIC SCHOOL,,,,,,,,,"-80.10670963,26.30959180",-80.10670963,26.30959180,,,,,,
DEERFIELD BEACH,BROWARD,,,,PUBLIC SCHOOL,,,,,,,,,"-80.09786174,26.30990236",-80.09786174,26.30990236,,,,,,
WILTON MANORS,BROWARD,,,,PUBLIC SCHOOL,,,,,,,,,"-80.14823989,26.16316086",-80.14823989,26.16316086,,,,,,
LAUDERDALE LAKES,BROWARD,,,,PUBLIC SCHOOL,,,,,,,,,"-80.20151882,26.18444270",-80.20151882,26.18444270,,,,,,
DAVIE,BROWARD,,,,PUBLIC SCHOOL,,,,,,,,,"-80.24820344,26.04061565",-80.24820344,26.04061565,,,,,,
DAVIE,BROWARD,,,,PUBLIC SCHOOL,,,,,,,,,"-80.24684827,26.07949551",-80.24684827,26.07949551,,,,,,
ALTHA,CALHOUN,,,,PUBLIC SCHOOL,,,,,,,,,"-85.18183594,30.44961658",-85.18183594,30.44961658,,,,,,
ALTHA,CALHOUN,,,,PUBLIC SCHOOL,,,,,,,,,"-85.12661659,30.57298565",-85.12661659,30.57298565,,,,,,
PORT CHARLOTTE,CHARLOTTE,,,,PUBLIC SCHOOL,,,,,,,,,"-82.08706804,27.00353845",-82.08706804,27.00353845,,,,,,
PORT CHARLOTTE,CHARLOTTE,,,,PUBLIC SCHOOL,,,,,,,,,"-82.12506732,26.98596874",-82.12506732,26.98596874,,,,,,
PORT CHARLOTTE,CHARLOTTE,,,,PUBLIC SCHOOL,,,,,,,,,"-82.07703649,26.96903731",-82.07703649,26.96903731,,,,,,
PORT CHARLOTTE,CHARLOTTE,,,,PUBLIC SCHOOL,,,,,,,,,"-82.23523152,26.94122255",-82.23523152,26.94122255,,,,,,
PORT CHARLOTTE,CHARLOTTE,,,,PUBLIC SCHOOL,,,,,,,,,"-82.06505885,27.01134612",-82.06505885,27.01134612,,,,,,
PORT CHARLOTTE,CHARLOTTE,,,,PUBLIC SCHOOL,,,,,,,,,"-82.15071182,27.00492858",-82.15071182,27.00492858,,,,,,
PORT CHARLOTTE,CHARLOTTE,,,,PUBLIC SCHOOL,,,,,,,,,"-82.07500088,26.96939127",-82.07500088,26.96939127,,,,,,
PORT CHARLOTTE,CHARLOTTE,,,,PUBLIC SCHOOL,,,,,,,,,"-82.16236325,27.00269470",-82.16236325,27.00269470,,,,,,
PORT CHARLOTTE,CHARLOTTE,,,,PUBLIC SCHOOL,,,,,,,,,"-82.14524446,27.00633973",-82.14524446,27.00633973,,,,,,
PORT CHARLOTTE,CHARLOTTE,,,,PUBLIC SCHOOL,,,,,,,,,"-82.11210534,27.02198256",-82.11210534,27.02198256,,,,,,
PORT CHARLOTTE,CHARLOTTE,,,,PUBLIC SCHOOL,,,,,,,,,"-82.07631363,27.00037219",-82.07631363,27.00037219,,,,,,
PORT CHARLOTTE,CHARLOTTE,,,,PUBLIC SCHOOL,,,,,,,,,"-82.14623868,27.00552530",-82.14623868,27.00552530,,,,,,
ENGLEWOOD,CHARLOTTE,,,,PUBLIC SCHOOL,,,,,,,,,"-82.28409815,26.91421836",-82.28409815,26.91421836,,,,,,
ENGLEWOOD,CHARLOTTE,,,,PUBLIC SCHOOL,,,,,,,,,"-82.28698357,26.91355592",-82.28698357,26.91355592,,,,,,
ENGLEWOOD,CHARLOTTE,,,,PUBLIC SCHOOL,,,,,,,,,"-82.33162279,26.92674388",-82.33162279,26.92674388,,,,,,
CRYSTAL RIVER,CITRUS,,,,PUBLIC SCHOOL,,,,,,,,,"-82.57973460,28.90592252",-82.57973460,28.90592252,,,,,,
CRYSTAL RIVER,CITRUS,,,,PUBLIC SCHOOL,,,,,,,,,"-82.64607257,28.90274994",-82.64607257,28.90274994,,,,,,
CRYSTAL RIVER,CITRUS,,,,PUBLIC SCHOOL,,,,,,,,,"-82.57800649,28.90027720",-82.57800649,28.90027720,,,,,,
CRYSTAL RIVER,CITRUS,,,,PUBLIC SCHOOL,,,,,,,,,"-82.58829050,28.90104598",-82.58829050,28.90104598,,,,,,
INVERNESS,CITRUS,,,,PUBLIC SCHOOL,,,,,,,,,"-82.33728500,28.83421658",-82.33728500,28.83421658,,,,,,
INVERNESS,CITRUS,,,,PUBLIC SCHOOL,,,,,,,,,"-82.34151003,28.84627381",-82.34151003,28.84627381,,,,,,
INVERNESS,CITRUS,,,,PUBLIC SCHOOL,,,,,,,,,"-82.34305923,28.83555431",-82.34305923,28.83555431,,,,,,
INVERNESS,CITRUS,,,,PUBLIC SCHOOL,,,,,,,,,"-82.35180527,28.82404235",-82.35180527,28.82404235,,,,,,
INVERNESS,CITRUS,,,,PUBLIC SCHOOL,,,,,,,,,"-82.33724728,28.83332221",-82.33724728,28.83332221,,,,,,
INVERNESS,CITRUS,,,,PUBLIC SCHOOL,,,,,,,,,"-82.34592000,28.83519717",-82.34592000,28.83519717,,,,,,
HOMOSASSA,CITRUS,,,,PUBLIC SCHOOL,,,,,,,,,"-82.61495864,28.78251188",-82.61495864,28.78251188,,,,,,
HOMOSASSA,CITRUS,,,,PUBLIC SCHOOL,,,,,,,,,"-82.53688278,28.84897863",-82.53688278,28.84897863,,,,,,
LECANTO,CITRUS,,,,PUBLIC SCHOOL,,,,,,,,,"-82.49720779,28.81847324",-82.49720779,28.81847324,,,,,,
LECANTO,CITRUS,,,,PUBLIC SCHOOL,,,,,,,,,"-82.49738935,28.82521291",-82.49738935,28.82521291,,,,,,
LECANTO,CITRUS,,,,PUBLIC SCHOOL,,,,,,,,,"-82.48138166,28.84474023",-82.48138166,28.84474023,,,,,,
LECANTO,CITRUS,,,,PUBLIC SCHOOL,,,,,,,,,"-82.49874308,28.82417131",-82.49874308,28.82417131,,,,,,
LECANTO,CITRUS,,,,PUBLIC SCHOOL,,,,,,,,,"-82.49619527,28.82466575",-82.49619527,28.82466575,,,,,,
LECANTO,CITRUS,,,,PUBLIC SCHOOL,,,,,,,,,"-82.49885038,28.82552683",-82.49885038,28.82552683,,,,,,
FLORAL CITY,CITRUS,,,,PUBLIC SCHOOL,,,,,,,,,"-82.29395954,28.75179083",-82.29395954,28.75179083,,,,,,
FLORAL CITY,CITRUS,,,,PUBLIC SCHOOL,,,,,,,,,"-82.32207365,28.74586965",-82.32207365,28.74586965,,,,,,
DUNNELLON,CITRUS,,,,PUBLIC SCHOOL,,,,,,,,,"-82.49428147,28.98079228",-82.49428147,28.98079228,,,,,,
DUNNELLON,CITRUS,,,,PUBLIC SCHOOL,,,,,,,,,"-82.43338888,28.97381486",-82.43338888,28.97381486,,,,,,
DUNNELLON,CITRUS,,,,PUBLIC SCHOOL,,,,,,,,,"-82.43824859,28.97385179",-82.43824859,28.97385179,,,,,,
HERNANDO,CITRUS,,,,PUBLIC SCHOOL,,,,,,,,,"-82.44447523,28.90495401",-82.44447523,28.90495401,,,,,,
HERNANDO,CITRUS,,,,PUBLIC SCHOOL,,,,,,,,,"-82.38440307,28.89658914",-82.38440307,28.89658914,,,,,,
ORANGE PARK,CLAY,,,,PUBLIC SCHOOL,,,,,,,,,"-81.74632558,30.15060164",-81.74632558,30.15060164,,,,,,
ORANGE PARK,CLAY,,,,PUBLIC SCHOOL,,,,,,,,,"-81.70543803,30.16473846",-81.70543803,30.16473846,,,,,,
ORANGE PARK,CLAY,,,,PUBLIC SCHOOL,,,,,,,,,"-81.74840349,30.17780462",-81.74840349,30.17780462,,,,,,
ORANGE PARK,CLAY,,,,PUBLIC SCHOOL,,,,,,,,,"-81.70427527,30.17264665",-81.70427527,30.17264665,,,,,,
ORANGE PARK,CLAY,,,,PUBLIC SCHOOL,,,,,,,,,"-81.69967961,30.10012013",-81.69967961,30.10012013,,,,,,
ORANGE PARK,CLAY,,,,PUBLIC SCHOOL,,,,,,,,,"-81.74413878,30.16343772",-81.74413878,30.16343772,,,,,,
ORANGE PARK,CLAY,,,,PUBLIC SCHOOL,,,,,,,,,"-81.78696119,30.13438086",-81.78696119,30.13438086,,,,,,
ORANGE PARK,CLAY,,,,PUBLIC SCHOOL,,,,,,,,,"-81.71275535,30.16952507",-81.71275535,30.16952507,,,,,,
ORANGE PARK,CLAY,,,,PUBLIC SCHOOL,,,,,,,,,"-81.72247722,30.16380453",-81.72247722,30.16380453,,,,,,
ORANGE PARK,CLAY,,,,PUBLIC SCHOOL,,,,,,,,,"-81.74313352,30.16326214",-81.74313352,30.16326214,,,,,,
ORANGE PARK,CLAY,,,,PUBLIC SCHOOL,,,,,,,,,"-81.72766620,30.16803589",-81.72766620,30.16803589,,,,,,
ORANGE PARK,CLAY,,,,PUBLIC SCHOOL,,,,,,,,,"-81.78792610,30.17643894",-81.78792610,30.17643894,,,,,,
ORANGE PARK,CLAY,,,,PUBLIC SCHOOL,,,,,,,,,"-81.71166776,30.08713372",-81.71166776,30.08713372,,,,,,
ORANGE PARK,CLAY,,,,PUBLIC SCHOOL,,,,,,,,,"-81.72094428,30.08407898",-81.72094428,30.08407898,,,,,,
ORANGE PARK,CLAY,,,,PUBLIC SCHOOL,,,,,,,,,"-81.72619998,30.11410001",-81.72619998,30.11410001,,,,,,
ORANGE PARK,CLAY,,,,PUBLIC SCHOOL,,,,,,,,,"-81.79357084,30.13283776",-81.79357084,30.13283776,,,,,,
ORANGE PARK,CLAY,,,,PUBLIC SCHOOL,,,,,,,,,"-81.82035422,30.17954868",-81.82035422,30.17954868,,,,,,
ORANGE PARK,CLAY,,,,PUBLIC SCHOOL,,,,,,,,,"-81.74450002,30.15010000",-81.74450002,30.15010000,,,,,,
ORANGE PARK,CLAY,,,,PUBLIC SCHOOL,,,,,,,,,"-81.73493472,30.17387842",-81.73493472,30.17387842,,,,,,
ORANGE PARK,CLAY,,,,PUBLIC SCHOOL,,,,,,,,,"-81.72550785,30.15850669",-81.72550785,30.15850669,,,,,,
KEYSTONE HEIGHTS,CLAY,,,,PUBLIC SCHOOL,,,,,,,,,"-82.03739944,29.77920376",-82.03739944,29.77920376,,,,,,
KEYSTONE HEIGHTS,CLAY,,,,PUBLIC SCHOOL,,,,,,,,,"-81.92324745,29.81798927",-81.92324745,29.81798927,,,,,,
KEYSTONE HEIGHTS,CLAY,,,,PUBLIC SCHOOL,,,,,,,,,"-82.04217330,29.77939580",-82.04217330,29.77939580,,,,,,
JACKSONVILLE,CLAY,,,,PUBLIC SCHOOL,,,,,,,,,"-82.00775760,30.14468602",-82.00775760,30.14468602,,,,,,
NAPLES,COLLIER,,,,PUBLIC SCHOOL,,,,,,,,,"-81.75831772,26.22071493",-81.75831772,26.22071493,,,,,,
NAPLES,COLLIER,,,,PUBLIC SCHOOL,,,,,,,,,"-81.76356775,26.14110464",-81.76356775,26.14110464,,,,,,
NAPLES,COLLIER,,,,PUBLIC SCHOOL,,,,,,,,,"-81.76624158,26.30134903",-81.76624158,26.30134903,,,,,,
NAPLES,COLLIER,,,,PUBLIC SCHOOL,,,,,,,,,"-81.76738961,26.25741608",-81.76738961,26.25741608,,,,,,
NAPLES,COLLIER,,,,PUBLIC SCHOOL,,,,,,,,,"-81.57760677,26.29581676",-81.57760677,26.29581676,,,,,,
NAPLES,COLLIER,,,,PUBLIC SCHOOL,,,,,,,,,"-81.75870000,26.14130002",-81.75870000,26.14130002,,,,,,
NAPLES,COLLIER,,,,PUBLIC SCHOOL,,,,,,,,,"-81.67920001,26.04579999",-81.67920001,26.04579999,,,,,,
NAPLES,COLLIER,,,,PUBLIC SCHOOL,,,,,,,,,"-81.69071323,26.10536349",-81.69071323,26.10536349,,,,,,
NAPLES,COLLIER,,,,PUBLIC SCHOOL,,,,,,,,,"-81.76143105,26.21655295",-81.76143105,26.21655295,,,,,,
NAPLES,COLLIER,,,,PUBLIC SCHOOL,,,,,,,,,"-81.52590074,26.26530514",-81.52590074,26.26530514,,,,,,
NAPLES,COLLIER,,,,PUBLIC SCHOOL,,,,,,,,,"-81.71764316,26.08799936",-81.71764316,26.08799936,,,,,,
NAPLES,COLLIER,,,,PUBLIC SCHOOL,,,,,,,,,"-81.76504557,26.13964979",-81.76504557,26.13964979,,,,,,
NAPLES,COLLIER,,,,PUBLIC SCHOOL,,,,,,,,,"-81.81099998,26.27439999",-81.81099998,26.27439999,,,,,,
NAPLES,COLLIER,,,,PUBLIC SCHOOL,,,,,,,,,"-81.76956214,26.13367994",-81.76956214,26.13367994,,,,,,
NAPLES,COLLIER,,,,PUBLIC SCHOOL,,,,,,,,,"-81.78750000,26.21440000",-81.78750000,26.21440000,,,,,,
NAPLES,COLLIER,,,,PUBLIC SCHOOL,,,,,,,,,"-81.76530731,26.10830483",-81.76530731,26.10830483,,,,,,
NAPLES,COLLIER,,,,PUBLIC SCHOOL,,,,,,,,,"-81.79281949,26.16553754",-81.79281949,26.16553754,,,,,,
NAPLES,COLLIER,,,,PUBLIC SCHOOL,,,,,,,,,"-81.76779429,26.29546769",-81.76779429,26.29546769,,,,,,
NAPLES,COLLIER,,,,PUBLIC SCHOOL,,,,,,,,,"-81.79866192,26.14479654",-81.79866192,26.14479654,,,,,,
NAPLES,COLLIER,,,,PUBLIC SCHOOL,,,,,,,,,"-81.70739488,26.27119304",-81.70739488,26.27119304,,,,,,
NAPLES,COLLIER,,,,PUBLIC SCHOOL,,,,,,,,,"-81.79449924,26.17247574",-81.79449924,26.17247574,,,,,,
NAPLES,COLLIER,,,,PUBLIC SCHOOL,,,,,,,,,"-81.54693769,26.21009995",-81.54693769,26.21009995,,,,,,
NAPLES,COLLIER,,,,PUBLIC SCHOOL,,,,,,,,,"-81.69809998,26.17840000",-81.69809998,26.17840000,,,,,,
NAPLES,COLLIER,,,,PUBLIC SCHOOL,,,,,,,,,"-81.75809344,26.21812357",-81.75809344,26.21812357,,,,,,
NAPLES,COLLIER,,,,PUBLIC SCHOOL,,,,,,,,,"-81.70105205,26.16717316",-81.70105205,26.16717316,,,,,,
NAPLES,COLLIER,,,,PUBLIC SCHOOL,,,,,,,,,"-81.67720717,26.04619480",-81.67720717,26.04619480,,,,,,
NAPLES,COLLIER,,,,PUBLIC SCHOOL,,,,,,,,,"-81.67219346,26.22790453",-81.67219346,26.22790453,,,,,,
NAPLES,COLLIER,,,,PUBLIC SCHOOL,,,,,,,,,"-81.73349999,26.24230000",-81.73349999,26.24230000,,,,,,
NAPLES,COLLIER,,,,PUBLIC SCHOOL,,,,,,,,,"-81.76527682,26.15461188",-81.76527682,26.15461188,,,,,,
NAPLES,COLLIER,,,,PUBLIC SCHOOL,,,,,,,,,"-81.76384902,26.12915570",-81.76384902,26.12915570,,,,,,
NAPLES,COLLIER,,,,PUBLIC SCHOOL,,,,,,,,,"-81.54834903,26.34058642",-81.54834903,26.34058642,,,,,,
NAPLES,COLLIER,,,,PUBLIC SCHOOL,,,,,,,,,"-81.69081305,26.26508882",-81.69081305,26.26508882,,,,,,
NAPLES,COLLIER,,,,PUBLIC SCHOOL,,,,,,,,,"-81.76953776,26.18090150",-81.76953776,26.18090150,,,,,,
NAPLES,COLLIER,,,,PUBLIC SCHOOL,,,,,,,,,"-81.80500001,26.21030000",-81.80500001,26.21030000,,,,,,
NAPLES,COLLIER,,,,PUBLIC SCHOOL,,,,,,,,,"-81.52373988,26.26519514",-81.52373988,26.26519514,,,,,,
NAPLES,COLLIER,,,,PUBLIC SCHOOL,,,,,,,,,"-81.71513070,26.14510025",-81.71513070,26.14510025,,,,,,
NAPLES,COLLIER,,,,PUBLIC SCHOOL,,,,,,,,,"-81.58758217,26.29442194",-81.58758217,26.29442194,,,,,,
NAPLES,COLLIER,,,,PUBLIC SCHOOL,,,,,,,,,"-81.70550000,26.19139999",-81.70550000,26.19139999,,,,,,
NAPLES,COLLIER,,,,PUBLIC SCHOOL,,,,,,,,,"-81.69392713,26.16878756",-81.69392713,26.16878756,,,,,,
NAPLES,COLLIER,,,,PUBLIC SCHOOL,,,,,,,,,"-81.70587715,26.17794422",-81.70587715,26.17794422,,,,,,
NAPLES,COLLIER,,,,PUBLIC SCHOOL,,,,,,,,,"-81.77079516,26.24186700",-81.77079516,26.24186700,,,,,,
NAPLES,COLLIER,,,,PUBLIC SCHOOL,,,,,,,,,"-81.58567419,26.29440717",-81.58567419,26.29440717,,,,,,
NAPLES,COLLIER,,,,PUBLIC SCHOOL,,,,,,,,,"-81.71718476,26.08260481",-81.71718476,26.08260481,,,,,,
NAPLES,COLLIER,,,,PUBLIC SCHOOL,,,,,,,,,"-81.71019566,26.26982988",-81.71019566,26.26982988,,,,,,
IMMOKALEE,COLLIER,,,,PUBLIC SCHOOL,,,,,,,,,"-81.39541348,26.40365601",-81.39541348,26.40365601,,,,,,
IMMOKALEE,COLLIER,,,,PUBLIC SCHOOL,,,,,,,,,"-81.42514871,26.42654105",-81.42514871,26.42654105,,,,,,
IMMOKALEE,COLLIER,,,,PUBLIC SCHOOL,,,,,,,,,"-81.42087167,26.40825016",-81.42087167,26.40825016,,,,,,
IMMOKALEE,COLLIER,,,,PUBLIC SCHOOL,,,,,,,,,"-81.42660000,26.42480000",-81.42660000,26.42480000,,,,,,
IMMOKALEE,COLLIER,,,,PUBLIC SCHOOL,,,,,,,,,"-81.43292250,26.43202108",-81.43292250,26.43202108,,,,,,
IMMOKALEE,COLLIER,,,,PUBLIC SCHOOL,,,,,,,,,"-81.42882701,26.43241404",-81.42882701,26.43241404,,,,,,
IMMOKALEE,COLLIER,,,,PUBLIC SCHOOL,,,,,,,,,"-81.45993319,26.43453555",-81.45993319,26.43453555,,,,,,
IMMOKALEE,COLLIER,,,,PUBLIC SCHOOL,,,,,,,,,"-81.42375419,26.42440930",-81.42375419,26.42440930,,,,,,
IMMOKALEE,COLLIER,,,,PUBLIC SCHOOL,,,,,,,,,"-81.42684673,26.41412701",-81.42684673,26.41412701,,,,,,
IMMOKALEE,COLLIER,,,,PUBLIC SCHOOL,,,,,,,,,"-81.45912338,26.44178753",-81.45912338,26.44178753,,,,,,
IMMOKALEE,COLLIER,,,,PUBLIC SCHOOL,,,,,,,,,"-81.42093573,26.42000345",-81.42093573,26.42000345,,,,,,
MARCO ISLAND,COLLIER,,,,PUBLIC SCHOOL,,,,,,,,,"-81.71035414,25.94094436",-81.71035414,25.94094436,,,,,,
MARCO ISLAND,COLLIER,,,,PUBLIC SCHOOL,,,,,,,,,"-81.71082664,25.92449532",-81.71082664,25.92449532,,,,,,
MARCO ISLAND,COLLIER,,,,PUBLIC SCHOOL,,,,,,,,,"-81.71065116,25.93944442",-81.71065116,25.93944442,,,,,,
OCHOPEE,COLLIER,,,,PUBLIC SCHOOL,,,,,,,,,"-81.38638125,25.86378939",-81.38638125,25.86378939,,,,,,
OCHOPEE,COLLIER,,,,PUBLIC SCHOOL,,,,,,,,,"-81.26464577,25.94024518",-81.26464577,25.94024518,,,,,,
LAKE CITY,COLUMBIA,,,,PUBLIC SCHOOL,,,,,,,,,"-82.69876543,30.15329794",-82.69876543,30.15329794,,,,,,
LAKE CITY,COLUMBIA,,,,PUBLIC SCHOOL,,,,,,,,,"-82.64945081,30.17002451",-82.64945081,30.17002451,,,,,,
LAKE CITY,COLUMBIA,,,,PUBLIC SCHOOL,,,,,,,,,"-82.63566803,30.14791955",-82.63566803,30.14791955,,,,,,
LAKE CITY,COLUMBIA,,,,PUBLIC SCHOOL,,,,,,,,,"-82.64297758,30.18841722",-82.64297758,30.18841722,,,,,,
LAKE CITY,COLUMBIA,,,,PUBLIC SCHOOL,,,,,,,,,"-82.73826131,30.17543310",-82.73826131,30.17543310,,,,,,
LAKE CITY,COLUMBIA,,,,PUBLIC SCHOOL,,,,,,,,,"-82.64183020,30.21743456",-82.64183020,30.21743456,,,,,,
LAKE CITY,COLUMBIA,,,,PUBLIC SCHOOL,,,,,,,,,"-82.62879105,30.20061526",-82.62879105,30.20061526,,,,,,
LAKE CITY,COLUMBIA,,,,PUBLIC SCHOOL,,,,,,,,,"-82.62814461,30.18119978",-82.62814461,30.18119978,,,,,,
LAKE CITY,COLUMBIA,,,,PUBLIC SCHOOL,,,,,,,,,"-82.75120252,30.19429113",-82.75120252,30.19429113,,,,,,
LAKE CITY,COLUMBIA,,,,PUBLIC SCHOOL,,,,,,,,,"-82.65653550,30.19474868",-82.65653550,30.19474868,,,,,,
LAKE CITY,COLUMBIA,,,,PUBLIC SCHOOL,,,,,,,,,"-82.64163056,30.18895294",-82.64163056,30.18895294,,,,,,
LAKE CITY,COLUMBIA,,,,PUBLIC SCHOOL,,,,,,,,,"-82.60601108,30.18479229",-82.60601108,30.18479229,,,,,,
LAKE CITY,COLUMBIA,,,,PUBLIC SCHOOL,,,,,,,,,"-82.64210046,30.18841535",-82.64210046,30.18841535,,,,,,
LAKE CITY,COLUMBIA,,,,PUBLIC SCHOOL,,,,,,,,,"-82.65443890,30.17846185",-82.65443890,30.17846185,,,,,,
LAKE CITY,COLUMBIA,,,,PUBLIC SCHOOL,,,,,,,,,"-82.62534711,30.18512548",-82.62534711,30.18512548,,,,,,
LAKE CITY,COLUMBIA,,,,PUBLIC SCHOOL,,,,,,,,,"-82.68001163,30.07328208",-82.68001163,30.07328208,,,,,,
LAKE CITY,COLUMBIA,,,,PUBLIC SCHOOL,,,,,,,,,"-82.69580487,30.07967249",-82.69580487,30.07967249,,,,,,
FORT WHITE,COLUMBIA,,,,PUBLIC SCHOOL,,,,,,,,,"-82.71143147,29.93031183",-82.71143147,29.93031183,,,,,,
FORT WHITE,COLUMBIA,,,,PUBLIC SCHOOL,,,,,,,,,"-82.71304108,29.92679971",-82.71304108,29.92679971,,,,,,
ARCADIA,DESOTO,,,,PUBLIC SCHOOL,,,,,,,,,"-81.88309998,27.15310002",-81.88309998,27.15310002,,,,,,
ARCADIA,DESOTO,,,,PUBLIC SCHOOL,,,,,,,,,"-81.86372189,27.22254380",-81.86372189,27.22254380,,,,,,
ARCADIA,DESOTO,,,,PUBLIC SCHOOL,,,,,,,,,"-81.86276819,27.22042984",-81.86276819,27.22042984,,,,,,
ARCADIA,DESOTO,,,,PUBLIC SCHOOL,,,,,,,,,"-81.86859569,27.22500756",-81.86859569,27.22500756,,,,,,
ARCADIA,DESOTO,,,,PUBLIC SCHOOL,,,,,,,,,"-81.86312015,27.22102310",-81.86312015,27.22102310,,,,,,
ARCADIA,DESOTO,,,,PUBLIC SCHOOL,,,,,,,,,"-81.85061141,27.22304843",-81.85061141,27.22304843,,,,,,
ARCADIA,DESOTO,,,,PUBLIC SCHOOL,,,,,,,,,"-81.84848154,27.21601953",-81.84848154,27.21601953,,,,,,
ARCADIA,DESOTO,,,,PUBLIC SCHOOL,,,,,,,,,"-81.83919998,27.22260001",-81.83919998,27.22260001,,,,,,
ARCADIA,DESOTO,,,,PUBLIC SCHOOL,,,,,,,,,"-81.84894570,27.22189059",-81.84894570,27.22189059,,,,,,
ARCADIA,DESOTO,,,,PUBLIC SCHOOL,,,,,,,,,"-81.98893037,27.11136818",-81.98893037,27.11136818,,,,,,
ARCADIA,DESOTO,,,,PUBLIC SCHOOL,,,,,,,,,"-81.85156591,27.21499048",-81.85156591,27.21499048,,,,,,
OLD TOWN,DIXIE,,,,PUBLIC SCHOOL,,,,,,,,,"-82.97805228,29.59198953",-82.97805228,29.59198953,,,,,,
CROSS CITY,DIXIE,,,,PUBLIC SCHOOL,,,,,,,,,"-83.13279063,29.63760373",-83.13279063,29.63760373,,,,,,
CROSS CITY,DIXIE,,,,PUBLIC SCHOOL,,,,,,,,,"-83.12999578,29.62169368",-83.12999578,29.62169368,,,,,,
CROSS CITY,DIXIE,,,,PUBLIC SCHOOL,,,,,,,,,"-83.13031431,29.62419001",-83.13031431,29.62419001,,,,,,
CROSS CITY,DIXIE,,,,PUBLIC SCHOOL,,,,,,,,,"-83.12366648,29.63949742",-83.12366648,29.63949742,,,,,,
NEPTUNE BEACH,DUVAL,,,,PUBLIC SCHOOL,,,,,,,,,"-81.41354232,30.31645293",-81.41354232,30.31645293,,,,,,
NEPTUNE BEACH,DUVAL,,,,PUBLIC SCHOOL,,,,,,,,,"-81.40132024,30.30864237",-81.40132024,30.30864237,,,,,,
JACKSONVILLE BEACH,DUVAL,,,,PUBLIC SCHOOL,,,,,,,,,"-81.39657964,30.30661656",-81.39657964,30.30661656,,,,,,
JACKSONVILLE BEACH,DUVAL,,,,PUBLIC SCHOOL,,,,,,,,,"-81.40010959,30.27052914",-81.40010959,30.27052914,,,,,,
JACKSONVILLE BEACH,DUVAL,,,,PUBLIC SCHOOL,,,,,,,,,"-81.40083217,30.30580697",-81.40083217,30.30580697,,,,,,
JACKSONVILLE BEACH,DUVAL,,,,PUBLIC SCHOOL,,,,,,,,,"-81.40049969,30.28387892",-81.40049969,30.28387892,,,,,,
ATLANTIC BEACH,DUVAL,,,,PUBLIC SCHOOL,,,,,,,,,"-81.42794981,30.39385801",-81.42794981,30.39385801,,,,,,
ATLANTIC BEACH,DUVAL,,,,PUBLIC SCHOOL,,,,,,,,,"-81.41851166,30.36290930",-81.41851166,30.36290930,,,,,,
ATLANTIC BEACH,DUVAL,,,,PUBLIC SCHOOL,,,,,,,,,"-81.40090816,30.32755472",-81.40090816,30.32755472,,,,,,
ATLANTIC BEACH,DUVAL,,,,PUBLIC SCHOOL,,,,,,,,,"-81.41353662,30.36264185",-81.41353662,30.36264185,,,,,,
ATLANTIC BEACH,DUVAL,,,,PUBLIC SCHOOL,,,,,,,,,"-81.40702709,30.37297060",-81.40702709,30.37297060,,,,,,
Jacksonville,DUVAL,,,,PUBLIC SCHOOL,,,,,,,,,"-81.67157542,30.36632973",-81.67157542,30.36632973,,,,,,
CANTONMENT,ESCAMBIA,,,,PUBLIC SCHOOL,,,,,,,,,"-87.32413772,30.62443578",-87.32413772,30.62443578,,,,,,
CANTONMENT,ESCAMBIA,,,,PUBLIC SCHOOL,,,,,,,,,"-87.30092793,30.57568357",-87.30092793,30.57568357,,,,,,
CANTONMENT,ESCAMBIA,,,,PUBLIC SCHOOL,,,,,,,,,"-87.34278078,30.57997485",-87.34278078,30.57997485,,,,,,
CANTONMENT,ESCAMBIA,,,,PUBLIC SCHOOL,,,,,,,,,"-87.28833319,30.58349863",-87.28833319,30.58349863,,,,,,
GULF BREEZE,ESCAMBIA,,,,PUBLIC SCHOOL,,,,,,,,,"-87.11510823,30.33742249",-87.11510823,30.33742249,,,,,,
CENTURY,ESCAMBIA,,,,PUBLIC SCHOOL,,,,,,,,,"-87.40662578,30.96680871",-87.40662578,30.96680871,,,,,,
CENTURY,ESCAMBIA,,,,PUBLIC SCHOOL,,,,,,,,,"-87.42910723,30.96349338",-87.42910723,30.96349338,,,,,,
CENTURY,ESCAMBIA,,,,PUBLIC SCHOOL,,,,,,,,,"-87.32659628,30.96411284",-87.32659628,30.96411284,,,,,,
CENTURY,ESCAMBIA,,,,PUBLIC SCHOOL,,,,,,,,,"-87.26511375,30.96745248",-87.26511375,30.96745248,,,,,,
MOLINO,ESCAMBIA,,,,PUBLIC SCHOOL,,,,,,,,,"-87.36242909,30.74050824",-87.36242909,30.74050824,,,,,,
WALNUT HILL,ESCAMBIA,,,,PUBLIC SCHOOL,,,,,,,,,"-87.47664287,30.89823245",-87.47664287,30.89823245,,,,,,
PALM COAST,FLAGLER,,,,PUBLIC SCHOOL,,,,,,,,,"-81.22438411,29.53180458",-81.22438411,29.53180458,,,,,,
PALM COAST,FLAGLER,,,,PUBLIC SCHOOL,,,,,,,,,"-81.25664715,29.57840867",-81.25664715,29.57840867,,,,,,
PALM COAST,FLAGLER,,,,PUBLIC SCHOOL,,,,,,,,,"-81.24034721,29.55251069",-81.24034721,29.55251069,,,,,,
PALM COAST,FLAGLER,,,,PUBLIC SCHOOL,,,,,,,,,"-81.22399761,29.52934351",-81.22399761,29.52934351,,,,,,
PALM COAST,FLAGLER,,,,PUBLIC SCHOOL,,,,,,,,,"-81.25882817,29.58327875",-81.25882817,29.58327875,,,,,,
PALM COAST,FLAGLER,,,,PUBLIC SCHOOL,,,,,,,,,"-81.22735402,29.57002595",-81.22735402,29.57002595,,,,,,
PALM COAST,FLAGLER,,,,PUBLIC SCHOOL,,,,,,,,,"-81.20311625,29.47608444",-81.20311625,29.47608444,,,,,,
PALM COAST,FLAGLER,,,,PUBLIC SCHOOL,,,,,,,,,"-81.24554027,29.47341912",-81.24554027,29.47341912,,,,,,
PALM COAST,FLAGLER,,,,PUBLIC SCHOOL,,,,,,,,,"-81.19722438,29.48851797",-81.19722438,29.48851797,,,,,,
PALM COAST,FLAGLER,,,,PUBLIC SCHOOL,,,,,,,,,"-81.23473405,29.60161170",-81.23473405,29.60161170,,,,,,
PALM COAST,FLAGLER,,,,PUBLIC SCHOOL,,,,,,,,,"-81.25254708,29.50179182",-81.25254708,29.50179182,,,,,,
BUNNELL,FLAGLER,,,,PUBLIC SCHOOL,,,,,,,,,"-81.21129793,29.47622826",-81.21129793,29.47622826,,,,,,
BUNNELL,FLAGLER,,,,PUBLIC SCHOOL,,,,,,,,,"-81.25567567,29.47191371",-81.25567567,29.47191371,,,,,,
FLAGLER BEACH,FLAGLER,,,,PUBLIC SCHOOL,,,,,,,,,"-81.17595728,29.47326645",-81.17595728,29.47326645,,,,,,
EASTPOINT,FRANKLIN,,,,PUBLIC SCHOOL,,,,,,,,,"-84.87609510,29.74317182",-84.87609510,29.74317182,,,,,,
EASTPOINT,FRANKLIN,,,,PUBLIC SCHOOL,,,,,,,,,"-84.87636759,29.74390884",-84.87636759,29.74390884,,,,,,
EASTPOINT,FRANKLIN,,,,PUBLIC SCHOOL,,,,,,,,,"-84.81708183,29.76690083",-84.81708183,29.76690083,,,,,,
APALACHICOLA,FRANKLIN,,,,PUBLIC SCHOOL,,,,,,,,,"-84.99210002,29.72200002",-84.99210002,29.72200002,,,,,,
QUINCY,GADSDEN,,,,PUBLIC SCHOOL,,,,,,,,,"-84.56149892,30.56206307",-84.56149892,30.56206307,,,,,,
QUINCY,GADSDEN,,,,PUBLIC SCHOOL,,,,,,,,,"-84.57746743,30.57760493",-84.57746743,30.57760493,,,,,,
QUINCY,GADSDEN,,,,PUBLIC SCHOOL,,,,,,,,,"-84.65681658,30.60586346",-84.65681658,30.60586346,,,,,,
QUINCY,GADSDEN,,,,PUBLIC SCHOOL,,,,,,,,,"-84.58042192,30.58055210",-84.58042192,30.58055210,,,,,,
QUINCY,GADSDEN,,,,PUBLIC SCHOOL,,,,,,,,,"-84.59383667,30.59155263",-84.59383667,30.59155263,,,,,,
QUINCY,GADSDEN,,,,PUBLIC SCHOOL,,,,,,,,,"-84.60146134,30.59141828",-84.60146134,30.59141828,,,,,,
QUINCY,GADSDEN,,,,PUBLIC SCHOOL,,,,,,,,,"-84.58019005,30.57535069",-84.58019005,30.57535069,,,,,,
QUINCY,GADSDEN,,,,PUBLIC SCHOOL,,,,,,,,,"-84.58261054,30.59158476",-84.58261054,30.59158476,,,,,,
QUINCY,GADSDEN,,,,PUBLIC SCHOOL,,,,,,,,,"-84.73393705,30.56669722",-84.73393705,30.56669722,,,,,,
QUINCY,GADSDEN,,,,PUBLIC SCHOOL,,,,,,,,,"-84.73606656,30.56993755",-84.73606656,30.56993755,,,,,,
QUINCY,GADSDEN,,,,PUBLIC SCHOOL,,,,,,,,,"-84.57889761,30.57655978",-84.57889761,30.57655978,,,,,,
QUINCY,GADSDEN,,,,PUBLIC SCHOOL,,,,,,,,,"-84.60684703,30.65877354",-84.60684703,30.65877354,,,,,,
QUINCY,GADSDEN,,,,PUBLIC SCHOOL,,,,,,,,,"-84.58884086,30.58240996",-84.58884086,30.58240996,,,,,,
QUINCY,GADSDEN,,,,PUBLIC SCHOOL,,,,,,,,,"-84.57888924,30.57763287",-84.57888924,30.57763287,,,,,,
HAVANA,GADSDEN,,,,PUBLIC SCHOOL,,,,,,,,,"-84.39956090,30.62322631",-84.39956090,30.62322631,,,,,,
HAVANA,GADSDEN,,,,PUBLIC SCHOOL,,,,,,,,,"-84.41908616,30.61450297",-84.41908616,30.61450297,,,,,,
HAVANA,GADSDEN,,,,PUBLIC SCHOOL,,,,,,,,,"-84.49069014,30.55408781",-84.49069014,30.55408781,,,,,,
CHATTAHOOCHEE,GADSDEN,,,,PUBLIC SCHOOL,,,,,,,,,"-84.84134719,30.70661195",-84.84134719,30.70661195,,,,,,
CHATTAHOOCHEE,GADSDEN,,,,PUBLIC SCHOOL,,,,,,,,,"-84.83401298,30.70001822",-84.83401298,30.70001822,,,,,,
BELL,GILCHRIST,,,,PUBLIC SCHOOL,,,,,,,,,"-82.85420934,29.75149225",-82.85420934,29.75149225,,,,,,
BELL,GILCHRIST,,,,PUBLIC SCHOOL,,,,,,,,,"-82.86014315,29.75167486",-82.86014315,29.75167486,,,,,,
TRENTON,GILCHRIST,,,,PUBLIC SCHOOL,,,,,,,,,"-82.82939581,29.61467417",-82.82939581,29.61467417,,,,,,
TRENTON,GILCHRIST,,,,PUBLIC SCHOOL,,,,,,,,,"-82.82077893,29.62025593",-82.82077893,29.62025593,,,,,,
TRENTON,GILCHRIST,,,,PUBLIC SCHOOL,,,,,,,,,"-82.81931575,29.61968251",-82.81931575,29.61968251,,,,,,
MOORE HAVEN,GLADES,,,,PUBLIC SCHOOL,,,,,,,,,"-81.10329777,26.83070808",-81.10329777,26.83070808,,,,,,
MOORE HAVEN,GLADES,,,,PUBLIC SCHOOL,,,,,,,,,"-81.44159386,26.80639777",-81.44159386,26.80639777,,,,,,
MOORE HAVEN,GLADES,,,,PUBLIC SCHOOL,,,,,,,,,"-81.09972643,26.83168214",-81.09972643,26.83168214,,,,,,
MOORE HAVEN,GLADES,,,,PUBLIC SCHOOL,,,,,,,,,"-81.10156718,26.83151285",-81.10156718,26.83151285,,,,,,
MOORE HAVEN,GLADES,,,,PUBLIC SCHOOL,,,,,,,,,"-81.10194431,26.83088676",-81.10194431,26.83088676,,,,,,
OKEECHOBEE,GLADES,,,,PUBLIC SCHOOL,,,,,,,,,"-81.08347347,27.08433711",-81.08347347,27.08433711,,,,,,
PORT SAINT JOE,GULF,,,,PUBLIC SCHOOL,,,,,,,,,"-85.29019984,29.78863657",-85.29019984,29.78863657,,,,,,
PORT SAINT JOE,GULF,,,,PUBLIC SCHOOL,,,,,,,,,"-85.29137307,29.78755468",-85.29137307,29.78755468,,,,,,
PORT SAINT JOE,GULF,,,,PUBLIC SCHOOL,,,,,,,,,"-85.29139856,29.78715494",-85.29139856,29.78715494,,,,,,
PORT SAINT JOE,GULF,,,,PUBLIC SCHOOL,,,,,,,,,"-85.29241712,29.79401896",-85.29241712,29.79401896,,,,,,
WEWAHITCHKA,GULF,,,,PUBLIC SCHOOL,,,,,,,,,"-85.19454122,30.10526048",-85.19454122,30.10526048,,,,,,
WEWAHITCHKA,GULF,,,,PUBLIC SCHOOL,,,,,,,,,"-85.19064654,30.10384295",-85.19064654,30.10384295,,,,,,
JASPER,HAMILTON,,,,PUBLIC SCHOOL,,,,,,,,,"-82.93575566,30.47726213",-82.93575566,30.47726213,,,,,,
JASPER,HAMILTON,,,,PUBLIC SCHOOL,,,,,,,,,"-82.95906304,30.52471707",-82.95906304,30.52471707,,,,,,
JASPER,HAMILTON,,,,PUBLIC SCHOOL,,,,,,,,,"-82.98439910,30.52337641",-82.98439910,30.52337641,,,,,,
WHITE SPRINGS,HAMILTON,,,,PUBLIC SCHOOL,,,,,,,,,"-82.75309314,30.32884307",-82.75309314,30.32884307,,,,,,
JENNINGS,HAMILTON,,,,PUBLIC SCHOOL,,,,,,,,,"-83.10008277,30.60066797",-83.10008277,30.60066797,,,,,,
WAUCHULA,HARDEE,,,,PUBLIC SCHOOL,,,,,,,,,"-81.82232009,27.58592634",-81.82232009,27.58592634,,,,,,
WAUCHULA,HARDEE,,,,PUBLIC SCHOOL,,,,,,,,,"-81.81614706,27.56108401",-81.81614706,27.56108401,,,,,,
WAUCHULA,HARDEE,,,,PUBLIC SCHOOL,,,,,,,,,"-81.83466318,27.52855354",-81.83466318,27.52855354,,,,,,
WAUCHULA,HARDEE,,,,PUBLIC SCHOOL,,,,,,,,,"-81.81414258,27.55787468",-81.81414258,27.55787468,,,,,,
WAUCHULA,HARDEE,,,,PUBLIC SCHOOL,,,,,,,,,"-81.82143947,27.54529302",-81.82143947,27.54529302,,,,,,
WAUCHULA,HARDEE,,,,PUBLIC SCHOOL,,,,,,,,,"-81.81896916,27.54234832",-81.81896916,27.54234832,,,,,,
BOWLING GREEN,HARDEE,,,,PUBLIC SCHOOL,,,,,,,,,"-81.82138888,27.63557442",-81.82138888,27.63557442,,,,,,
ZOLFO SPRINGS,HARDEE,,,,PUBLIC SCHOOL,,,,,,,,,"-81.78327756,27.49732713",-81.78327756,27.49732713,,,,,,
ZOLFO SPRINGS,HARDEE,,,,PUBLIC SCHOOL,,,,,,,,,"-81.78569864,27.49521954",-81.78569864,27.49521954,,,,,,
CLEWISTON,HENDRY,,,,PUBLIC SCHOOL,,,,,,,,,"-80.93368612,26.74442555",-80.93368612,26.74442555,,,,,,
CLEWISTON,HENDRY,,,,PUBLIC SCHOOL,,,,,,,,,"-80.92825686,26.75648129",-80.92825686,26.75648129,,,,,,
CLEWISTON,HENDRY,,,,PUBLIC SCHOOL,,,,,,,,,"-80.92782475,26.75655621",-80.92782475,26.75655621,,,,,,
CLEWISTON,HENDRY,,,,PUBLIC SCHOOL,,,,,,,,,"-80.93496833,26.74440998",-80.93496833,26.74440998,,,,,,
CLEWISTON,HENDRY,,,,PUBLIC SCHOOL,,,,,,,,,"-80.94157253,26.75541128",-80.94157253,26.75541128,,,,,,
CLEWISTON,HENDRY,,,,PUBLIC SCHOOL,,,,,,,,,"-80.93118382,26.74534948",-80.93118382,26.74534948,,,,,,
CLEWISTON,HENDRY,,,,PUBLIC SCHOOL,,,,,,,,,"-80.92395253,26.74113459",-80.92395253,26.74113459,,,,,,
LABELLE,HENDRY,,,,PUBLIC SCHOOL,,,,,,,,,"-81.42649068,26.74501639",-81.42649068,26.74501639,,,,,,
LABELLE,HENDRY,,,,PUBLIC SCHOOL,,,,,,,,,"-81.36913379,26.75192086",-81.36913379,26.75192086,,,,,,
LABELLE,HENDRY,,,,PUBLIC SCHOOL,,,,,,,,,"-81.41264400,26.75211420",-81.41264400,26.75211420,,,,,,
LABELLE,HENDRY,,,,PUBLIC SCHOOL,,,,,,,,,"-81.39906621,26.74894347",-81.39906621,26.74894347,,,,,,
LABELLE,HENDRY,,,,PUBLIC SCHOOL,,,,,,,,,"-81.43790582,26.76144659",-81.43790582,26.76144659,,,,,,
LABELLE,HENDRY,,,,PUBLIC SCHOOL,,,,,,,,,"-81.43943662,26.76584195",-81.43943662,26.76584195,,,,,,
LABELLE,HENDRY,,,,PUBLIC SCHOOL,,,,,,,,,"-81.44055712,26.74769302",-81.44055712,26.74769302,,,,,,
BROOKSVILLE,HERNANDO,,,,PUBLIC SCHOOL,,,,,,,,,"-82.54972532,28.60343823",-82.54972532,28.60343823,,,,,,
BROOKSVILLE,HERNANDO,,,,PUBLIC SCHOOL,,,,,,,,,"-82.37929163,28.54350757",-82.37929163,28.54350757,,,,,,
BROOKSVILLE,HERNANDO,,,,PUBLIC SCHOOL,,,,,,,,,"-82.37780616,28.56464795",-82.37780616,28.56464795,,,,,,
BROOKSVILLE,HERNANDO,,,,PUBLIC SCHOOL,,,,,,,,,"-82.48909998,28.56419999",-82.48909998,28.56419999,,,,,,
BROOKSVILLE,HERNANDO,,,,PUBLIC SCHOOL,,,,,,,,,"-82.37694644,28.53356091",-82.37694644,28.53356091,,,,,,
BROOKSVILLE,HERNANDO,,,,PUBLIC SCHOOL,,,,,,,,,"-82.49594552,28.56460893",-82.49594552,28.56460893,,,,,,
BROOKSVILLE,HERNANDO,,,,PUBLIC SCHOOL,,,,,,,,,"-82.37525189,28.43728297",-82.37525189,28.43728297,,,,,,
BROOKSVILLE,HERNANDO,,,,PUBLIC SCHOOL,,,,,,,,,"-82.38142344,28.56416274",-82.38142344,28.56416274,,,,,,
BROOKSVILLE,HERNANDO,,,,PUBLIC SCHOOL,,,,,,,,,"-82.41381268,28.59114130",-82.41381268,28.59114130,,,,,,
BROOKSVILLE,HERNANDO,,,,PUBLIC SCHOOL,,,,,,,,,"-82.46329938,28.49036493",-82.46329938,28.49036493,,,,,,
BROOKSVILLE,HERNANDO,,,,PUBLIC SCHOOL,,,,,,,,,"-82.37769586,28.56640228",-82.37769586,28.56640228,,,,,,
BROOKSVILLE,HERNANDO,,,,PUBLIC SCHOOL,,,,,,,,,"-82.46338419,28.48828038",-82.46338419,28.48828038,,,,,,
BROOKSVILLE,HERNANDO,,,,PUBLIC SCHOOL,,,,,,,,,"-82.29164210,28.52966000",-82.29164210,28.52966000,,,,,,
BROOKSVILLE,HERNANDO,,,,PUBLIC SCHOOL,,,,,,,,,"-82.37769665,28.56871790",-82.37769665,28.56871790,,,,,,
BROOKSVILLE,HERNANDO,,,,PUBLIC SCHOOL,,,,,,,,,"-82.54975944,28.60019007",-82.54975944,28.60019007,,,,,,
BROOKSVILLE,HERNANDO,,,,PUBLIC SCHOOL,,,,,,,,,"-82.37639594,28.56482235",-82.37639594,28.56482235,,,,,,
BROOKSVILLE,HERNANDO,,,,PUBLIC SCHOOL,,,,,,,,,"-82.48545093,28.56474844",-82.48545093,28.56474844,,,,,,
SPRING HILL,HERNANDO,,,,PUBLIC SCHOOL,,,,,,,,,"-82.50208845,28.49569406",-82.50208845,28.49569406,,,,,,
SPRING HILL,HERNANDO,,,,PUBLIC SCHOOL,,,,,,,,,"-82.52011173,28.51453692",-82.52011173,28.51453692,,,,,,
SPRING HILL,HERNANDO,,,,PUBLIC SCHOOL,,,,,,,,,"-82.56444787,28.51115046",-82.56444787,28.51115046,,,,,,
SPRING HILL,HERNANDO,,,,PUBLIC SCHOOL,,,,,,,,,"-82.55299514,28.49023524",-82.55299514,28.49023524,,,,,,
SPRING HILL,HERNANDO,,,,PUBLIC SCHOOL,,,,,,,,,"-82.54575008,28.48947712",-82.54575008,28.48947712,,,,,,
SPRING HILL,HERNANDO,,,,PUBLIC SCHOOL,,,,,,,,,"-82.53757746,28.43702820",-82.53757746,28.43702820,,,,,,
SPRING HILL,HERNANDO,,,,PUBLIC SCHOOL,,,,,,,,,"-82.58673231,28.46163233",-82.58673231,28.46163233,,,,,,
SPRING HILL,HERNANDO,,,,PUBLIC SCHOOL,,,,,,,,,"-82.48740707,28.48980617",-82.48740707,28.48980617,,,,,,
SPRING HILL,HERNANDO,,,,PUBLIC SCHOOL,,,,,,,,,"-82.62634904,28.45272063",-82.62634904,28.45272063,,,,,,
SPRING HILL,HERNANDO,,,,PUBLIC SCHOOL,,,,,,,,,"-82.50944597,28.47974502",-82.50944597,28.47974502,,,,,,
SPRING HILL,HERNANDO,,,,PUBLIC SCHOOL,,,,,,,,,"-82.54221536,28.48190643",-82.54221536,28.48190643,,,,,,
SPRINGHILL,HERNANDO,,,,PUBLIC SCHOOL,,,,,,,,,"-82.53551205,28.46284103",-82.53551205,28.46284103,,,,,,
SEBRING,HIGHLANDS,,,,PUBLIC SCHOOL,,,,,,,,,"-81.42042050,27.50134740",-81.42042050,27.50134740,,,,,,
SEBRING,HIGHLANDS,,,,PUBLIC SCHOOL,,,,,,,,,"-81.51478575,27.51634814",-81.51478575,27.51634814,,,,,,
SEBRING,HIGHLANDS,,,,PUBLIC SCHOOL,,,,,,,,,"-81.43551015,27.46750997",-81.43551015,27.46750997,,,,,,
SEBRING,HIGHLANDS,,,,PUBLIC SCHOOL,,,,,,,,,"-81.43226574,27.48117414",-81.43226574,27.48117414,,,,,,
SEBRING,HIGHLANDS,,,,PUBLIC SCHOOL,,,,,,,,,"-81.43668889,27.49828094",-81.43668889,27.49828094,,,,,,
SEBRING,HIGHLANDS,,,,PUBLIC SCHOOL,,,,,,,,,"-81.44459910,27.50717831",-81.44459910,27.50717831,,,,,,
SEBRING,HIGHLANDS,,,,PUBLIC SCHOOL,,,,,,,,,"-81.44469325,27.42178564",-81.44469325,27.42178564,,,,,,
SEBRING,HIGHLANDS,,,,PUBLIC SCHOOL,,,,,,,,,"-81.51273276,27.53732202",-81.51273276,27.53732202,,,,,,
SEBRING,HIGHLANDS,,,,PUBLIC SCHOOL,,,,,,,,,"-81.43155795,27.48724688",-81.43155795,27.48724688,,,,,,
SEBRING,HIGHLANDS,,,,PUBLIC SCHOOL,,,,,,,,,"-81.42467203,27.47793644",-81.42467203,27.47793644,,,,,,
LAKE PLACID,HIGHLANDS,,,,PUBLIC SCHOOL,,,,,,,,,"-81.37279070,27.29409090",-81.37279070,27.29409090,,,,,,
LAKE PLACID,HIGHLANDS,,,,PUBLIC SCHOOL,,,,,,,,,"-81.36971914,27.29432966",-81.36971914,27.29432966,,,,,,
LAKE PLACID,HIGHLANDS,,,,PUBLIC SCHOOL,,,,,,,,,"-81.37308228,27.29599008",-81.37308228,27.29599008,,,,,,
LAKE PLACID,HIGHLANDS,,,,PUBLIC SCHOOL,,,,,,,,,"-81.32622793,27.26870484",-81.32622793,27.26870484,,,,,,
AVON PARK,HIGHLANDS,,,,PUBLIC SCHOOL,,,,,,,,,"-81.48784830,27.59432658",-81.48784830,27.59432658,,,,,,
AVON PARK,HIGHLANDS,,,,PUBLIC SCHOOL,,,,,,,,,"-81.50143058,27.59166213",-81.50143058,27.59166213,,,,,,
AVON PARK,HIGHLANDS,,,,PUBLIC SCHOOL,,,,,,,,,"-81.49658261,27.55001176",-81.49658261,27.55001176,,,,,,
AVON PARK,HIGHLANDS,,,,PUBLIC SCHOOL,,,,,,,,,"-81.49532204,27.60753306",-81.49532204,27.60753306,,,,,,
AVON PARK,HIGHLANDS,,,,PUBLIC SCHOOL,,,,,,,,,"-81.50985663,27.60251603",-81.50985663,27.60251603,,,,,,
TAMPA,HILLSBOROUGH,,,,PUBLIC SCHOOL,,,,,,,,,"-82.54089999,28.06840000",-82.54089999,28.06840000,,,,,,
TAMPA,HILLSBOROUGH,,,,PUBLIC SCHOOL,,,,,,,,,"-82.38600000,28.02130002",-82.38600000,28.02130002,,,,,,
TAMPA,HILLSBOROUGH,,,,PUBLIC SCHOOL,,,,,,,,,"-82.34081833,27.96876644",-82.34081833,27.96876644,,,,,,
TAMPA,HILLSBOROUGH,,,,PUBLIC SCHOOL,,,,,,,,,"-82.51898261,27.95733599",-82.51898261,27.95733599,,,,,,
TAMPA,HILLSBOROUGH,,,,PUBLIC SCHOOL,,,,,,,,,"-82.44434825,28.05338186",-82.44434825,28.05338186,,,,,,
TAMPA,HILLSBOROUGH,,,,PUBLIC SCHOOL,,,,,,,,,"-82.50160612,28.02741793",-82.50160612,28.02741793,,,,,,
TAMPA,HILLSBOROUGH,,,,PUBLIC SCHOOL,,,,,,,,,"-82.41497908,28.00570284",-82.41497908,28.00570284,,,,,,
TAMPA,HILLSBOROUGH,,,,PUBLIC SCHOOL,,,,,,,,,"-82.46609279,28.03501686",-82.46609279,28.03501686,,,,,,
TAMPA,HILLSBOROUGH,,,,PUBLIC SCHOOL,,,,,,,,,"-82.51850000,27.99740000",-82.51850000,27.99740000,,,,,,
TAMPA,HILLSBOROUGH,,,,PUBLIC SCHOOL,,,,,,,,,"-82.51833529,28.01916015",-82.51833529,28.01916015,,,,,,
TAMPA,HILLSBOROUGH,,,,PUBLIC SCHOOL,,,,,,,,,"-82.45739999,27.96660002",-82.45739999,27.96660002,,,,,,
TAMPA,HILLSBOROUGH,,,,PUBLIC SCHOOL,,,,,,,,,"-82.46290235,27.96798876",-82.46290235,27.96798876,,,,,,
TAMPA,HILLSBOROUGH,,,,PUBLIC SCHOOL,,,,,,,,,"-82.46411782,28.04224366",-82.46411782,28.04224366,,,,,,
TAMPA,HILLSBOROUGH,,,,PUBLIC SCHOOL,,,,,,,,,"-82.51090719,27.98090424",-82.51090719,27.98090424,,,,,,
TAMPA,HILLSBOROUGH,,,,PUBLIC SCHOOL,,,,,,,,,"-82.40453711,28.05370444",-82.40453711,28.05370444,,,,,,
TAMPA,HILLSBOROUGH,,,,PUBLIC SCHOOL,,,,,,,,,"-82.52660002,27.86280001",-82.52660002,27.86280001,,,,,,
TAMPA,HILLSBOROUGH,,,,PUBLIC SCHOOL,,,,,,,,,"-82.39099562,28.03470453",-82.39099562,28.03470453,,,,,,
TAMPA,HILLSBOROUGH,,,,PUBLIC SCHOOL,,,,,,,,,"-82.33235152,27.99062422",-82.33235152,27.99062422,,,,,,
TAMPA,HILLSBOROUGH,,,,PUBLIC SCHOOL,,,,,,,,,"-82.40477224,28.05660416",-82.40477224,28.05660416,,,,,,
TAMPA,HILLSBOROUGH,,,,PUBLIC SCHOOL,,,,,,,,,"-82.41055935,28.03041482",-82.41055935,28.03041482,,,,,,
TAMPA,HILLSBOROUGH,,,,PUBLIC SCHOOL,,,,,,,,,"-82.47960781,27.99333250",-82.47960781,27.99333250,,,,,,
TAMPA,HILLSBOROUGH,,,,PUBLIC SCHOOL,,,,,,,,,"-82.37269998,28.04760000",-82.37269998,28.04760000,,,,,,
TAMPA,HILLSBOROUGH,,,,PUBLIC SCHOOL,,,,,,,,,"-82.43423836,28.03028540",-82.43423836,28.03028540,,,,,,
TAMPA,HILLSBOROUGH,,,,PUBLIC SCHOOL,,,,,,,,,"-82.28565166,28.14654647",-82.28565166,28.14654647,,,,,,
TAMPA,HILLSBOROUGH,,,,PUBLIC SCHOOL,,,,,,,,,"-82.35477192,28.15889534",-82.35477192,28.15889534,,,,,,
TAMPA,HILLSBOROUGH,,,,PUBLIC SCHOOL,,,,,,,,,"-82.40399999,28.05580001",-82.40399999,28.05580001,,,,,,
TAMPA,HILLSBOROUGH,,,,PUBLIC SCHOOL,,,,,,,,,"-82.60212432,28.01750943",-82.60212432,28.01750943,,,,,,
TAMPA,HILLSBOROUGH,,,,PUBLIC SCHOOL,,,,,,,,,"-82.46770133,27.93919138",-82.46770133,27.93919138,,,,,,
TAMPA,HILLSBOROUGH,,,,PUBLIC SCHOOL,,,,,,,,,"-82.43737114,27.99674232",-82.43737114,27.99674232,,,,,,
TAMPA,HILLSBOROUGH,,,,PUBLIC SCHOOL,,,,,,,,,"-82.46889114,28.08890851",-82.46889114,28.08890851,,,,,,
TAMPA,HILLSBOROUGH,,,,PUBLIC SCHOOL,,,,,,,,,"-82.41179301,27.99321473",-82.41179301,27.99321473,,,,,,
TAMPA,HILLSBOROUGH,,,,PUBLIC SCHOOL,,,,,,,,,"-82.40649151,27.96782342",-82.40649151,27.96782342,,,,,,
TAMPA,HILLSBOROUGH,,,,PUBLIC SCHOOL,,,,,,,,,"-82.44060000,27.97490002",-82.44060000,27.97490002,,,,,,
TAMPA,HILLSBOROUGH,,,,PUBLIC SCHOOL,,,,,,,,,"-82.59730552,28.03043080",-82.59730552,28.03043080,,,,,,
TAMPA,HILLSBOROUGH,,,,PUBLIC SCHOOL,,,,,,,,,"-82.38495306,28.13362345",-82.38495306,28.13362345,,,,,,
TAMPA,HILLSBOROUGH,,,,PUBLIC SCHOOL,,,,,,,,,"-82.51877988,28.01235308",-82.51877988,28.01235308,,,,,,
TAMPA,HILLSBOROUGH,,,,PUBLIC SCHOOL,,,,,,,,,"-82.42909512,27.94890769",-82.42909512,27.94890769,,,,,,
TAMPA,HILLSBOROUGH,,,,PUBLIC SCHOOL,,,,,,,,,"-82.43829379,27.98065562",-82.43829379,27.98065562,,,,,,
TAMPA,HILLSBOROUGH,,,,PUBLIC SCHOOL,,,,,,,,,"-82.49760001,27.91660001",-82.49760001,27.91660001,,,,,,
TAMPA,HILLSBOROUGH,,,,PUBLIC SCHOOL,,,,,,,,,"-82.56189999,28.00210001",-82.56189999,28.00210001,,,,,,
TAMPA,HILLSBOROUGH,,,,PUBLIC SCHOOL,,,,,,,,,"-82.49415705,27.97462066",-82.49415705,27.97462066,,,,,,
TAMPA,HILLSBOROUGH,,,,PUBLIC SCHOOL,,,,,,,,,"-82.58017161,28.08010127",-82.58017161,28.08010127,,,,,,
TAMPA,HILLSBOROUGH,,,,PUBLIC SCHOOL,,,,,,,,,"-82.44989835,27.95843599",-82.44989835,27.95843599,,,,,,
TAMPA,HILLSBOROUGH,,,,PUBLIC SCHOOL,,,,,,,,,"-82.47766320,27.95740459",-82.47766320,27.95740459,,,,,,
TAMPA,HILLSBOROUGH,,,,PUBLIC SCHOOL,,,,,,,,,"-82.52070001,27.90639999",-82.52070001,27.90639999,,,,,,
TAMPA,HILLSBOROUGH,,,,PUBLIC SCHOOL,,,,,,,,,"-82.41541222,27.99647534",-82.41541222,27.99647534,,,,,,
TAMPA,HILLSBOROUGH,,,,PUBLIC SCHOOL,,,,,,,,,"-82.59673549,28.05373652",-82.59673549,28.05373652,,,,,,
TAMPA,HILLSBOROUGH,,,,PUBLIC SCHOOL,,,,,,,,,"-82.46550001,27.97010002",-82.46550001,27.97010002,,,,,,
TAMPA,HILLSBOROUGH,,,,PUBLIC SCHOOL,,,,,,,,,"-82.48670217,28.03024453",-82.48670217,28.03024453,,,,,,
TAMPA,HILLSBOROUGH,,,,PUBLIC SCHOOL,,,,,,,,,"-82.55971516,28.01351649",-82.55971516,28.01351649,,,,,,
TAMPA,HILLSBOROUGH,,,,PUBLIC SCHOOL,,,,,,,,,"-82.51790001,27.92750001",-82.51790001,27.92750001,,,,,,
TAMPA,HILLSBOROUGH,,,,PUBLIC SCHOOL,,,,,,,,,"-82.43573002,28.00754449",-82.43573002,28.00754449,,,,,,
TAMPA,HILLSBOROUGH,,,,PUBLIC SCHOOL,,,,,,,,,"-82.43000176,27.98252453",-82.43000176,27.98252453,,,,,,
TAMPA,HILLSBOROUGH,,,,PUBLIC SCHOOL,,,,,,,,,"-82.49059998,27.94290000",-82.49059998,27.94290000,,,,,,
TAMPA,HILLSBOROUGH,,,,PUBLIC SCHOOL,,,,,,,,,"-82.45587298,28.04863410",-82.45587298,28.04863410,,,,,,
TAMPA,HILLSBOROUGH,,,,PUBLIC SCHOOL,,,,,,,,,"-82.40888554,28.01021251",-82.40888554,28.01021251,,,,,,
TAMPA,HILLSBOROUGH,,,,PUBLIC SCHOOL,,,,,,,,,"-82.52278943,27.87689872",-82.52278943,27.87689872,,,,,,
TAMPA,HILLSBOROUGH,,,,PUBLIC SCHOOL,,,,,,,,,"-82.34090660,27.96743131",-82.34090660,27.96743131,,,,,,
TAMPA,HILLSBOROUGH,,,,PUBLIC SCHOOL,,,,,,,,,"-82.37171808,27.93645974",-82.37171808,27.93645974,,,,,,
TAMPA,HILLSBOROUGH,,,,PUBLIC SCHOOL,,,,,,,,,"-82.45996335,28.03669154",-82.45996335,28.03669154,,,,,,
TAMPA,HILLSBOROUGH,,,,PUBLIC SCHOOL,,,,,,,,,"-82.44977882,27.95176351",-82.44977882,27.95176351,,,,,,
TAMPA,HILLSBOROUGH,,,,PUBLIC SCHOOL,,,,,,,,,"-82.45274558,27.94837346",-82.45274558,27.94837346,,,,,,
TAMPA,HILLSBOROUGH,,,,PUBLIC SCHOOL,,,,,,,,,"-82.44149999,27.98779999",-82.44149999,27.98779999,,,,,,
TAMPA,HILLSBOROUGH,,,,PUBLIC SCHOOL,,,,,,,,,"-82.41648507,27.96982130",-82.41648507,27.96982130,,,,,,
TAMPA,HILLSBOROUGH,,,,PUBLIC SCHOOL,,,,,,,,,"-82.54820001,28.10619999",-82.54820001,28.10619999,,,,,,
TAMPA,HILLSBOROUGH,,,,PUBLIC SCHOOL,,,,,,,,,"-82.57340983,28.07637418",-82.57340983,28.07637418,,,,,,
TAMPA,HILLSBOROUGH,,,,PUBLIC SCHOOL,,,,,,,,,"-82.46701947,27.95840827",-82.46701947,27.95840827,,,,,,
TAMPA,HILLSBOROUGH,,,,PUBLIC SCHOOL,,,,,,,,,"-82.39200664,28.11349889",-82.39200664,28.11349889,,,,,,
TAMPA,HILLSBOROUGH,,,,PUBLIC SCHOOL,,,,,,,,,"-82.43215459,27.99050871",-82.43215459,27.99050871,,,,,,
TAMPA,HILLSBOROUGH,,,,PUBLIC SCHOOL,,,,,,,,,"-82.45489998,28.00369999",-82.45489998,28.00369999,,,,,,
TAMPA,HILLSBOROUGH,,,,PUBLIC SCHOOL,,,,,,,,,"-82.37779403,27.90016628",-82.37779403,27.90016628,,,,,,
TAMPA,HILLSBOROUGH,,,,PUBLIC SCHOOL,,,,,,,,,"-82.52300002,28.09819999",-82.52300002,28.09819999,,,,,,
TAMPA,HILLSBOROUGH,,,,PUBLIC SCHOOL,,,,,,,,,"-82.49275573,27.95804372",-82.49275573,27.95804372,,,,,,
TAMPA,HILLSBOROUGH,,,,PUBLIC SCHOOL,,,,,,,,,"-82.54731067,27.99843671",-82.54731067,27.99843671,,,,,,
TAMPA,HILLSBOROUGH,,,,PUBLIC SCHOOL,,,,,,,,,"-82.38220000,27.91490001",-82.38220000,27.91490001,,,,,,
TAMPA,HILLSBOROUGH,,,,PUBLIC SCHOOL,,,,,,,,,"-82.43764992,27.99573911",-82.43764992,27.99573911,,,,,,
TAMPA,HILLSBOROUGH,,,,PUBLIC SCHOOL,,,,,,,,,"-82.36650002,27.89309998",-82.36650002,27.89309998,,,,,,
TAMPA,HILLSBOROUGH,,,,PUBLIC SCHOOL,,,,,,,,,"-82.45643731,28.05931327",-82.45643731,28.05931327,,,,,,
TAMPA,HILLSBOROUGH,,,,PUBLIC SCHOOL,,,,,,,,,"-82.38024276,27.96961893",-82.38024276,27.96961893,,,,,,
TAMPA,HILLSBOROUGH,,,,PUBLIC SCHOOL,,,,,,,,,"-82.35025729,28.16847870",-82.35025729,28.16847870,,,,,,
TAMPA,HILLSBOROUGH,,,,PUBLIC SCHOOL,,,,,,,,,"-82.34772268,28.16761380",-82.34772268,28.16761380,,,,,,
TAMPA,HILLSBOROUGH,,,,PUBLIC SCHOOL,,,,,,,,,"-82.38580000,27.94100002",-82.38580000,27.94100002,,,,,,
TAMPA,HILLSBOROUGH,,,,PUBLIC SCHOOL,,,,,,,,,"-82.49558266,28.06966813",-82.49558266,28.06966813,,,,,,
TAMPA,HILLSBOROUGH,,,,PUBLIC SCHOOL,,,,,,,,,"-82.48760000,27.96119999",-82.48760000,27.96119999,,,,,,
TAMPA,HILLSBOROUGH,,,,PUBLIC SCHOOL,,,,,,,,,"-82.45590001,27.99150001",-82.45590001,27.99150001,,,,,,
TAMPA,HILLSBOROUGH,,,,PUBLIC SCHOOL,,,,,,,,,"-82.53269600,28.04564153",-82.53269600,28.04564153,,,,,,
TAMPA,HILLSBOROUGH,,,,PUBLIC SCHOOL,,,,,,,,,"-82.61210002,28.03850001",-82.61210002,28.03850001,,,,,,
TAMPA,HILLSBOROUGH,,,,PUBLIC SCHOOL,,,,,,,,,"-82.56780778,28.03550009",-82.56780778,28.03550009,,,,,,
TAMPA,HILLSBOROUGH,,,,PUBLIC SCHOOL,,,,,,,,,"-82.42332166,27.98693470",-82.42332166,27.98693470,,,,,,
TAMPA,HILLSBOROUGH,,,,PUBLIC SCHOOL,,,,,,,,,"-82.38452892,27.98829721",-82.38452892,27.98829721,,,,,,
TAMPA,HILLSBOROUGH,,,,PUBLIC SCHOOL,,,,,,,,,"-82.37537035,28.00794842",-82.37537035,28.00794842,,,,,,
TAMPA,HILLSBOROUGH,,,,PUBLIC SCHOOL,,,,,,,,,"-82.43412970,28.04641511",-82.43412970,28.04641511,,,,,,
TAMPA,HILLSBOROUGH,,,,PUBLIC SCHOOL,,,,,,,,,"-82.56540002,27.98790001",-82.56540002,27.98790001,,,,,,
TAMPA,HILLSBOROUGH,,,,PUBLIC SCHOOL,,,,,,,,,"-82.43416101,28.07042857",-82.43416101,28.07042857,,,,,,
TAMPA,HILLSBOROUGH,,,,PUBLIC SCHOOL,,,,,,,,,"-82.51990644,27.95375873",-82.51990644,27.95375873,,,,,,
TAMPA,HILLSBOROUGH,,,,PUBLIC SCHOOL,,,,,,,,,"-82.53580001,28.08390002",-82.53580001,28.08390002,,,,,,
TAMPA,HILLSBOROUGH,,,,PUBLIC SCHOOL,,,,,,,,,"-82.50343868,27.92380584",-82.50343868,27.92380584,,,,,,
TAMPA,HILLSBOROUGH,,,,PUBLIC SCHOOL,,,,,,,,,"-82.42728897,27.99688227",-82.42728897,27.99688227,,,,,,
TAMPA,HILLSBOROUGH,,,,PUBLIC SCHOOL,,,,,,,,,"-82.43607501,28.00939582",-82.43607501,28.00939582,,,,,,
TAMPA,HILLSBOROUGH,,,,PUBLIC SCHOOL,,,,,,,,,"-82.48321303,28.00449669",-82.48321303,28.00449669,,,,,,
TAMPA,HILLSBOROUGH,,,,PUBLIC SCHOOL,,,,,,,,,"-82.43191047,28.03305836",-82.43191047,28.03305836,,,,,,
TAMPA,HILLSBOROUGH,,,,PUBLIC SCHOOL,,,,,,,,,"-82.44588626,27.96290600",-82.44588626,27.96290600,,,,,,
TAMPA,HILLSBOROUGH,,,,PUBLIC SCHOOL,,,,,,,,,"-82.44165468,28.05224199",-82.44165468,28.05224199,,,,,,
TAMPA,HILLSBOROUGH,,,,PUBLIC SCHOOL,,,,,,,,,"-82.56220001,28.00129998",-82.56220001,28.00129998,,,,,,
TAMPA,HILLSBOROUGH,,,,PUBLIC SCHOOL,,,,,,,,,"-82.36460313,28.15203854",-82.36460313,28.15203854,,,,,,
TAMPA,HILLSBOROUGH,,,,PUBLIC SCHOOL,,,,,,,,,"-82.48313907,27.98728307",-82.48313907,27.98728307,,,,,,
TAMPA,HILLSBOROUGH,,,,PUBLIC SCHOOL,,,,,,,,,"-82.50338598,28.10049691",-82.50338598,28.10049691,,,,,,
TAMPA,HILLSBOROUGH,,,,PUBLIC SCHOOL,,,,,,,,,"-82.46170000,27.96379999",-82.46170000,27.96379999,,,,,,
TAMPA,HILLSBOROUGH,,,,PUBLIC SCHOOL,,,,,,,,,"-82.47747622,27.95904653",-82.47747622,27.95904653,,,,,,
TAMPA,HILLSBOROUGH,,,,PUBLIC SCHOOL,,,,,,,,,"-82.47355470,27.98234646",-82.47355470,27.98234646,,,,,,
TAMPA,HILLSBOROUGH,,,,PUBLIC SCHOOL,,,,,,,,,"-82.45229977,27.94922939",-82.45229977,27.94922939,,,,,,
TAMPA,HILLSBOROUGH,,,,PUBLIC SCHOOL,,,,,,,,,"-82.51880108,27.95594821",-82.51880108,27.95594821,,,,,,
TAMPA,HILLSBOROUGH,,,,PUBLIC SCHOOL,,,,,,,,,"-82.48454289,28.03007672",-82.48454289,28.03007672,,,,,,
TAMPA,HILLSBOROUGH,,,,PUBLIC SCHOOL,,,,,,,,,"-82.43426247,27.99940151",-82.43426247,27.99940151,,,,,,
TAMPA,HILLSBOROUGH,,,,PUBLIC SCHOOL,,,,,,,,,"-82.41019184,28.02629960",-82.41019184,28.02629960,,,,,,
TAMPA,HILLSBOROUGH,,,,PUBLIC SCHOOL,,,,,,,,,"-82.50950265,27.98091187",-82.50950265,27.98091187,,,,,,
TAMPA,HILLSBOROUGH,,,,PUBLIC SCHOOL,,,,,,,,,"-82.47000000,27.93760000",-82.47000000,27.93760000,,,,,,
TAMPA,HILLSBOROUGH,,,,PUBLIC SCHOOL,,,,,,,,,"-82.63454622,28.07240879",-82.63454622,28.07240879,,,,,,
TAMPA,HILLSBOROUGH,,,,PUBLIC SCHOOL,,,,,,,,,"-82.40657170,27.99204150",-82.40657170,27.99204150,,,,,,
TAMPA,HILLSBOROUGH,,,,PUBLIC SCHOOL,,,,,,,,,"-82.57572347,28.01416819",-82.57572347,28.01416819,,,,,,
TAMPA,HILLSBOROUGH,,,,PUBLIC SCHOOL,,,,,,,,,"-82.50926771,27.89996889",-82.50926771,27.89996889,,,,,,
TAMPA,HILLSBOROUGH,,,,PUBLIC SCHOOL,,,,,,,,,"-82.31777050,28.15718702",-82.31777050,28.15718702,,,,,,
TAMPA,HILLSBOROUGH,,,,PUBLIC SCHOOL,,,,,,,,,"-82.32987574,28.14094662",-82.32987574,28.14094662,,,,,,
TAMPA,HILLSBOROUGH,,,,PUBLIC SCHOOL,,,,,,,,,"-82.38580000,28.09769998",-82.38580000,28.09769998,,,,,,
TAMPA,HILLSBOROUGH,,,,PUBLIC SCHOOL,,,,,,,,,"-82.50878783,27.93276656",-82.50878783,27.93276656,,,,,,
TAMPA,HILLSBOROUGH,,,,PUBLIC SCHOOL,,,,,,,,,"-82.45660467,27.98764161",-82.45660467,27.98764161,,,,,,
TAMPA,HILLSBOROUGH,,,,PUBLIC SCHOOL,,,,,,,,,"-82.43326845,28.02964406",-82.43326845,28.02964406,,,,,,
TAMPA,HILLSBOROUGH,,,,PUBLIC SCHOOL,,,,,,,,,"-82.43753787,27.99823005",-82.43753787,27.99823005,,,,,,
TAMPA,HILLSBOROUGH,,,,PUBLIC SCHOOL,,,,,,,,,"-82.48789999,28.02870002",-82.48789999,28.02870002,,,,,,
TAMPA,HILLSBOROUGH,,,,PUBLIC SCHOOL,,,,,,,,,"-82.47379462,27.95965596",-82.47379462,27.95965596,,,,,,
TAMPA,HILLSBOROUGH,,,,PUBLIC SCHOOL,,,,,,,,,"-82.44668739,28.02625051",-82.44668739,28.02625051,,,,,,
TAMPA,HILLSBOROUGH,,,,PUBLIC SCHOOL,,,,,,,,,"-82.43846141,27.97915481",-82.43846141,27.97915481,,,,,,
TAMPA,HILLSBOROUGH,,,,PUBLIC SCHOOL,,,,,,,,,"-82.51488834,27.92981668",-82.51488834,27.92981668,,,,,,
TAMPA,HILLSBOROUGH,,,,PUBLIC SCHOOL,,,,,,,,,"-82.52475856,27.87686712",-82.52475856,27.87686712,,,,,,
TAMPA,HILLSBOROUGH,,,,PUBLIC SCHOOL,,,,,,,,,"-82.60418458,28.02269286",-82.60418458,28.02269286,,,,,,
TAMPA,HILLSBOROUGH,,,,PUBLIC SCHOOL,,,,,,,,,"-82.45964895,27.98169560",-82.45964895,27.98169560,,,,,,
TAMPA,HILLSBOROUGH,,,,PUBLIC SCHOOL,,,,,,,,,"-82.63281884,28.07261925",-82.63281884,28.07261925,,,,,,
TAMPA,HILLSBOROUGH,,,,PUBLIC SCHOOL,,,,,,,,,"-82.49840000,28.00779999",-82.49840000,28.00779999,,,,,,
TAMPA,HILLSBOROUGH,,,,PUBLIC SCHOOL,,,,,,,,,"-82.43599392,27.99723841",-82.43599392,27.99723841,,,,,,
TAMPA,HILLSBOROUGH,,,,PUBLIC SCHOOL,,,,,,,,,"-82.43151994,28.07157256",-82.43151994,28.07157256,,,,,,
TAMPA,HILLSBOROUGH,,,,PUBLIC SCHOOL,,,,,,,,,"-82.34179755,27.96673405",-82.34179755,27.96673405,,,,,,
TAMPA,HILLSBOROUGH,,,,PUBLIC SCHOOL,,,,,,,,,"-82.57315307,28.07796534",-82.57315307,28.07796534,,,,,,
TAMPA,HILLSBOROUGH,,,,PUBLIC SCHOOL,,,,,,,,,"-82.47908041,27.84724733",-82.47908041,27.84724733,,,,,,
TAMPA,HILLSBOROUGH,,,,PUBLIC SCHOOL,,,,,,,,,"-82.43611251,27.97474441",-82.43611251,27.97474441,,,,,,
TAMPA,HILLSBOROUGH,,,,PUBLIC SCHOOL,,,,,,,,,"-82.46399998,27.98839999",-82.46399998,27.98839999,,,,,,
TAMPA,HILLSBOROUGH,,,,PUBLIC SCHOOL,,,,,,,,,"-82.47138285,27.96000184",-82.47138285,27.96000184,,,,,,
TAMPA,HILLSBOROUGH,,,,PUBLIC SCHOOL,,,,,,,,,"-82.35778464,27.91023260",-82.35778464,27.91023260,,,,,,
TAMPA,HILLSBOROUGH,,,,PUBLIC SCHOOL,,,,,,,,,"-82.48790000,27.88919999",-82.48790000,27.88919999,,,,,,
TAMPA,HILLSBOROUGH,,,,PUBLIC SCHOOL,,,,,,,,,"-82.32418043,28.14099652",-82.32418043,28.14099652,,,,,,
TAMPA,HILLSBOROUGH,,,,PUBLIC SCHOOL,,,,,,,,,"-82.41014604,27.99119856",-82.41014604,27.99119856,,,,,,
TAMPA,HILLSBOROUGH,,,,PUBLIC SCHOOL,,,,,,,,,"-82.57420424,27.99253875",-82.57420424,27.99253875,,,,,,
TAMPA,HILLSBOROUGH,,,,PUBLIC SCHOOL,,,,,,,,,"-82.43719999,27.95720000",-82.43719999,27.95720000,,,,,,
TAMPA,HILLSBOROUGH,,,,PUBLIC SCHOOL,,,,,,,,,"-82.39240000,28.00950002",-82.39240000,28.00950002,,,,,,
TAMPA,HILLSBOROUGH,,,,PUBLIC SCHOOL,,,,,,,,,"-82.45906587,27.98951736",-82.45906587,27.98951736,,,,,,
TAMPA,HILLSBOROUGH,,,,PUBLIC SCHOOL,,,,,,,,,"-82.51538326,27.87477205",-82.51538326,27.87477205,,,,,,
TAMPA,HILLSBOROUGH,,,,PUBLIC SCHOOL,,,,,,,,,"-82.34216327,27.96755568",-82.34216327,27.96755568,,,,,,
TAMPA,HILLSBOROUGH,,,,PUBLIC SCHOOL,,,,,,,,,"-82.46714418,28.04234913",-82.46714418,28.04234913,,,,,,
TAMPA,HILLSBOROUGH,,,,PUBLIC SCHOOL,,,,,,,,,"-82.59226763,28.04546290",-82.59226763,28.04546290,,,,,,
TAMPA,HILLSBOROUGH,,,,PUBLIC SCHOOL,,,,,,,,,"-82.49938981,28.05223433",-82.49938981,28.05223433,,,,,,
TAMPA,HILLSBOROUGH,,,,PUBLIC SCHOOL,,,,,,,,,"-82.46071205,27.96258247",-82.46071205,27.96258247,,,,,,
TAMPA,HILLSBOROUGH,,,,PUBLIC SCHOOL,,,,,,,,,"-82.37640832,28.05299283",-82.37640832,28.05299283,,,,,,
TAMPA,HILLSBOROUGH,,,,PUBLIC SCHOOL,,,,,,,,,"-82.54836922,28.04115626",-82.54836922,28.04115626,,,,,,
TAMPA,HILLSBOROUGH,,,,PUBLIC SCHOOL,,,,,,,,,"-82.61649560,28.06740808",-82.61649560,28.06740808,,,,,,
TAMPA,HILLSBOROUGH,,,,PUBLIC SCHOOL,,,,,,,,,"-82.35736082,27.91282248",-82.35736082,27.91282248,,,,,,
TAMPA,HILLSBOROUGH,,,,PUBLIC SCHOOL,,,,,,,,,"-82.36956659,27.93825067",-82.36956659,27.93825067,,,,,,
TAMPA,HILLSBOROUGH,,,,PUBLIC SCHOOL,,,,,,,,,"-82.47827083,28.05760214",-82.47827083,28.05760214,,,,,,
TAMPA,HILLSBOROUGH,,,,PUBLIC SCHOOL,,,,,,,,,"-82.50305215,27.88272003",-82.50305215,27.88272003,,,,,,
TAMPA,HILLSBOROUGH,,,,PUBLIC SCHOOL,,,,,,,,,"-82.51450984,27.99796878",-82.51450984,27.99796878,,,,,,
TAMPA,HILLSBOROUGH,,,,PUBLIC SCHOOL,,,,,,,,,"-82.45280001,28.01400002",-82.45280001,28.01400002,,,,,,
TAMPA,HILLSBOROUGH,,,,PUBLIC SCHOOL,,,,,,,,,"-82.38311702,28.13324314",-82.38311702,28.13324314,,,,,,
TAMPA,HILLSBOROUGH,,,,PUBLIC SCHOOL,,,,,,,,,"-82.41052034,27.99280300",-82.41052034,27.99280300,,,,,,
TAMPA,HILLSBOROUGH,,,,PUBLIC SCHOOL,,,,,,,,,"-82.43310001,27.98410001",-82.43310001,27.98410001,,,,,,
TAMPA,HILLSBOROUGH,,,,PUBLIC SCHOOL,,,,,,,,,"-82.43628224,27.93537711",-82.43628224,27.93537711,,,,,,
SEFFNER,HILLSBOROUGH,,,,PUBLIC SCHOOL,,,,,,,,,"-82.32755925,28.02623106",-82.32755925,28.02623106,,,,,,
SEFFNER,HILLSBOROUGH,,,,PUBLIC SCHOOL,,,,,,,,,"-82.28430997,27.97314742",-82.28430997,27.97314742,,,,,,
SEFFNER,HILLSBOROUGH,,,,PUBLIC SCHOOL,,,,,,,,,"-82.28570000,28.02290000",-82.28570000,28.02290000,,,,,,
SEFFNER,HILLSBOROUGH,,,,PUBLIC SCHOOL,,,,,,,,,"-82.27270652,27.98229069",-82.27270652,27.98229069,,,,,,
SEFFNER,HILLSBOROUGH,,,,PUBLIC SCHOOL,,,,,,,,,"-82.27898659,27.99724245",-82.27898659,27.99724245,,,,,,
SEFFNER,HILLSBOROUGH,,,,PUBLIC SCHOOL,,,,,,,,,"-82.30395214,27.98273291",-82.30395214,27.98273291,,,,,,
SEFFNER,HILLSBOROUGH,,,,PUBLIC SCHOOL,,,,,,,,,"-82.28493123,28.00777767",-82.28493123,28.00777767,,,,,,
SEFFNER,HILLSBOROUGH,,,,PUBLIC SCHOOL,,,,,,,,,"-82.27883129,28.00804471",-82.27883129,28.00804471,,,,,,
SEFFNER,HILLSBOROUGH,,,,PUBLIC SCHOOL,,,,,,,,,"-82.28134648,27.99668448",-82.28134648,27.99668448,,,,,,
SEFFNER,HILLSBOROUGH,,,,PUBLIC SCHOOL,,,,,,,,,"-82.29595473,28.00538945",-82.29595473,28.00538945,,,,,,
SEFFNER,HILLSBOROUGH,,,,PUBLIC SCHOOL,,,,,,,,,"-82.27613020,27.96616162",-82.27613020,27.96616162,,,,,,
RUSKIN,HILLSBOROUGH,,,,PUBLIC SCHOOL,,,,,,,,,"-82.40451602,27.72237782",-82.40451602,27.72237782,,,,,,
RUSKIN,HILLSBOROUGH,,,,PUBLIC SCHOOL,,,,,,,,,"-82.47242137,27.67202432",-82.47242137,27.67202432,,,,,,
RUSKIN,HILLSBOROUGH,,,,PUBLIC SCHOOL,,,,,,,,,"-82.40038871,27.72206155",-82.40038871,27.72206155,,,,,,
RUSKIN,HILLSBOROUGH,,,,PUBLIC SCHOOL,,,,,,,,,"-82.43264521,27.71230283",-82.43264521,27.71230283,,,,,,
BRANDON,HILLSBOROUGH,,,,PUBLIC SCHOOL,,,,,,,,,"-82.29982428,27.94392679",-82.29982428,27.94392679,,,,,,
BRANDON,HILLSBOROUGH,,,,PUBLIC SCHOOL,,,,,,,,,"-82.31953441,27.95873186",-82.31953441,27.95873186,,,,,,
BRANDON,HILLSBOROUGH,,,,PUBLIC SCHOOL,,,,,,,,,"-82.29515425,27.89800626",-82.29515425,27.89800626,,,,,,
BRANDON,HILLSBOROUGH,,,,PUBLIC SCHOOL,,,,,,,,,"-82.29122665,27.94326758",-82.29122665,27.94326758,,,,,,
BRANDON,HILLSBOROUGH,,,,PUBLIC SCHOOL,,,,,,,,,"-82.27590825,27.90689468",-82.27590825,27.90689468,,,,,,
BRANDON,HILLSBOROUGH,,,,PUBLIC SCHOOL,,,,,,,,,"-82.28058555,27.95155620",-82.28058555,27.95155620,,,,,,
BRANDON,HILLSBOROUGH,,,,PUBLIC SCHOOL,,,,,,,,,"-82.30094353,27.95740183",-82.30094353,27.95740183,,,,,,
BRANDON,HILLSBOROUGH,,,,PUBLIC SCHOOL,,,,,,,,,"-82.27248191,27.91683448",-82.27248191,27.91683448,,,,,,
BRANDON,HILLSBOROUGH,,,,PUBLIC SCHOOL,,,,,,,,,"-82.27689999,27.94230000",-82.27689999,27.94230000,,,,,,
BRANDON,HILLSBOROUGH,,,,PUBLIC SCHOOL,,,,,,,,,"-82.30757849,27.91536813",-82.30757849,27.91536813,,,,,,
PLANT CITY,HILLSBOROUGH,,,,PUBLIC SCHOOL,,,,,,,,,"-82.12930026,28.02799317",-82.12930026,28.02799317,,,,,,
PLANT CITY,HILLSBOROUGH,,,,PUBLIC SCHOOL,,,,,,,,,"-82.12514939,28.00705437",-82.12514939,28.00705437,,,,,,
PLANT CITY,HILLSBOROUGH,,,,PUBLIC SCHOOL,,,,,,,,,"-82.14660001,28.01829999",-82.14660001,28.01829999,,,,,,
PLANT CITY,HILLSBOROUGH,,,,PUBLIC SCHOOL,,,,,,,,,"-82.12780021,27.99088629",-82.12780021,27.99088629,,,,,,
PLANT CITY,HILLSBOROUGH,,,,PUBLIC SCHOOL,,,,,,,,,"-82.12361515,28.00265076",-82.12361515,28.00265076,,,,,,
PLANT CITY,HILLSBOROUGH,,,,PUBLIC SCHOOL,,,,,,,,,"-82.17580453,28.05018351",-82.17580453,28.05018351,,,,,,
PLANT CITY,HILLSBOROUGH,,,,PUBLIC SCHOOL,,,,,,,,,"-82.13249088,28.03961271",-82.13249088,28.03961271,,,,,,
PLANT CITY,HILLSBOROUGH,,,,PUBLIC SCHOOL,,,,,,,,,"-82.07129515,27.97369165",-82.07129515,27.97369165,,,,,,
PLANT CITY,HILLSBOROUGH,,,,PUBLIC SCHOOL,,,,,,,,,"-82.13830022,27.96616951",-82.13830022,27.96616951,,,,,,
PLANT CITY,HILLSBOROUGH,,,,PUBLIC SCHOOL,,,,,,,,,"-82.14363758,28.01770804",-82.14363758,28.01770804,,,,,,
PLANT CITY,HILLSBOROUGH,,,,PUBLIC SCHOOL,,,,,,,,,"-82.13464781,28.00442810",-82.13464781,28.00442810,,,,,,
PLANT CITY,HILLSBOROUGH,,,,PUBLIC SCHOOL,,,,,,,,,"-82.17226834,27.88894774",-82.17226834,27.88894774,,,,,,
PLANT CITY,HILLSBOROUGH,,,,PUBLIC SCHOOL,,,,,,,,,"-82.17087217,27.94744067",-82.17087217,27.94744067,,,,,,
PLANT CITY,HILLSBOROUGH,,,,PUBLIC SCHOOL,,,,,,,,,"-82.17130002,27.94350000",-82.17130002,27.94350000,,,,,,
PLANT CITY,HILLSBOROUGH,,,,PUBLIC SCHOOL,,,,,,,,,"-82.15529998,28.07560002",-82.15529998,28.07560002,,,,,,
PLANT CITY,HILLSBOROUGH,,,,PUBLIC SCHOOL,,,,,,,,,"-82.11350001,28.01280000",-82.11350001,28.01280000,,,,,,
PLANT CITY,HILLSBOROUGH,,,,PUBLIC SCHOOL,,,,,,,,,"-82.16969998,27.97720002",-82.16969998,27.97720002,,,,,,
PLANT CITY,HILLSBOROUGH,,,,PUBLIC SCHOOL,,,,,,,,,"-82.12006669,28.02043294",-82.12006669,28.02043294,,,,,,
PLANT CITY,HILLSBOROUGH,,,,PUBLIC SCHOOL,,,,,,,,,"-82.10828337,28.01578103",-82.10828337,28.01578103,,,,,,
GIBSONTON,HILLSBOROUGH,,,,PUBLIC SCHOOL,,,,,,,,,"-82.36547591,27.79313539",-82.36547591,27.79313539,,,,,,
GIBSONTON,HILLSBOROUGH,,,,PUBLIC SCHOOL,,,,,,,,,"-82.36972559,27.79538928",-82.36972559,27.79538928,,,,,,
GIBSONTON,HILLSBOROUGH,,,,PUBLIC SCHOOL,,,,,,,,,"-82.36879998,27.84939998",-82.36879998,27.84939998,,,,,,
GIBSONTON,HILLSBOROUGH,,,,PUBLIC SCHOOL,,,,,,,,,"-82.36316404,27.79360478",-82.36316404,27.79360478,,,,,,
RIVERVIEW,HILLSBOROUGH,,,,PUBLIC SCHOOL,,,,,,,,,"-82.27273059,27.85333560",-82.27273059,27.85333560,,,,,,
RIVERVIEW,HILLSBOROUGH,,,,PUBLIC SCHOOL,,,,,,,,,"-82.27980000,27.84789998",-82.27980000,27.84789998,,,,,,
RIVERVIEW,HILLSBOROUGH,,,,PUBLIC SCHOOL,,,,,,,,,"-82.35664359,27.87723248",-82.35664359,27.87723248,,,,,,
RIVERVIEW,HILLSBOROUGH,,,,PUBLIC SCHOOL,,,,,,,,,"-82.28889686,27.80265807",-82.28889686,27.80265807,,,,,,
RIVERVIEW,HILLSBOROUGH,,,,PUBLIC SCHOOL,,,,,,,,,"-82.32352257,27.80053670",-82.32352257,27.80053670,,,,,,
RIVERVIEW,HILLSBOROUGH,,,,PUBLIC SCHOOL,,,,,,,,,"-82.31658255,27.81120683",-82.31658255,27.81120683,,,,,,
RIVERVIEW,HILLSBOROUGH,,,,PUBLIC SCHOOL,,,,,,,,,"-82.31788562,27.88951184",-82.31788562,27.88951184,,,,,,
RIVERVIEW,HILLSBOROUGH,,,,PUBLIC SCHOOL,,,,,,,,,"-82.30916779,27.88843236",-82.30916779,27.88843236,,,,,,
RIVERVIEW,HILLSBOROUGH,,,,PUBLIC SCHOOL,,,,,,,,,"-82.27293956,27.85268232",-82.27293956,27.85268232,,,,,,
RIVERVIEW,HILLSBOROUGH,,,,PUBLIC SCHOOL,,,,,,,,,"-82.25781167,27.84939072",-82.25781167,27.84939072,,,,,,
RIVERVIEW,HILLSBOROUGH,,,,PUBLIC SCHOOL,,,,,,,,,"-82.27109591,27.85416022",-82.27109591,27.85416022,,,,,,
RIVERVIEW,HILLSBOROUGH,,,,PUBLIC SCHOOL,,,,,,,,,"-82.33275671,27.85446760",-82.33275671,27.85446760,,,,,,
RIVERVIEW,HILLSBOROUGH,,,,PUBLIC SCHOOL,,,,,,,,,"-82.25695826,27.84874017",-82.25695826,27.84874017,,,,,,
RIVERVIEW,HILLSBOROUGH,,,,PUBLIC SCHOOL,,,,,,,,,"-82.32451115,27.87479330",-82.32451115,27.87479330,,,,,,
RIVERVIEW,HILLSBOROUGH,,,,PUBLIC SCHOOL,,,,,,,,,"-82.33715688,27.91908072",-82.33715688,27.91908072,,,,,,
RIVERVIEW,HILLSBOROUGH,,,,PUBLIC SCHOOL,,,,,,,,,"-82.35332710,27.88535163",-82.35332710,27.88535163,,,,,,
RIVERVIEW,HILLSBOROUGH,,,,PUBLIC SCHOOL,,,,,,,,,"-82.32927442,27.88702586",-82.32927442,27.88702586,,,,,,
RIVERVIEW,HILLSBOROUGH,,,,PUBLIC SCHOOL,,,,,,,,,"-82.29670001,27.84469998",-82.29670001,27.84469998,,,,,,
RIVERVIEW,HILLSBOROUGH,,,,PUBLIC SCHOOL,,,,,,,,,"-82.31270000,27.85170002",-82.31270000,27.85170002,,,,,,
RIVERVIEW,HILLSBOROUGH,,,,PUBLIC SCHOOL,,,,,,,,,"-82.31923711,27.83360938",-82.31923711,27.83360938,,,,,,
ODESSA,HILLSBOROUGH,,,,PUBLIC SCHOOL,,,,,,,,,"-82.57420659,28.11337494",-82.57420659,28.11337494,,,,,,
ODESSA,HILLSBOROUGH,,,,PUBLIC SCHOOL,,,,,,,,,"-82.57657092,28.11206459",-82.57657092,28.11206459,,,,,,
DOVER,HILLSBOROUGH,,,,PUBLIC SCHOOL,,,,,,,,,"-82.23782481,28.02005907",-82.23782481,28.02005907,,,,,,
DOVER,HILLSBOROUGH,,,,PUBLIC SCHOOL,,,,,,,,,"-82.20434954,27.90770053",-82.20434954,27.90770053,,,,,,
DOVER,HILLSBOROUGH,,,,PUBLIC SCHOOL,,,,,,,,,"-82.23587561,28.02289745",-82.23587561,28.02289745,,,,,,
DOVER,HILLSBOROUGH,,,,PUBLIC SCHOOL,,,,,,,,,"-82.21024878,27.99079131",-82.21024878,27.99079131,,,,,,
DOVER,HILLSBOROUGH,,,,PUBLIC SCHOOL,,,,,,,,,"-82.21086739,27.98922767",-82.21086739,27.98922767,,,,,,
LITHIA,HILLSBOROUGH,,,,PUBLIC SCHOOL,,,,,,,,,"-82.23246724,27.84926755",-82.23246724,27.84926755,,,,,,
LITHIA,HILLSBOROUGH,,,,PUBLIC SCHOOL,,,,,,,,,"-82.20596777,27.85948263",-82.20596777,27.85948263,,,,,,
LITHIA,HILLSBOROUGH,,,,PUBLIC SCHOOL,,,,,,,,,"-82.14707404,27.84894272",-82.14707404,27.84894272,,,,,,
LITHIA,HILLSBOROUGH,,,,PUBLIC SCHOOL,,,,,,,,,"-82.21910443,27.84223085",-82.21910443,27.84223085,,,,,,
LITHIA,HILLSBOROUGH,,,,PUBLIC SCHOOL,,,,,,,,,"-82.20673686,27.85658560",-82.20673686,27.85658560,,,,,,
WIMAUMA,HILLSBOROUGH,,,,PUBLIC SCHOOL,,,,,,,,,"-82.30166502,27.71006582",-82.30166502,27.71006582,,,,,,
WIMAUMA,HILLSBOROUGH,,,,PUBLIC SCHOOL,,,,,,,,,"-82.32128635,27.65428584",-82.32128635,27.65428584,,,,,,
WIMAUMA,HILLSBOROUGH,,,,PUBLIC SCHOOL,,,,,,,,,"-82.36142006,27.66327573",-82.36142006,27.66327573,,,,,,
WIMAUMA,HILLSBOROUGH,,,,PUBLIC SCHOOL,,,,,,,,,"-82.36096544,27.66359605",-82.36096544,27.66359605,,,,,,
WIMAUMA,HILLSBOROUGH,,,,PUBLIC SCHOOL,,,,,,,,,"-82.32057121,27.71738691",-82.32057121,27.71738691,,,,,,
LUTZ,HILLSBOROUGH,,,,PUBLIC SCHOOL,,,,,,,,,"-82.53281420,28.16116541",-82.53281420,28.16116541,,,,,,
LUTZ,HILLSBOROUGH,,,,PUBLIC SCHOOL,,,,,,,,,"-82.44779998,28.12710000",-82.44779998,28.12710000,,,,,,
LUTZ,HILLSBOROUGH,,,,PUBLIC SCHOOL,,,,,,,,,"-82.43999999,28.08090002",-82.43999999,28.08090002,,,,,,
LUTZ,HILLSBOROUGH,,,,PUBLIC SCHOOL,,,,,,,,,"-82.46245588,28.13265802",-82.46245588,28.13265802,,,,,,
LUTZ,HILLSBOROUGH,,,,PUBLIC SCHOOL,,,,,,,,,"-82.45902562,28.14728685",-82.45902562,28.14728685,,,,,,
LUTZ,HILLSBOROUGH,,,,PUBLIC SCHOOL,,,,,,,,,"-82.50530000,28.13819998",-82.50530000,28.13819998,,,,,,
LUTZ,HILLSBOROUGH,,,,PUBLIC SCHOOL,,,,,,,,,"-82.46243980,28.13265163",-82.46243980,28.13265163,,,,,,
LUTZ,HILLSBOROUGH,,,,PUBLIC SCHOOL,,,,,,,,,"-82.53385506,28.15879143",-82.53385506,28.15879143,,,,,,
LUTZ,HILLSBOROUGH,,,,PUBLIC SCHOOL,,,,,,,,,"-82.53131159,28.15669064",-82.53131159,28.15669064,,,,,,
LUTZ,HILLSBOROUGH,,,,PUBLIC SCHOOL,,,,,,,,,"-82.45046280,28.10393803",-82.45046280,28.10393803,,,,,,
TEMPLE TERRACE,HILLSBOROUGH,,,,PUBLIC SCHOOL,,,,,,,,,"-82.39451323,28.04394171",-82.39451323,28.04394171,,,,,,
TEMPLE TERRACE,HILLSBOROUGH,,,,PUBLIC SCHOOL,,,,,,,,,"-82.38872819,28.04432564",-82.38872819,28.04432564,,,,,,
THONOTOSASSA,HILLSBOROUGH,,,,PUBLIC SCHOOL,,,,,,,,,"-82.32655812,28.05179188",-82.32655812,28.05179188,,,,,,
THONOTOSASSA,HILLSBOROUGH,,,,PUBLIC SCHOOL,,,,,,,,,"-82.34409616,28.05529955",-82.34409616,28.05529955,,,,,,
THONOTOSASSA,HILLSBOROUGH,,,,PUBLIC SCHOOL,,,,,,,,,"-82.31170001,28.05149999",-82.31170001,28.05149999,,,,,,
THONOTOSASSA,HILLSBOROUGH,,,,PUBLIC SCHOOL,,,,,,,,,"-82.32508345,28.04699509",-82.32508345,28.04699509,,,,,,
APOLLO BEACH,HILLSBOROUGH,,,,PUBLIC SCHOOL,,,,,,,,,"-82.40200001,27.77490000",-82.40200001,27.77490000,,,,,,
APOLLO BEACH,HILLSBOROUGH,,,,PUBLIC SCHOOL,,,,,,,,,"-82.36915133,27.78122257",-82.36915133,27.78122257,,,,,,
VALRICO,HILLSBOROUGH,,,,PUBLIC SCHOOL,,,,,,,,,"-82.22320620,27.87772765",-82.22320620,27.87772765,,,,,,
VALRICO,HILLSBOROUGH,,,,PUBLIC SCHOOL,,,,,,,,,"-82.24369628,27.92978770",-82.24369628,27.92978770,,,,,,
VALRICO,HILLSBOROUGH,,,,PUBLIC SCHOOL,,,,,,,,,"-82.24150000,27.91410002",-82.24150000,27.91410002,,,,,,
VALRICO,HILLSBOROUGH,,,,PUBLIC SCHOOL,,,,,,,,,"-82.24056822,27.87478795",-82.24056822,27.87478795,,,,,,
VALRICO,HILLSBOROUGH,,,,PUBLIC SCHOOL,,,,,,,,,"-82.23010077,27.90716908",-82.23010077,27.90716908,,,,,,
VALRICO,HILLSBOROUGH,,,,PUBLIC SCHOOL,,,,,,,,,"-82.25526640,27.89492110",-82.25526640,27.89492110,,,,,,
VALRICO,HILLSBOROUGH,,,,PUBLIC SCHOOL,,,,,,,,,"-82.24884658,27.88828931",-82.24884658,27.88828931,,,,,,
SUN CITY CENTER,HILLSBOROUGH,,,,PUBLIC SCHOOL,,,,,,,,,"-82.36957147,27.73985234",-82.36957147,27.73985234,,,,,,
SUN CITY CENTER,HILLSBOROUGH,,,,PUBLIC SCHOOL,,,,,,,,,"-82.36733762,27.73974844",-82.36733762,27.73974844,,,,,,
GRACEVILLE,HOLMES,,,,PUBLIC SCHOOL,,,,,,,,,"-85.57544777,30.95418441",-85.57544777,30.95418441,,,,,,
PONCE DE LEON,HOLMES,,,,PUBLIC SCHOOL,,,,,,,,,"-85.95881288,30.74164648",-85.95881288,30.74164648,,,,,,
PONCE DE LEON,HOLMES,,,,PUBLIC SCHOOL,,,,,,,,,"-85.95953266,30.74481025",-85.95953266,30.74481025,,,,,,
BONIFAY,HOLMES,,,,PUBLIC SCHOOL,,,,,,,,,"-85.69380543,30.78603975",-85.69380543,30.78603975,,,,,,
BONIFAY,HOLMES,,,,PUBLIC SCHOOL,,,,,,,,,"-85.68324831,30.79447693",-85.68324831,30.79447693,,,,,,
BONIFAY,HOLMES,,,,PUBLIC SCHOOL,,,,,,,,,"-85.67187928,30.79246382",-85.67187928,30.79246382,,,,,,
BONIFAY,HOLMES,,,,PUBLIC SCHOOL,,,,,,,,,"-85.68288606,30.80486912",-85.68288606,30.80486912,,,,,,
BONIFAY,HOLMES,,,,PUBLIC SCHOOL,,,,,,,,,"-85.73849999,30.92580001",-85.73849999,30.92580001,,,,,,
FELLSMERE,INDIAN RIVER,,,,PUBLIC SCHOOL,,,,,,,,,"-80.60460519,27.76981020",-80.60460519,27.76981020,,,,,,
VERO BEACH,INDIAN RIVER,,,,PUBLIC SCHOOL,,,,,,,,,"-80.42306486,27.67014580",-80.42306486,27.67014580,,,,,,
VERO BEACH,INDIAN RIVER,,,,PUBLIC SCHOOL,,,,,,,,,"-80.46630538,27.74256044",-80.46630538,27.74256044,,,,,,
VERO BEACH,INDIAN RIVER,,,,PUBLIC SCHOOL,,,,,,,,,"-80.40482886,27.64491296",-80.40482886,27.64491296,,,,,,
VERO BEACH,INDIAN RIVER,,,,PUBLIC SCHOOL,,,,,,,,,"-80.45173671,27.61190606",-80.45173671,27.61190606,,,,,,
VERO BEACH,INDIAN RIVER,,,,PUBLIC SCHOOL,,,,,,,,,"-80.40012282,27.63592700",-80.40012282,27.63592700,,,,,,
VERO BEACH,INDIAN RIVER,,,,PUBLIC SCHOOL,,,,,,,,,"-80.40362584,27.58248710",-80.40362584,27.58248710,,,,,,
VERO BEACH,INDIAN RIVER,,,,PUBLIC SCHOOL,,,,,,,,,"-80.43721163,27.61804643",-80.43721163,27.61804643,,,,,,
VERO BEACH,INDIAN RIVER,,,,PUBLIC SCHOOL,,,,,,,,,"-80.41373129,27.67809436",-80.41373129,27.67809436,,,,,,
VERO BEACH,INDIAN RIVER,,,,PUBLIC SCHOOL,,,,,,,,,"-80.40312629,27.62467741",-80.40312629,27.62467741,,,,,,
VERO BEACH,INDIAN RIVER,,,,PUBLIC SCHOOL,,,,,,,,,"-80.42035189,27.71454376",-80.42035189,27.71454376,,,,,,
VERO BEACH,INDIAN RIVER,,,,PUBLIC SCHOOL,,,,,,,,,"-80.45179680,27.63300949",-80.45179680,27.63300949,,,,,,
VERO BEACH,INDIAN RIVER,,,,PUBLIC SCHOOL,,,,,,,,,"-80.36570627,27.65429831",-80.36570627,27.65429831,,,,,,
VERO BEACH,INDIAN RIVER,,,,PUBLIC SCHOOL,,,,,,,,,"-80.42862354,27.67236564",-80.42862354,27.67236564,,,,,,
VERO BEACH,INDIAN RIVER,,,,PUBLIC SCHOOL,,,,,,,,,"-80.50880474,27.74742149",-80.50880474,27.74742149,,,,,,
VERO BEACH,INDIAN RIVER,,,,PUBLIC SCHOOL,,,,,,,,,"-80.39084576,27.56820993",-80.39084576,27.56820993,,,,,,
VERO BEACH,INDIAN RIVER,,,,PUBLIC SCHOOL,,,,,,,,,"-80.42550002,27.63179999",-80.42550002,27.63179999,,,,,,
VERO BEACH,INDIAN RIVER,,,,PUBLIC SCHOOL,,,,,,,,,"-80.40415603,27.62997824",-80.40415603,27.62997824,,,,,,
VERO BEACH,INDIAN RIVER,,,,PUBLIC SCHOOL,,,,,,,,,"-80.38400001,27.56830002",-80.38400001,27.56830002,,,,,,
VERO BEACH,INDIAN RIVER,,,,PUBLIC SCHOOL,,,,,,,,,"-80.40407086,27.59588961",-80.40407086,27.59588961,,,,,,
VERO BEACH,INDIAN RIVER,,,,PUBLIC SCHOOL,,,,,,,,,"-80.41529999,27.60800000",-80.41529999,27.60800000,,,,,,
VERO BEACH,INDIAN RIVER,,,,PUBLIC SCHOOL,,,,,,,,,"-80.45115000,27.63389988",-80.45115000,27.63389988,,,,,,
VERO BEACH,INDIAN RIVER,,,,PUBLIC SCHOOL,,,,,,,,,"-80.45662626,27.69895131",-80.45662626,27.69895131,,,,,,
VERO BEACH,INDIAN RIVER,,,,PUBLIC SCHOOL,,,,,,,,,"-80.41386139,27.67617597",-80.41386139,27.67617597,,,,,,
SEBASTIAN,INDIAN RIVER,,,,PUBLIC SCHOOL,,,,,,,,,"-80.51354183,27.75784753",-80.51354183,27.75784753,,,,,,
SEBASTIAN,INDIAN RIVER,,,,PUBLIC SCHOOL,,,,,,,,,"-80.46316416,27.76292867",-80.46316416,27.76292867,,,,,,
SEBASTIAN,INDIAN RIVER,,,,PUBLIC SCHOOL,,,,,,,,,"-80.47686180,27.80415584",-80.47686180,27.80415584,,,,,,
SEBASTIAN,INDIAN RIVER,,,,PUBLIC SCHOOL,,,,,,,,,"-80.43836366,27.75532520",-80.43836366,27.75532520,,,,,,
SEBASTIAN,INDIAN RIVER,,,,PUBLIC SCHOOL,,,,,,,,,"-80.48307501,27.78919294",-80.48307501,27.78919294,,,,,,
SEBASTIAN,INDIAN RIVER,,,,PUBLIC SCHOOL,,,,,,,,,"-80.51778357,27.76892539",-80.51778357,27.76892539,,,,,,
MARIANNA,JACKSON,,,,PUBLIC SCHOOL,,,,,,,,,"-85.18941939,30.71268876",-85.18941939,30.71268876,,,,,,
MARIANNA,JACKSON,,,,PUBLIC SCHOOL,,,,,,,,,"-85.24147206,30.78584316",-85.24147206,30.78584316,,,,,,
MARIANNA,JACKSON,,,,PUBLIC SCHOOL,,,,,,,,,"-85.21590983,30.78006211",-85.21590983,30.78006211,,,,,,
MARIANNA,JACKSON,,,,PUBLIC SCHOOL,,,,,,,,,"-85.17434615,30.83145155",-85.17434615,30.83145155,,,,,,
MARIANNA,JACKSON,,,,PUBLIC SCHOOL,,,,,,,,,"-85.23837054,30.78312022",-85.23837054,30.78312022,,,,,,
MARIANNA,JACKSON,,,,PUBLIC SCHOOL,,,,,,,,,"-85.23998485,30.78129051",-85.23998485,30.78129051,,,,,,
MARIANNA,JACKSON,,,,PUBLIC SCHOOL,,,,,,,,,"-85.19992329,30.81087641",-85.19992329,30.81087641,,,,,,
MARIANNA,JACKSON,,,,PUBLIC SCHOOL,,,,,,,,,"-85.25202309,30.76671636",-85.25202309,30.76671636,,,,,,
MARIANNA,JACKSON,,,,PUBLIC SCHOOL,,,,,,,,,"-85.26005569,30.76226086",-85.26005569,30.76226086,,,,,,
COTTONDALE,JACKSON,,,,PUBLIC SCHOOL,,,,,,,,,"-85.37419998,30.79280001",-85.37419998,30.79280001,,,,,,
COTTONDALE,JACKSON,,,,PUBLIC SCHOOL,,,,,,,,,"-85.36669509,30.79303452",-85.36669509,30.79303452,,,,,,
GRACEVILLE,JACKSON,,,,PUBLIC SCHOOL,,,,,,,,,"-85.50684388,30.97250633",-85.50684388,30.97250633,,,,,,
GRACEVILLE,JACKSON,,,,PUBLIC SCHOOL,,,,,,,,,"-85.51858734,30.95656665",-85.51858734,30.95656665,,,,,,
GRACEVILLE,JACKSON,,,,PUBLIC SCHOOL,,,,,,,,,"-85.49424393,30.95151657",-85.49424393,30.95151657,,,,,,
SNEADS,JACKSON,,,,PUBLIC SCHOOL,,,,,,,,,"-84.94123501,30.70482321",-84.94123501,30.70482321,,,,,,
SNEADS,JACKSON,,,,PUBLIC SCHOOL,,,,,,,,,"-84.92167005,30.70945535",-84.92167005,30.70945535,,,,,,
GRAND RIDGE,JACKSON,,,,PUBLIC SCHOOL,,,,,,,,,"-85.01793551,30.70760651",-85.01793551,30.70760651,,,,,,
MALONE,JACKSON,,,,PUBLIC SCHOOL,,,,,,,,,"-85.16523649,30.95417318",-85.16523649,30.95417318,,,,,,
MONTICELLO,JEFFERSON,,,,PUBLIC SCHOOL,,,,,,,,,"-83.88560252,30.54534854",-83.88560252,30.54534854,,,,,,
MONTICELLO,JEFFERSON,,,,PUBLIC SCHOOL,,,,,,,,,"-83.86270844,30.55196305",-83.86270844,30.55196305,,,,,,
MONTICELLO,JEFFERSON,,,,PUBLIC SCHOOL,,,,,,,,,"-83.87885122,30.49090730",-83.87885122,30.49090730,,,,,,
MAYO,LAFAYETTE,,,,PUBLIC SCHOOL,,,,,,,,,"-83.16856888,30.05471088",-83.16856888,30.05471088,,,,,,
MAYO,LAFAYETTE,,,,PUBLIC SCHOOL,,,,,,,,,"-83.16458749,30.05571094",-83.16458749,30.05571094,,,,,,
EUSTIS,LAKE,,,,PUBLIC SCHOOL,,,,,,,,,"-81.69028206,28.83355976",-81.69028206,28.83355976,,,,,,
EUSTIS,LAKE,,,,PUBLIC SCHOOL,,,,,,,,,"-81.68964250,28.83866804",-81.68964250,28.83866804,,,,,,
EUSTIS,LAKE,,,,PUBLIC SCHOOL,,,,,,,,,"-81.64614690,28.85945601",-81.64614690,28.85945601,,,,,,
EUSTIS,LAKE,,,,PUBLIC SCHOOL,,,,,,,,,"-81.67220000,28.84690000",-81.67220000,28.84690000,,,,,,
EUSTIS,LAKE,,,,PUBLIC SCHOOL,,,,,,,,,"-81.52554074,28.85831417",-81.52554074,28.85831417,,,,,,
EUSTIS,LAKE,,,,PUBLIC SCHOOL,,,,,,,,,"-81.66818852,28.87534276",-81.66818852,28.87534276,,,,,,
EUSTIS,LAKE,,,,PUBLIC SCHOOL,,,,,,,,,"-81.69794334,28.82697673",-81.69794334,28.82697673,,,,,,
EUSTIS,LAKE,,,,PUBLIC SCHOOL,,,,,,,,,"-81.67782457,28.85115259",-81.67782457,28.85115259,,,,,,
CLERMONT,LAKE,,,,PUBLIC SCHOOL,,,,,,,,,"-81.71451727,28.53925337",-81.71451727,28.53925337,,,,,,
CLERMONT,LAKE,,,,PUBLIC SCHOOL,,,,,,,,,"-81.74104908,28.58000635",-81.74104908,28.58000635,,,,,,
CLERMONT,LAKE,,,,PUBLIC SCHOOL,,,,,,,,,"-81.72000048,28.53894400",-81.72000048,28.53894400,,,,,,
CLERMONT,LAKE,,,,PUBLIC SCHOOL,,,,,,,,,"-81.72938530,28.58401989",-81.72938530,28.58401989,,,,,,
CLERMONT,LAKE,,,,PUBLIC SCHOOL,,,,,,,,,"-81.70540505,28.51409228",-81.70540505,28.51409228,,,,,,
CLERMONT,LAKE,,,,PUBLIC SCHOOL,,,,,,,,,"-81.75552398,28.55883424",-81.75552398,28.55883424,,,,,,
CLERMONT,LAKE,,,,PUBLIC SCHOOL,,,,,,,,,"-81.75708397,28.55937612",-81.75708397,28.55937612,,,,,,
CLERMONT,LAKE,,,,PUBLIC SCHOOL,,,,,,,,,"-81.72089799,28.58108923",-81.72089799,28.58108923,,,,,,
CLERMONT,LAKE,,,,PUBLIC SCHOOL,,,,,,,,,"-81.74654659,28.55212631",-81.74654659,28.55212631,,,,,,
CLERMONT,LAKE,,,,PUBLIC SCHOOL,,,,,,,,,"-81.72201779,28.52487315",-81.72201779,28.52487315,,,,,,
CLERMONT,LAKE,,,,PUBLIC SCHOOL,,,,,,,,,"-81.78668861,28.49527201",-81.78668861,28.49527201,,,,,,
CLERMONT,LAKE,,,,PUBLIC SCHOOL,,,,,,,,,"-81.70403762,28.50082303",-81.70403762,28.50082303,,,,,,
CLERMONT,LAKE,,,,PUBLIC SCHOOL,,,,,,,,,"-81.68770662,28.40493780",-81.68770662,28.40493780,,,,,,
LADY LAKE,LAKE,,,,PUBLIC SCHOOL,,,,,,,,,"-81.93558485,28.93005227",-81.93558485,28.93005227,,,,,,
LEESBURG,LAKE,,,,PUBLIC SCHOOL,,,,,,,,,"-81.89506617,28.82704723",-81.89506617,28.82704723,,,,,,
LEESBURG,LAKE,,,,PUBLIC SCHOOL,,,,,,,,,"-81.88043266,28.81316433",-81.88043266,28.81316433,,,,,,
LEESBURG,LAKE,,,,PUBLIC SCHOOL,,,,,,,,,"-81.89930998,28.80135691",-81.89930998,28.80135691,,,,,,
LEESBURG,LAKE,,,,PUBLIC SCHOOL,,,,,,,,,"-81.78038439,28.84550770",-81.78038439,28.84550770,,,,,,
LEESBURG,LAKE,,,,PUBLIC SCHOOL,,,,,,,,,"-81.78257818,28.84229492",-81.78257818,28.84229492,,,,,,
LEESBURG,LAKE,,,,PUBLIC SCHOOL,,,,,,,,,"-81.88280000,28.82940001",-81.88280000,28.82940001,,,,,,
LEESBURG,LAKE,,,,PUBLIC SCHOOL,,,,,,,,,"-81.91880087,28.82601623",-81.91880087,28.82601623,,,,,,
LEESBURG,LAKE,,,,PUBLIC SCHOOL,,,,,,,,,"-81.89705383,28.80179580",-81.89705383,28.80179580,,,,,,
LEESBURG,LAKE,,,,PUBLIC SCHOOL,,,,,,,,,"-81.89645018,28.83756600",-81.89645018,28.83756600,,,,,,
LEESBURG,LAKE,,,,PUBLIC SCHOOL,,,,,,,,,"-81.88869816,28.80768335",-81.88869816,28.80768335,,,,,,
MOUNT DORA,LAKE,,,,PUBLIC SCHOOL,,,,,,,,,"-81.63476147,28.80261286",-81.63476147,28.80261286,,,,,,
MOUNT DORA,LAKE,,,,PUBLIC SCHOOL,,,,,,,,,"-81.59408561,28.80540156",-81.59408561,28.80540156,,,,,,
MOUNT DORA,LAKE,,,,PUBLIC SCHOOL,,,,,,,,,"-81.63109114,28.80881780",-81.63109114,28.80881780,,,,,,
MOUNT DORA,LAKE,,,,PUBLIC SCHOOL,,,,,,,,,"-81.67591600,28.81245013",-81.67591600,28.81245013,,,,,,
GROVELAND,LAKE,,,,PUBLIC SCHOOL,,,,,,,,,"-81.81653138,28.57416628",-81.81653138,28.57416628,,,,,,
GROVELAND,LAKE,,,,PUBLIC SCHOOL,,,,,,,,,"-81.85518029,28.55679573",-81.85518029,28.55679573,,,,,,
GROVELAND,LAKE,,,,PUBLIC SCHOOL,,,,,,,,,"-81.84633720,28.55370970",-81.84633720,28.55370970,,,,,,
UMATILLA,LAKE,,,,PUBLIC SCHOOL,,,,,,,,,"-81.66428334,28.93050106",-81.66428334,28.93050106,,,,,,
UMATILLA,LAKE,,,,PUBLIC SCHOOL,,,,,,,,,"-81.66010232,28.92880111",-81.66010232,28.92880111,,,,,,
UMATILLA,LAKE,,,,PUBLIC SCHOOL,,,,,,,,,"-81.67193186,28.93735799",-81.67193186,28.93735799,,,,,,
FRUITLAND PARK,LAKE,,,,PUBLIC SCHOOL,,,,,,,,,"-81.90975672,28.85979943",-81.90975672,28.85979943,,,,,,
ASTATULA,LAKE,,,,PUBLIC SCHOOL,,,,,,,,,"-81.72587524,28.71106552",-81.72587524,28.71106552,,,,,,
PAISLEY,LAKE,,,,PUBLIC SCHOOL,,,,,,,,,"-81.54178296,28.99539465",-81.54178296,28.99539465,,,,,,
TAVARES,LAKE,,,,PUBLIC SCHOOL,,,,,,,,,"-81.72840247,28.80699005",-81.72840247,28.80699005,,,,,,
TAVARES,LAKE,,,,PUBLIC SCHOOL,,,,,,,,,"-81.72920839,28.81154649",-81.72920839,28.81154649,,,,,,
TAVARES,LAKE,,,,PUBLIC SCHOOL,,,,,,,,,"-81.72110278,28.81012611",-81.72110278,28.81012611,,,,,,
TAVARES,LAKE,,,,PUBLIC SCHOOL,,,,,,,,,"-81.74056137,28.77066612",-81.74056137,28.77066612,,,,,,
ALTOONA,LAKE,,,,PUBLIC SCHOOL,,,,,,,,,"-81.64683024,28.96982921",-81.64683024,28.96982921,,,,,,
MASCOTTE,LAKE,,,,PUBLIC SCHOOL,,,,,,,,,"-81.88567552,28.57236029",-81.88567552,28.57236029,,,,,,
HOWEY IN THE HILLS,LAKE,,,,PUBLIC SCHOOL,,,,,,,,,"-81.76879132,28.70431162",-81.76879132,28.70431162,,,,,,
SORRENTO,LAKE,,,,PUBLIC SCHOOL,,,,,,,,,"-81.55015569,28.81602509",-81.55015569,28.81602509,,,,,,
CAPE CORAL,LEE,,,,PUBLIC SCHOOL,,,,,,,,,"-82.01237606,26.58632859",-82.01237606,26.58632859,,,,,,
CAPE CORAL,LEE,,,,PUBLIC SCHOOL,,,,,,,,,"-81.97711139,26.64521747",-81.97711139,26.64521747,,,,,,
CAPE CORAL,LEE,,,,PUBLIC SCHOOL,,,,,,,,,"-81.97613139,26.60896932",-81.97613139,26.60896932,,,,,,
CAPE CORAL,LEE,,,,PUBLIC SCHOOL,,,,,,,,,"-82.01650800,26.61826724",-82.01650800,26.61826724,,,,,,
CAPE CORAL,LEE,,,,PUBLIC SCHOOL,,,,,,,,,"-81.98887859,26.62197057",-81.98887859,26.62197057,,,,,,
CAPE CORAL,LEE,,,,PUBLIC SCHOOL,,,,,,,,,"-81.92927200,26.72765200",-81.92927200,26.72765200,,,,,,
CAPE CORAL,LEE,,,,PUBLIC SCHOOL,,,,,,,,,"-82.02249550,26.58805341",-82.02249550,26.58805341,,,,,,
CAPE CORAL,LEE,,,,PUBLIC SCHOOL,,,,,,,,,"-81.94240936,26.64224281",-81.94240936,26.64224281,,,,,,
CAPE CORAL,LEE,,,,PUBLIC SCHOOL,,,,,,,,,"-81.94889808,26.68525415",-81.94889808,26.68525415,,,,,,
CAPE CORAL,LEE,,,,PUBLIC SCHOOL,,,,,,,,,"-82.03377945,26.64604305",-82.03377945,26.64604305,,,,,,
CAPE CORAL,LEE,,,,PUBLIC SCHOOL,,,,,,,,,"-81.94194131,26.64366640",-81.94194131,26.64366640,,,,,,
CAPE CORAL,LEE,,,,PUBLIC SCHOOL,,,,,,,,,"-81.98023713,26.58594095",-81.98023713,26.58594095,,,,,,
CAPE CORAL,LEE,,,,PUBLIC SCHOOL,,,,,,,,,"-81.94924797,26.56802586",-81.94924797,26.56802586,,,,,,
CAPE CORAL,LEE,,,,PUBLIC SCHOOL,,,,,,,,,"-81.98920500,26.62018146",-81.98920500,26.62018146,,,,,,
CAPE CORAL,LEE,,,,PUBLIC SCHOOL,,,,,,,,,"-82.01258571,26.58988994",-82.01258571,26.58988994,,,,,,
CAPE CORAL,LEE,,,,PUBLIC SCHOOL,,,,,,,,,"-82.00610863,26.66099175",-82.00610863,26.66099175,,,,,,
CAPE CORAL,LEE,,,,PUBLIC SCHOOL,,,,,,,,,"-82.01707425,26.62149258",-82.01707425,26.62149258,,,,,,
CAPE CORAL,LEE,,,,PUBLIC SCHOOL,,,,,,,,,"-81.97683691,26.65909456",-81.97683691,26.65909456,,,,,,
CAPE CORAL,LEE,,,,PUBLIC SCHOOL,,,,,,,,,"-81.97624573,26.65854939",-81.97624573,26.65854939,,,,,,
CAPE CORAL,LEE,,,,PUBLIC SCHOOL,,,,,,,,,"-81.97574840,26.65682661",-81.97574840,26.65682661,,,,,,
CAPE CORAL,LEE,,,,PUBLIC SCHOOL,,,,,,,,,"-81.97358498,26.61346724",-81.97358498,26.61346724,,,,,,
CAPE CORAL,LEE,,,,PUBLIC SCHOOL,,,,,,,,,"-82.00552983,26.66493934",-82.00552983,26.66493934,,,,,,
CAPE CORAL,LEE,,,,PUBLIC SCHOOL,,,,,,,,,"-81.95047396,26.68482341",-81.95047396,26.68482341,,,,,,
CAPE CORAL,LEE,,,,PUBLIC SCHOOL,,,,,,,,,"-81.98529976,26.64672814",-81.98529976,26.64672814,,,,,,
CAPE CORAL,LEE,,,,PUBLIC SCHOOL,,,,,,,,,"-82.01677840,26.58767382",-82.01677840,26.58767382,,,,,,
CAPE CORAL,LEE,,,,PUBLIC SCHOOL,,,,,,,,,"-82.02269951,26.58667393",-82.02269951,26.58667393,,,,,,
CAPE CORAL,LEE,,,,PUBLIC SCHOOL,,,,,,,,,"-81.98861541,26.61633902",-81.98861541,26.61633902,,,,,,
FORT MYERS,LEE,,,,PUBLIC SCHOOL,,,,,,,,,"-81.75776200,26.55288568",-81.75776200,26.55288568,,,,,,
FORT MYERS,LEE,,,,PUBLIC SCHOOL,,,,,,,,,"-81.80830854,26.63331761",-81.80830854,26.63331761,,,,,,
FORT MYERS,LEE,,,,PUBLIC SCHOOL,,,,,,,,,"-81.81665647,26.60272031",-81.81665647,26.60272031,,,,,,
FORT MYERS,LEE,,,,PUBLIC SCHOOL,,,,,,,,,"-81.90154011,26.54080304",-81.90154011,26.54080304,,,,,,
FORT MYERS,LEE,,,,PUBLIC SCHOOL,,,,,,,,,"-81.85795749,26.60493136",-81.85795749,26.60493136,,,,,,
FORT MYERS,LEE,,,,PUBLIC SCHOOL,,,,,,,,,"-81.83912082,26.64701666",-81.83912082,26.64701666,,,,,,
FORT MYERS,LEE,,,,PUBLIC SCHOOL,,,,,,,,,"-81.92607758,26.52148130",-81.92607758,26.52148130,,,,,,
FORT MYERS,LEE,,,,PUBLIC SCHOOL,,,,,,,,,"-81.80532642,26.67758232",-81.80532642,26.67758232,,,,,,
FORT MYERS,LEE,,,,PUBLIC SCHOOL,,,,,,,,,"-81.85403346,26.60397075",-81.85403346,26.60397075,,,,,,
FORT MYERS,LEE,,,,PUBLIC SCHOOL,,,,,,,,,"-81.80668215,26.67020721",-81.80668215,26.67020721,,,,,,
FORT MYERS,LEE,,,,PUBLIC SCHOOL,,,,,,,,,"-81.82037325,26.66980371",-81.82037325,26.66980371,,,,,,
FORT MYERS,LEE,,,,PUBLIC SCHOOL,,,,,,,,,"-81.85357658,26.59969592",-81.85357658,26.59969592,,,,,,
FORT MYERS,LEE,,,,PUBLIC SCHOOL,,,,,,,,,"-81.87751207,26.62794081",-81.87751207,26.62794081,,,,,,
FORT MYERS,LEE,,,,PUBLIC SCHOOL,,,,,,,,,"-81.79522777,26.45540951",-81.79522777,26.45540951,,,,,,
FORT MYERS,LEE,,,,PUBLIC SCHOOL,,,,,,,,,"-81.73561309,26.57730565",-81.73561309,26.57730565,,,,,,
FORT MYERS,LEE,,,,PUBLIC SCHOOL,,,,,,,,,"-81.85504920,26.63319773",-81.85504920,26.63319773,,,,,,
FORT MYERS,LEE,,,,PUBLIC SCHOOL,,,,,,,,,"-81.72417183,26.70648910",-81.72417183,26.70648910,,,,,,
FORT MYERS,LEE,,,,PUBLIC SCHOOL,,,,,,,,,"-81.87483158,26.63294141",-81.87483158,26.63294141,,,,,,
FORT MYERS,LEE,,,,PUBLIC SCHOOL,,,,,,,,,"-81.84678271,26.63613702",-81.84678271,26.63613702,,,,,,
FORT MYERS,LEE,,,,PUBLIC SCHOOL,,,,,,,,,"-81.91367371,26.49762277",-81.91367371,26.49762277,,,,,,
FORT MYERS,LEE,,,,PUBLIC SCHOOL,,,,,,,,,"-81.85194083,26.64327418",-81.85194083,26.64327418,,,,,,
FORT MYERS,LEE,,,,PUBLIC SCHOOL,,,,,,,,,"-81.81630602,26.59952313",-81.81630602,26.59952313,,,,,,
FORT MYERS,LEE,,,,PUBLIC SCHOOL,,,,,,,,,"-81.87159274,26.62075583",-81.87159274,26.62075583,,,,,,
FORT MYERS,LEE,,,,PUBLIC SCHOOL,,,,,,,,,"-81.83444330,26.63293714",-81.83444330,26.63293714,,,,,,
FORT MYERS,LEE,,,,PUBLIC SCHOOL,,,,,,,,,"-81.90187673,26.54474836",-81.90187673,26.54474836,,,,,,
FORT MYERS,LEE,,,,PUBLIC SCHOOL,,,,,,,,,"-81.88263429,26.58028249",-81.88263429,26.58028249,,,,,,
FORT MYERS,LEE,,,,PUBLIC SCHOOL,,,,,,,,,"-81.75196207,26.55721676",-81.75196207,26.55721676,,,,,,
FORT MYERS,LEE,,,,PUBLIC SCHOOL,,,,,,,,,"-81.78973406,26.54109325",-81.78973406,26.54109325,,,,,,
FORT MYERS,LEE,,,,PUBLIC SCHOOL,,,,,,,,,"-81.84873014,26.53784081",-81.84873014,26.53784081,,,,,,
FORT MYERS,LEE,,,,PUBLIC SCHOOL,,,,,,,,,"-81.89050391,26.55138731",-81.89050391,26.55138731,,,,,,
FORT MYERS,LEE,,,,PUBLIC SCHOOL,,,,,,,,,"-81.84379295,26.60803232",-81.84379295,26.60803232,,,,,,
FORT MYERS,LEE,,,,PUBLIC SCHOOL,,,,,,,,,"-81.87662488,26.61609055",-81.87662488,26.61609055,,,,,,
FORT MYERS,LEE,,,,PUBLIC SCHOOL,,,,,,,,,"-81.84641815,26.60785964",-81.84641815,26.60785964,,,,,,
FORT MYERS,LEE,,,,PUBLIC SCHOOL,,,,,,,,,"-81.79082187,26.67235778",-81.79082187,26.67235778,,,,,,
FORT MYERS,LEE,,,,PUBLIC SCHOOL,,,,,,,,,"-81.86813966,26.56888093",-81.86813966,26.56888093,,,,,,
FORT MYERS,LEE,,,,PUBLIC SCHOOL,,,,,,,,,"-81.78536093,26.58474337",-81.78536093,26.58474337,,,,,,
FORT MYERS,LEE,,,,PUBLIC SCHOOL,,,,,,,,,"-81.85378981,26.60356364",-81.85378981,26.60356364,,,,,,
FORT MYERS,LEE,,,,PUBLIC SCHOOL,,,,,,,,,"-81.84819326,26.49141048",-81.84819326,26.49141048,,,,,,
FORT MYERS,LEE,,,,PUBLIC SCHOOL,,,,,,,,,"-81.82562164,26.64751989",-81.82562164,26.64751989,,,,,,
FORT MYERS,LEE,,,,PUBLIC SCHOOL,,,,,,,,,"-81.85107668,26.64401697",-81.85107668,26.64401697,,,,,,
FORT MYERS,LEE,,,,PUBLIC SCHOOL,,,,,,,,,"-81.82761734,26.65471303",-81.82761734,26.65471303,,,,,,
FORT MYERS,LEE,,,,PUBLIC SCHOOL,,,,,,,,,"-81.87617637,26.60334084",-81.87617637,26.60334084,,,,,,
FORT MYERS,LEE,,,,PUBLIC SCHOOL,,,,,,,,,"-81.78945893,26.67341417",-81.78945893,26.67341417,,,,,,
FORT MYERS,LEE,,,,PUBLIC SCHOOL,,,,,,,,,"-81.84355860,26.66122745",-81.84355860,26.66122745,,,,,,
FORT MYERS,LEE,,,,PUBLIC SCHOOL,,,,,,,,,"-81.86472832,26.61946723",-81.86472832,26.61946723,,,,,,
FORT MYERS,LEE,,,,PUBLIC SCHOOL,,,,,,,,,"-81.83640368,26.64717237",-81.83640368,26.64717237,,,,,,
FORT MYERS,LEE,,,,PUBLIC SCHOOL,,,,,,,,,"-81.84414764,26.54127888",-81.84414764,26.54127888,,,,,,
FORT MYERS,LEE,,,,PUBLIC SCHOOL,,,,,,,,,"-81.81526074,26.48636943",-81.81526074,26.48636943,,,,,,
FORT MYERS,LEE,,,,PUBLIC SCHOOL,,,,,,,,,"-81.79590699,26.47228027",-81.79590699,26.47228027,,,,,,
FORT MYERS BEACH,LEE,,,,PUBLIC SCHOOL,,,,,,,,,"-81.93883009,26.44870829",-81.93883009,26.44870829,,,,,,
FORT MYERS BEACH,LEE,,,,PUBLIC SCHOOL,,,,,,,,,"-81.94897742,26.46039684",-81.94897742,26.46039684,,,,,,
LEHIGH ACRES,LEE,,,,PUBLIC SCHOOL,,,,,,,,,"-81.63536584,26.59713590",-81.63536584,26.59713590,,,,,,
LEHIGH ACRES,LEE,,,,PUBLIC SCHOOL,,,,,,,,,"-81.64876105,26.60852735",-81.64876105,26.60852735,,,,,,
LEHIGH ACRES,LEE,,,,PUBLIC SCHOOL,,,,,,,,,"-81.60201721,26.55828989",-81.60201721,26.55828989,,,,,,
LEHIGH ACRES,LEE,,,,PUBLIC SCHOOL,,,,,,,,,"-81.63246899,26.59815200",-81.63246899,26.59815200,,,,,,
LEHIGH ACRES,LEE,,,,PUBLIC SCHOOL,,,,,,,,,"-81.72655258,26.62203411",-81.72655258,26.62203411,,,,,,
LEHIGH ACRES,LEE,,,,PUBLIC SCHOOL,,,,,,,,,"-81.71961700,26.62289600",-81.71961700,26.62289600,,,,,,
LEHIGH ACRES,LEE,,,,PUBLIC SCHOOL,,,,,,,,,"-81.61497436,26.56902360",-81.61497436,26.56902360,,,,,,
LEHIGH ACRES,LEE,,,,PUBLIC SCHOOL,,,,,,,,,"-81.69349809,26.64015139",-81.69349809,26.64015139,,,,,,
LEHIGH ACRES,LEE,,,,PUBLIC SCHOOL,,,,,,,,,"-81.69333944,26.63709925",-81.69333944,26.63709925,,,,,,
LEHIGH ACRES,LEE,,,,PUBLIC SCHOOL,,,,,,,,,"-81.68960736,26.61870154",-81.68960736,26.61870154,,,,,,
LEHIGH ACRES,LEE,,,,PUBLIC SCHOOL,,,,,,,,,"-81.71808742,26.62931839",-81.71808742,26.62931839,,,,,,
LEHIGH ACRES,LEE,,,,PUBLIC SCHOOL,,,,,,,,,"-81.62685753,26.60921627",-81.62685753,26.60921627,,,,,,
BONITA SPRINGS,LEE,,,,PUBLIC SCHOOL,,,,,,,,,"-81.77317326,26.32939486",-81.77317326,26.32939486,,,,,,
BONITA SPRINGS,LEE,,,,PUBLIC SCHOOL,,,,,,,,,"-81.80469822,26.36850980",-81.80469822,26.36850980,,,,,,
BONITA SPRINGS,LEE,,,,PUBLIC SCHOOL,,,,,,,,,"-81.78571830,26.34660395",-81.78571830,26.34660395,,,,,,
BONITA SPRINGS,LEE,,,,PUBLIC SCHOOL,,,,,,,,,"-81.79663164,26.36528800",-81.79663164,26.36528800,,,,,,
BONITA SPRINGS,LEE,,,,PUBLIC SCHOOL,,,,,,,,,"-81.77484000,26.33589978",-81.77484000,26.33589978,,,,,,
ALVA,LEE,,,,PUBLIC SCHOOL,,,,,,,,,"-81.72713626,26.69584473",-81.72713626,26.69584473,,,,,,
ALVA,LEE,,,,PUBLIC SCHOOL,,,,,,,,,"-81.60975850,26.71672053",-81.60975850,26.71672053,,,,,,
ALVA,LEE,,,,PUBLIC SCHOOL,,,,,,,,,"-81.70567777,26.70524122",-81.70567777,26.70524122,,,,,,
ESTERO,LEE,,,,PUBLIC SCHOOL,,,,,,,,,"-81.79610663,26.42247109",-81.79610663,26.42247109,,,,,,
ESTERO,LEE,,,,PUBLIC SCHOOL,,,,,,,,,"-81.75931703,26.43749675",-81.75931703,26.43749675,,,,,,
NORTH FORT MYERS,LEE,,,,PUBLIC SCHOOL,,,,,,,,,"-81.84151073,26.71200287",-81.84151073,26.71200287,,,,,,
NORTH FORT MYERS,LEE,,,,PUBLIC SCHOOL,,,,,,,,,"-81.88187658,26.70836164",-81.88187658,26.70836164,,,,,,
NORTH FORT MYERS,LEE,,,,PUBLIC SCHOOL,,,,,,,,,"-81.91476718,26.69511736",-81.91476718,26.69511736,,,,,,
NORTH FORT MYERS,LEE,,,,PUBLIC SCHOOL,,,,,,,,,"-81.91330922,26.66303768",-81.91330922,26.66303768,,,,,,
NORTH FORT MYERS,LEE,,,,PUBLIC SCHOOL,,,,,,,,,"-81.88786279,26.68327980",-81.88786279,26.68327980,,,,,,
NORTH FORT MYERS,LEE,,,,PUBLIC SCHOOL,,,,,,,,,"-81.91667257,26.66460385",-81.91667257,26.66460385,,,,,,
NORTH FORT MYERS,LEE,,,,PUBLIC SCHOOL,,,,,,,,,"-81.90227578,26.65088951",-81.90227578,26.65088951,,,,,,
BOKEELIA,LEE,,,,PUBLIC SCHOOL,,,,,,,,,"-82.11405752,26.61608632",-82.11405752,26.61608632,,,,,,
BOCA GRANDE,LEE,,,,PUBLIC SCHOOL,,,,,,,,,"-82.26145124,26.74677984",-82.26145124,26.74677984,,,,,,
SANIBEL,LEE,,,,PUBLIC SCHOOL,,,,,,,,,"-82.11651020,26.44734007",-82.11651020,26.44734007,,,,,,
FT MYERS,LEE,,,,PUBLIC SCHOOL,,,,,,,,,"-81.87497226,26.59230309",-81.87497226,26.59230309,,,,,,
TALLAHASSEE,LEON,,,,PUBLIC SCHOOL,,,,,,,,,"-84.29664245,30.45707774",-84.29664245,30.45707774,,,,,,
TALLAHASSEE,LEON,,,,PUBLIC SCHOOL,,,,,,,,,"-84.33919843,30.44859310",-84.33919843,30.44859310,,,,,,
TALLAHASSEE,LEON,,,,PUBLIC SCHOOL,,,,,,,,,"-84.33920000,30.49310000",-84.33920000,30.49310000,,,,,,
TALLAHASSEE,LEON,,,,PUBLIC SCHOOL,,,,,,,,,"-84.21780018,30.43755752",-84.21780018,30.43755752,,,,,,
TALLAHASSEE,LEON,,,,PUBLIC SCHOOL,,,,,,,,,"-84.23068263,30.46233991",-84.23068263,30.46233991,,,,,,
TALLAHASSEE,LEON,,,,PUBLIC SCHOOL,,,,,,,,,"-84.22351820,30.41386304",-84.22351820,30.41386304,,,,,,
TALLAHASSEE,LEON,,,,PUBLIC SCHOOL,,,,,,,,,"-84.26591959,30.45323000",-84.26591959,30.45323000,,,,,,
TALLAHASSEE,LEON,,,,PUBLIC SCHOOL,,,,,,,,,"-84.22391365,30.38482043",-84.22391365,30.38482043,,,,,,
TALLAHASSEE,LEON,,,,PUBLIC SCHOOL,,,,,,,,,"-84.25677527,30.43207549",-84.25677527,30.43207549,,,,,,
TALLAHASSEE,LEON,,,,PUBLIC SCHOOL,,,,,,,,,"-84.17956985,30.53037775",-84.17956985,30.53037775,,,,,,
TALLAHASSEE,LEON,,,,PUBLIC SCHOOL,,,,,,,,,"-84.28237117,30.44554004",-84.28237117,30.44554004,,,,,,
TALLAHASSEE,LEON,,,,PUBLIC SCHOOL,,,,,,,,,"-84.32210000,30.47600000",-84.32210000,30.47600000,,,,,,
TALLAHASSEE,LEON,,,,PUBLIC SCHOOL,,,,,,,,,"-84.28650000,30.46280000",-84.28650000,30.46280000,,,,,,
TALLAHASSEE,LEON,,,,PUBLIC SCHOOL,,,,,,,,,"-84.26763255,30.39887498",-84.26763255,30.39887498,,,,,,
TALLAHASSEE,LEON,,,,PUBLIC SCHOOL,,,,,,,,,"-84.18370000,30.44630000",-84.18370000,30.44630000,,,,,,
TALLAHASSEE,LEON,,,,PUBLIC SCHOOL,,,,,,,,,"-84.34923157,30.44572337",-84.34923157,30.44572337,,,,,,
TALLAHASSEE,LEON,,,,PUBLIC SCHOOL,,,,,,,,,"-84.29397719,30.41936534",-84.29397719,30.41936534,,,,,,
TALLAHASSEE,LEON,,,,PUBLIC SCHOOL,,,,,,,,,"-84.30661502,30.45983120",-84.30661502,30.45983120,,,,,,
TALLAHASSEE,LEON,,,,PUBLIC SCHOOL,,,,,,,,,"-84.26799710,30.40090319",-84.26799710,30.40090319,,,,,,
TALLAHASSEE,LEON,,,,PUBLIC SCHOOL,,,,,,,,,"-84.23745366,30.42908029",-84.23745366,30.42908029,,,,,,
TALLAHASSEE,LEON,,,,PUBLIC SCHOOL,,,,,,,,,"-84.51399193,30.43885919",-84.51399193,30.43885919,,,,,,
TALLAHASSEE,LEON,,,,PUBLIC SCHOOL,,,,,,,,,"-84.24649218,30.31403214",-84.24649218,30.31403214,,,,,,
TALLAHASSEE,LEON,,,,PUBLIC SCHOOL,,,,,,,,,"-84.33439895,30.44062385",-84.33439895,30.44062385,,,,,,
TALLAHASSEE,LEON,,,,PUBLIC SCHOOL,,,,,,,,,"-84.29320000,30.48070000",-84.29320000,30.48070000,,,,,,
TALLAHASSEE,LEON,,,,PUBLIC SCHOOL,,,,,,,,,"-84.27612324,30.55681801",-84.27612324,30.55681801,,,,,,
TALLAHASSEE,LEON,,,,PUBLIC SCHOOL,,,,,,,,,"-84.26301550,30.40758561",-84.26301550,30.40758561,,,,,,
TALLAHASSEE,LEON,,,,PUBLIC SCHOOL,,,,,,,,,"-84.34700000,30.51040000",-84.34700000,30.51040000,,,,,,
TALLAHASSEE,LEON,,,,PUBLIC SCHOOL,,,,,,,,,"-84.25581288,30.49140264",-84.25581288,30.49140264,,,,,,
TALLAHASSEE,LEON,,,,PUBLIC SCHOOL,,,,,,,,,"-84.20494074,30.46704190",-84.20494074,30.46704190,,,,,,
TALLAHASSEE,LEON,,,,PUBLIC SCHOOL,,,,,,,,,"-84.21130000,30.47480000",-84.21130000,30.47480000,,,,,,
TALLAHASSEE,LEON,,,,PUBLIC SCHOOL,,,,,,,,,"-84.24100057,30.60825339",-84.24100057,30.60825339,,,,,,
TALLAHASSEE,LEON,,,,PUBLIC SCHOOL,,,,,,,,,"-84.28340000,30.38340000",-84.28340000,30.38340000,,,,,,
TALLAHASSEE,LEON,,,,PUBLIC SCHOOL,,,,,,,,,"-84.28839148,30.46240443",-84.28839148,30.46240443,,,,,,
TALLAHASSEE,LEON,,,,PUBLIC SCHOOL,,,,,,,,,"-84.22420000,30.53820000",-84.22420000,30.53820000,,,,,,
TALLAHASSEE,LEON,,,,PUBLIC SCHOOL,,,,,,,,,"-84.28824586,30.41314589",-84.28824586,30.41314589,,,,,,
TALLAHASSEE,LEON,,,,PUBLIC SCHOOL,,,,,,,,,"-84.33420000,30.42670000",-84.33420000,30.42670000,,,,,,
TALLAHASSEE,LEON,,,,PUBLIC SCHOOL,,,,,,,,,"-84.18200000,30.53120000",-84.18200000,30.53120000,,,,,,
TALLAHASSEE,LEON,,,,PUBLIC SCHOOL,,,,,,,,,"-84.21621288,30.43560985",-84.21621288,30.43560985,,,,,,
TALLAHASSEE,LEON,,,,PUBLIC SCHOOL,,,,,,,,,"-84.33824296,30.41564486",-84.33824296,30.41564486,,,,,,
TALLAHASSEE,LEON,,,,PUBLIC SCHOOL,,,,,,,,,"-84.31738764,30.43520196",-84.31738764,30.43520196,,,,,,
TALLAHASSEE,LEON,,,,PUBLIC SCHOOL,,,,,,,,,"-84.25969624,30.45706373",-84.25969624,30.45706373,,,,,,
TALLAHASSEE,LEON,,,,PUBLIC SCHOOL,,,,,,,,,"-84.25682662,30.50301986",-84.25682662,30.50301986,,,,,,
TALLAHASSEE,LEON,,,,PUBLIC SCHOOL,,,,,,,,,"-84.21025905,30.57136752",-84.21025905,30.57136752,,,,,,
TALLAHASSEE,LEON,,,,PUBLIC SCHOOL,,,,,,,,,"-84.30350146,30.41839619",-84.30350146,30.41839619,,,,,,
TALLAHASSEE,LEON,,,,PUBLIC SCHOOL,,,,,,,,,"-84.12246284,30.43579127",-84.12246284,30.43579127,,,,,,
TALLAHASSEE,LEON,,,,PUBLIC SCHOOL,,,,,,,,,"-84.26783593,30.45213866",-84.26783593,30.45213866,,,,,,
TALLAHASSEE,LEON,,,,PUBLIC SCHOOL,,,,,,,,,"-84.21191166,30.43637600",-84.21191166,30.43637600,,,,,,
TALLAHASSEE,LEON,,,,PUBLIC SCHOOL,,,,,,,,,"-84.28693333,30.44488647",-84.28693333,30.44488647,,,,,,
TALLAHASSEE,LEON,,,,PUBLIC SCHOOL,,,,,,,,,"-84.29560833,30.41179456",-84.29560833,30.41179456,,,,,,
TALLAHASSEE,LEON,,,,PUBLIC SCHOOL,,,,,,,,,"-84.33247903,30.46676395",-84.33247903,30.46676395,,,,,,
TALLAHASSEE,LEON,,,,PUBLIC SCHOOL,,,,,,,,,"-84.31666984,30.46122936",-84.31666984,30.46122936,,,,,,
TALLAHASSEE,LEON,,,,PUBLIC SCHOOL,,,,,,,,,"-84.27559196,30.44559476",-84.27559196,30.44559476,,,,,,
TALLAHASSEE,LEON,,,,PUBLIC SCHOOL,,,,,,,,,"-84.18141000,30.46089133",-84.18141000,30.46089133,,,,,,
TALLAHASSEE,LEON,,,,PUBLIC SCHOOL,,,,,,,,,"-84.22605647,30.58410587",-84.22605647,30.58410587,,,,,,
TALLAHASSEE,LEON,,,,PUBLIC SCHOOL,,,,,,,,,"-84.33930437,30.45699240",-84.33930437,30.45699240,,,,,,
BRONSON,LEVY,,,,PUBLIC SCHOOL,,,,,,,,,"-82.63471716,29.44682765",-82.63471716,29.44682765,,,,,,
BRONSON,LEVY,,,,PUBLIC SCHOOL,,,,,,,,,"-82.63475714,29.45687655",-82.63475714,29.45687655,,,,,,
BRONSON,LEVY,,,,PUBLIC SCHOOL,,,,,,,,,"-82.62844890,29.46223079",-82.62844890,29.46223079,,,,,,
BRONSON,LEVY,,,,PUBLIC SCHOOL,,,,,,,,,"-82.62940330,29.46529407",-82.62940330,29.46529407,,,,,,
WILLISTON,LEVY,,,,PUBLIC SCHOOL,,,,,,,,,"-82.42907260,29.39160864",-82.42907260,29.39160864,,,,,,
WILLISTON,LEVY,,,,PUBLIC SCHOOL,,,,,,,,,"-82.44674610,29.37527912",-82.44674610,29.37527912,,,,,,
WILLISTON,LEVY,,,,PUBLIC SCHOOL,,,,,,,,,"-82.45141374,29.38607665",-82.45141374,29.38607665,,,,,,
WILLISTON,LEVY,,,,PUBLIC SCHOOL,,,,,,,,,"-82.45138580,29.38453407",-82.45138580,29.38453407,,,,,,
CHIEFLAND,LEVY,,,,PUBLIC SCHOOL,,,,,,,,,"-82.86061807,29.48673093",-82.86061807,29.48673093,,,,,,
CHIEFLAND,LEVY,,,,PUBLIC SCHOOL,,,,,,,,,"-82.87000140,29.48110132",-82.87000140,29.48110132,,,,,,
CHIEFLAND,LEVY,,,,PUBLIC SCHOOL,,,,,,,,,"-82.88580272,29.53242815",-82.88580272,29.53242815,,,,,,
CHIEFLAND,LEVY,,,,PUBLIC SCHOOL,,,,,,,,,"-82.87965462,29.50834915",-82.87965462,29.50834915,,,,,,
CEDAR KEY,LEVY,,,,PUBLIC SCHOOL,,,,,,,,,"-83.03870937,29.13971958",-83.03870937,29.13971958,,,,,,
INGLIS,LEVY,,,,PUBLIC SCHOOL,,,,,,,,,"-82.68992670,29.03824842",-82.68992670,29.03824842,,,,,,
BRISTOL,LIBERTY,,,,PUBLIC SCHOOL,,,,,,,,,"-84.98134154,30.42598957",-84.98134154,30.42598957,,,,,,
BRISTOL,LIBERTY,,,,PUBLIC SCHOOL,,,,,,,,,"-84.93991562,30.18462991",-84.93991562,30.18462991,,,,,,
BRISTOL,LIBERTY,,,,PUBLIC SCHOOL,,,,,,,,,"-84.97588895,30.43094717",-84.97588895,30.43094717,,,,,,
BRISTOL,LIBERTY,,,,PUBLIC SCHOOL,,,,,,,,,"-84.97736805,30.40001873",-84.97736805,30.40001873,,,,,,
HOSFORD,LIBERTY,,,,PUBLIC SCHOOL,,,,,,,,,"-84.79792172,30.38883375",-84.79792172,30.38883375,,,,,,
GREENVILLE,MADISON,,,,PUBLIC SCHOOL,,,,,,,,,"-83.61763516,30.45081367",-83.61763516,30.45081367,,,,,,
GREENVILLE,MADISON,,,,PUBLIC SCHOOL,,,,,,,,,"-83.64093730,30.45882396",-83.64093730,30.45882396,,,,,,
GREENVILLE,MADISON,,,,PUBLIC SCHOOL,,,,,,,,,"-83.61650961,30.45419820",-83.61650961,30.45419820,,,,,,
MADISON,MADISON,,,,PUBLIC SCHOOL,,,,,,,,,"-83.42005572,30.47523479",-83.42005572,30.47523479,,,,,,
MADISON,MADISON,,,,PUBLIC SCHOOL,,,,,,,,,"-83.40949559,30.47096179",-83.40949559,30.47096179,,,,,,
MADISON,MADISON,,,,PUBLIC SCHOOL,,,,,,,,,"-83.44558007,30.47768975",-83.44558007,30.47768975,,,,,,
MADISON,MADISON,,,,PUBLIC SCHOOL,,,,,,,,,"-83.45559947,30.47638178",-83.45559947,30.47638178,,,,,,
MADISON,MADISON,,,,PUBLIC SCHOOL,,,,,,,,,"-83.45423600,30.48075179",-83.45423600,30.48075179,,,,,,
LEE,MADISON,,,,PUBLIC SCHOOL,,,,,,,,,"-83.30625579,30.42426324",-83.30625579,30.42426324,,,,,,
PINETTA,MADISON,,,,PUBLIC SCHOOL,,,,,,,,,"-83.35145432,30.59438750",-83.35145432,30.59438750,,,,,,
BRADENTON,MANATEE,,,,PUBLIC SCHOOL,,,,,,,,,"-82.61852727,27.46882004",-82.61852727,27.46882004,,,,,,
BRADENTON,MANATEE,,,,PUBLIC SCHOOL,,,,,,,,,"-82.59334220,27.44358398",-82.59334220,27.44358398,,,,,,
BRADENTON,MANATEE,,,,PUBLIC SCHOOL,,,,,,,,,"-82.59094645,27.43886612",-82.59094645,27.43886612,,,,,,
BRADENTON,MANATEE,,,,PUBLIC SCHOOL,,,,,,,,,"-82.39307840,27.39840390",-82.39307840,27.39840390,,,,,,
BRADENTON,MANATEE,,,,PUBLIC SCHOOL,,,,,,,,,"-82.56740295,27.48695323",-82.56740295,27.48695323,,,,,,
BRADENTON,MANATEE,,,,PUBLIC SCHOOL,,,,,,,,,"-82.44605537,27.49027582",-82.44605537,27.49027582,,,,,,
BRADENTON,MANATEE,,,,PUBLIC SCHOOL,,,,,,,,,"-82.39397269,27.42738855",-82.39397269,27.42738855,,,,,,
BRADENTON,MANATEE,,,,PUBLIC SCHOOL,,,,,,,,,"-82.56470173,27.49485797",-82.56470173,27.49485797,,,,,,
BRADENTON,MANATEE,,,,PUBLIC SCHOOL,,,,,,,,,"-82.60287339,27.49358995",-82.60287339,27.49358995,,,,,,
BRADENTON,MANATEE,,,,PUBLIC SCHOOL,,,,,,,,,"-82.53145772,27.48264685",-82.53145772,27.48264685,,,,,,
BRADENTON,MANATEE,,,,PUBLIC SCHOOL,,,,,,,,,"-82.56564057,27.47386480",-82.56564057,27.47386480,,,,,,
BRADENTON,MANATEE,,,,PUBLIC SCHOOL,,,,,,,,,"-82.59009201,27.43213552",-82.59009201,27.43213552,,,,,,
BRADENTON,MANATEE,,,,PUBLIC SCHOOL,,,,,,,,,"-82.64165515,27.51159917",-82.64165515,27.51159917,,,,,,
BRADENTON,MANATEE,,,,PUBLIC SCHOOL,,,,,,,,,"-82.43565492,27.42984081",-82.43565492,27.42984081,,,,,,
BRADENTON,MANATEE,,,,PUBLIC SCHOOL,,,,,,,,,"-82.55299953,27.42669865",-82.55299953,27.42669865,,,,,,
BRADENTON,MANATEE,,,,PUBLIC SCHOOL,,,,,,,,,"-82.38645282,27.49781641",-82.38645282,27.49781641,,,,,,
BRADENTON,MANATEE,,,,PUBLIC SCHOOL,,,,,,,,,"-82.63179999,27.47080000",-82.63179999,27.47080000,,,,,,
BRADENTON,MANATEE,,,,PUBLIC SCHOOL,,,,,,,,,"-82.44680689,27.48695568",-82.44680689,27.48695568,,,,,,
BRADENTON,MANATEE,,,,PUBLIC SCHOOL,,,,,,,,,"-82.58004463,27.49112713",-82.58004463,27.49112713,,,,,,
BRADENTON,MANATEE,,,,PUBLIC SCHOOL,,,,,,,,,"-82.59285094,27.44115016",-82.59285094,27.44115016,,,,,,
BRADENTON,MANATEE,,,,PUBLIC SCHOOL,,,,,,,,,"-82.53968462,27.47566143",-82.53968462,27.47566143,,,,,,
BRADENTON,MANATEE,,,,PUBLIC SCHOOL,,,,,,,,,"-82.58810023,27.46869839",-82.58810023,27.46869839,,,,,,
BRADENTON,MANATEE,,,,PUBLIC SCHOOL,,,,,,,,,"-82.39450471,27.42479306",-82.39450471,27.42479306,,,,,,
BRADENTON,MANATEE,,,,PUBLIC SCHOOL,,,,,,,,,"-82.61740000,27.46720001",-82.61740000,27.46720001,,,,,,
BRADENTON,MANATEE,,,,PUBLIC SCHOOL,,,,,,,,,"-82.54229840,27.47031410",-82.54229840,27.47031410,,,,,,
BRADENTON,MANATEE,,,,PUBLIC SCHOOL,,,,,,,,,"-82.59433605,27.49124226",-82.59433605,27.49124226,,,,,,
BRADENTON,MANATEE,,,,PUBLIC SCHOOL,,,,,,,,,"-82.53790490,27.49015352",-82.53790490,27.49015352,,,,,,
BRADENTON,MANATEE,,,,PUBLIC SCHOOL,,,,,,,,,"-82.59435568,27.46757816",-82.59435568,27.46757816,,,,,,
BRADENTON,MANATEE,,,,PUBLIC SCHOOL,,,,,,,,,"-82.59520517,27.44829111",-82.59520517,27.44829111,,,,,,
BRADENTON,MANATEE,,,,PUBLIC SCHOOL,,,,,,,,,"-82.42247915,27.46174310",-82.42247915,27.46174310,,,,,,
BRADENTON,MANATEE,,,,PUBLIC SCHOOL,,,,,,,,,"-82.54499998,27.49489999",-82.54499998,27.49489999,,,,,,
BRADENTON,MANATEE,,,,PUBLIC SCHOOL,,,,,,,,,"-82.61296424,27.45973541",-82.61296424,27.45973541,,,,,,
BRADENTON,MANATEE,,,,PUBLIC SCHOOL,,,,,,,,,"-82.63098710,27.50376942",-82.63098710,27.50376942,,,,,,
BRADENTON,MANATEE,,,,PUBLIC SCHOOL,,,,,,,,,"-82.60107559,27.44648714",-82.60107559,27.44648714,,,,,,
BRADENTON,MANATEE,,,,PUBLIC SCHOOL,,,,,,,,,"-82.55669413,27.43054462",-82.55669413,27.43054462,,,,,,
BRADENTON,MANATEE,,,,PUBLIC SCHOOL,,,,,,,,,"-82.56670001,27.48299999",-82.56670001,27.48299999,,,,,,
BRADENTON,MANATEE,,,,PUBLIC SCHOOL,,,,,,,,,"-82.59439131,27.46446422",-82.59439131,27.46446422,,,,,,
BRADENTON,MANATEE,,,,PUBLIC SCHOOL,,,,,,,,,"-82.52685043,27.45941982",-82.52685043,27.45941982,,,,,,
BRADENTON,MANATEE,,,,PUBLIC SCHOOL,,,,,,,,,"-82.55562816,27.46899229",-82.55562816,27.46899229,,,,,,
BRADENTON,MANATEE,,,,PUBLIC SCHOOL,,,,,,,,,"-82.43801505,27.44356730",-82.43801505,27.44356730,,,,,,
BRADENTON,MANATEE,,,,PUBLIC SCHOOL,,,,,,,,,"-82.43506432,27.43140635",-82.43506432,27.43140635,,,,,,
BRADENTON,MANATEE,,,,PUBLIC SCHOOL,,,,,,,,,"-82.59438242,27.44224063",-82.59438242,27.44224063,,,,,,
BRADENTON,MANATEE,,,,PUBLIC SCHOOL,,,,,,,,,"-82.63786359,27.50410030",-82.63786359,27.50410030,,,,,,
BRADENTON,MANATEE,,,,PUBLIC SCHOOL,,,,,,,,,"-82.47180000,27.43159998",-82.47180000,27.43159998,,,,,,
BRADENTON,MANATEE,,,,PUBLIC SCHOOL,,,,,,,,,"-82.53737571,27.47779723",-82.53737571,27.47779723,,,,,,
BRADENTON,MANATEE,,,,PUBLIC SCHOOL,,,,,,,,,"-82.48073562,27.45028858",-82.48073562,27.45028858,,,,,,
BRADENTON,MANATEE,,,,PUBLIC SCHOOL,,,,,,,,,"-82.55133869,27.46794997",-82.55133869,27.46794997,,,,,,
BRADENTON,MANATEE,,,,PUBLIC SCHOOL,,,,,,,,,"-82.59645674,27.47130416",-82.59645674,27.47130416,,,,,,
BRADENTON,MANATEE,,,,PUBLIC SCHOOL,,,,,,,,,"-82.48813853,27.46793184",-82.48813853,27.46793184,,,,,,
BRADENTON,MANATEE,,,,PUBLIC SCHOOL,,,,,,,,,"-82.55327858,27.42989820",-82.55327858,27.42989820,,,,,,
BRADENTON,MANATEE,,,,PUBLIC SCHOOL,,,,,,,,,"-82.53687351,27.44849304",-82.53687351,27.44849304,,,,,,
BRADENTON,MANATEE,,,,PUBLIC SCHOOL,,,,,,,,,"-82.43710936,27.48230203",-82.43710936,27.48230203,,,,,,
BRADENTON,MANATEE,,,,PUBLIC SCHOOL,,,,,,,,,"-82.56140001,27.48729999",-82.56140001,27.48729999,,,,,,
EAST BRADENTON,MANATEE,,,,PUBLIC SCHOOL,,,,,,,,,"-82.53494532,27.49055177",-82.53494532,27.49055177,,,,,,
PALMETTO,MANATEE,,,,PUBLIC SCHOOL,,,,,,,,,"-82.58351533,27.52746388",-82.58351533,27.52746388,,,,,,
PALMETTO,MANATEE,,,,PUBLIC SCHOOL,,,,,,,,,"-82.57463583,27.51807525",-82.57463583,27.51807525,,,,,,
PALMETTO,MANATEE,,,,PUBLIC SCHOOL,,,,,,,,,"-82.55319999,27.51720000",-82.55319999,27.51720000,,,,,,
PALMETTO,MANATEE,,,,PUBLIC SCHOOL,,,,,,,,,"-82.48828066,27.57573686",-82.48828066,27.57573686,,,,,,
PALMETTO,MANATEE,,,,PUBLIC SCHOOL,,,,,,,,,"-82.51475448,27.59745869",-82.51475448,27.59745869,,,,,,
PALMETTO,MANATEE,,,,PUBLIC SCHOOL,,,,,,,,,"-82.58300728,27.52189896",-82.58300728,27.52189896,,,,,,
PALMETTO,MANATEE,,,,PUBLIC SCHOOL,,,,,,,,,"-82.57805682,27.52980734",-82.57805682,27.52980734,,,,,,
PALMETTO,MANATEE,,,,PUBLIC SCHOOL,,,,,,,,,"-82.55729998,27.56730002",-82.55729998,27.56730002,,,,,,
PALMETTO,MANATEE,,,,PUBLIC SCHOOL,,,,,,,,,"-82.53684092,27.64347333",-82.53684092,27.64347333,,,,,,
PALMETTO,MANATEE,,,,PUBLIC SCHOOL,,,,,,,,,"-82.55109998,27.53899998",-82.55109998,27.53899998,,,,,,
PALMETTO,MANATEE,,,,PUBLIC SCHOOL,,,,,,,,,"-82.56201472,27.52676351",-82.56201472,27.52676351,,,,,,
PALMETTO,MANATEE,,,,PUBLIC SCHOOL,,,,,,,,,"-82.49033010,27.57529566",-82.49033010,27.57529566,,,,,,
PALMETTO,MANATEE,,,,PUBLIC SCHOOL,,,,,,,,,"-82.53578735,27.64124037",-82.53578735,27.64124037,,,,,,
PALMETTO,MANATEE,,,,PUBLIC SCHOOL,,,,,,,,,"-82.52460589,27.52979320",-82.52460589,27.52979320,,,,,,
SARASOTA,MANATEE,,,,PUBLIC SCHOOL,,,,,,,,,"-82.56615900,27.39602833",-82.56615900,27.39602833,,,,,,
SARASOTA,MANATEE,,,,PUBLIC SCHOOL,,,,,,,,,"-82.55180001,27.41370000",-82.55180001,27.41370000,,,,,,
SARASOTA,MANATEE,,,,PUBLIC SCHOOL,,,,,,,,,"-82.52073068,27.40492012",-82.52073068,27.40492012,,,,,,
MYAKKA CITY,MANATEE,,,,PUBLIC SCHOOL,,,,,,,,,"-82.16164592,27.35150716",-82.16164592,27.35150716,,,,,,
PARRISH,MANATEE,,,,PUBLIC SCHOOL,,,,,,,,,"-82.35549943,27.51027923",-82.35549943,27.51027923,,,,,,
PARRISH,MANATEE,,,,PUBLIC SCHOOL,,,,,,,,,"-82.42359278,27.54393630",-82.42359278,27.54393630,,,,,,
BRADENTON BEACH,MANATEE,,,,PUBLIC SCHOOL,,,,,,,,,"-82.71151734,27.50247261",-82.71151734,27.50247261,,,,,,
LAKEWOOD RANCH,MANATEE,,,,PUBLIC SCHOOL,,,,,,,,,"-82.39467916,27.42869600",-82.39467916,27.42869600,,,,,,
BOWLING GREEN,MANATEE,,,,PUBLIC SCHOOL,,,,,,,,,"-82.12349425,27.58909305",-82.12349425,27.58909305,,,,,,
OCALA,MARION,,,,PUBLIC SCHOOL,,,,,,,,,"-82.09306691,29.17219727",-82.09306691,29.17219727,,,,,,
OCALA,MARION,,,,PUBLIC SCHOOL,,,,,,,,,"-82.12354819,29.21467912",-82.12354819,29.21467912,,,,,,
OCALA,MARION,,,,PUBLIC SCHOOL,,,,,,,,,"-82.14319336,29.22949710",-82.14319336,29.22949710,,,,,,
OCALA,MARION,,,,PUBLIC SCHOOL,,,,,,,,,"-82.17446349,29.19653458",-82.17446349,29.19653458,,,,,,
OCALA,MARION,,,,PUBLIC SCHOOL,,,,,,,,,"-82.00600808,29.08251795",-82.00600808,29.08251795,,,,,,
OCALA,MARION,,,,PUBLIC SCHOOL,,,,,,,,,"-82.11589683,29.18438381",-82.11589683,29.18438381,,,,,,
OCALA,MARION,,,,PUBLIC SCHOOL,,,,,,,,,"-82.07539962,29.09807082",-82.07539962,29.09807082,,,,,,
OCALA,MARION,,,,PUBLIC SCHOOL,,,,,,,,,"-82.12000460,29.16057063",-82.12000460,29.16057063,,,,,,
OCALA,MARION,,,,PUBLIC SCHOOL,,,,,,,,,"-82.19489115,29.15029873",-82.19489115,29.15029873,,,,,,
OCALA,MARION,,,,PUBLIC SCHOOL,,,,,,,,,"-82.17896387,29.17430405",-82.17896387,29.17430405,,,,,,
OCALA,MARION,,,,PUBLIC SCHOOL,,,,,,,,,"-82.15122680,29.19076159",-82.15122680,29.19076159,,,,,,
OCALA,MARION,,,,PUBLIC SCHOOL,,,,,,,,,"-82.19827564,29.08588830",-82.19827564,29.08588830,,,,,,
OCALA,MARION,,,,PUBLIC SCHOOL,,,,,,,,,"-82.11457238,29.19274264",-82.11457238,29.19274264,,,,,,
OCALA,MARION,,,,PUBLIC SCHOOL,,,,,,,,,"-82.13246735,29.18207387",-82.13246735,29.18207387,,,,,,
OCALA,MARION,,,,PUBLIC SCHOOL,,,,,,,,,"-82.04926084,29.10178291",-82.04926084,29.10178291,,,,,,
OCALA,MARION,,,,PUBLIC SCHOOL,,,,,,,,,"-82.08913285,29.07359018",-82.08913285,29.07359018,,,,,,
OCALA,MARION,,,,PUBLIC SCHOOL,,,,,,,,,"-82.12289999,29.19220000",-82.12289999,29.19220000,,,,,,
OCALA,MARION,,,,PUBLIC SCHOOL,,,,,,,,,"-82.14666438,29.18420870",-82.14666438,29.18420870,,,,,,
OCALA,MARION,,,,PUBLIC SCHOOL,,,,,,,,,"-82.08881969,29.06893542",-82.08881969,29.06893542,,,,,,
OCALA,MARION,,,,PUBLIC SCHOOL,,,,,,,,,"-82.02838275,29.11525720",-82.02838275,29.11525720,,,,,,
OCALA,MARION,,,,PUBLIC SCHOOL,,,,,,,,,"-82.19062360,29.00516643",-82.19062360,29.00516643,,,,,,
OCALA,MARION,,,,PUBLIC SCHOOL,,,,,,,,,"-82.24967489,29.15461798",-82.24967489,29.15461798,,,,,,
OCALA,MARION,,,,PUBLIC SCHOOL,,,,,,,,,"-82.06902990,29.16598764",-82.06902990,29.16598764,,,,,,
OCALA,MARION,,,,PUBLIC SCHOOL,,,,,,,,,"-82.13663882,29.21644416",-82.13663882,29.21644416,,,,,,
OCALA,MARION,,,,PUBLIC SCHOOL,,,,,,,,,"-82.08183786,29.24740538",-82.08183786,29.24740538,,,,,,
OCALA,MARION,,,,PUBLIC SCHOOL,,,,,,,,,"-82.15725359,29.18142614",-82.15725359,29.18142614,,,,,,
OCALA,MARION,,,,PUBLIC SCHOOL,,,,,,,,,"-82.19539510,29.03237244",-82.19539510,29.03237244,,,,,,
OCALA,MARION,,,,PUBLIC SCHOOL,,,,,,,,,"-82.10112491,29.20266686",-82.10112491,29.20266686,,,,,,
OCALA,MARION,,,,PUBLIC SCHOOL,,,,,,,,,"-81.97937664,29.07841562",-81.97937664,29.07841562,,,,,,
OCALA,MARION,,,,PUBLIC SCHOOL,,,,,,,,,"-82.09496883,29.17399640",-82.09496883,29.17399640,,,,,,
OCALA,MARION,,,,PUBLIC SCHOOL,,,,,,,,,"-82.13485869,29.12725149",-82.13485869,29.12725149,,,,,,
OCALA,MARION,,,,PUBLIC SCHOOL,,,,,,,,,"-82.07346572,29.16265252",-82.07346572,29.16265252,,,,,,
OCALA,MARION,,,,PUBLIC SCHOOL,,,,,,,,,"-82.19479706,29.08646483",-82.19479706,29.08646483,,,,,,
OCALA,MARION,,,,PUBLIC SCHOOL,,,,,,,,,"-82.06735150,29.14234478",-82.06735150,29.14234478,,,,,,
OCALA,MARION,,,,PUBLIC SCHOOL,,,,,,,,,"-82.19250000,29.28069999",-82.19250000,29.28069999,,,,,,
OCALA,MARION,,,,PUBLIC SCHOOL,,,,,,,,,"-82.15412313,29.19864177",-82.15412313,29.19864177,,,,,,
OCALA,MARION,,,,PUBLIC SCHOOL,,,,,,,,,"-82.19395198,29.30102372",-82.19395198,29.30102372,,,,,,
OCALA,MARION,,,,PUBLIC SCHOOL,,,,,,,,,"-82.01603897,29.12121831",-82.01603897,29.12121831,,,,,,
OCALA,MARION,,,,PUBLIC SCHOOL,,,,,,,,,"-82.11112452,29.22577909",-82.11112452,29.22577909,,,,,,
OCALA,MARION,,,,PUBLIC SCHOOL,,,,,,,,,"-82.17474978,29.19508921",-82.17474978,29.19508921,,,,,,
OCALA,MARION,,,,PUBLIC SCHOOL,,,,,,,,,"-82.14796500,29.17833860",-82.14796500,29.17833860,,,,,,
OCALA,MARION,,,,PUBLIC SCHOOL,,,,,,,,,"-82.13233047,29.18372289",-82.13233047,29.18372289,,,,,,
OCALA,MARION,,,,PUBLIC SCHOOL,,,,,,,,,"-82.19684544,29.00595026",-82.19684544,29.00595026,,,,,,
OCALA,MARION,,,,PUBLIC SCHOOL,,,,,,,,,"-82.09867090,29.16520689",-82.09867090,29.16520689,,,,,,
OCALA,MARION,,,,PUBLIC SCHOOL,,,,,,,,,"-82.13237176,29.18094538",-82.13237176,29.18094538,,,,,,
OCALA,MARION,,,,PUBLIC SCHOOL,,,,,,,,,"-82.08603664,29.18143417",-82.08603664,29.18143417,,,,,,
SILVER SPRINGS,MARION,,,,PUBLIC SCHOOL,,,,,,,,,"-81.91052463,29.20047040",-81.91052463,29.20047040,,,,,,
MICANOPY,MARION,,,,PUBLIC SCHOOL,,,,,,,,,"-82.22410253,29.44630138",-82.22410253,29.44630138,,,,,,
DUNNELLON,MARION,,,,PUBLIC SCHOOL,,,,,,,,,"-82.41779998,29.07730000",-82.41779998,29.07730000,,,,,,
DUNNELLON,MARION,,,,PUBLIC SCHOOL,,,,,,,,,"-82.46896599,29.05094661",-82.46896599,29.05094661,,,,,,
DUNNELLON,MARION,,,,PUBLIC SCHOOL,,,,,,,,,"-82.44719998,29.15230001",-82.44719998,29.15230001,,,,,,
DUNNELLON,MARION,,,,PUBLIC SCHOOL,,,,,,,,,"-82.41853808,29.07422738",-82.41853808,29.07422738,,,,,,
ANTHONY,MARION,,,,PUBLIC SCHOOL,,,,,,,,,"-82.11051720,29.28902237",-82.11051720,29.28902237,,,,,,
ANTHONY,MARION,,,,PUBLIC SCHOOL,,,,,,,,,"-82.10337334,29.33968580",-82.10337334,29.33968580,,,,,,
WEIRSDALE,MARION,,,,PUBLIC SCHOOL,,,,,,,,,"-81.92980000,28.97850002",-81.92980000,28.97850002,,,,,,
SUMMERFIELD,MARION,,,,PUBLIC SCHOOL,,,,,,,,,"-81.98442025,28.99975573",-81.98442025,28.99975573,,,,,,
SUMMERFIELD,MARION,,,,PUBLIC SCHOOL,,,,,,,,,"-82.01320607,29.00902318",-82.01320607,29.00902318,,,,,,
BELLEVIEW,MARION,,,,PUBLIC SCHOOL,,,,,,,,,"-82.07951710,29.08305178",-82.07951710,29.08305178,,,,,,
BELLEVIEW,MARION,,,,PUBLIC SCHOOL,,,,,,,,,"-82.05632461,29.05356812",-82.05632461,29.05356812,,,,,,
REDDICK,MARION,,,,PUBLIC SCHOOL,,,,,,,,,"-82.20024064,29.36804482",-82.20024064,29.36804482,,,,,,
CITRA,MARION,,,,PUBLIC SCHOOL,,,,,,,,,"-82.16255856,29.33229756",-82.16255856,29.33229756,,,,,,
CITRA,MARION,,,,PUBLIC SCHOOL,,,,,,,,,"-82.13872217,29.33940863",-82.13872217,29.33940863,,,,,,
FORT MC COY,MARION,,,,PUBLIC SCHOOL,,,,,,,,,"-81.96934889,29.38603755",-81.96934889,29.38603755,,,,,,
PALM CITY,MARTIN,,,,PUBLIC SCHOOL,,,,,,,,,"-80.28073670,27.16400030",-80.28073670,27.16400030,,,,,,
PALM CITY,MARTIN,,,,PUBLIC SCHOOL,,,,,,,,,"-80.27680000,27.17859999",-80.27680000,27.17859999,,,,,,
PALM CITY,MARTIN,,,,PUBLIC SCHOOL,,,,,,,,,"-80.29190947,27.16240918",-80.29190947,27.16240918,,,,,,
PALM CITY,MARTIN,,,,PUBLIC SCHOOL,,,,,,,,,"-80.31715140,27.17503524",-80.31715140,27.17503524,,,,,,
INDIANTOWN,MARTIN,,,,PUBLIC SCHOOL,,,,,,,,,"-80.46283962,27.02069413",-80.46283962,27.02069413,,,,,,
INDIANTOWN,MARTIN,,,,PUBLIC SCHOOL,,,,,,,,,"-80.47548545,27.02087493",-80.47548545,27.02087493,,,,,,
INDIANTOWN,MARTIN,,,,PUBLIC SCHOOL,,,,,,,,,"-80.46208555,27.02105794",-80.46208555,27.02105794,,,,,,
INDIANTOWN,MARTIN,,,,PUBLIC SCHOOL,,,,,,,,,"-80.47666392,27.02283906",-80.47666392,27.02283906,,,,,,
STUART,MARTIN,,,,PUBLIC SCHOOL,,,,,,,,,"-80.23271893,27.14239976",-80.23271893,27.14239976,,,,,,
STUART,MARTIN,,,,PUBLIC SCHOOL,,,,,,,,,"-80.19394602,27.13478303",-80.19394602,27.13478303,,,,,,
STUART,MARTIN,,,,PUBLIC SCHOOL,,,,,,,,,"-80.24994199,27.16946516",-80.24994199,27.16946516,,,,,,
STUART,MARTIN,,,,PUBLIC SCHOOL,,,,,,,,,"-80.24302677,27.19229531",-80.24302677,27.19229531,,,,,,
STUART,MARTIN,,,,PUBLIC SCHOOL,,,,,,,,,"-80.20081992,27.14353187",-80.20081992,27.14353187,,,,,,
STUART,MARTIN,,,,PUBLIC SCHOOL,,,,,,,,,"-80.24661667,27.19604881",-80.24661667,27.19604881,,,,,,
STUART,MARTIN,,,,PUBLIC SCHOOL,,,,,,,,,"-80.25896462,27.22533528",-80.25896462,27.22533528,,,,,,
STUART,MARTIN,,,,PUBLIC SCHOOL,,,,,,,,,"-80.24274305,27.20002045",-80.24274305,27.20002045,,,,,,
STUART,MARTIN,,,,PUBLIC SCHOOL,,,,,,,,,"-80.23236596,27.14104588",-80.23236596,27.14104588,,,,,,
STUART,MARTIN,,,,PUBLIC SCHOOL,,,,,,,,,"-80.24469998,27.19689998",-80.24469998,27.19689998,,,,,,
STUART,MARTIN,,,,PUBLIC SCHOOL,,,,,,,,,"-80.22036808,27.13591152",-80.22036808,27.13591152,,,,,,
STUART,MARTIN,,,,PUBLIC SCHOOL,,,,,,,,,"-80.25282247,27.07695421",-80.25282247,27.07695421,,,,,,
STUART,MARTIN,,,,PUBLIC SCHOOL,,,,,,,,,"-80.24049830,27.11943984",-80.24049830,27.11943984,,,,,,
STUART,MARTIN,,,,PUBLIC SCHOOL,,,,,,,,,"-80.28229243,27.09066721",-80.28229243,27.09066721,,,,,,
STUART,MARTIN,,,,PUBLIC SCHOOL,,,,,,,,,"-80.20711687,27.14625385",-80.20711687,27.14625385,,,,,,
STUART,MARTIN,,,,PUBLIC SCHOOL,,,,,,,,,"-80.23536061,27.18953840",-80.23536061,27.18953840,,,,,,
HOBE SOUND,MARTIN,,,,PUBLIC SCHOOL,,,,,,,,,"-80.12878902,27.06347504",-80.12878902,27.06347504,,,,,,
HOBE SOUND,MARTIN,,,,PUBLIC SCHOOL,,,,,,,,,"-80.20285789,27.09857463",-80.20285789,27.09857463,,,,,,
JENSEN BEACH,MARTIN,,,,PUBLIC SCHOOL,,,,,,,,,"-80.23469991,27.23515955",-80.23469991,27.23515955,,,,,,
JENSEN BEACH,MARTIN,,,,PUBLIC SCHOOL,,,,,,,,,"-80.26652598,27.24073698",-80.26652598,27.24073698,,,,,,
JENSEN BEACH,MARTIN,,,,PUBLIC SCHOOL,,,,,,,,,"-80.23328343,27.24345689",-80.23328343,27.24345689,,,,,,
MIAMI,MIAMI-DADE,,,,PUBLIC SCHOOL,,,,,,,,,"-80.20334621,25.79604724",-80.20334621,25.79604724,,,,,,
MIAMI,MIAMI-DADE,,,,PUBLIC SCHOOL,,,,,,,,,"-80.22704769,25.86777654",-80.22704769,25.86777654,,,,,,
MIAMI,MIAMI-DADE,,,,PUBLIC SCHOOL,,,,,,,,,"-80.36759999,25.76580002",-80.36759999,25.76580002,,,,,,
MIAMI,MIAMI-DADE,,,,PUBLIC SCHOOL,,,,,,,,,"-80.37151910,25.55566396",-80.37151910,25.55566396,,,,,,
MIAMI,MIAMI-DADE,,,,PUBLIC SCHOOL,,,,,,,,,"-80.35584012,25.60243251",-80.35584012,25.60243251,,,,,,
MIAMI,MIAMI-DADE,,,,PUBLIC SCHOOL,,,,,,,,,"-80.36227845,25.72380965",-80.36227845,25.72380965,,,,,,
MIAMI,MIAMI-DADE,,,,PUBLIC SCHOOL,,,,,,,,,"-80.22754448,25.83038438",-80.22754448,25.83038438,,,,,,
MIAMI,MIAMI-DADE,,,,PUBLIC SCHOOL,,,,,,,,,"-80.31789413,25.74876912",-80.31789413,25.74876912,,,,,,
MIAMI,MIAMI-DADE,,,,PUBLIC SCHOOL,,,,,,,,,"-80.36259215,25.72516012",-80.36259215,25.72516012,,,,,,
MIAMI,MIAMI-DADE,,,,PUBLIC SCHOOL,,,,,,,,,"-80.19399295,25.82922863",-80.19399295,25.82922863,,,,,,
MIAMI,MIAMI-DADE,,,,PUBLIC SCHOOL,,,,,,,,,"-80.42625212,25.72959150",-80.42625212,25.72959150,,,,,,
MIAMI,MIAMI-DADE,,,,PUBLIC SCHOOL,,,,,,,,,"-80.26360204,25.80398938",-80.26360204,25.80398938,,,,,,
MIAMI,MIAMI-DADE,,,,PUBLIC SCHOOL,,,,,,,,,"-80.21514558,25.77959438",-80.21514558,25.77959438,,,,,,
MIAMI,MIAMI-DADE,,,,PUBLIC SCHOOL,,,,,,,,,"-80.18864249,25.78994658",-80.18864249,25.78994658,,,,,,
MIAMI,MIAMI-DADE,,,,PUBLIC SCHOOL,,,,,,,,,"-80.21119120,25.77243879",-80.21119120,25.77243879,,,,,,
MIAMI,MIAMI-DADE,,,,PUBLIC SCHOOL,,,,,,,,,"-80.23280000,25.81830002",-80.23280000,25.81830002,,,,,,
MIAMI,MIAMI-DADE,,,,PUBLIC SCHOOL,,,,,,,,,"-80.35239679,25.68079361",-80.35239679,25.68079361,,,,,,
MIAMI,MIAMI-DADE,,,,PUBLIC SCHOOL,,,,,,,,,"-80.33927451,25.75552883",-80.33927451,25.75552883,,,,,,
MIAMI,MIAMI-DADE,,,,PUBLIC SCHOOL,,,,,,,,,"-80.36834429,25.67800076",-80.36834429,25.67800076,,,,,,
MIAMI,MIAMI-DADE,,,,PUBLIC SCHOOL,,,,,,,,,"-80.18425548,25.91934564",-80.18425548,25.91934564,,,,,,
MIAMI,MIAMI-DADE,,,,PUBLIC SCHOOL,,,,,,,,,"-80.18985750,25.80612173",-80.18985750,25.80612173,,,,,,
MIAMI,MIAMI-DADE,,,,PUBLIC SCHOOL,,,,,,,,,"-80.42042098,25.72096866",-80.42042098,25.72096866,,,,,,
MIAMI,MIAMI-DADE,,,,PUBLIC SCHOOL,,,,,,,,,"-80.37405972,25.66549808",-80.37405972,25.66549808,,,,,,
MIAMI,MIAMI-DADE,,,,PUBLIC SCHOOL,,,,,,,,,"-80.42999999,25.67620002",-80.42999999,25.67620002,,,,,,
MIAMI,MIAMI-DADE,,,,PUBLIC SCHOOL,,,,,,,,,"-80.21640908,25.95175916",-80.21640908,25.95175916,,,,,,
MIAMI,MIAMI-DADE,,,,PUBLIC SCHOOL,,,,,,,,,"-80.19091821,25.81383131",-80.19091821,25.81383131,,,,,,
MIAMI,MIAMI-DADE,,,,PUBLIC SCHOOL,,,,,,,,,"-80.22979998,25.81630000",-80.22979998,25.81630000,,,,,,
MIAMI,MIAMI-DADE,,,,PUBLIC SCHOOL,,,,,,,,,"-80.23600000,25.81960001",-80.23600000,25.81960001,,,,,,
MIAMI,MIAMI-DADE,,,,PUBLIC SCHOOL,,,,,,,,,"-80.32209812,25.61946358",-80.32209812,25.61946358,,,,,,
MIAMI,MIAMI-DADE,,,,PUBLIC SCHOOL,,,,,,,,,"-80.43718174,25.69095240",-80.43718174,25.69095240,,,,,,
MIAMI,MIAMI-DADE,,,,PUBLIC SCHOOL,,,,,,,,,"-80.39042277,25.59922058",-80.39042277,25.59922058,,,,,,
MIAMI,MIAMI-DADE,,,,PUBLIC SCHOOL,,,,,,,,,"-80.37656202,25.71653289",-80.37656202,25.71653289,,,,,,
MIAMI,MIAMI-DADE,,,,PUBLIC SCHOOL,,,,,,,,,"-80.38630001,25.58030001",-80.38630001,25.58030001,,,,,,
MIAMI,MIAMI-DADE,,,,PUBLIC SCHOOL,,,,,,,,,"-80.20194295,25.76974380",-80.20194295,25.76974380,,,,,,
MIAMI,MIAMI-DADE,,,,PUBLIC SCHOOL,,,,,,,,,"-80.24178241,25.79310798",-80.24178241,25.79310798,,,,,,
MIAMI,MIAMI-DADE,,,,PUBLIC SCHOOL,,,,,,,,,"-80.40058571,25.73974601",-80.40058571,25.73974601,,,,,,
MIAMI,MIAMI-DADE,,,,PUBLIC SCHOOL,,,,,,,,,"-80.23517503,25.74339864",-80.23517503,25.74339864,,,,,,
MIAMI,MIAMI-DADE,,,,PUBLIC SCHOOL,,,,,,,,,"-80.22668853,25.81076897",-80.22668853,25.81076897,,,,,,
MIAMI,MIAMI-DADE,,,,PUBLIC SCHOOL,,,,,,,,,"-80.22879683,25.84409408",-80.22879683,25.84409408,,,,,,
MIAMI,MIAMI-DADE,,,,PUBLIC SCHOOL,,,,,,,,,"-80.35420001,25.76970002",-80.35420001,25.76970002,,,,,,
MIAMI,MIAMI-DADE,,,,PUBLIC SCHOOL,,,,,,,,,"-80.28726851,25.72998231",-80.28726851,25.72998231,,,,,,
MIAMI,MIAMI-DADE,,,,PUBLIC SCHOOL,,,,,,,,,"-80.26676483,25.74140604",-80.26676483,25.74140604,,,,,,
MIAMI,MIAMI-DADE,,,,PUBLIC SCHOOL,,,,,,,,,"-80.20585674,25.87876848",-80.20585674,25.87876848,,,,,,
MIAMI,MIAMI-DADE,,,,PUBLIC SCHOOL,,,,,,,,,"-80.43709735,25.72904625",-80.43709735,25.72904625,,,,,,
MIAMI,MIAMI-DADE,,,,PUBLIC SCHOOL,,,,,,,,,"-80.43579091,25.74239540",-80.43579091,25.74239540,,,,,,
MIAMI,MIAMI-DADE,,,,PUBLIC SCHOOL,,,,,,,,,"-80.44893343,25.72005726",-80.44893343,25.72005726,,,,,,
MIAMI,MIAMI-DADE,,,,PUBLIC SCHOOL,,,,,,,,,"-80.27292153,25.71934744",-80.27292153,25.71934744,,,,,,
MIAMI,MIAMI-DADE,,,,PUBLIC SCHOOL,,,,,,,,,"-80.24526507,25.80733192",-80.24526507,25.80733192,,,,,,
MIAMI,MIAMI-DADE,,,,PUBLIC SCHOOL,,,,,,,,,"-80.19338658,25.77631836",-80.19338658,25.77631836,,,,,,
MIAMI,MIAMI-DADE,,,,PUBLIC SCHOOL,,,,,,,,,"-80.37208779,25.85257930",-80.37208779,25.85257930,,,,,,
MIAMI,MIAMI-DADE,,,,PUBLIC SCHOOL,,,,,,,,,"-80.18960376,25.81388038",-80.18960376,25.81388038,,,,,,
MIAMI,MIAMI-DADE,,,,PUBLIC SCHOOL,,,,,,,,,"-80.31863800,25.64377622",-80.31863800,25.64377622,,,,,,
MIAMI,MIAMI-DADE,,,,PUBLIC SCHOOL,,,,,,,,,"-80.22915712,25.86661035",-80.22915712,25.86661035,,,,,,
MIAMI,MIAMI-DADE,,,,PUBLIC SCHOOL,,,,,,,,,"-80.39235580,25.73771837",-80.39235580,25.73771837,,,,,,
MIAMI,MIAMI-DADE,,,,PUBLIC SCHOOL,,,,,,,,,"-80.45432948,25.71772383",-80.45432948,25.71772383,,,,,,
MIAMI,MIAMI-DADE,,,,PUBLIC SCHOOL,,,,,,,,,"-80.16620495,25.92464154",-80.16620495,25.92464154,,,,,,
MIAMI,MIAMI-DADE,,,,PUBLIC SCHOOL,,,,,,,,,"-80.35482012,25.60150672",-80.35482012,25.60150672,,,,,,
MIAMI,MIAMI-DADE,,,,PUBLIC SCHOOL,,,,,,,,,"-80.34871923,25.57274696",-80.34871923,25.57274696,,,,,,
MIAMI,MIAMI-DADE,,,,PUBLIC SCHOOL,,,,,,,,,"-80.21923443,25.82778149",-80.21923443,25.82778149,,,,,,
MIAMI,MIAMI-DADE,,,,PUBLIC SCHOOL,,,,,,,,,"-80.24560583,25.73811191",-80.24560583,25.73811191,,,,,,
MIAMI,MIAMI-DADE,,,,PUBLIC SCHOOL,,,,,,,,,"-80.17335747,25.97154294",-80.17335747,25.97154294,,,,,,
MIAMI,MIAMI-DADE,,,,PUBLIC SCHOOL,,,,,,,,,"-80.31146938,25.81015139",-80.31146938,25.81015139,,,,,,
MIAMI,MIAMI-DADE,,,,PUBLIC SCHOOL,,,,,,,,,"-80.38145984,25.75919395",-80.38145984,25.75919395,,,,,,
MIAMI,MIAMI-DADE,,,,PUBLIC SCHOOL,,,,,,,,,"-80.40081636,25.66659416",-80.40081636,25.66659416,,,,,,
MIAMI,MIAMI-DADE,,,,PUBLIC SCHOOL,,,,,,,,,"-80.37188926,25.65100830",-80.37188926,25.65100830,,,,,,
MIAMI,MIAMI-DADE,,,,PUBLIC SCHOOL,,,,,,,,,"-80.18559801,25.93303682",-80.18559801,25.93303682,,,,,,
MIAMI,MIAMI-DADE,,,,PUBLIC SCHOOL,,,,,,,,,"-80.20060585,25.78520874",-80.20060585,25.78520874,,,,,,
MIAMI,MIAMI-DADE,,,,PUBLIC SCHOOL,,,,,,,,,"-80.40560881,25.74476200",-80.40560881,25.74476200,,,,,,
MIAMI,MIAMI-DADE,,,,PUBLIC SCHOOL,,,,,,,,,"-80.37510246,25.79827347",-80.37510246,25.79827347,,,,,,
MIAMI,MIAMI-DADE,,,,PUBLIC SCHOOL,,,,,,,,,"-80.37290903,25.69828196",-80.37290903,25.69828196,,,,,,
MIAMI,MIAMI-DADE,,,,PUBLIC SCHOOL,,,,,,,,,"-80.32330002,25.76839999",-80.32330002,25.76839999,,,,,,
MIAMI,MIAMI-DADE,,,,PUBLIC SCHOOL,,,,,,,,,"-80.29470791,25.83085222",-80.29470791,25.83085222,,,,,,
MIAMI,MIAMI-DADE,,,,PUBLIC SCHOOL,,,,,,,,,"-80.23010530,25.77674088",-80.23010530,25.77674088,,,,,,
MIAMI,MIAMI-DADE,,,,PUBLIC SCHOOL,,,,,,,,,"-80.23559268,25.86902233",-80.23559268,25.86902233,,,,,,
MIAMI,MIAMI-DADE,,,,PUBLIC SCHOOL,,,,,,,,,"-80.20950321,25.80651495",-80.20950321,25.80651495,,,,,,
MIAMI,MIAMI-DADE,,,,PUBLIC SCHOOL,,,,,,,,,"-80.22667397,25.80522108",-80.22667397,25.80522108,,,,,,
MIAMI,MIAMI-DADE,,,,PUBLIC SCHOOL,,,,,,,,,"-80.29446111,25.74142564",-80.29446111,25.74142564,,,,,,
MIAMI,MIAMI-DADE,,,,PUBLIC SCHOOL,,,,,,,,,"-80.34655566,25.74427171",-80.34655566,25.74427171,,,,,,
MIAMI,MIAMI-DADE,,,,PUBLIC SCHOOL,,,,,,,,,"-80.21383211,25.77231685",-80.21383211,25.77231685,,,,,,
MIAMI,MIAMI-DADE,,,,PUBLIC SCHOOL,,,,,,,,,"-80.37039999,25.61390002",-80.37039999,25.61390002,,,,,,
MIAMI,MIAMI-DADE,,,,PUBLIC SCHOOL,,,,,,,,,"-80.20211272,25.80416631",-80.20211272,25.80416631,,,,,,
MIAMI,MIAMI-DADE,,,,PUBLIC SCHOOL,,,,,,,,,"-80.36698290,25.62127957",-80.36698290,25.62127957,,,,,,
MIAMI,MIAMI-DADE,,,,PUBLIC SCHOOL,,,,,,,,,"-80.36172001,25.76947199",-80.36172001,25.76947199,,,,,,
MIAMI,MIAMI-DADE,,,,PUBLIC SCHOOL,,,,,,,,,"-80.38286206,25.82756730",-80.38286206,25.82756730,,,,,,
MIAMI,MIAMI-DADE,,,,PUBLIC SCHOOL,,,,,,,,,"-80.44497185,25.69333552",-80.44497185,25.69333552,,,,,,
MIAMI,MIAMI-DADE,,,,PUBLIC SCHOOL,,,,,,,,,"-80.27552042,25.70435491",-80.27552042,25.70435491,,,,,,
MIAMI,MIAMI-DADE,,,,PUBLIC SCHOOL,,,,,,,,,"-80.37409700,25.67516282",-80.37409700,25.67516282,,,,,,
MIAMI,MIAMI-DADE,,,,PUBLIC SCHOOL,,,,,,,,,"-80.40837641,25.59536778",-80.40837641,25.59536778,,,,,,
MIAMI,MIAMI-DADE,,,,PUBLIC SCHOOL,,,,,,,,,"-80.44977104,25.67637685",-80.44977104,25.67637685,,,,,,
MIAMI,MIAMI-DADE,,,,PUBLIC SCHOOL,,,,,,,,,"-80.23643480,25.76506278",-80.23643480,25.76506278,,,,,,
MIAMI,MIAMI-DADE,,,,PUBLIC SCHOOL,,,,,,,,,"-80.20239217,25.94651590",-80.20239217,25.94651590,,,,,,
MIAMI,MIAMI-DADE,,,,PUBLIC SCHOOL,,,,,,,,,"-80.31544116,25.66010439",-80.31544116,25.66010439,,,,,,
MIAMI,MIAMI-DADE,,,,PUBLIC SCHOOL,,,,,,,,,"-80.42277531,25.60093347",-80.42277531,25.60093347,,,,,,
MIAMI,MIAMI-DADE,,,,PUBLIC SCHOOL,,,,,,,,,"-80.20545081,25.84494872",-80.20545081,25.84494872,,,,,,
MIAMI,MIAMI-DADE,,,,PUBLIC SCHOOL,,,,,,,,,"-80.20223723,25.85671583",-80.20223723,25.85671583,,,,,,
MIAMI,MIAMI-DADE,,,,PUBLIC SCHOOL,,,,,,,,,"-80.35392690,25.79496730",-80.35392690,25.79496730,,,,,,
MIAMI,MIAMI-DADE,,,,PUBLIC SCHOOL,,,,,,,,,"-80.22831528,25.86225392",-80.22831528,25.86225392,,,,,,
MIAMI,MIAMI-DADE,,,,PUBLIC SCHOOL,,,,,,,,,"-80.21670144,25.81825146",-80.21670144,25.81825146,,,,,,
MIAMI,MIAMI-DADE,,,,PUBLIC SCHOOL,,,,,,,,,"-80.30579998,25.71389999",-80.30579998,25.71389999,,,,,,
MIAMI,MIAMI-DADE,,,,PUBLIC SCHOOL,,,,,,,,,"-80.40590948,25.71240511",-80.40590948,25.71240511,,,,,,
MIAMI,MIAMI-DADE,,,,PUBLIC SCHOOL,,,,,,,,,"-80.38940916,25.76711433",-80.38940916,25.76711433,,,,,,
MIAMI,MIAMI-DADE,,,,PUBLIC SCHOOL,,,,,,,,,"-80.43070001,25.73290000",-80.43070001,25.73290000,,,,,,
MIAMI,MIAMI-DADE,,,,PUBLIC SCHOOL,,,,,,,,,"-80.39501676,25.70152960",-80.39501676,25.70152960,,,,,,
MIAMI,MIAMI-DADE,,,,PUBLIC SCHOOL,,,,,,,,,"-80.33260002,25.77580000",-80.33260002,25.77580000,,,,,,
MIAMI,MIAMI-DADE,,,,PUBLIC SCHOOL,,,,,,,,,"-80.14954042,25.94821557",-80.14954042,25.94821557,,,,,,
MIAMI,MIAMI-DADE,,,,PUBLIC SCHOOL,,,,,,,,,"-80.25171889,25.73962683",-80.25171889,25.73962683,,,,,,
MIAMI,MIAMI-DADE,,,,PUBLIC SCHOOL,,,,,,,,,"-80.21459998,25.84940000",-80.21459998,25.84940000,,,,,,
MIAMI,MIAMI-DADE,,,,PUBLIC SCHOOL,,,,,,,,,"-80.38047950,25.85129142",-80.38047950,25.85129142,,,,,,
MIAMI,MIAMI-DADE,,,,PUBLIC SCHOOL,,,,,,,,,"-80.24196732,25.83282155",-80.24196732,25.83282155,,,,,,
MIAMI,MIAMI-DADE,,,,PUBLIC SCHOOL,,,,,,,,,"-80.24396259,25.84838311",-80.24396259,25.84838311,,,,,,
MIAMI,MIAMI-DADE,,,,PUBLIC SCHOOL,,,,,,,,,"-80.19895741,25.80506720",-80.19895741,25.80506720,,,,,,
MIAMI,MIAMI-DADE,,,,PUBLIC SCHOOL,,,,,,,,,"-80.20010209,25.83162709",-80.20010209,25.83162709,,,,,,
MIAMI,MIAMI-DADE,,,,PUBLIC SCHOOL,,,,,,,,,"-80.29270001,25.75640000",-80.29270001,25.75640000,,,,,,
MIAMI,MIAMI-DADE,,,,PUBLIC SCHOOL,,,,,,,,,"-80.38090000,25.56439999",-80.38090000,25.56439999,,,,,,
MIAMI,MIAMI-DADE,,,,PUBLIC SCHOOL,,,,,,,,,"-80.24812023,25.76690029",-80.24812023,25.76690029,,,,,,
MIAMI,MIAMI-DADE,,,,PUBLIC SCHOOL,,,,,,,,,"-80.25359860,25.84987489",-80.25359860,25.84987489,,,,,,
MIAMI,MIAMI-DADE,,,,PUBLIC SCHOOL,,,,,,,,,"-80.22622151,25.79961565",-80.22622151,25.79961565,,,,,,
MIAMI,MIAMI-DADE,,,,PUBLIC SCHOOL,,,,,,,,,"-80.40546076,25.72249084",-80.40546076,25.72249084,,,,,,
MIAMI,MIAMI-DADE,,,,PUBLIC SCHOOL,,,,,,,,,"-80.23128292,25.82596887",-80.23128292,25.82596887,,,,,,
MIAMI,MIAMI-DADE,,,,PUBLIC SCHOOL,,,,,,,,,"-80.36665748,25.72733324",-80.36665748,25.72733324,,,,,,
MIAMI,MIAMI-DADE,,,,PUBLIC SCHOOL,,,,,,,,,"-80.27139999,25.71649999",-80.27139999,25.71649999,,,,,,
MIAMI,MIAMI-DADE,,,,PUBLIC SCHOOL,,,,,,,,,"-80.31847318,25.76103298",-80.31847318,25.76103298,,,,,,
MIAMI,MIAMI-DADE,,,,PUBLIC SCHOOL,,,,,,,,,"-80.21482517,25.76978926",-80.21482517,25.76978926,,,,,,
MIAMI,MIAMI-DADE,,,,PUBLIC SCHOOL,,,,,,,,,"-80.21334436,25.77112301",-80.21334436,25.77112301,,,,,,
MIAMI,MIAMI-DADE,,,,PUBLIC SCHOOL,,,,,,,,,"-80.28932000,25.70774924",-80.28932000,25.70774924,,,,,,
MIAMI,MIAMI-DADE,,,,PUBLIC SCHOOL,,,,,,,,,"-80.18662868,25.87059488",-80.18662868,25.87059488,,,,,,
MIAMI,MIAMI-DADE,,,,PUBLIC SCHOOL,,,,,,,,,"-80.35629673,25.63000024",-80.35629673,25.63000024,,,,,,
MIAMI,MIAMI-DADE,,,,PUBLIC SCHOOL,,,,,,,,,"-80.33827282,25.72288946",-80.33827282,25.72288946,,,,,,
MIAMI,MIAMI-DADE,,,,PUBLIC SCHOOL,,,,,,,,,"-80.37812734,25.66818585",-80.37812734,25.66818585,,,,,,
MIAMI,MIAMI-DADE,,,,PUBLIC SCHOOL,,,,,,,,,"-80.14942703,25.97040858",-80.14942703,25.97040858,,,,,,
MIAMI,MIAMI-DADE,,,,PUBLIC SCHOOL,,,,,,,,,"-80.19823397,25.77738504",-80.19823397,25.77738504,,,,,,
MIAMI,MIAMI-DADE,,,,PUBLIC SCHOOL,,,,,,,,,"-80.39000001,25.59049998",-80.39000001,25.59049998,,,,,,
MIAMI,MIAMI-DADE,,,,PUBLIC SCHOOL,,,,,,,,,"-80.26310798,25.73369237",-80.26310798,25.73369237,,,,,,
MIAMI,MIAMI-DADE,,,,PUBLIC SCHOOL,,,,,,,,,"-80.39878035,25.72148259",-80.39878035,25.72148259,,,,,,
MIAMI,MIAMI-DADE,,,,PUBLIC SCHOOL,,,,,,,,,"-80.21332553,25.85833821",-80.21332553,25.85833821,,,,,,
MIAMI,MIAMI-DADE,,,,PUBLIC SCHOOL,,,,,,,,,"-80.25903406,25.72720214",-80.25903406,25.72720214,,,,,,
MIAMI,MIAMI-DADE,,,,PUBLIC SCHOOL,,,,,,,,,"-80.23045806,25.86580475",-80.23045806,25.86580475,,,,,,
MIAMI,MIAMI-DADE,,,,PUBLIC SCHOOL,,,,,,,,,"-80.26643716,25.77413265",-80.26643716,25.77413265,,,,,,
MIAMI,MIAMI-DADE,,,,PUBLIC SCHOOL,,,,,,,,,"-80.42558231,25.69259691",-80.42558231,25.69259691,,,,,,
MIAMI,MIAMI-DADE,,,,PUBLIC SCHOOL,,,,,,,,,"-80.34766930,25.70960448",-80.34766930,25.70960448,,,,,,
MIAMI,MIAMI-DADE,,,,PUBLIC SCHOOL,,,,,,,,,"-80.35128821,25.75748185",-80.35128821,25.75748185,,,,,,
MIAMI,MIAMI-DADE,,,,PUBLIC SCHOOL,,,,,,,,,"-80.44282428,25.67792858",-80.44282428,25.67792858,,,,,,
MIAMI,MIAMI-DADE,,,,PUBLIC SCHOOL,,,,,,,,,"-80.19813122,25.79348472",-80.19813122,25.79348472,,,,,,
MIAMI,MIAMI-DADE,,,,PUBLIC SCHOOL,,,,,,,,,"-80.24158491,25.80620357",-80.24158491,25.80620357,,,,,,
MIAMI,MIAMI-DADE,,,,PUBLIC SCHOOL,,,,,,,,,"-80.22730000,25.95550000",-80.22730000,25.95550000,,,,,,
MIAMI,MIAMI-DADE,,,,PUBLIC SCHOOL,,,,,,,,,"-80.38026292,25.66728138",-80.38026292,25.66728138,,,,,,
MIAMI,MIAMI-DADE,,,,PUBLIC SCHOOL,,,,,,,,,"-80.23593962,25.77108580",-80.23593962,25.77108580,,,,,,
MIAMI,MIAMI-DADE,,,,PUBLIC SCHOOL,,,,,,,,,"-80.21372131,25.83888922",-80.21372131,25.83888922,,,,,,
MIAMI,MIAMI-DADE,,,,PUBLIC SCHOOL,,,,,,,,,"-80.45253306,25.66519900",-80.45253306,25.66519900,,,,,,
MIAMI,MIAMI-DADE,,,,PUBLIC SCHOOL,,,,,,,,,"-80.38030001,25.60379999",-80.38030001,25.60379999,,,,,,
MIAMI,MIAMI-DADE,,,,PUBLIC SCHOOL,,,,,,,,,"-80.21260002,25.80460001",-80.21260002,25.80460001,,,,,,
MIAMI,MIAMI-DADE,,,,PUBLIC SCHOOL,,,,,,,,,"-80.25770001,25.75420002",-80.25770001,25.75420002,,,,,,
MIAMI,MIAMI-DADE,,,,PUBLIC SCHOOL,,,,,,,,,"-80.34409851,25.71884781",-80.34409851,25.71884781,,,,,,
MIAMI,MIAMI-DADE,,,,PUBLIC SCHOOL,,,,,,,,,"-80.15496494,25.96639160",-80.15496494,25.96639160,,,,,,
MIAMI,MIAMI-DADE,,,,PUBLIC SCHOOL,,,,,,,,,"-80.18615124,25.90912825",-80.18615124,25.90912825,,,,,,
MIAMI,MIAMI-DADE,,,,PUBLIC SCHOOL,,,,,,,,,"-80.40513832,25.70160569",-80.40513832,25.70160569,,,,,,
MIAMI,MIAMI-DADE,,,,PUBLIC SCHOOL,,,,,,,,,"-80.22037184,25.80945097",-80.22037184,25.80945097,,,,,,
MIAMI,MIAMI-DADE,,,,PUBLIC SCHOOL,,,,,,,,,"-80.24462314,25.72699178",-80.24462314,25.72699178,,,,,,
MIAMI,MIAMI-DADE,,,,PUBLIC SCHOOL,,,,,,,,,"-80.18214996,25.90065883",-80.18214996,25.90065883,,,,,,
MIAMI,MIAMI-DADE,,,,PUBLIC SCHOOL,,,,,,,,,"-80.17290674,25.89125820",-80.17290674,25.89125820,,,,,,
MIAMI,MIAMI-DADE,,,,PUBLIC SCHOOL,,,,,,,,,"-80.31260001,25.65249998",-80.31260001,25.65249998,,,,,,
MIAMI,MIAMI-DADE,,,,PUBLIC SCHOOL,,,,,,,,,,,,,,,,,
MIAMI,MIAMI-DADE,,,,PUBLIC SCHOOL,,,,,,,,,"-80.22010001,25.93420001",-80.22010001,25.93420001,,,,,,
MIAMI,MIAMI-DADE,,,,PUBLIC SCHOOL,,,,,,,,,"-80.22631631,25.83051858",-80.22631631,25.83051858,,,,,,
MIAMI,MIAMI-DADE,,,,PUBLIC SCHOOL,,,,,,,,,"-80.45260315,25.63175921",-80.45260315,25.63175921,,,,,,
MIAMI,MIAMI-DADE,,,,PUBLIC SCHOOL,,,,,,,,,"-80.20813645,25.79471917",-80.20813645,25.79471917,,,,,,
MIAMI,MIAMI-DADE,,,,PUBLIC SCHOOL,,,,,,,,,"-80.21869998,25.81770000",-80.21869998,25.81770000,,,,,,
MIAMI,MIAMI-DADE,,,,PUBLIC SCHOOL,,,,,,,,,"-80.37676275,25.72920592",-80.37676275,25.72920592,,,,,,
MIAMI,MIAMI-DADE,,,,PUBLIC SCHOOL,,,,,,,,,"-80.19921396,25.77732760",-80.19921396,25.77732760,,,,,,
MIAMI,MIAMI-DADE,,,,PUBLIC SCHOOL,,,,,,,,,"-80.30084182,25.70260171",-80.30084182,25.70260171,,,,,,
MIAMI,MIAMI-DADE,,,,PUBLIC SCHOOL,,,,,,,,,"-80.19756084,25.88550024",-80.19756084,25.88550024,,,,,,
MIAMI,MIAMI-DADE,,,,PUBLIC SCHOOL,,,,,,,,,"-80.31334219,25.65494858",-80.31334219,25.65494858,,,,,,
MIAMI,MIAMI-DADE,,,,PUBLIC SCHOOL,,,,,,,,,"-80.20919386,25.79065847",-80.20919386,25.79065847,,,,,,
MIAMI,MIAMI-DADE,,,,PUBLIC SCHOOL,,,,,,,,,"-80.17860774,25.92965532",-80.17860774,25.92965532,,,,,,
MIAMI,MIAMI-DADE,,,,PUBLIC SCHOOL,,,,,,,,,"-80.19526217,25.78997306",-80.19526217,25.78997306,,,,,,
MIAMI,MIAMI-DADE,,,,PUBLIC SCHOOL,,,,,,,,,"-80.21760068,25.75373098",-80.21760068,25.75373098,,,,,,
MIAMI,MIAMI-DADE,,,,PUBLIC SCHOOL,,,,,,,,,"-80.21079439,25.77320559",-80.21079439,25.77320559,,,,,,
MIAMI,MIAMI-DADE,,,,PUBLIC SCHOOL,,,,,,,,,"-80.33107495,25.75580981",-80.33107495,25.75580981,,,,,,
MIAMI,MIAMI-DADE,,,,PUBLIC SCHOOL,,,,,,,,,"-80.32440314,25.73719096",-80.32440314,25.73719096,,,,,,
MIAMI,MIAMI-DADE,,,,PUBLIC SCHOOL,,,,,,,,,"-80.20469401,25.83167572",-80.20469401,25.83167572,,,,,,
MIAMI,MIAMI-DADE,,,,PUBLIC SCHOOL,,,,,,,,,"-80.21829163,25.78805394",-80.21829163,25.78805394,,,,,,
MIAMI,MIAMI-DADE,,,,PUBLIC SCHOOL,,,,,,,,,"-80.19104870,25.78893699",-80.19104870,25.78893699,,,,,,
MIAMI,MIAMI-DADE,,,,PUBLIC SCHOOL,,,,,,,,,"-80.36950536,25.69286154",-80.36950536,25.69286154,,,,,,
MIAMI,MIAMI-DADE,,,,PUBLIC SCHOOL,,,,,,,,,"-80.24632662,25.87698478",-80.24632662,25.87698478,,,,,,
MIAMI,MIAMI-DADE,,,,PUBLIC SCHOOL,,,,,,,,,"-80.19431440,25.89786452",-80.19431440,25.89786452,,,,,,
MIAMI,MIAMI-DADE,,,,PUBLIC SCHOOL,,,,,,,,,"-80.28465981,25.82345875",-80.28465981,25.82345875,,,,,,
MIAMI,MIAMI-DADE,,,,PUBLIC SCHOOL,,,,,,,,,"-80.20989513,25.83559489",-80.20989513,25.83559489,,,,,,
MIAMI,MIAMI-DADE,,,,PUBLIC SCHOOL,,,,,,,,,"-80.22816875,25.83940315",-80.22816875,25.83940315,,,,,,
MIAMI,MIAMI-DADE,,,,PUBLIC SCHOOL,,,,,,,,,"-80.19208025,25.79495225",-80.19208025,25.79495225,,,,,,
MIAMI,MIAMI-DADE,,,,PUBLIC SCHOOL,,,,,,,,,"-80.18315629,25.89668903",-80.18315629,25.89668903,,,,,,
MIAMI,MIAMI-DADE,,,,PUBLIC SCHOOL,,,,,,,,,"-80.23443950,25.89055880",-80.23443950,25.89055880,,,,,,
MIAMI,MIAMI-DADE,,,,PUBLIC SCHOOL,,,,,,,,,"-80.35480001,25.77140000",-80.35480001,25.77140000,,,,,,
MIAMI,MIAMI-DADE,,,,PUBLIC SCHOOL,,,,,,,,,"-80.35070001,25.66999998",-80.35070001,25.66999998,,,,,,
MIAMI,MIAMI-DADE,,,,PUBLIC SCHOOL,,,,,,,,,"-80.22810284,25.76208888",-80.22810284,25.76208888,,,,,,
MIAMI,MIAMI-DADE,,,,PUBLIC SCHOOL,,,,,,,,,"-80.13639548,25.94998524",-80.13639548,25.94998524,,,,,,
MIAMI,MIAMI-DADE,,,,PUBLIC SCHOOL,,,,,,,,,"-80.20912636,25.91282081",-80.20912636,25.91282081,,,,,,
MIAMI,MIAMI-DADE,,,,PUBLIC SCHOOL,,,,,,,,,"-80.36158859,25.65462652",-80.36158859,25.65462652,,,,,,
MIAMI,MIAMI-DADE,,,,PUBLIC SCHOOL,,,,,,,,,"-80.23006818,25.77854906",-80.23006818,25.77854906,,,,,,
MIAMI,MIAMI-DADE,,,,PUBLIC SCHOOL,,,,,,,,,"-80.23492842,25.83656523",-80.23492842,25.83656523,,,,,,
MIAMI,MIAMI-DADE,,,,PUBLIC SCHOOL,,,,,,,,,"-80.22329537,25.95132153",-80.22329537,25.95132153,,,,,,
MIAMI,MIAMI-DADE,,,,PUBLIC SCHOOL,,,,,,,,,"-80.26522296,25.77298004",-80.26522296,25.77298004,,,,,,
MIAMI,MIAMI-DADE,,,,PUBLIC SCHOOL,,,,,,,,,"-80.30244097,25.83302849",-80.30244097,25.83302849,,,,,,
MIAMI,MIAMI-DADE,,,,PUBLIC SCHOOL,,,,,,,,,"-80.19434734,25.79493980",-80.19434734,25.79493980,,,,,,
MIAMI,MIAMI-DADE,,,,PUBLIC SCHOOL,,,,,,,,,"-80.17390785,25.78529715",-80.17390785,25.78529715,,,,,,
MIAMI,MIAMI-DADE,,,,PUBLIC SCHOOL,,,,,,,,,"-80.22586177,25.83956567",-80.22586177,25.83956567,,,,,,
MIAMI,MIAMI-DADE,,,,PUBLIC SCHOOL,,,,,,,,,"-80.36643843,25.72343175",-80.36643843,25.72343175,,,,,,
MIAMI,MIAMI-DADE,,,,PUBLIC SCHOOL,,,,,,,,,"-80.40637909,25.69539156",-80.40637909,25.69539156,,,,,,
MIAMI,MIAMI-DADE,,,,PUBLIC SCHOOL,,,,,,,,,"-80.14445415,25.91575208",-80.14445415,25.91575208,,,,,,
MIAMI,MIAMI-DADE,,,,PUBLIC SCHOOL,,,,,,,,,"-80.19434217,25.90735312",-80.19434217,25.90735312,,,,,,
MIAMI,MIAMI-DADE,,,,PUBLIC SCHOOL,,,,,,,,,"-80.44224330,25.67422530",-80.44224330,25.67422530,,,,,,
MIAMI,MIAMI-DADE,,,,PUBLIC SCHOOL,,,,,,,,,"-80.35569608,25.58801422",-80.35569608,25.58801422,,,,,,
MIAMI,MIAMI-DADE,,,,PUBLIC SCHOOL,,,,,,,,,"-80.20231712,25.79113471",-80.20231712,25.79113471,,,,,,
MIAMI,MIAMI-DADE,,,,PUBLIC SCHOOL,,,,,,,,,"-80.33211501,25.80402221",-80.33211501,25.80402221,,,,,,
MIAMI,MIAMI-DADE,,,,PUBLIC SCHOOL,,,,,,,,,"-80.16507152,25.90510022",-80.16507152,25.90510022,,,,,,
MIAMI,MIAMI-DADE,,,,PUBLIC SCHOOL,,,,,,,,,"-80.16456058,25.92355255",-80.16456058,25.92355255,,,,,,
MIAMI,MIAMI-DADE,,,,PUBLIC SCHOOL,,,,,,,,,"-80.36649999,25.68289999",-80.36649999,25.68289999,,,,,,
MIAMI,MIAMI-DADE,,,,PUBLIC SCHOOL,,,,,,,,,"-80.22719076,25.75421124",-80.22719076,25.75421124,,,,,,
MIAMI,MIAMI-DADE,,,,PUBLIC SCHOOL,,,,,,,,,"-80.20413752,25.80580291",-80.20413752,25.80580291,,,,,,
MIAMI,MIAMI-DADE,,,,PUBLIC SCHOOL,,,,,,,,,"-80.18455938,25.90092433",-80.18455938,25.90092433,,,,,,
MIAMI,MIAMI-DADE,,,,PUBLIC SCHOOL,,,,,,,,,"-80.32442265,25.68484692",-80.32442265,25.68484692,,,,,,
MIAMI,MIAMI-DADE,,,,PUBLIC SCHOOL,,,,,,,,,"-80.34899999,25.58699998",-80.34899999,25.58699998,,,,,,
MIAMI,MIAMI-DADE,,,,PUBLIC SCHOOL,,,,,,,,,"-80.15420381,25.96399463",-80.15420381,25.96399463,,,,,,
MIAMI,MIAMI-DADE,,,,PUBLIC SCHOOL,,,,,,,,,"-80.25273306,25.77933597",-80.25273306,25.77933597,,,,,,
MIAMI,MIAMI-DADE,,,,PUBLIC SCHOOL,,,,,,,,,"-80.35389999,25.57929998",-80.35389999,25.57929998,,,,,,
MIAMI,MIAMI-DADE,,,,PUBLIC SCHOOL,,,,,,,,,"-80.37570001,25.58650001",-80.37570001,25.58650001,,,,,,
MIAMI,MIAMI-DADE,,,,PUBLIC SCHOOL,,,,,,,,,"-80.40720001,25.74700001",-80.40720001,25.74700001,,,,,,
MIAMI,MIAMI-DADE,,,,PUBLIC SCHOOL,,,,,,,,,"-80.21575011,25.86983751",-80.21575011,25.86983751,,,,,,
MIAMI,MIAMI-DADE,,,,PUBLIC SCHOOL,,,,,,,,,"-80.23990900,25.80749333",-80.23990900,25.80749333,,,,,,
MIAMI,MIAMI-DADE,,,,PUBLIC SCHOOL,,,,,,,,,"-80.35748320,25.70973264",-80.35748320,25.70973264,,,,,,
MIAMI,MIAMI-DADE,,,,PUBLIC SCHOOL,,,,,,,,,"-80.36070002,25.61230001",-80.36070002,25.61230001,,,,,,
MIAMI,MIAMI-DADE,,,,PUBLIC SCHOOL,,,,,,,,,"-80.30293135,25.71425162",-80.30293135,25.71425162,,,,,,
MIAMI,MIAMI-DADE,,,,PUBLIC SCHOOL,,,,,,,,,"-80.19915284,25.96668374",-80.19915284,25.96668374,,,,,,
MIAMI,MIAMI-DADE,,,,PUBLIC SCHOOL,,,,,,,,,"-80.25420001,25.72610001",-80.25420001,25.72610001,,,,,,
MIAMI,MIAMI-DADE,,,,PUBLIC SCHOOL,,,,,,,,,"-80.39600668,25.75165342",-80.39600668,25.75165342,,,,,,
MIAMI,MIAMI-DADE,,,,PUBLIC SCHOOL,,,,,,,,,"-80.23863497,25.77993081",-80.23863497,25.77993081,,,,,,
MIAMI,MIAMI-DADE,,,,PUBLIC SCHOOL,,,,,,,,,"-80.33149879,25.66046028",-80.33149879,25.66046028,,,,,,
MIAMI,MIAMI-DADE,,,,PUBLIC SCHOOL,,,,,,,,,"-80.36713687,25.79215775",-80.36713687,25.79215775,,,,,,
MIAMI,MIAMI-DADE,,,,PUBLIC SCHOOL,,,,,,,,,"-80.42619999,25.72160000",-80.42619999,25.72160000,,,,,,
MIAMI,MIAMI-DADE,,,,PUBLIC SCHOOL,,,,,,,,,"-80.20480641,25.83578932",-80.20480641,25.83578932,,,,,,
MIAMI,MIAMI-DADE,,,,PUBLIC SCHOOL,,,,,,,,,"-80.33579998,25.61509998",-80.33579998,25.61509998,,,,,,
MIAMI,MIAMI-DADE,,,,PUBLIC SCHOOL,,,,,,,,,"-80.25907531,25.72518151",-80.25907531,25.72518151,,,,,,
MIAMI,MIAMI-DADE,,,,PUBLIC SCHOOL,,,,,,,,,"-80.28489998,25.67640002",-80.28489998,25.67640002,,,,,,
MIAMI,MIAMI-DADE,,,,PUBLIC SCHOOL,,,,,,,,,"-80.43442168,25.71562008",-80.43442168,25.71562008,,,,,,
MIAMI,MIAMI-DADE,,,,PUBLIC SCHOOL,,,,,,,,,"-80.24309539,25.72888492",-80.24309539,25.72888492,,,,,,
MIAMI,MIAMI-DADE,,,,PUBLIC SCHOOL,,,,,,,,,"-80.24743116,25.82134394",-80.24743116,25.82134394,,,,,,
MIAMI,MIAMI-DADE,,,,PUBLIC SCHOOL,,,,,,,,,"-80.25619162,25.75695341",-80.25619162,25.75695341,,,,,,
MIAMI,MIAMI-DADE,,,,PUBLIC SCHOOL,,,,,,,,,"-80.43671705,25.68163744",-80.43671705,25.68163744,,,,,,
MIAMI,MIAMI-DADE,,,,PUBLIC SCHOOL,,,,,,,,,"-80.34690944,25.74275308",-80.34690944,25.74275308,,,,,,
MIAMI,MIAMI-DADE,,,,PUBLIC SCHOOL,,,,,,,,,"-80.35309998,25.73320001",-80.35309998,25.73320001,,,,,,
MIAMI,MIAMI-DADE,,,,PUBLIC SCHOOL,,,,,,,,,"-80.30529998,25.72039999",-80.30529998,25.72039999,,,,,,
MIAMI,MIAMI-DADE,,,,PUBLIC SCHOOL,,,,,,,,,"-80.36435633,25.82084256",-80.36435633,25.82084256,,,,,,
MIAMI,MIAMI-DADE,,,,PUBLIC SCHOOL,,,,,,,,,"-80.18063061,25.85486361",-80.18063061,25.85486361,,,,,,
MIAMI,MIAMI-DADE,,,,PUBLIC SCHOOL,,,,,,,,,"-80.44884627,25.63359471",-80.44884627,25.63359471,,,,,,
MIAMI,MIAMI-DADE,,,,PUBLIC SCHOOL,,,,,,,,,"-80.30566182,25.74866887",-80.30566182,25.74866887,,,,,,
MIAMI,MIAMI-DADE,,,,PUBLIC SCHOOL,,,,,,,,,"-80.14557041,25.91423811",-80.14557041,25.91423811,,,,,,
MIAMI,MIAMI-DADE,,,,PUBLIC SCHOOL,,,,,,,,,"-80.22017964,25.89502848",-80.22017964,25.89502848,,,,,,
MIAMI,MIAMI-DADE,,,,PUBLIC SCHOOL,,,,,,,,,"-80.20869998,25.90980000",-80.20869998,25.90980000,,,,,,
MIAMI,MIAMI-DADE,,,,PUBLIC SCHOOL,,,,,,,,,"-80.17464184,25.96671932",-80.17464184,25.96671932,,,,,,
MIAMI,MIAMI-DADE,,,,PUBLIC SCHOOL,,,,,,,,,"-80.34449953,25.71687197",-80.34449953,25.71687197,,,,,,
MIAMI,MIAMI-DADE,,,,PUBLIC SCHOOL,,,,,,,,,"-80.15823883,25.73902623",-80.15823883,25.73902623,,,,,,
MIAMI,MIAMI-DADE,,,,PUBLIC SCHOOL,,,,,,,,,"-80.24305915,25.77994734",-80.24305915,25.77994734,,,,,,
MIAMI,MIAMI-DADE,,,,PUBLIC SCHOOL,,,,,,,,,"-80.42967822,25.62963841",-80.42967822,25.62963841,,,,,,
MIAMI,MIAMI-DADE,,,,PUBLIC SCHOOL,,,,,,,,,"-80.19879998,25.82100002",-80.19879998,25.82100002,,,,,,
MIAMI,MIAMI-DADE,,,,PUBLIC SCHOOL,,,,,,,,,"-80.20317945,25.88112145",-80.20317945,25.88112145,,,,,,
MIAMI,MIAMI-DADE,,,,PUBLIC SCHOOL,,,,,,,,,"-80.36589103,25.56752753",-80.36589103,25.56752753,,,,,,
MIAMI,MIAMI-DADE,,,,PUBLIC SCHOOL,,,,,,,,,"-80.33549998,25.59099998",-80.33549998,25.59099998,,,,,,
MIAMI,MIAMI-DADE,,,,PUBLIC SCHOOL,,,,,,,,,"-80.41201379,25.74971666",-80.41201379,25.74971666,,,,,,
MIAMI,MIAMI-DADE,,,,PUBLIC SCHOOL,,,,,,,,,"-80.23745849,25.82154937",-80.23745849,25.82154937,,,,,,
MIAMI,MIAMI-DADE,,,,PUBLIC SCHOOL,,,,,,,,,"-80.35880962,25.63314311",-80.35880962,25.63314311,,,,,,
MIAMI,MIAMI-DADE,,,,PUBLIC SCHOOL,,,,,,,,,"-80.21997463,25.87907905",-80.21997463,25.87907905,,,,,,
MIAMI,MIAMI-DADE,,,,PUBLIC SCHOOL,,,,,,,,,"-80.33050000,25.57109999",-80.33050000,25.57109999,,,,,,
MIAMI,MIAMI-DADE,,,,PUBLIC SCHOOL,,,,,,,,,"-80.29425697,25.76651889",-80.29425697,25.76651889,,,,,,
MIAMI,MIAMI-DADE,,,,PUBLIC SCHOOL,,,,,,,,,"-80.32238915,25.62984157",-80.32238915,25.62984157,,,,,,
MIAMI,MIAMI-DADE,,,,PUBLIC SCHOOL,,,,,,,,,"-80.38000134,25.56590535",-80.38000134,25.56590535,,,,,,
MIAMI,MIAMI-DADE,,,,PUBLIC SCHOOL,,,,,,,,,"-80.17000000,25.94000002",-80.17000000,25.94000002,,,,,,
MIAMI,MIAMI-DADE,,,,PUBLIC SCHOOL,,,,,,,,,"-80.27446000,25.81246731",-80.27446000,25.81246731,,,,,,
MIAMI,MIAMI-DADE,,,,PUBLIC SCHOOL,,,,,,,,,"-80.45135661,25.71176441",-80.45135661,25.71176441,,,,,,
MIAMI,MIAMI-DADE,,,,PUBLIC SCHOOL,,,,,,,,,"-80.23150707,25.87645238",-80.23150707,25.87645238,,,,,,
MIAMI,MIAMI-DADE,,,,PUBLIC SCHOOL,,,,,,,,,"-80.20513943,25.77016734",-80.20513943,25.77016734,,,,,,
MIAMI,MIAMI-DADE,,,,PUBLIC SCHOOL,,,,,,,,,"-80.21882065,25.95258891",-80.21882065,25.95258891,,,,,,
MIAMI,MIAMI-DADE,,,,PUBLIC SCHOOL,,,,,,,,,"-80.41244032,25.67890272",-80.41244032,25.67890272,,,,,,
MIAMI,MIAMI-DADE,,,,PUBLIC SCHOOL,,,,,,,,,"-80.28061639,25.77205315",-80.28061639,25.77205315,,,,,,
MIAMI,MIAMI-DADE,,,,PUBLIC SCHOOL,,,,,,,,,"-80.43875975,25.74367359",-80.43875975,25.74367359,,,,,,
MIAMI,MIAMI-DADE,,,,PUBLIC SCHOOL,,,,,,,,,"-80.23884900,25.85034763",-80.23884900,25.85034763,,,,,,
MIAMI,MIAMI-DADE,,,,PUBLIC SCHOOL,,,,,,,,,"-80.38806123,25.76852741",-80.38806123,25.76852741,,,,,,
MIAMI,MIAMI-DADE,,,,PUBLIC SCHOOL,,,,,,,,,"-80.33050001,25.56440002",-80.33050001,25.56440002,,,,,,
MIAMI,MIAMI-DADE,,,,PUBLIC SCHOOL,,,,,,,,,"-80.37532680,25.63732528",-80.37532680,25.63732528,,,,,,
MIAMI,MIAMI-DADE,,,,PUBLIC SCHOOL,,,,,,,,,"-80.23226730,25.89098245",-80.23226730,25.89098245,,,,,,
MIAMI,MIAMI-DADE,,,,PUBLIC SCHOOL,,,,,,,,,"-80.22419998,25.94570000",-80.22419998,25.94570000,,,,,,
MIAMI,MIAMI-DADE,,,,PUBLIC SCHOOL,,,,,,,,,"-80.23632037,25.76655000",-80.23632037,25.76655000,,,,,,
MIAMI,MIAMI-DADE,,,,PUBLIC SCHOOL,,,,,,,,,"-80.27435534,25.81545351",-80.27435534,25.81545351,,,,,,
MIAMI,MIAMI-DADE,,,,PUBLIC SCHOOL,,,,,,,,,"-80.21749998,25.83980000",-80.21749998,25.83980000,,,,,,
MIAMI,MIAMI-DADE,,,,PUBLIC SCHOOL,,,,,,,,,"-80.25280000,25.85229998",-80.25280000,25.85229998,,,,,,
MIAMI,MIAMI-DADE,,,,PUBLIC SCHOOL,,,,,,,,,"-80.45891717,25.67427348",-80.45891717,25.67427348,,,,,,
MIAMI,MIAMI-DADE,,,,PUBLIC SCHOOL,,,,,,,,,"-80.19444365,25.76191347",-80.19444365,25.76191347,,,,,,
MIAMI,MIAMI-DADE,,,,PUBLIC SCHOOL,,,,,,,,,"-80.39054538,25.66903336",-80.39054538,25.66903336,,,,,,
MIAMI,MIAMI-DADE,,,,PUBLIC SCHOOL,,,,,,,,,"-80.20543228,25.78562362",-80.20543228,25.78562362,,,,,,
MIAMI,MIAMI-DADE,,,,PUBLIC SCHOOL,,,,,,,,,"-80.44143175,25.70417265",-80.44143175,25.70417265,,,,,,
MIAMI,MIAMI-DADE,,,,PUBLIC SCHOOL,,,,,,,,,"-80.21595129,25.83631078",-80.21595129,25.83631078,,,,,,
MIAMI,MIAMI-DADE,,,,PUBLIC SCHOOL,,,,,,,,,"-80.36761067,25.71475229",-80.36761067,25.71475229,,,,,,
MIAMI,MIAMI-DADE,,,,PUBLIC SCHOOL,,,,,,,,,"-80.17531368,25.93001389",-80.17531368,25.93001389,,,,,,
MIAMI,MIAMI-DADE,,,,PUBLIC SCHOOL,,,,,,,,,"-80.35949923,25.62977834",-80.35949923,25.62977834,,,,,,
MIAMI,MIAMI-DADE,,,,PUBLIC SCHOOL,,,,,,,,,"-80.35790001,25.69130002",-80.35790001,25.69130002,,,,,,
MIAMI,MIAMI-DADE,,,,PUBLIC SCHOOL,,,,,,,,,"-80.18699944,25.83678130",-80.18699944,25.83678130,,,,,,
MIAMI,MIAMI-DADE,,,,PUBLIC SCHOOL,,,,,,,,,"-80.33370419,25.74120555",-80.33370419,25.74120555,,,,,,
HOMESTEAD,MIAMI-DADE,,,,PUBLIC SCHOOL,,,,,,,,,"-80.45050596,25.46047447",-80.45050596,25.46047447,,,,,,
HOMESTEAD,MIAMI-DADE,,,,PUBLIC SCHOOL,,,,,,,,,"-80.37863307,25.54192985",-80.37863307,25.54192985,,,,,,
HOMESTEAD,MIAMI-DADE,,,,PUBLIC SCHOOL,,,,,,,,,"-80.43521079,25.45132124",-80.43521079,25.45132124,,,,,,
HOMESTEAD,MIAMI-DADE,,,,PUBLIC SCHOOL,,,,,,,,,"-80.50692767,25.49633418",-80.50692767,25.49633418,,,,,,
HOMESTEAD,MIAMI-DADE,,,,PUBLIC SCHOOL,,,,,,,,,"-80.45178288,25.53705410",-80.45178288,25.53705410,,,,,,
HOMESTEAD,MIAMI-DADE,,,,PUBLIC SCHOOL,,,,,,,,,"-80.48260700,25.47567612",-80.48260700,25.47567612,,,,,,
HOMESTEAD,MIAMI-DADE,,,,PUBLIC SCHOOL,,,,,,,,,"-80.47809020,25.48596648",-80.47809020,25.48596648,,,,,,
HOMESTEAD,MIAMI-DADE,,,,PUBLIC SCHOOL,,,,,,,,,"-80.45895910,25.44965563",-80.45895910,25.44965563,,,,,,
HOMESTEAD,MIAMI-DADE,,,,PUBLIC SCHOOL,,,,,,,,,"-80.47525301,25.47745124",-80.47525301,25.47745124,,,,,,
HOMESTEAD,MIAMI-DADE,,,,PUBLIC SCHOOL,,,,,,,,,"-80.47505634,25.46733190",-80.47505634,25.46733190,,,,,,
HOMESTEAD,MIAMI-DADE,,,,PUBLIC SCHOOL,,,,,,,,,"-80.47472336,25.47442469",-80.47472336,25.47442469,,,,,,
HOMESTEAD,MIAMI-DADE,,,,PUBLIC SCHOOL,,,,,,,,,"-80.45261215,25.53918708",-80.45261215,25.53918708,,,,,,
HOMESTEAD,MIAMI-DADE,,,,PUBLIC SCHOOL,,,,,,,,,"-80.37787902,25.55092620",-80.37787902,25.55092620,,,,,,
HOMESTEAD,MIAMI-DADE,,,,PUBLIC SCHOOL,,,,,,,,,"-80.41731249,25.51492416",-80.41731249,25.51492416,,,,,,
HOMESTEAD,MIAMI-DADE,,,,PUBLIC SCHOOL,,,,,,,,,"-80.48322328,25.47281203",-80.48322328,25.47281203,,,,,,
HOMESTEAD,MIAMI-DADE,,,,PUBLIC SCHOOL,,,,,,,,,"-80.49074064,25.48325821",-80.49074064,25.48325821,,,,,,
HOMESTEAD,MIAMI-DADE,,,,PUBLIC SCHOOL,,,,,,,,,"-80.48401778,25.46315419",-80.48401778,25.46315419,,,,,,
HOMESTEAD,MIAMI-DADE,,,,PUBLIC SCHOOL,,,,,,,,,"-80.40602312,25.49932436",-80.40602312,25.49932436,,,,,,
HOMESTEAD,MIAMI-DADE,,,,PUBLIC SCHOOL,,,,,,,,,"-80.48077451,25.48197604",-80.48077451,25.48197604,,,,,,
HOMESTEAD,MIAMI-DADE,,,,PUBLIC SCHOOL,,,,,,,,,"-80.48600945,25.45228353",-80.48600945,25.45228353,,,,,,
HOMESTEAD,MIAMI-DADE,,,,PUBLIC SCHOOL,,,,,,,,,"-80.43370797,25.49896427",-80.43370797,25.49896427,,,,,,
HOMESTEAD,MIAMI-DADE,,,,PUBLIC SCHOOL,,,,,,,,,"-80.41904211,25.47935931",-80.41904211,25.47935931,,,,,,
HOMESTEAD,MIAMI-DADE,,,,PUBLIC SCHOOL,,,,,,,,,"-80.44610198,25.48094766",-80.44610198,25.48094766,,,,,,
HOMESTEAD,MIAMI-DADE,,,,PUBLIC SCHOOL,,,,,,,,,"-80.49509579,25.46359903",-80.49509579,25.46359903,,,,,,
HOMESTEAD,MIAMI-DADE,,,,PUBLIC SCHOOL,,,,,,,,,"-80.48090755,25.37243204",-80.48090755,25.37243204,,,,,,
HOMESTEAD,MIAMI-DADE,,,,PUBLIC SCHOOL,,,,,,,,,"-80.46600922,25.49445336",-80.46600922,25.49445336,,,,,,
HOMESTEAD,MIAMI-DADE,,,,PUBLIC SCHOOL,,,,,,,,,"-80.48903100,25.44716311",-80.48903100,25.44716311,,,,,,
HOMESTEAD,MIAMI-DADE,,,,PUBLIC SCHOOL,,,,,,,,,"-80.49272332,25.44665324",-80.49272332,25.44665324,,,,,,
HOMESTEAD,MIAMI-DADE,,,,PUBLIC SCHOOL,,,,,,,,,"-80.44518881,25.47210798",-80.44518881,25.47210798,,,,,,
HOMESTEAD,MIAMI-DADE,,,,PUBLIC SCHOOL,,,,,,,,,"-80.45974742,25.50134733",-80.45974742,25.50134733,,,,,,
HOMESTEAD,MIAMI-DADE,,,,PUBLIC SCHOOL,,,,,,,,,"-80.42379644,25.49688948",-80.42379644,25.49688948,,,,,,
HOMESTEAD,MIAMI-DADE,,,,PUBLIC SCHOOL,,,,,,,,,"-80.39226255,25.50557696",-80.39226255,25.50557696,,,,,,
HOMESTEAD,MIAMI-DADE,,,,PUBLIC SCHOOL,,,,,,,,,"-80.37116903,25.54891939",-80.37116903,25.54891939,,,,,,
HOMESTEAD,MIAMI-DADE,,,,PUBLIC SCHOOL,,,,,,,,,"-80.39347235,25.54151073",-80.39347235,25.54151073,,,,,,
HOMESTEAD,MIAMI-DADE,,,,PUBLIC SCHOOL,,,,,,,,,"-80.41853772,25.52122494",-80.41853772,25.52122494,,,,,,
HOMESTEAD,MIAMI-DADE,,,,PUBLIC SCHOOL,,,,,,,,,"-80.47835464,25.48560137",-80.47835464,25.48560137,,,,,,
HOMESTEAD,MIAMI-DADE,,,,PUBLIC SCHOOL,,,,,,,,,"-80.39889885,25.51522559",-80.39889885,25.51522559,,,,,,
HOMESTEAD,MIAMI-DADE,,,,PUBLIC SCHOOL,,,,,,,,,"-80.46735395,25.47486678",-80.46735395,25.47486678,,,,,,
HOMESTEAD,MIAMI-DADE,,,,PUBLIC SCHOOL,,,,,,,,,"-80.46749141,25.48028367",-80.46749141,25.48028367,,,,,,
HOMESTEAD,MIAMI-DADE,,,,PUBLIC SCHOOL,,,,,,,,,"-80.47346502,25.46210563",-80.47346502,25.46210563,,,,,,
HOMESTEAD,MIAMI-DADE,,,,PUBLIC SCHOOL,,,,,,,,,"-80.48073470,25.47500932",-80.48073470,25.47500932,,,,,,
HOMESTEAD,MIAMI-DADE,,,,PUBLIC SCHOOL,,,,,,,,,"-80.39067368,25.50802733",-80.39067368,25.50802733,,,,,,
HOMESTEAD,MIAMI-DADE,,,,PUBLIC SCHOOL,,,,,,,,,"-80.44546488,25.47821758",-80.44546488,25.47821758,,,,,,
NORTH MIAMI BEACH,MIAMI-DADE,,,,PUBLIC SCHOOL,,,,,,,,,"-80.12322477,25.94518678",-80.12322477,25.94518678,,,,,,
NORTH MIAMI BEACH,MIAMI-DADE,,,,PUBLIC SCHOOL,,,,,,,,,"-80.14703700,25.91651959",-80.14703700,25.91651959,,,,,,
MIAMI GARDENS,MIAMI-DADE,,,,PUBLIC SCHOOL,,,,,,,,,"-80.27666080,25.93873935",-80.27666080,25.93873935,,,,,,
MIAMI GARDENS,MIAMI-DADE,,,,PUBLIC SCHOOL,,,,,,,,,"-80.25926152,25.94702710",-80.25926152,25.94702710,,,,,,
MIAMI GARDENS,MIAMI-DADE,,,,PUBLIC SCHOOL,,,,,,,,,"-80.23168677,25.91651604",-80.23168677,25.91651604,,,,,,
MIAMI GARDENS,MIAMI-DADE,,,,PUBLIC SCHOOL,,,,,,,,,"-80.25733670,25.94127611",-80.25733670,25.94127611,,,,,,
OPA LOCKA,MIAMI-DADE,,,,PUBLIC SCHOOL,,,,,,,,,"-80.23440000,25.93549998",-80.23440000,25.93549998,,,,,,
OPA LOCKA,MIAMI-DADE,,,,PUBLIC SCHOOL,,,,,,,,,"-80.25132046,25.94004182",-80.25132046,25.94004182,,,,,,
OPA LOCKA,MIAMI-DADE,,,,PUBLIC SCHOOL,,,,,,,,,"-80.27086684,25.93313855",-80.27086684,25.93313855,,,,,,
OPA LOCKA,MIAMI-DADE,,,,PUBLIC SCHOOL,,,,,,,,,"-80.23985702,25.93480229",-80.23985702,25.93480229,,,,,,
OPA LOCKA,MIAMI-DADE,,,,PUBLIC SCHOOL,,,,,,,,,"-80.25518323,25.96356046",-80.25518323,25.96356046,,,,,,
OPA LOCKA,MIAMI-DADE,,,,PUBLIC SCHOOL,,,,,,,,,"-80.28508025,25.94021824",-80.28508025,25.94021824,,,,,,
OPA LOCKA,MIAMI-DADE,,,,PUBLIC SCHOOL,,,,,,,,,"-80.24517028,25.89590801",-80.24517028,25.89590801,,,,,,
OPA LOCKA,MIAMI-DADE,,,,PUBLIC SCHOOL,,,,,,,,,"-80.24366453,25.93652664",-80.24366453,25.93652664,,,,,,
OPA LOCKA,MIAMI-DADE,,,,PUBLIC SCHOOL,,,,,,,,,"-80.26236573,25.94650676",-80.26236573,25.94650676,,,,,,
OPA LOCKA,MIAMI-DADE,,,,PUBLIC SCHOOL,,,,,,,,,"-80.27214915,25.92111763",-80.27214915,25.92111763,,,,,,
OPA LOCKA,MIAMI-DADE,,,,PUBLIC SCHOOL,,,,,,,,,"-80.23830015,25.92039689",-80.23830015,25.92039689,,,,,,
OPA LOCKA,MIAMI-DADE,,,,PUBLIC SCHOOL,,,,,,,,,"-80.26257027,25.94556886",-80.26257027,25.94556886,,,,,,
OPA LOCKA,MIAMI-DADE,,,,PUBLIC SCHOOL,,,,,,,,,"-80.24016968,25.90394691",-80.24016968,25.90394691,,,,,,
OPA LOCKA,MIAMI-DADE,,,,PUBLIC SCHOOL,,,,,,,,,"-80.23173055,25.91466800",-80.23173055,25.91466800,,,,,,
OPA LOCKA,MIAMI-DADE,,,,PUBLIC SCHOOL,,,,,,,,,"-80.23907880,25.96520116",-80.23907880,25.96520116,,,,,,
OPA LOCKA,MIAMI-DADE,,,,PUBLIC SCHOOL,,,,,,,,,"-80.24843000,25.90436406",-80.24843000,25.90436406,,,,,,
OPA LOCKA,MIAMI-DADE,,,,PUBLIC SCHOOL,,,,,,,,,"-80.27769868,25.96161965",-80.27769868,25.96161965,,,,,,
OPA LOCKA,MIAMI-DADE,,,,PUBLIC SCHOOL,,,,,,,,,"-80.27971062,25.95603115",-80.27971062,25.95603115,,,,,,
OPA LOCKA,MIAMI-DADE,,,,PUBLIC SCHOOL,,,,,,,,,"-80.28783863,25.95006672",-80.28783863,25.95006672,,,,,,
OPA LOCKA,MIAMI-DADE,,,,PUBLIC SCHOOL,,,,,,,,,"-80.27511290,25.95010491",-80.27511290,25.95010491,,,,,,
OPA LOCKA,MIAMI-DADE,,,,PUBLIC SCHOOL,,,,,,,,,"-80.25273255,25.94836862",-80.25273255,25.94836862,,,,,,
OPA LOCKA,MIAMI-DADE,,,,PUBLIC SCHOOL,,,,,,,,,"-80.24750000,25.92480002",-80.24750000,25.92480002,,,,,,
OPA LOCKA,MIAMI-DADE,,,,PUBLIC SCHOOL,,,,,,,,,"-80.27177452,25.91739912",-80.27177452,25.91739912,,,,,,
OPA LOCKA,MIAMI-DADE,,,,PUBLIC SCHOOL,,,,,,,,,"-80.25224428,25.93467533",-80.25224428,25.93467533,,,,,,
OPA LOCKA,MIAMI-DADE,,,,PUBLIC SCHOOL,,,,,,,,,"-80.28255815,25.94114482",-80.28255815,25.94114482,,,,,,
OPA LOCKA,MIAMI-DADE,,,,PUBLIC SCHOOL,,,,,,,,,"-80.23807267,25.94586607",-80.23807267,25.94586607,,,,,,
OPA LOCKA,MIAMI-DADE,,,,PUBLIC SCHOOL,,,,,,,,,"-80.25524938,25.89644211",-80.25524938,25.89644211,,,,,,
OPA LOCKA,MIAMI-DADE,,,,PUBLIC SCHOOL,,,,,,,,,"-80.28284361,25.93373028",-80.28284361,25.93373028,,,,,,
OPA LOCKA,MIAMI-DADE,,,,PUBLIC SCHOOL,,,,,,,,,"-80.24467478,25.91226563",-80.24467478,25.91226563,,,,,,
HIALEAH,MIAMI-DADE,,,,PUBLIC SCHOOL,,,,,,,,,"-80.35695348,25.89102790",-80.35695348,25.89102790,,,,,,
HIALEAH,MIAMI-DADE,,,,PUBLIC SCHOOL,,,,,,,,,"-80.31651151,25.89025132",-80.31651151,25.89025132,,,,,,
HIALEAH,MIAMI-DADE,,,,PUBLIC SCHOOL,,,,,,,,,"-80.35527365,25.89976085",-80.35527365,25.89976085,,,,,,
HIALEAH,MIAMI-DADE,,,,PUBLIC SCHOOL,,,,,,,,,"-80.31611666,25.87793449",-80.31611666,25.87793449,,,,,,
HIALEAH,MIAMI-DADE,,,,PUBLIC SCHOOL,,,,,,,,,"-80.30823909,25.93946970",-80.30823909,25.93946970,,,,,,
HIALEAH,MIAMI-DADE,,,,PUBLIC SCHOOL,,,,,,,,,"-80.30256252,25.84393690",-80.30256252,25.84393690,,,,,,
HIALEAH,MIAMI-DADE,,,,PUBLIC SCHOOL,,,,,,,,,"-80.27860137,25.86585475",-80.27860137,25.86585475,,,,,,
HIALEAH,MIAMI-DADE,,,,PUBLIC SCHOOL,,,,,,,,,"-80.27229998,25.86120001",-80.27229998,25.86120001,,,,,,
HIALEAH,MIAMI-DADE,,,,PUBLIC SCHOOL,,,,,,,,,"-80.26834509,25.87762526",-80.26834509,25.87762526,,,,,,
HIALEAH,MIAMI-DADE,,,,PUBLIC SCHOOL,,,,,,,,,"-80.29734643,25.92916118",-80.29734643,25.92916118,,,,,,
HIALEAH,MIAMI-DADE,,,,PUBLIC SCHOOL,,,,,,,,,"-80.34909656,25.93555155",-80.34909656,25.93555155,,,,,,
HIALEAH,MIAMI-DADE,,,,PUBLIC SCHOOL,,,,,,,,,"-80.29520000,25.91600001",-80.29520000,25.91600001,,,,,,
HIALEAH,MIAMI-DADE,,,,PUBLIC SCHOOL,,,,,,,,,"-80.32353305,25.86201948",-80.32353305,25.86201948,,,,,,
HIALEAH,MIAMI-DADE,,,,PUBLIC SCHOOL,,,,,,,,,"-80.30727122,25.89499284",-80.30727122,25.89499284,,,,,,
HIALEAH,MIAMI-DADE,,,,PUBLIC SCHOOL,,,,,,,,,"-80.26733505,25.85314501",-80.26733505,25.85314501,,,,,,
HIALEAH,MIAMI-DADE,,,,PUBLIC SCHOOL,,,,,,,,,"-80.32314261,25.93924543",-80.32314261,25.93924543,,,,,,
HIALEAH,MIAMI-DADE,,,,PUBLIC SCHOOL,,,,,,,,,"-80.30287176,25.94391750",-80.30287176,25.94391750,,,,,,
HIALEAH,MIAMI-DADE,,,,PUBLIC SCHOOL,,,,,,,,,"-80.27040267,25.82889074",-80.27040267,25.82889074,,,,,,
HIALEAH,MIAMI-DADE,,,,PUBLIC SCHOOL,,,,,,,,,"-80.30900326,25.90313077",-80.30900326,25.90313077,,,,,,
HIALEAH,MIAMI-DADE,,,,PUBLIC SCHOOL,,,,,,,,,"-80.29953787,25.86191135",-80.29953787,25.86191135,,,,,,
HIALEAH,MIAMI-DADE,,,,PUBLIC SCHOOL,,,,,,,,,"-80.34900779,25.88798437",-80.34900779,25.88798437,,,,,,
HIALEAH,MIAMI-DADE,,,,PUBLIC SCHOOL,,,,,,,,,"-80.33406900,25.93383531",-80.33406900,25.93383531,,,,,,
HIALEAH,MIAMI-DADE,,,,PUBLIC SCHOOL,,,,,,,,,"-80.35534309,25.89829549",-80.35534309,25.89829549,,,,,,
HIALEAH,MIAMI-DADE,,,,PUBLIC SCHOOL,,,,,,,,,"-80.29338997,25.84881760",-80.29338997,25.84881760,,,,,,
HIALEAH,MIAMI-DADE,,,,PUBLIC SCHOOL,,,,,,,,,"-80.29721427,25.84296411",-80.29721427,25.84296411,,,,,,
HIALEAH,MIAMI-DADE,,,,PUBLIC SCHOOL,,,,,,,,,"-80.36046571,25.88354629",-80.36046571,25.88354629,,,,,,
HIALEAH,MIAMI-DADE,,,,PUBLIC SCHOOL,,,,,,,,,"-80.34842959,25.88010669",-80.34842959,25.88010669,,,,,,
HIALEAH,MIAMI-DADE,,,,PUBLIC SCHOOL,,,,,,,,,"-80.32997763,25.87442351",-80.32997763,25.87442351,,,,,,
HIALEAH,MIAMI-DADE,,,,PUBLIC SCHOOL,,,,,,,,,"-80.34246942,25.93107478",-80.34246942,25.93107478,,,,,,
HIALEAH,MIAMI-DADE,,,,PUBLIC SCHOOL,,,,,,,,,"-80.30496221,25.87389239",-80.30496221,25.87389239,,,,,,
HIALEAH,MIAMI-DADE,,,,PUBLIC SCHOOL,,,,,,,,,"-80.33210561,25.87438271",-80.33210561,25.87438271,,,,,,
HIALEAH,MIAMI-DADE,,,,PUBLIC SCHOOL,,,,,,,,,"-80.29421115,25.88308285",-80.29421115,25.88308285,,,,,,
HIALEAH,MIAMI-DADE,,,,PUBLIC SCHOOL,,,,,,,,,"-80.32527118,25.89343054",-80.32527118,25.89343054,,,,,,
HIALEAH,MIAMI-DADE,,,,PUBLIC SCHOOL,,,,,,,,,"-80.34395147,25.90372363",-80.34395147,25.90372363,,,,,,
HIALEAH,MIAMI-DADE,,,,PUBLIC SCHOOL,,,,,,,,,"-80.26831459,25.87693964",-80.26831459,25.87693964,,,,,,
HIALEAH,MIAMI-DADE,,,,PUBLIC SCHOOL,,,,,,,,,"-80.27641371,25.82677080",-80.27641371,25.82677080,,,,,,
HIALEAH,MIAMI-DADE,,,,PUBLIC SCHOOL,,,,,,,,,"-80.34524377,25.93109660",-80.34524377,25.93109660,,,,,,
HIALEAH,MIAMI-DADE,,,,PUBLIC SCHOOL,,,,,,,,,"-80.29499070,25.85130948",-80.29499070,25.85130948,,,,,,
HIALEAH,MIAMI-DADE,,,,PUBLIC SCHOOL,,,,,,,,,"-80.29499290,25.84037782",-80.29499290,25.84037782,,,,,,
HIALEAH,MIAMI-DADE,,,,PUBLIC SCHOOL,,,,,,,,,"-80.28085462,25.88024618",-80.28085462,25.88024618,,,,,,
HIALEAH,MIAMI-DADE,,,,PUBLIC SCHOOL,,,,,,,,,"-80.33345250,25.95159706",-80.33345250,25.95159706,,,,,,
HIALEAH,MIAMI-DADE,,,,PUBLIC SCHOOL,,,,,,,,,"-80.33563083,25.89128652",-80.33563083,25.89128652,,,,,,
HIALEAH,MIAMI-DADE,,,,PUBLIC SCHOOL,,,,,,,,,"-80.30649999,25.87590002",-80.30649999,25.87590002,,,,,,
HIALEAH,MIAMI-DADE,,,,PUBLIC SCHOOL,,,,,,,,,"-80.29684086,25.89038768",-80.29684086,25.89038768,,,,,,
HIALEAH,MIAMI-DADE,,,,PUBLIC SCHOOL,,,,,,,,,"-80.29417180,25.83934941",-80.29417180,25.83934941,,,,,,
HIALEAH,MIAMI-DADE,,,,PUBLIC SCHOOL,,,,,,,,,"-80.30570002,25.91830001",-80.30570002,25.91830001,,,,,,
HIALEAH,MIAMI-DADE,,,,PUBLIC SCHOOL,,,,,,,,,"-80.35320211,25.87944381",-80.35320211,25.87944381,,,,,,
HIALEAH,MIAMI-DADE,,,,PUBLIC SCHOOL,,,,,,,,,"-80.32175182,25.85973932",-80.32175182,25.85973932,,,,,,
HIALEAH,MIAMI-DADE,,,,PUBLIC SCHOOL,,,,,,,,,"-80.31946026,25.85841856",-80.31946026,25.85841856,,,,,,
HIALEAH,MIAMI-DADE,,,,PUBLIC SCHOOL,,,,,,,,,"-80.33166472,25.94857524",-80.33166472,25.94857524,,,,,,
HIALEAH,MIAMI-DADE,,,,PUBLIC SCHOOL,,,,,,,,,"-80.32822467,25.91740980",-80.32822467,25.91740980,,,,,,
HIALEAH,MIAMI-DADE,,,,PUBLIC SCHOOL,,,,,,,,,"-80.34854123,25.88133547",-80.34854123,25.88133547,,,,,,
MIAMI-DADE,MIAMI-DADE,,,,PUBLIC SCHOOL,,,,,,,,,,,,,,,,,
CUTLER BAY,MIAMI-DADE,,,,PUBLIC SCHOOL,,,,,,,,,"-80.34690039,25.59552624",-80.34690039,25.59552624,,,,,,
CUTLER BAY,MIAMI-DADE,,,,PUBLIC SCHOOL,,,,,,,,,"-80.32508386,25.58539520",-80.32508386,25.58539520,,,,,,
MIAMI BEACH,MIAMI-DADE,,,,PUBLIC SCHOOL,,,,,,,,,"-80.13913726,25.77295135",-80.13913726,25.77295135,,,,,,
MIAMI BEACH,MIAMI-DADE,,,,PUBLIC SCHOOL,,,,,,,,,"-80.13479998,25.81469999",-80.13479998,25.81469999,,,,,,
MIAMI BEACH,MIAMI-DADE,,,,PUBLIC SCHOOL,,,,,,,,,"-80.13216301,25.79953506",-80.13216301,25.79953506,,,,,,
MIAMI BEACH,MIAMI-DADE,,,,PUBLIC SCHOOL,,,,,,,,,"-80.14045132,25.81343307",-80.14045132,25.81343307,,,,,,
MIAMI BEACH,MIAMI-DADE,,,,PUBLIC SCHOOL,,,,,,,,,"-80.13359092,25.78644073",-80.13359092,25.78644073,,,,,,
MIAMI BEACH,MIAMI-DADE,,,,PUBLIC SCHOOL,,,,,,,,,,,,,,,,,
MIAMI BEACH,MIAMI-DADE,,,,PUBLIC SCHOOL,,,,,,,,,"-80.14724321,25.84652873",-80.14724321,25.84652873,,,,,,
MIAMI BEACH,MIAMI-DADE,,,,PUBLIC SCHOOL,,,,,,,,,"-80.13239015,25.78621121",-80.13239015,25.78621121,,,,,,
MIAMI BEACH,MIAMI-DADE,,,,PUBLIC SCHOOL,,,,,,,,,"-80.13206340,25.88460244",-80.13206340,25.88460244,,,,,,
MIAMI BEACH,MIAMI-DADE,,,,PUBLIC SCHOOL,,,,,,,,,"-80.13115188,25.81451281",-80.13115188,25.81451281,,,,,,
MIAMI BEACH,MIAMI-DADE,,,,PUBLIC SCHOOL,,,,,,,,,"-80.12651743,25.86170184",-80.12651743,25.86170184,,,,,,
MIAMI BEACH,MIAMI-DADE,,,,PUBLIC SCHOOL,,,,,,,,,"-80.12356637,25.87149212",-80.12356637,25.87149212,,,,,,
MIAMI BEACH,MIAMI-DADE,,,,PUBLIC SCHOOL,,,,,,,,,"-80.13829946,25.81539998",-80.13829946,25.81539998,,,,,,
CORAL GABLES,MIAMI-DADE,,,,PUBLIC SCHOOL,,,,,,,,,"-80.28441031,25.70704629",-80.28441031,25.70704629,,,,,,
DORAL,MIAMI-DADE,,,,PUBLIC SCHOOL,,,,,,,,,"-80.37655615,25.79822656",-80.37655615,25.79822656,,,,,,
HIALEAH GARDENS,MIAMI-DADE,,,,PUBLIC SCHOOL,,,,,,,,,"-80.32640316,25.86913805",-80.32640316,25.86913805,,,,,,
HIALEAH GARDENS,MIAMI-DADE,,,,PUBLIC SCHOOL,,,,,,,,,,,,,,,,,
HIALEAH GARDENS,MIAMI-DADE,,,,PUBLIC SCHOOL,,,,,,,,,"-80.32781810,25.86912388",-80.32781810,25.86912388,,,,,,
HIALEAH  GARDENS,MIAMI-DADE,,,,PUBLIC SCHOOL,,,,,,,,,"-80.32569929,25.86845231",-80.32569929,25.86845231,,,,,,
MIAMI DADE,MIAMI-DADE,,,,PUBLIC SCHOOL,,,,,,,,,,,,,,,,,
KEY BISCAYNE,MIAMI-DADE,,,,PUBLIC SCHOOL,,,,,,,,,"-80.16639999,25.73930002",-80.16639999,25.73930002,,,,,,
KEY BISCAYNE,MIAMI-DADE,,,,PUBLIC SCHOOL,,,,,,,,,"-80.16654366,25.69037140",-80.16654366,25.69037140,,,,,,
Coral Gables,MIAMI-DADE,,,,PUBLIC SCHOOL,,,,,,,,,"-80.27361963,25.72122864",-80.27361963,25.72122864,,,,,,
FLORIDA CITY,MIAMI-DADE,,,,PUBLIC SCHOOL,,,,,,,,,"-80.49418107,25.43997152",-80.49418107,25.43997152,,,,,,
FLORIDA CITY,MIAMI-DADE,,,,PUBLIC SCHOOL,,,,,,,,,"-80.48409161,25.44702633",-80.48409161,25.44702633,,,,,,
Miami,MIAMI-DADE,,,,PUBLIC SCHOOL,,,,,,,,,"-80.36924256,25.68225237",-80.36924256,25.68225237,,,,,,
WEST MIAMI,MIAMI-DADE,,,,PUBLIC SCHOOL,,,,,,,,,"-80.29063262,25.75653369",-80.29063262,25.75653369,,,,,,
MIAMI LAKES,MIAMI-DADE,,,,PUBLIC SCHOOL,,,,,,,,,,,,,,,,,
NORTH MIAMI,MIAMI-DADE,,,,PUBLIC SCHOOL,,,,,,,,,"-80.13962483,25.91022662",-80.13962483,25.91022662,,,,,,
Miami-Dade,MIAMI-DADE,,,,PUBLIC SCHOOL,,,,,,,,,"-80.42222101,25.62282996",-80.42222101,25.62282996,,,,,,
KEY WEST,MONROE,,,,PUBLIC SCHOOL,,,,,,,,,"-81.79819431,24.56390138",-81.79819431,24.56390138,,,,,,
KEY WEST,MONROE,,,,PUBLIC SCHOOL,,,,,,,,,"-81.77304268,24.57943064",-81.77304268,24.57943064,,,,,,
KEY WEST,MONROE,,,,PUBLIC SCHOOL,,,,,,,,,"-81.78929743,24.55282288",-81.78929743,24.55282288,,,,,,
KEY WEST,MONROE,,,,PUBLIC SCHOOL,,,,,,,,,"-81.78664014,24.55706924",-81.78664014,24.55706924,,,,,,
KEY WEST,MONROE,,,,PUBLIC SCHOOL,,,,,,,,,"-81.74393942,24.58251936",-81.74393942,24.58251936,,,,,,
KEY WEST,MONROE,,,,PUBLIC SCHOOL,,,,,,,,,"-81.76605398,24.56395098",-81.76605398,24.56395098,,,,,,
KEY WEST,MONROE,,,,PUBLIC SCHOOL,,,,,,,,,"-81.74556704,24.58124682",-81.74556704,24.58124682,,,,,,
KEY WEST,MONROE,,,,PUBLIC SCHOOL,,,,,,,,,"-81.75131286,24.57653759",-81.75131286,24.57653759,,,,,,
KEY WEST,MONROE,,,,PUBLIC SCHOOL,,,,,,,,,"-81.77687477,24.55480517",-81.77687477,24.55480517,,,,,,
TAVERNIER,MONROE,,,,PUBLIC SCHOOL,,,,,,,,,"-80.51223490,25.01340502",-80.51223490,25.01340502,,,,,,
TAVERNIER,MONROE,,,,PUBLIC SCHOOL,,,,,,,,,"-80.53800939,24.99398314",-80.53800939,24.99398314,,,,,,
TAVERNIER,MONROE,,,,PUBLIC SCHOOL,,,,,,,,,"-80.54089928,24.99245963",-80.54089928,24.99245963,,,,,,
KEY LARGO,MONROE,,,,PUBLIC SCHOOL,,,,,,,,,"-80.38822097,25.15364931",-80.38822097,25.15364931,,,,,,
Sugarloaf Key,MONROE,,,,PUBLIC SCHOOL,,,,,,,,,"-81.53019684,24.66096505",-81.53019684,24.66096505,,,,,,
ISLAMORADA,MONROE,,,,PUBLIC SCHOOL,,,,,,,,,"-80.57185626,24.95802487",-80.57185626,24.95802487,,,,,,
MARATHON,MONROE,,,,PUBLIC SCHOOL,,,,,,,,,"-81.07792837,24.70382915",-81.07792837,24.70382915,,,,,,
MARATHON,MONROE,,,,PUBLIC SCHOOL,,,,,,,,,"-81.09427320,24.71289131",-81.09427320,24.71289131,,,,,,
BIG PINE KEY,MONROE,,,,PUBLIC SCHOOL,,,,,,,,,"-81.36001096,24.66824328",-81.36001096,24.66824328,,,,,,
FERNANDINA BEACH,NASSAU,,,,PUBLIC SCHOOL,,,,,,,,,"-81.45737025,30.65735352",-81.45737025,30.65735352,,,,,,
FERNANDINA BEACH,NASSAU,,,,PUBLIC SCHOOL,,,,,,,,,"-81.45239683,30.63755965",-81.45239683,30.63755965,,,,,,
FERNANDINA BEACH,NASSAU,,,,PUBLIC SCHOOL,,,,,,,,,"-81.44531622,30.66530467",-81.44531622,30.66530467,,,,,,
FERNANDINA BEACH,NASSAU,,,,PUBLIC SCHOOL,,,,,,,,,"-81.44629062,30.66274216",-81.44629062,30.66274216,,,,,,
FERNANDINA BEACH,NASSAU,,,,PUBLIC SCHOOL,,,,,,,,,"-81.45510612,30.67217461",-81.45510612,30.67217461,,,,,,
FERNANDINA BEACH,NASSAU,,,,PUBLIC SCHOOL,,,,,,,,,"-81.45442345,30.67199241",-81.45442345,30.67199241,,,,,,
YULEE,NASSAU,,,,PUBLIC SCHOOL,,,,,,,,,"-81.58010584,30.61046405",-81.58010584,30.61046405,,,,,,
YULEE,NASSAU,,,,PUBLIC SCHOOL,,,,,,,,,"-81.57633178,30.61183363",-81.57633178,30.61183363,,,,,,
YULEE,NASSAU,,,,PUBLIC SCHOOL,,,,,,,,,"-81.60840346,30.64167833",-81.60840346,30.64167833,,,,,,
YULEE,NASSAU,,,,PUBLIC SCHOOL,,,,,,,,,"-81.58666886,30.63157904",-81.58666886,30.63157904,,,,,,
YULEE,NASSAU,,,,PUBLIC SCHOOL,,,,,,,,,"-81.62505421,30.60938966",-81.62505421,30.60938966,,,,,,
BRYCEVILLE,NASSAU,,,,PUBLIC SCHOOL,,,,,,,,,"-81.94006446,30.38594345",-81.94006446,30.38594345,,,,,,
CALLAHAN,NASSAU,,,,PUBLIC SCHOOL,,,,,,,,,"-81.88301032,30.55174443",-81.88301032,30.55174443,,,,,,
CALLAHAN,NASSAU,,,,PUBLIC SCHOOL,,,,,,,,,"-81.83105308,30.56156839",-81.83105308,30.56156839,,,,,,
CALLAHAN,NASSAU,,,,PUBLIC SCHOOL,,,,,,,,,"-81.83981107,30.56995985",-81.83981107,30.56995985,,,,,,
CALLAHAN,NASSAU,,,,PUBLIC SCHOOL,,,,,,,,,"-81.83150002,30.55790002",-81.83150002,30.55790002,,,,,,
HILLIARD,NASSAU,,,,PUBLIC SCHOOL,,,,,,,,,"-81.92707615,30.68778544",-81.92707615,30.68778544,,,,,,
HILLIARD,NASSAU,,,,PUBLIC SCHOOL,,,,,,,,,"-81.93212791,30.69269369",-81.93212791,30.69269369,,,,,,
CRESTVIEW,OKALOOSA,,,,PUBLIC SCHOOL,,,,,,,,,"-86.54350001,30.77200001",-86.54350001,30.77200001,,,,,,
CRESTVIEW,OKALOOSA,,,,PUBLIC SCHOOL,,,,,,,,,"-86.56980748,30.77046649",-86.56980748,30.77046649,,,,,,
CRESTVIEW,OKALOOSA,,,,PUBLIC SCHOOL,,,,,,,,,"-86.53643555,30.73664660",-86.53643555,30.73664660,,,,,,
CRESTVIEW,OKALOOSA,,,,PUBLIC SCHOOL,,,,,,,,,"-86.52230473,30.69918394",-86.52230473,30.69918394,,,,,,
CRESTVIEW,OKALOOSA,,,,PUBLIC SCHOOL,,,,,,,,,"-86.53856554,30.73668118",-86.53856554,30.73668118,,,,,,
CRESTVIEW,OKALOOSA,,,,PUBLIC SCHOOL,,,,,,,,,"-86.57713985,30.78118856",-86.57713985,30.78118856,,,,,,
CRESTVIEW,OKALOOSA,,,,PUBLIC SCHOOL,,,,,,,,,"-86.57105402,30.76950749",-86.57105402,30.76950749,,,,,,
CRESTVIEW,OKALOOSA,,,,PUBLIC SCHOOL,,,,,,,,,"-86.56218845,30.79390492",-86.56218845,30.79390492,,,,,,
CRESTVIEW,OKALOOSA,,,,PUBLIC SCHOOL,,,,,,,,,"-86.61095625,30.71382712",-86.61095625,30.71382712,,,,,,
CRESTVIEW,OKALOOSA,,,,PUBLIC SCHOOL,,,,,,,,,"-86.56383116,30.75413109",-86.56383116,30.75413109,,,,,,
CRESTVIEW,OKALOOSA,,,,PUBLIC SCHOOL,,,,,,,,,"-86.56015010,30.78970116",-86.56015010,30.78970116,,,,,,
NICEVILLE,OKALOOSA,,,,PUBLIC SCHOOL,,,,,,,,,"-86.49463866,30.52715692",-86.49463866,30.52715692,,,,,,
NICEVILLE,OKALOOSA,,,,PUBLIC SCHOOL,,,,,,,,,"-86.41852411,30.49041425",-86.41852411,30.49041425,,,,,,
NICEVILLE,OKALOOSA,,,,PUBLIC SCHOOL,,,,,,,,,"-86.47549353,30.52153911",-86.47549353,30.52153911,,,,,,
NICEVILLE,OKALOOSA,,,,PUBLIC SCHOOL,,,,,,,,,"-86.47671468,30.52030114",-86.47671468,30.52030114,,,,,,
NICEVILLE,OKALOOSA,,,,PUBLIC SCHOOL,,,,,,,,,"-86.46247334,30.51346355",-86.46247334,30.51346355,,,,,,
NICEVILLE,OKALOOSA,,,,PUBLIC SCHOOL,,,,,,,,,"-86.47552914,30.53839235",-86.47552914,30.53839235,,,,,,
MARY ESTHER,OKALOOSA,,,,PUBLIC SCHOOL,,,,,,,,,"-86.72970042,30.41333263",-86.72970042,30.41333263,,,,,,
MARY ESTHER,OKALOOSA,,,,PUBLIC SCHOOL,,,,,,,,,"-86.65749554,30.41061142",-86.65749554,30.41061142,,,,,,
FORT WALTON BEACH,OKALOOSA,,,,PUBLIC SCHOOL,,,,,,,,,"-86.59783509,30.42057397",-86.59783509,30.42057397,,,,,,
FORT WALTON BEACH,OKALOOSA,,,,PUBLIC SCHOOL,,,,,,,,,"-86.64919596,30.42111316",-86.64919596,30.42111316,,,,,,
FORT WALTON BEACH,OKALOOSA,,,,PUBLIC SCHOOL,,,,,,,,,"-86.60740371,30.45837989",-86.60740371,30.45837989,,,,,,
FORT WALTON BEACH,OKALOOSA,,,,PUBLIC SCHOOL,,,,,,,,,"-86.60039135,30.41071510",-86.60039135,30.41071510,,,,,,
FORT WALTON BEACH,OKALOOSA,,,,PUBLIC SCHOOL,,,,,,,,,"-86.64049999,30.41220001",-86.64049999,30.41220001,,,,,,
FORT WALTON BEACH,OKALOOSA,,,,PUBLIC SCHOOL,,,,,,,,,"-86.60327002,30.40481397",-86.60327002,30.40481397,,,,,,
FORT WALTON BEACH,OKALOOSA,,,,PUBLIC SCHOOL,,,,,,,,,"-86.63198539,30.43701624",-86.63198539,30.43701624,,,,,,
FORT WALTON BEACH,OKALOOSA,,,,PUBLIC SCHOOL,,,,,,,,,"-86.63605104,30.45595577",-86.63605104,30.45595577,,,,,,
FORT WALTON BEACH,OKALOOSA,,,,PUBLIC SCHOOL,,,,,,,,,"-86.62612381,30.46249455",-86.62612381,30.46249455,,,,,,
FORT WALTON BEACH,OKALOOSA,,,,PUBLIC SCHOOL,,,,,,,,,"-86.61855671,30.45062678",-86.61855671,30.45062678,,,,,,
FORT WALTON BEACH,OKALOOSA,,,,PUBLIC SCHOOL,,,,,,,,,"-86.60717999,30.40638800",-86.60717999,30.40638800,,,,,,
FORT WALTON BEACH,OKALOOSA,,,,PUBLIC SCHOOL,,,,,,,,,"-86.62295122,30.44751935",-86.62295122,30.44751935,,,,,,
FORT WALTON BEACH,OKALOOSA,,,,PUBLIC SCHOOL,,,,,,,,,"-86.63284958,30.45462200",-86.63284958,30.45462200,,,,,,
FORT WALTON BEACH,OKALOOSA,,,,PUBLIC SCHOOL,,,,,,,,,"-86.63853039,30.42093132",-86.63853039,30.42093132,,,,,,
FORT WALTON BEACH,OKALOOSA,,,,PUBLIC SCHOOL,,,,,,,,,"-86.63844964,30.41219717",-86.63844964,30.41219717,,,,,,
FORT WALTON BEACH,OKALOOSA,,,,PUBLIC SCHOOL,,,,,,,,,"-86.61485081,30.46859105",-86.61485081,30.46859105,,,,,,
FORT WALTON BEACH,OKALOOSA,,,,PUBLIC SCHOOL,,,,,,,,,"-86.63424738,30.41890001",-86.63424738,30.41890001,,,,,,
VALPARAISO,OKALOOSA,,,,PUBLIC SCHOOL,,,,,,,,,"-86.49304267,30.49285182",-86.49304267,30.49285182,,,,,,
VALPARAISO,OKALOOSA,,,,PUBLIC SCHOOL,,,,,,,,,"-86.50201600,30.51244236",-86.50201600,30.51244236,,,,,,
BAKER,OKALOOSA,,,,PUBLIC SCHOOL,,,,,,,,,"-86.67890000,30.79360000",-86.67890000,30.79360000,,,,,,
SHALIMAR,OKALOOSA,,,,PUBLIC SCHOOL,,,,,,,,,"-86.58649999,30.46170002",-86.58649999,30.46170002,,,,,,
SHALIMAR,OKALOOSA,,,,PUBLIC SCHOOL,,,,,,,,,"-86.57499156,30.44959509",-86.57499156,30.44959509,,,,,,
SHALIMAR,OKALOOSA,,,,PUBLIC SCHOOL,,,,,,,,,"-86.58231168,30.44734401",-86.58231168,30.44734401,,,,,,
LAUREL HILL,OKALOOSA,,,,PUBLIC SCHOOL,,,,,,,,,"-86.46223251,30.95859108",-86.46223251,30.95859108,,,,,,
DESTIN,OKALOOSA,,,,PUBLIC SCHOOL,,,,,,,,,"-86.49190002,30.40160000",-86.49190002,30.40160000,,,,,,
DESTIN,OKALOOSA,,,,PUBLIC SCHOOL,,,,,,,,,"-86.42520000,30.39909998",-86.42520000,30.39909998,,,,,,
EGLIN AFB,OKALOOSA,,,,PUBLIC SCHOOL,,,,,,,,,"-86.54537401,30.46744973",-86.54537401,30.46744973,,,,,,
OKEECHOBEE,OKEECHOBEE,,,,PUBLIC SCHOOL,,,,,,,,,"-80.83164976,27.23647181",-80.83164976,27.23647181,,,,,,
OKEECHOBEE,OKEECHOBEE,,,,PUBLIC SCHOOL,,,,,,,,,"-80.82844088,27.26842612",-80.82844088,27.26842612,,,,,,
OKEECHOBEE,OKEECHOBEE,,,,PUBLIC SCHOOL,,,,,,,,,"-80.79064722,27.23767577",-80.79064722,27.23767577,,,,,,
OKEECHOBEE,OKEECHOBEE,,,,PUBLIC SCHOOL,,,,,,,,,"-80.77602520,27.39406529",-80.77602520,27.39406529,,,,,,
OKEECHOBEE,OKEECHOBEE,,,,PUBLIC SCHOOL,,,,,,,,,"-80.83889068,27.27009761",-80.83889068,27.27009761,,,,,,
OKEECHOBEE,OKEECHOBEE,,,,PUBLIC SCHOOL,,,,,,,,,"-80.87128151,27.26941757",-80.87128151,27.26941757,,,,,,
OKEECHOBEE,OKEECHOBEE,,,,PUBLIC SCHOOL,,,,,,,,,"-80.82244502,27.30604065",-80.82244502,27.30604065,,,,,,
OKEECHOBEE,OKEECHOBEE,,,,PUBLIC SCHOOL,,,,,,,,,"-80.83766036,27.21910075",-80.83766036,27.21910075,,,,,,
OKEECHOBEE,OKEECHOBEE,,,,PUBLIC SCHOOL,,,,,,,,,"-80.83837841,27.27377886",-80.83837841,27.27377886,,,,,,
OKEECHOBEE,OKEECHOBEE,,,,PUBLIC SCHOOL,,,,,,,,,"-80.82019578,27.30713030",-80.82019578,27.30713030,,,,,,
OKEECHOBEE,OKEECHOBEE,,,,PUBLIC SCHOOL,,,,,,,,,"-80.83514218,27.23734648",-80.83514218,27.23734648,,,,,,
OKEECHOBEE,OKEECHOBEE,,,,PUBLIC SCHOOL,,,,,,,,,"-80.83821157,27.26632705",-80.83821157,27.26632705,,,,,,
OKEECHOBEE,OKEECHOBEE,,,,PUBLIC SCHOOL,,,,,,,,,"-80.83162485,27.23726998",-80.83162485,27.23726998,,,,,,
OKEECHOBEE,OKEECHOBEE,,,,PUBLIC SCHOOL,,,,,,,,,"-80.83528150,27.22062915",-80.83528150,27.22062915,,,,,,
ORLANDO,ORANGE,,,,PUBLIC SCHOOL,,,,,,,,,"-81.21301284,28.57737070",-81.21301284,28.57737070,,,,,,
ORLANDO,ORANGE,,,,PUBLIC SCHOOL,,,,,,,,,"-81.17580958,28.53501922",-81.17580958,28.53501922,,,,,,
ORLANDO,ORANGE,,,,PUBLIC SCHOOL,,,,,,,,,"-81.39786155,28.36834585",-81.39786155,28.36834585,,,,,,
ORLANDO,ORANGE,,,,PUBLIC SCHOOL,,,,,,,,,"-81.14781225,28.52695498",-81.14781225,28.52695498,,,,,,
ORLANDO,ORANGE,,,,PUBLIC SCHOOL,,,,,,,,,"-81.44887568,28.45711531",-81.44887568,28.45711531,,,,,,
ORLANDO,ORANGE,,,,PUBLIC SCHOOL,,,,,,,,,"-81.29771542,28.50031619",-81.29771542,28.50031619,,,,,,
ORLANDO,ORANGE,,,,PUBLIC SCHOOL,,,,,,,,,"-81.24595972,28.36688302",-81.24595972,28.36688302,,,,,,
ORLANDO,ORANGE,,,,PUBLIC SCHOOL,,,,,,,,,"-81.49557468,28.54563451",-81.49557468,28.54563451,,,,,,
ORLANDO,ORANGE,,,,PUBLIC SCHOOL,,,,,,,,,"-81.23419299,28.43598361",-81.23419299,28.43598361,,,,,,
ORLANDO,ORANGE,,,,PUBLIC SCHOOL,,,,,,,,,"-81.21788496,28.54506141",-81.21788496,28.54506141,,,,,,
ORLANDO,ORANGE,,,,PUBLIC SCHOOL,,,,,,,,,"-81.45683416,28.57712247",-81.45683416,28.57712247,,,,,,
ORLANDO,ORANGE,,,,PUBLIC SCHOOL,,,,,,,,,"-81.31106665,28.54645054",-81.31106665,28.54645054,,,,,,
ORLANDO,ORANGE,,,,PUBLIC SCHOOL,,,,,,,,,"-81.40891038,28.53389302",-81.40891038,28.53389302,,,,,,
ORLANDO,ORANGE,,,,PUBLIC SCHOOL,,,,,,,,,"-81.41284856,28.57351610",-81.41284856,28.57351610,,,,,,
ORLANDO,ORANGE,,,,PUBLIC SCHOOL,,,,,,,,,"-81.49795734,28.50234590",-81.49795734,28.50234590,,,,,,
ORLANDO,ORANGE,,,,PUBLIC SCHOOL,,,,,,,,,"-81.45720957,28.35748442",-81.45720957,28.35748442,,,,,,
ORLANDO,ORANGE,,,,PUBLIC SCHOOL,,,,,,,,,"-81.41289220,28.41607742",-81.41289220,28.41607742,,,,,,
ORLANDO,ORANGE,,,,PUBLIC SCHOOL,,,,,,,,,"-81.42839723,28.61183886",-81.42839723,28.61183886,,,,,,
ORLANDO,ORANGE,,,,PUBLIC SCHOOL,,,,,,,,,"-81.13081109,28.55670574",-81.13081109,28.55670574,,,,,,
ORLANDO,ORANGE,,,,PUBLIC SCHOOL,,,,,,,,,"-81.36528167,28.51904297",-81.36528167,28.51904297,,,,,,
ORLANDO,ORANGE,,,,PUBLIC SCHOOL,,,,,,,,,"-81.27630201,28.55504374",-81.27630201,28.55504374,,,,,,
ORLANDO,ORANGE,,,,PUBLIC SCHOOL,,,,,,,,,"-81.34693750,28.56562553",-81.34693750,28.56562553,,,,,,
ORLANDO,ORANGE,,,,PUBLIC SCHOOL,,,,,,,,,"-81.41620001,28.47159999",-81.41620001,28.47159999,,,,,,
ORLANDO,ORANGE,,,,PUBLIC SCHOOL,,,,,,,,,"-81.33440226,28.50521298",-81.33440226,28.50521298,,,,,,
ORLANDO,ORANGE,,,,PUBLIC SCHOOL,,,,,,,,,"-81.18291199,28.58439991",-81.18291199,28.58439991,,,,,,
ORLANDO,ORANGE,,,,PUBLIC SCHOOL,,,,,,,,,"-81.39706477,28.58424246",-81.39706477,28.58424246,,,,,,
ORLANDO,ORANGE,,,,PUBLIC SCHOOL,,,,,,,,,"-81.36714610,28.49507603",-81.36714610,28.49507603,,,,,,
ORLANDO,ORANGE,,,,PUBLIC SCHOOL,,,,,,,,,"-81.42694261,28.47159010",-81.42694261,28.47159010,,,,,,
ORLANDO,ORANGE,,,,PUBLIC SCHOOL,,,,,,,,,"-81.36733487,28.47373442",-81.36733487,28.47373442,,,,,,
ORLANDO,ORANGE,,,,PUBLIC SCHOOL,,,,,,,,,"-81.41120453,28.51248484",-81.41120453,28.51248484,,,,,,
ORLANDO,ORANGE,,,,PUBLIC SCHOOL,,,,,,,,,"-81.44867011,28.57985636",-81.44867011,28.57985636,,,,,,
ORLANDO,ORANGE,,,,PUBLIC SCHOOL,,,,,,,,,"-81.49298723,28.46933117",-81.49298723,28.46933117,,,,,,
ORLANDO,ORANGE,,,,PUBLIC SCHOOL,,,,,,,,,"-81.43485510,28.36753381",-81.43485510,28.36753381,,,,,,
ORLANDO,ORANGE,,,,PUBLIC SCHOOL,,,,,,,,,"-81.27171445,28.47430415",-81.27171445,28.47430415,,,,,,
ORLANDO,ORANGE,,,,PUBLIC SCHOOL,,,,,,,,,"-81.32048497,28.52478971",-81.32048497,28.52478971,,,,,,
ORLANDO,ORANGE,,,,PUBLIC SCHOOL,,,,,,,,,"-81.47739096,28.58097103",-81.47739096,28.58097103,,,,,,
ORLANDO,ORANGE,,,,PUBLIC SCHOOL,,,,,,,,,"-81.27410000,28.50450002",-81.27410000,28.50450002,,,,,,
ORLANDO,ORANGE,,,,PUBLIC SCHOOL,,,,,,,,,"-81.16275118,28.51106899",-81.16275118,28.51106899,,,,,,
ORLANDO,ORANGE,,,,PUBLIC SCHOOL,,,,,,,,,"-81.38788000,28.44963000",-81.38788000,28.44963000,,,,,,
ORLANDO,ORANGE,,,,PUBLIC SCHOOL,,,,,,,,,"-81.37915188,28.46112746",-81.37915188,28.46112746,,,,,,
ORLANDO,ORANGE,,,,PUBLIC SCHOOL,,,,,,,,,"-81.38378240,28.55032136",-81.38378240,28.55032136,,,,,,
ORLANDO,ORANGE,,,,PUBLIC SCHOOL,,,,,,,,,"-81.44934579,28.57098173",-81.44934579,28.57098173,,,,,,
ORLANDO,ORANGE,,,,PUBLIC SCHOOL,,,,,,,,,"-81.35108475,28.53094136",-81.35108475,28.53094136,,,,,,
ORLANDO,ORANGE,,,,PUBLIC SCHOOL,,,,,,,,,"-81.39531723,28.46449395",-81.39531723,28.46449395,,,,,,
ORLANDO,ORANGE,,,,PUBLIC SCHOOL,,,,,,,,,"-81.28309571,28.49111416",-81.28309571,28.49111416,,,,,,
ORLANDO,ORANGE,,,,PUBLIC SCHOOL,,,,,,,,,"-81.44429370,28.48562264",-81.44429370,28.48562264,,,,,,
ORLANDO,ORANGE,,,,PUBLIC SCHOOL,,,,,,,,,"-81.39169999,28.54229999",-81.39169999,28.54229999,,,,,,
ORLANDO,ORANGE,,,,PUBLIC SCHOOL,,,,,,,,,"-81.47090557,28.56077208",-81.47090557,28.56077208,,,,,,
ORLANDO,ORANGE,,,,PUBLIC SCHOOL,,,,,,,,,"-81.39769986,28.45686106",-81.39769986,28.45686106,,,,,,
ORLANDO,ORANGE,,,,PUBLIC SCHOOL,,,,,,,,,"-81.21561466,28.57812682",-81.21561466,28.57812682,,,,,,
ORLANDO,ORANGE,,,,PUBLIC SCHOOL,,,,,,,,,"-81.40679119,28.54845608",-81.40679119,28.54845608,,,,,,
ORLANDO,ORANGE,,,,PUBLIC SCHOOL,,,,,,,,,"-81.50617482,28.49807391",-81.50617482,28.49807391,,,,,,
ORLANDO,ORANGE,,,,PUBLIC SCHOOL,,,,,,,,,"-81.48304361,28.55686609",-81.48304361,28.55686609,,,,,,
ORLANDO,ORANGE,,,,PUBLIC SCHOOL,,,,,,,,,"-81.27269717,28.51187252",-81.27269717,28.51187252,,,,,,
ORLANDO,ORANGE,,,,PUBLIC SCHOOL,,,,,,,,,"-81.45293853,28.51700984",-81.45293853,28.51700984,,,,,,
ORLANDO,ORANGE,,,,PUBLIC SCHOOL,,,,,,,,,"-81.34496757,28.37100419",-81.34496757,28.37100419,,,,,,
ORLANDO,ORANGE,,,,PUBLIC SCHOOL,,,,,,,,,"-81.32960399,28.48369664",-81.32960399,28.48369664,,,,,,
ORLANDO,ORANGE,,,,PUBLIC SCHOOL,,,,,,,,,"-81.36222223,28.39361111",-81.36222223,28.39361111,,,,,,
ORLANDO,ORANGE,,,,PUBLIC SCHOOL,,,,,,,,,"-81.44061870,28.60423027",-81.44061870,28.60423027,,,,,,
ORLANDO,ORANGE,,,,PUBLIC SCHOOL,,,,,,,,,"-81.34691766,28.54899417",-81.34691766,28.54899417,,,,,,
ORLANDO,ORANGE,,,,PUBLIC SCHOOL,,,,,,,,,"-81.39863023,28.60305086",-81.39863023,28.60305086,,,,,,
ORLANDO,ORANGE,,,,PUBLIC SCHOOL,,,,,,,,,"-81.16335403,28.55333333",-81.16335403,28.55333333,,,,,,
ORLANDO,ORANGE,,,,PUBLIC SCHOOL,,,,,,,,,"-81.14897593,28.51119711",-81.14897593,28.51119711,,,,,,
ORLANDO,ORANGE,,,,PUBLIC SCHOOL,,,,,,,,,"-81.38072435,28.38544144",-81.38072435,28.38544144,,,,,,
ORLANDO,ORANGE,,,,PUBLIC SCHOOL,,,,,,,,,"-81.39045832,28.52599597",-81.39045832,28.52599597,,,,,,
ORLANDO,ORANGE,,,,PUBLIC SCHOOL,,,,,,,,,"-81.36545334,28.55076200",-81.36545334,28.55076200,,,,,,
ORLANDO,ORANGE,,,,PUBLIC SCHOOL,,,,,,,,,"-81.47687984,28.46936253",-81.47687984,28.46936253,,,,,,
ORLANDO,ORANGE,,,,PUBLIC SCHOOL,,,,,,,,,"-81.31171681,28.51789512",-81.31171681,28.51789512,,,,,,
ORLANDO,ORANGE,,,,PUBLIC SCHOOL,,,,,,,,,"-81.38800785,28.54647356",-81.38800785,28.54647356,,,,,,
ORLANDO,ORANGE,,,,PUBLIC SCHOOL,,,,,,,,,"-81.21737165,28.40925819",-81.21737165,28.40925819,,,,,,
ORLANDO,ORANGE,,,,PUBLIC SCHOOL,,,,,,,,,"-81.50491721,28.49194834",-81.50491721,28.49194834,,,,,,
ORLANDO,ORANGE,,,,PUBLIC SCHOOL,,,,,,,,,"-81.30180000,28.53099998",-81.30180000,28.53099998,,,,,,
ORLANDO,ORANGE,,,,PUBLIC SCHOOL,,,,,,,,,"-81.36257054,28.37142936",-81.36257054,28.37142936,,,,,,
ORLANDO,ORANGE,,,,PUBLIC SCHOOL,,,,,,,,,"-81.20869163,28.57262194",-81.20869163,28.57262194,,,,,,
ORLANDO,ORANGE,,,,PUBLIC SCHOOL,,,,,,,,,"-81.23534471,28.51650805",-81.23534471,28.51650805,,,,,,
ORLANDO,ORANGE,,,,PUBLIC SCHOOL,,,,,,,,,"-81.42062029,28.50269631",-81.42062029,28.50269631,,,,,,
ORLANDO,ORANGE,,,,PUBLIC SCHOOL,,,,,,,,,"-81.48740725,28.56843447",-81.48740725,28.56843447,,,,,,
ORLANDO,ORANGE,,,,PUBLIC SCHOOL,,,,,,,,,"-81.20094456,28.58002846",-81.20094456,28.58002846,,,,,,
ORLANDO,ORANGE,,,,PUBLIC SCHOOL,,,,,,,,,"-81.39856432,28.60497666",-81.39856432,28.60497666,,,,,,
ORLANDO,ORANGE,,,,PUBLIC SCHOOL,,,,,,,,,"-81.35463820,28.49806488",-81.35463820,28.49806488,,,,,,
ORLANDO,ORANGE,,,,PUBLIC SCHOOL,,,,,,,,,"-81.35849832,28.42599701",-81.35849832,28.42599701,,,,,,
ORLANDO,ORANGE,,,,PUBLIC SCHOOL,,,,,,,,,"-81.29592631,28.57301492",-81.29592631,28.57301492,,,,,,
ORLANDO,ORANGE,,,,PUBLIC SCHOOL,,,,,,,,,"-81.29661487,28.56010413",-81.29661487,28.56010413,,,,,,
ORLANDO,ORANGE,,,,PUBLIC SCHOOL,,,,,,,,,"-81.32754852,28.53779831",-81.32754852,28.53779831,,,,,,
ORLANDO,ORANGE,,,,PUBLIC SCHOOL,,,,,,,,,"-81.40370730,28.57789562",-81.40370730,28.57789562,,,,,,
ORLANDO,ORANGE,,,,PUBLIC SCHOOL,,,,,,,,,"-81.25980001,28.48990002",-81.25980001,28.48990002,,,,,,
ORLANDO,ORANGE,,,,PUBLIC SCHOOL,,,,,,,,,"-81.34398025,28.39425287",-81.34398025,28.39425287,,,,,,
ORLANDO,ORANGE,,,,PUBLIC SCHOOL,,,,,,,,,"-81.50599546,28.43423587",-81.50599546,28.43423587,,,,,,
ORLANDO,ORANGE,,,,PUBLIC SCHOOL,,,,,,,,,"-81.44293359,28.62435771",-81.44293359,28.62435771,,,,,,
ORLANDO,ORANGE,,,,PUBLIC SCHOOL,,,,,,,,,"-81.46279613,28.58606462",-81.46279613,28.58606462,,,,,,
ORLANDO,ORANGE,,,,PUBLIC SCHOOL,,,,,,,,,"-81.47484721,28.53797904",-81.47484721,28.53797904,,,,,,
ORLANDO,ORANGE,,,,PUBLIC SCHOOL,,,,,,,,,"-81.25789883,28.47446931",-81.25789883,28.47446931,,,,,,
ORLANDO,ORANGE,,,,PUBLIC SCHOOL,,,,,,,,,"-81.41233744,28.61214182",-81.41233744,28.61214182,,,,,,
ORLANDO,ORANGE,,,,PUBLIC SCHOOL,,,,,,,,,"-81.46283931,28.59534541",-81.46283931,28.59534541,,,,,,
ORLANDO,ORANGE,,,,PUBLIC SCHOOL,,,,,,,,,"-81.21921728,28.58563117",-81.21921728,28.58563117,,,,,,
ORLANDO,ORANGE,,,,PUBLIC SCHOOL,,,,,,,,,"-81.37707729,28.46117107",-81.37707729,28.46117107,,,,,,
ORLANDO,ORANGE,,,,PUBLIC SCHOOL,,,,,,,,,"-81.39782576,28.49762681",-81.39782576,28.49762681,,,,,,
ORLANDO,ORANGE,,,,PUBLIC SCHOOL,,,,,,,,,"-81.35939999,28.52010000",-81.35939999,28.52010000,,,,,,
ORLANDO,ORANGE,,,,PUBLIC SCHOOL,,,,,,,,,"-81.42233924,28.52928500",-81.42233924,28.52928500,,,,,,
ORLANDO,ORANGE,,,,PUBLIC SCHOOL,,,,,,,,,"-81.39169922,28.58180276",-81.39169922,28.58180276,,,,,,
ORLANDO,ORANGE,,,,PUBLIC SCHOOL,,,,,,,,,"-81.49020000,28.46160002",-81.49020000,28.46160002,,,,,,
ORLANDO,ORANGE,,,,PUBLIC SCHOOL,,,,,,,,,"-81.29484287,28.52530110",-81.29484287,28.52530110,,,,,,
ORLANDO,ORANGE,,,,PUBLIC SCHOOL,,,,,,,,,"-81.46777823,28.51901101",-81.46777823,28.51901101,,,,,,
ORLANDO,ORANGE,,,,PUBLIC SCHOOL,,,,,,,,,"-81.31586120,28.49598401",-81.31586120,28.49598401,,,,,,
ORLANDO,ORANGE,,,,PUBLIC SCHOOL,,,,,,,,,"-81.43070389,28.35927154",-81.43070389,28.35927154,,,,,,
ORLANDO,ORANGE,,,,PUBLIC SCHOOL,,,,,,,,,"-81.45660843,28.56010017",-81.45660843,28.56010017,,,,,,
ORLANDO,ORANGE,,,,PUBLIC SCHOOL,,,,,,,,,"-81.50447629,28.60008168",-81.50447629,28.60008168,,,,,,
ORLANDO,ORANGE,,,,PUBLIC SCHOOL,,,,,,,,,"-81.37848744,28.38210112",-81.37848744,28.38210112,,,,,,
ORLANDO,ORANGE,,,,PUBLIC SCHOOL,,,,,,,,,"-81.39009848,28.57941059",-81.39009848,28.57941059,,,,,,
ORLANDO,ORANGE,,,,PUBLIC SCHOOL,,,,,,,,,"-81.43799998,28.54410000",-81.43799998,28.54410000,,,,,,
ORLANDO,ORANGE,,,,PUBLIC SCHOOL,,,,,,,,,"-81.43081322,28.46677048",-81.43081322,28.46677048,,,,,,
ORLANDO,ORANGE,,,,PUBLIC SCHOOL,,,,,,,,,"-81.36708946,28.54524262",-81.36708946,28.54524262,,,,,,
ORLANDO,ORANGE,,,,PUBLIC SCHOOL,,,,,,,,,"-81.19238960,28.54224567",-81.19238960,28.54224567,,,,,,
ORLANDO,ORANGE,,,,PUBLIC SCHOOL,,,,,,,,,"-81.47461871,28.54067581",-81.47461871,28.54067581,,,,,,
ORLANDO,ORANGE,,,,PUBLIC SCHOOL,,,,,,,,,"-81.41482863,28.54049105",-81.41482863,28.54049105,,,,,,
ORLANDO,ORANGE,,,,PUBLIC SCHOOL,,,,,,,,,"-81.44710962,28.59024370",-81.44710962,28.59024370,,,,,,
ORLANDO,ORANGE,,,,PUBLIC SCHOOL,,,,,,,,,"-81.43174560,28.56647037",-81.43174560,28.56647037,,,,,,
ORLANDO,ORANGE,,,,PUBLIC SCHOOL,,,,,,,,,"-81.34438950,28.44913151",-81.34438950,28.44913151,,,,,,
ORLANDO,ORANGE,,,,PUBLIC SCHOOL,,,,,,,,,"-81.39998255,28.53327895",-81.39998255,28.53327895,,,,,,
ORLANDO,ORANGE,,,,PUBLIC SCHOOL,,,,,,,,,"-81.16703334,28.59548303",-81.16703334,28.59548303,,,,,,
ORLANDO,ORANGE,,,,PUBLIC SCHOOL,,,,,,,,,"-81.26950615,28.54579658",-81.26950615,28.54579658,,,,,,
ORLANDO,ORANGE,,,,PUBLIC SCHOOL,,,,,,,,,"-81.24561501,28.38080725",-81.24561501,28.38080725,,,,,,
ORLANDO,ORANGE,,,,PUBLIC SCHOOL,,,,,,,,,"-81.30802355,28.48551792",-81.30802355,28.48551792,,,,,,
ORLANDO,ORANGE,,,,PUBLIC SCHOOL,,,,,,,,,"-81.31371606,28.54585565",-81.31371606,28.54585565,,,,,,
ORLANDO,ORANGE,,,,PUBLIC SCHOOL,,,,,,,,,"-81.42702095,28.36145514",-81.42702095,28.36145514,,,,,,
ORLANDO,ORANGE,,,,PUBLIC SCHOOL,,,,,,,,,"-81.32801059,28.50174206",-81.32801059,28.50174206,,,,,,
ORLANDO,ORANGE,,,,PUBLIC SCHOOL,,,,,,,,,"-81.37557860,28.50645286",-81.37557860,28.50645286,,,,,,
ORLANDO,ORANGE,,,,PUBLIC SCHOOL,,,,,,,,,"-81.40125164,28.60448671",-81.40125164,28.60448671,,,,,,
ORLANDO,ORANGE,,,,PUBLIC SCHOOL,,,,,,,,,"-81.12296926,28.57665958",-81.12296926,28.57665958,,,,,,
ORLANDO,ORANGE,,,,PUBLIC SCHOOL,,,,,,,,,"-81.35933680,28.56071683",-81.35933680,28.56071683,,,,,,
ORLANDO,ORANGE,,,,PUBLIC SCHOOL,,,,,,,,,"-81.38370983,28.57180833",-81.38370983,28.57180833,,,,,,
ORLANDO,ORANGE,,,,PUBLIC SCHOOL,,,,,,,,,"-81.42274610,28.46966103",-81.42274610,28.46966103,,,,,,
ORLANDO,ORANGE,,,,PUBLIC SCHOOL,,,,,,,,,"-81.12989937,28.56462251",-81.12989937,28.56462251,,,,,,
ORLANDO,ORANGE,,,,PUBLIC SCHOOL,,,,,,,,,"-81.38475132,28.54978841",-81.38475132,28.54978841,,,,,,
ORLANDO,ORANGE,,,,PUBLIC SCHOOL,,,,,,,,,"-81.35417798,28.53905550",-81.35417798,28.53905550,,,,,,
ORLANDO,ORANGE,,,,PUBLIC SCHOOL,,,,,,,,,"-81.42227754,28.62126445",-81.42227754,28.62126445,,,,,,
ORLANDO,ORANGE,,,,PUBLIC SCHOOL,,,,,,,,,"-81.37439137,28.35474223",-81.37439137,28.35474223,,,,,,
ORLANDO,ORANGE,,,,PUBLIC SCHOOL,,,,,,,,,"-81.24565716,28.56728838",-81.24565716,28.56728838,,,,,,
ORLANDO,ORANGE,,,,PUBLIC SCHOOL,,,,,,,,,"-81.42349878,28.38386967",-81.42349878,28.38386967,,,,,,
ORLANDO,ORANGE,,,,PUBLIC SCHOOL,,,,,,,,,"-81.48747568,28.60464838",-81.48747568,28.60464838,,,,,,
ORLANDO,ORANGE,,,,PUBLIC SCHOOL,,,,,,,,,"-81.30334901,28.53068007",-81.30334901,28.53068007,,,,,,
ORLANDO,ORANGE,,,,PUBLIC SCHOOL,,,,,,,,,"-81.41758423,28.41501934",-81.41758423,28.41501934,,,,,,
ORLANDO,ORANGE,,,,PUBLIC SCHOOL,,,,,,,,,"-81.33235399,28.56672845",-81.33235399,28.56672845,,,,,,
ORLANDO,ORANGE,,,,PUBLIC SCHOOL,,,,,,,,,"-81.40720001,28.48040000",-81.40720001,28.48040000,,,,,,
ORLANDO,ORANGE,,,,PUBLIC SCHOOL,,,,,,,,,"-81.26198971,28.42185522",-81.26198971,28.42185522,,,,,,
ORLANDO,ORANGE,,,,PUBLIC SCHOOL,,,,,,,,,"-81.25339390,28.58752156",-81.25339390,28.58752156,,,,,,
ORLANDO,ORANGE,,,,PUBLIC SCHOOL,,,,,,,,,"-81.45870741,28.54174977",-81.45870741,28.54174977,,,,,,
ORLANDO,ORANGE,,,,PUBLIC SCHOOL,,,,,,,,,"-81.43140000,28.57709998",-81.43140000,28.57709998,,,,,,
ORLANDO,ORANGE,,,,PUBLIC SCHOOL,,,,,,,,,"-81.49487459,28.58004529",-81.49487459,28.58004529,,,,,,
ORLANDO,ORANGE,,,,PUBLIC SCHOOL,,,,,,,,,"-81.42131843,28.47063408",-81.42131843,28.47063408,,,,,,
ORLANDO,ORANGE,,,,PUBLIC SCHOOL,,,,,,,,,"-81.36926289,28.53559494",-81.36926289,28.53559494,,,,,,
ORLANDO,ORANGE,,,,PUBLIC SCHOOL,,,,,,,,,"-81.42010576,28.63339369",-81.42010576,28.63339369,,,,,,
ORLANDO,ORANGE,,,,PUBLIC SCHOOL,,,,,,,,,"-81.49380133,28.52054142",-81.49380133,28.52054142,,,,,,
ORLANDO,ORANGE,,,,PUBLIC SCHOOL,,,,,,,,,"-81.16296461,28.54981996",-81.16296461,28.54981996,,,,,,
ORLANDO,ORANGE,,,,PUBLIC SCHOOL,,,,,,,,,"-81.30214265,28.55367647",-81.30214265,28.55367647,,,,,,
ORLANDO,ORANGE,,,,PUBLIC SCHOOL,,,,,,,,,"-81.15318891,28.52620481",-81.15318891,28.52620481,,,,,,
ORLANDO,ORANGE,,,,PUBLIC SCHOOL,,,,,,,,,"-81.40631805,28.51199417",-81.40631805,28.51199417,,,,,,
ORLANDO,ORANGE,,,,PUBLIC SCHOOL,,,,,,,,,"-81.36505105,28.51447593",-81.36505105,28.51447593,,,,,,
ORLANDO,ORANGE,,,,PUBLIC SCHOOL,,,,,,,,,"-81.49277681,28.41185957",-81.49277681,28.41185957,,,,,,
ORLANDO,ORANGE,,,,PUBLIC SCHOOL,,,,,,,,,"-81.19268888,28.58171412",-81.19268888,28.58171412,,,,,,
ORLANDO,ORANGE,,,,PUBLIC SCHOOL,,,,,,,,,"-81.39444026,28.51045035",-81.39444026,28.51045035,,,,,,
ORLANDO,ORANGE,,,,PUBLIC SCHOOL,,,,,,,,,"-81.37709083,28.54423773",-81.37709083,28.54423773,,,,,,
ORLANDO,ORANGE,,,,PUBLIC SCHOOL,,,,,,,,,"-81.24928497,28.57144877",-81.24928497,28.57144877,,,,,,
ORLANDO,ORANGE,,,,PUBLIC SCHOOL,,,,,,,,,"-81.33840954,28.44225714",-81.33840954,28.44225714,,,,,,
ORLANDO,ORANGE,,,,PUBLIC SCHOOL,,,,,,,,,"-81.35236221,28.51016071",-81.35236221,28.51016071,,,,,,
ORLANDO,ORANGE,,,,PUBLIC SCHOOL,,,,,,,,,"-81.41858716,28.40771403",-81.41858716,28.40771403,,,,,,
ORLANDO,ORANGE,,,,PUBLIC SCHOOL,,,,,,,,,"-81.49400812,28.48369315",-81.49400812,28.48369315,,,,,,
ORLANDO,ORANGE,,,,PUBLIC SCHOOL,,,,,,,,,"-81.25383747,28.52527248",-81.25383747,28.52527248,,,,,,
ORLANDO,ORANGE,,,,PUBLIC SCHOOL,,,,,,,,,"-81.22269708,28.50812807",-81.22269708,28.50812807,,,,,,
ORLANDO,ORANGE,,,,PUBLIC SCHOOL,,,,,,,,,"-81.34890014,28.35495562",-81.34890014,28.35495562,,,,,,
ORLANDO,ORANGE,,,,PUBLIC SCHOOL,,,,,,,,,"-81.38624284,28.47119399",-81.38624284,28.47119399,,,,,,
ORLANDO,ORANGE,,,,PUBLIC SCHOOL,,,,,,,,,"-81.43569999,28.52580000",-81.43569999,28.52580000,,,,,,
ORLANDO,ORANGE,,,,PUBLIC SCHOOL,,,,,,,,,"-81.49094662,28.58328615",-81.49094662,28.58328615,,,,,,
ORLANDO,ORANGE,,,,PUBLIC SCHOOL,,,,,,,,,"-81.22726846,28.55512404",-81.22726846,28.55512404,,,,,,
ORLANDO,ORANGE,,,,PUBLIC SCHOOL,,,,,,,,,"-81.47354862,28.47728628",-81.47354862,28.47728628,,,,,,
ORLANDO,ORANGE,,,,PUBLIC SCHOOL,,,,,,,,,"-81.26810001,28.50180000",-81.26810001,28.50180000,,,,,,
ORLANDO,ORANGE,,,,PUBLIC SCHOOL,,,,,,,,,"-81.20183845,28.56310285",-81.20183845,28.56310285,,,,,,
ORLANDO,ORANGE,,,,PUBLIC SCHOOL,,,,,,,,,"-81.38258630,28.45391301",-81.38258630,28.45391301,,,,,,
ORLANDO,ORANGE,,,,PUBLIC SCHOOL,,,,,,,,,"-81.43300931,28.52417862",-81.43300931,28.52417862,,,,,,
ORLANDO,ORANGE,,,,PUBLIC SCHOOL,,,,,,,,,"-81.41683497,28.52777116",-81.41683497,28.52777116,,,,,,
ORLANDO,ORANGE,,,,PUBLIC SCHOOL,,,,,,,,,"-81.15234408,28.49987069",-81.15234408,28.49987069,,,,,,
ORLANDO,ORANGE,,,,PUBLIC SCHOOL,,,,,,,,,"-81.32535266,28.52747603",-81.32535266,28.52747603,,,,,,
ORLANDO,ORANGE,,,,PUBLIC SCHOOL,,,,,,,,,"-81.47248298,28.56745530",-81.47248298,28.56745530,,,,,,
MAITLAND,ORANGE,,,,PUBLIC SCHOOL,,,,,,,,,"-81.34417241,28.63456102",-81.34417241,28.63456102,,,,,,
MAITLAND,ORANGE,,,,PUBLIC SCHOOL,,,,,,,,,"-81.38178296,28.61455591",-81.38178296,28.61455591,,,,,,
MAITLAND,ORANGE,,,,PUBLIC SCHOOL,,,,,,,,,"-81.34393115,28.63275245",-81.34393115,28.63275245,,,,,,
MAITLAND,ORANGE,,,,PUBLIC SCHOOL,,,,,,,,,"-81.36430410,28.61307794",-81.36430410,28.61307794,,,,,,
MAITLAND,ORANGE,,,,PUBLIC SCHOOL,,,,,,,,,"-81.37176803,28.63154009",-81.37176803,28.63154009,,,,,,
WINTER GARDEN,ORANGE,,,,PUBLIC SCHOOL,,,,,,,,,"-81.57584650,28.56810697",-81.57584650,28.56810697,,,,,,
WINTER GARDEN,ORANGE,,,,PUBLIC SCHOOL,,,,,,,,,"-81.60775478,28.55791761",-81.60775478,28.55791761,,,,,,
WINTER GARDEN,ORANGE,,,,PUBLIC SCHOOL,,,,,,,,,"-81.56057587,28.59164394",-81.56057587,28.59164394,,,,,,
WINTER GARDEN,ORANGE,,,,PUBLIC SCHOOL,,,,,,,,,"-81.61177361,28.51354538",-81.61177361,28.51354538,,,,,,
WINTER GARDEN,ORANGE,,,,PUBLIC SCHOOL,,,,,,,,,"-81.61350358,28.48037264",-81.61350358,28.48037264,,,,,,
WINTER GARDEN,ORANGE,,,,PUBLIC SCHOOL,,,,,,,,,"-81.57160621,28.55951273",-81.57160621,28.55951273,,,,,,
WINTER GARDEN,ORANGE,,,,PUBLIC SCHOOL,,,,,,,,,"-81.56078865,28.59287158",-81.56078865,28.59287158,,,,,,
WINTER GARDEN,ORANGE,,,,PUBLIC SCHOOL,,,,,,,,,"-81.60330728,28.56499537",-81.60330728,28.56499537,,,,,,
WINTER GARDEN,ORANGE,,,,PUBLIC SCHOOL,,,,,,,,,"-81.60273061,28.53737784",-81.60273061,28.53737784,,,,,,
WINTER GARDEN,ORANGE,,,,PUBLIC SCHOOL,,,,,,,,,"-81.58300278,28.57071723",-81.58300278,28.57071723,,,,,,
WINTER GARDEN,ORANGE,,,,PUBLIC SCHOOL,,,,,,,,,"-81.62199513,28.55425335",-81.62199513,28.55425335,,,,,,
WINTER GARDEN,ORANGE,,,,PUBLIC SCHOOL,,,,,,,,,"-81.56806203,28.56136605",-81.56806203,28.56136605,,,,,,
WINTER GARDEN,ORANGE,,,,PUBLIC SCHOOL,,,,,,,,,"-81.60120044,28.53724133",-81.60120044,28.53724133,,,,,,
WINTER GARDEN,ORANGE,,,,PUBLIC SCHOOL,,,,,,,,,"-81.56751341,28.54041832",-81.56751341,28.54041832,,,,,,
OCOEE,ORANGE,,,,PUBLIC SCHOOL,,,,,,,,,"-81.55754288,28.59999349",-81.55754288,28.59999349,,,,,,
OCOEE,ORANGE,,,,PUBLIC SCHOOL,,,,,,,,,"-81.53467556,28.52535044",-81.53467556,28.52535044,,,,,,
OCOEE,ORANGE,,,,PUBLIC SCHOOL,,,,,,,,,"-81.51436568,28.57107785",-81.51436568,28.57107785,,,,,,
OCOEE,ORANGE,,,,PUBLIC SCHOOL,,,,,,,,,"-81.54252190,28.56653527",-81.54252190,28.56653527,,,,,,
OCOEE,ORANGE,,,,PUBLIC SCHOOL,,,,,,,,,"-81.53620430,28.53951564",-81.53620430,28.53951564,,,,,,
OCOEE,ORANGE,,,,PUBLIC SCHOOL,,,,,,,,,"-81.54141951,28.56486944",-81.54141951,28.56486944,,,,,,
GOTHA,ORANGE,,,,PUBLIC SCHOOL,,,,,,,,,"-81.51889374,28.54816918",-81.51889374,28.54816918,,,,,,
GOTHA,ORANGE,,,,PUBLIC SCHOOL,,,,,,,,,"-81.51161929,28.52917217",-81.51161929,28.52917217,,,,,,
APOPKA,ORANGE,,,,PUBLIC SCHOOL,,,,,,,,,"-81.47362295,28.63816770",-81.47362295,28.63816770,,,,,,
APOPKA,ORANGE,,,,PUBLIC SCHOOL,,,,,,,,,"-81.52342548,28.69368808",-81.52342548,28.69368808,,,,,,
APOPKA,ORANGE,,,,PUBLIC SCHOOL,,,,,,,,,"-81.52440302,28.68369494",-81.52440302,28.68369494,,,,,,
APOPKA,ORANGE,,,,PUBLIC SCHOOL,,,,,,,,,"-81.54527555,28.72953850",-81.54527555,28.72953850,,,,,,
APOPKA,ORANGE,,,,PUBLIC SCHOOL,,,,,,,,,"-81.47576218,28.65650440",-81.47576218,28.65650440,,,,,,
APOPKA,ORANGE,,,,PUBLIC SCHOOL,,,,,,,,,"-81.47955197,28.63915366",-81.47955197,28.63915366,,,,,,
APOPKA,ORANGE,,,,PUBLIC SCHOOL,,,,,,,,,"-81.51093991,28.71998136",-81.51093991,28.71998136,,,,,,
APOPKA,ORANGE,,,,PUBLIC SCHOOL,,,,,,,,,"-81.51995253,28.66271414",-81.51995253,28.66271414,,,,,,
APOPKA,ORANGE,,,,PUBLIC SCHOOL,,,,,,,,,"-81.47940002,28.64609999",-81.47940002,28.64609999,,,,,,
APOPKA,ORANGE,,,,PUBLIC SCHOOL,,,,,,,,,"-81.50868432,28.68700692",-81.50868432,28.68700692,,,,,,
APOPKA,ORANGE,,,,PUBLIC SCHOOL,,,,,,,,,"-81.54069630,28.72919719",-81.54069630,28.72919719,,,,,,
APOPKA,ORANGE,,,,PUBLIC SCHOOL,,,,,,,,,"-81.52029947,28.69622098",-81.52029947,28.69622098,,,,,,
APOPKA,ORANGE,,,,PUBLIC SCHOOL,,,,,,,,,"-81.48391180,28.66863689",-81.48391180,28.66863689,,,,,,
APOPKA,ORANGE,,,,PUBLIC SCHOOL,,,,,,,,,"-81.46509086,28.68899058",-81.46509086,28.68899058,,,,,,
APOPKA,ORANGE,,,,PUBLIC SCHOOL,,,,,,,,,"-81.50322114,28.62478800",-81.50322114,28.62478800,,,,,,
APOPKA,ORANGE,,,,PUBLIC SCHOOL,,,,,,,,,"-81.50999655,28.68837793",-81.50999655,28.68837793,,,,,,
APOPKA,ORANGE,,,,PUBLIC SCHOOL,,,,,,,,,"-81.49339524,28.67446618",-81.49339524,28.67446618,,,,,,
WINTER PARK,ORANGE,,,,PUBLIC SCHOOL,,,,,,,,,"-81.36175032,28.60453445",-81.36175032,28.60453445,,,,,,
WINTER PARK,ORANGE,,,,PUBLIC SCHOOL,,,,,,,,,"-81.32274562,28.58451902",-81.32274562,28.58451902,,,,,,
WINTER PARK,ORANGE,,,,PUBLIC SCHOOL,,,,,,,,,"-81.30562726,28.60408985",-81.30562726,28.60408985,,,,,,
WINTER PARK,ORANGE,,,,PUBLIC SCHOOL,,,,,,,,,"-81.30892143,28.59793923",-81.30892143,28.59793923,,,,,,
WINTER PARK,ORANGE,,,,PUBLIC SCHOOL,,,,,,,,,"-81.33568251,28.57839649",-81.33568251,28.57839649,,,,,,
WINTER PARK,ORANGE,,,,PUBLIC SCHOOL,,,,,,,,,"-81.38309517,28.59532172",-81.38309517,28.59532172,,,,,,
WINTER PARK,ORANGE,,,,PUBLIC SCHOOL,,,,,,,,,"-81.32902711,28.60662784",-81.32902711,28.60662784,,,,,,
WINTER PARK,ORANGE,,,,PUBLIC SCHOOL,,,,,,,,,"-81.38569760,28.60154868",-81.38569760,28.60154868,,,,,,
WINTER PARK,ORANGE,,,,PUBLIC SCHOOL,,,,,,,,,"-81.31847920,28.59248414",-81.31847920,28.59248414,,,,,,
BELLE ISLE,ORANGE,,,,PUBLIC SCHOOL,,,,,,,,,"-81.36590901,28.47309798",-81.36590901,28.47309798,,,,,,
WINDERMERE,ORANGE,,,,PUBLIC SCHOOL,,,,,,,,,"-81.55709492,28.52621792",-81.55709492,28.52621792,,,,,,
WINDERMERE,ORANGE,,,,PUBLIC SCHOOL,,,,,,,,,"-81.54391280,28.50789190",-81.54391280,28.50789190,,,,,,
WINDERMERE,ORANGE,,,,PUBLIC SCHOOL,,,,,,,,,"-81.55972073,28.45956387",-81.55972073,28.45956387,,,,,,
WINDERMERE,ORANGE,,,,PUBLIC SCHOOL,,,,,,,,,"-81.60004357,28.48840786",-81.60004357,28.48840786,,,,,,
ZELLWOOD,ORANGE,,,,PUBLIC SCHOOL,,,,,,,,,"-81.60155346,28.73537236",-81.60155346,28.73537236,,,,,,
KISSIMMEE,OSCEOLA,,,,PUBLIC SCHOOL,,,,,,,,,"-81.65164060,28.29556632",-81.65164060,28.29556632,,,,,,
KISSIMMEE,OSCEOLA,,,,PUBLIC SCHOOL,,,,,,,,,"-81.48903914,28.22828965",-81.48903914,28.22828965,,,,,,
KISSIMMEE,OSCEOLA,,,,PUBLIC SCHOOL,,,,,,,,,"-81.34346772,28.33406322",-81.34346772,28.33406322,,,,,,
KISSIMMEE,OSCEOLA,,,,PUBLIC SCHOOL,,,,,,,,,"-81.44046779,28.31644390",-81.44046779,28.31644390,,,,,,
KISSIMMEE,OSCEOLA,,,,PUBLIC SCHOOL,,,,,,,,,"-81.33154185,28.28045827",-81.33154185,28.28045827,,,,,,
KISSIMMEE,OSCEOLA,,,,PUBLIC SCHOOL,,,,,,,,,"-81.48984983,28.25257947",-81.48984983,28.25257947,,,,,,
KISSIMMEE,OSCEOLA,,,,PUBLIC SCHOOL,,,,,,,,,"-81.40825408,28.31868265",-81.40825408,28.31868265,,,,,,
KISSIMMEE,OSCEOLA,,,,PUBLIC SCHOOL,,,,,,,,,"-81.37638439,28.31392503",-81.37638439,28.31392503,,,,,,
KISSIMMEE,OSCEOLA,,,,PUBLIC SCHOOL,,,,,,,,,"-81.52335594,28.26216241",-81.52335594,28.26216241,,,,,,
KISSIMMEE,OSCEOLA,,,,PUBLIC SCHOOL,,,,,,,,,"-81.34963000,28.29409000",-81.34963000,28.29409000,,,,,,
KISSIMMEE,OSCEOLA,,,,PUBLIC SCHOOL,,,,,,,,,"-81.34918458,28.29391502",-81.34918458,28.29391502,,,,,,
KISSIMMEE,OSCEOLA,,,,PUBLIC SCHOOL,,,,,,,,,"-81.40208064,28.34154913",-81.40208064,28.34154913,,,,,,
KISSIMMEE,OSCEOLA,,,,PUBLIC SCHOOL,,,,,,,,,"-81.43729347,28.18602521",-81.43729347,28.18602521,,,,,,
KISSIMMEE,OSCEOLA,,,,PUBLIC SCHOOL,,,,,,,,,"-81.36837028,28.32790466",-81.36837028,28.32790466,,,,,,
KISSIMMEE,OSCEOLA,,,,PUBLIC SCHOOL,,,,,,,,,"-81.40402361,28.30206537",-81.40402361,28.30206537,,,,,,
KISSIMMEE,OSCEOLA,,,,PUBLIC SCHOOL,,,,,,,,,"-81.44175305,28.16240601",-81.44175305,28.16240601,,,,,,
KISSIMMEE,OSCEOLA,,,,PUBLIC SCHOOL,,,,,,,,,"-81.42593127,28.28795626",-81.42593127,28.28795626,,,,,,
KISSIMMEE,OSCEOLA,,,,PUBLIC SCHOOL,,,,,,,,,"-81.35590515,28.28378362",-81.35590515,28.28378362,,,,,,
KISSIMMEE,OSCEOLA,,,,PUBLIC SCHOOL,,,,,,,,,"-81.64706870,28.31870917",-81.64706870,28.31870917,,,,,,
KISSIMMEE,OSCEOLA,,,,PUBLIC SCHOOL,,,,,,,,,"-81.35126044,28.31177911",-81.35126044,28.31177911,,,,,,
KISSIMMEE,OSCEOLA,,,,PUBLIC SCHOOL,,,,,,,,,"-81.28153907,28.33453700",-81.28153907,28.33453700,,,,,,
KISSIMMEE,OSCEOLA,,,,PUBLIC SCHOOL,,,,,,,,,"-81.48608639,28.18196113",-81.48608639,28.18196113,,,,,,
KISSIMMEE,OSCEOLA,,,,PUBLIC SCHOOL,,,,,,,,,"-81.33409970,28.25869543",-81.33409970,28.25869543,,,,,,
KISSIMMEE,OSCEOLA,,,,PUBLIC SCHOOL,,,,,,,,,"-81.49014424,28.23632444",-81.49014424,28.23632444,,,,,,
KISSIMMEE,OSCEOLA,,,,PUBLIC SCHOOL,,,,,,,,,"-81.43772466,28.31660630",-81.43772466,28.31660630,,,,,,
KISSIMMEE,OSCEOLA,,,,PUBLIC SCHOOL,,,,,,,,,"-81.34925761,28.29857694",-81.34925761,28.29857694,,,,,,
KISSIMMEE,OSCEOLA,,,,PUBLIC SCHOOL,,,,,,,,,"-81.56887565,28.29830403",-81.56887565,28.29830403,,,,,,
KISSIMMEE,OSCEOLA,,,,PUBLIC SCHOOL,,,,,,,,,"-81.32954163,28.28056548",-81.32954163,28.28056548,,,,,,
KISSIMMEE,OSCEOLA,,,,PUBLIC SCHOOL,,,,,,,,,"-81.49758512,28.16957365",-81.49758512,28.16957365,,,,,,
KISSIMMEE,OSCEOLA,,,,PUBLIC SCHOOL,,,,,,,,,"-81.36200307,28.32761436",-81.36200307,28.32761436,,,,,,
KISSIMMEE,OSCEOLA,,,,PUBLIC SCHOOL,,,,,,,,,"-81.48663630,28.15507709",-81.48663630,28.15507709,,,,,,
KISSIMMEE,OSCEOLA,,,,PUBLIC SCHOOL,,,,,,,,,"-81.44833836,28.13973635",-81.44833836,28.13973635,,,,,,
KISSIMMEE,OSCEOLA,,,,PUBLIC SCHOOL,,,,,,,,,"-81.34874000,28.28927000",-81.34874000,28.28927000,,,,,,
KISSIMMEE,OSCEOLA,,,,PUBLIC SCHOOL,,,,,,,,,"-81.40419028,28.33280516",-81.40419028,28.33280516,,,,,,
KISSIMMEE,OSCEOLA,,,,PUBLIC SCHOOL,,,,,,,,,"-81.54451707,28.31950747",-81.54451707,28.31950747,,,,,,
KISSIMMEE,OSCEOLA,,,,PUBLIC SCHOOL,,,,,,,,,"-81.41052014,28.31791543",-81.41052014,28.31791543,,,,,,
KISSIMMEE,OSCEOLA,,,,PUBLIC SCHOOL,,,,,,,,,"-81.42309467,28.29530405",-81.42309467,28.29530405,,,,,,
KISSIMMEE,OSCEOLA,,,,PUBLIC SCHOOL,,,,,,,,,"-81.46397915,28.24354442",-81.46397915,28.24354442,,,,,,
KISSIMMEE,OSCEOLA,,,,PUBLIC SCHOOL,,,,,,,,,"-81.37746963,28.31069157",-81.37746963,28.31069157,,,,,,
KISSIMMEE,OSCEOLA,,,,PUBLIC SCHOOL,,,,,,,,,"-81.50154645,28.16572926",-81.50154645,28.16572926,,,,,,
KISSIMMEE,OSCEOLA,,,,PUBLIC SCHOOL,,,,,,,,,"-81.35963927,28.29508857",-81.35963927,28.29508857,,,,,,
KISSIMMEE,OSCEOLA,,,,PUBLIC SCHOOL,,,,,,,,,"-81.42892608,28.30695604",-81.42892608,28.30695604,,,,,,
KISSIMMEE,OSCEOLA,,,,PUBLIC SCHOOL,,,,,,,,,"-81.37828039,28.33077134",-81.37828039,28.33077134,,,,,,
KISSIMMEE,OSCEOLA,,,,PUBLIC SCHOOL,,,,,,,,,"-81.40907497,28.30686521",-81.40907497,28.30686521,,,,,,
KISSIMMEE,OSCEOLA,,,,PUBLIC SCHOOL,,,,,,,,,"-81.35960731,28.29727248",-81.35960731,28.29727248,,,,,,
KISSIMMEE,OSCEOLA,,,,PUBLIC SCHOOL,,,,,,,,,"-81.46104901,28.24800189",-81.46104901,28.24800189,,,,,,
KISSIMMEE,OSCEOLA,,,,PUBLIC SCHOOL,,,,,,,,,"-81.40034822,28.32028898",-81.40034822,28.32028898,,,,,,
KISSIMMEE,OSCEOLA,,,,PUBLIC SCHOOL,,,,,,,,,"-81.43602746,28.33303162",-81.43602746,28.33303162,,,,,,
KISSIMMEE,OSCEOLA,,,,PUBLIC SCHOOL,,,,,,,,,"-81.45465196,28.10996928",-81.45465196,28.10996928,,,,,,
KISSIMMEE,OSCEOLA,,,,PUBLIC SCHOOL,,,,,,,,,"-81.43328203,28.27236226",-81.43328203,28.27236226,,,,,,
SAINT CLOUD,OSCEOLA,,,,PUBLIC SCHOOL,,,,,,,,,"-81.23377153,28.32658819",-81.23377153,28.32658819,,,,,,
SAINT CLOUD,OSCEOLA,,,,PUBLIC SCHOOL,,,,,,,,,"-81.30231838,28.25413794",-81.30231838,28.25413794,,,,,,
SAINT CLOUD,OSCEOLA,,,,PUBLIC SCHOOL,,,,,,,,,"-81.15272178,28.18790573",-81.15272178,28.18790573,,,,,,
SAINT CLOUD,OSCEOLA,,,,PUBLIC SCHOOL,,,,,,,,,"-81.25500000,28.23289999",-81.25500000,28.23289999,,,,,,
SAINT CLOUD,OSCEOLA,,,,PUBLIC SCHOOL,,,,,,,,,"-81.27408435,28.23726600",-81.27408435,28.23726600,,,,,,
SAINT CLOUD,OSCEOLA,,,,PUBLIC SCHOOL,,,,,,,,,"-81.27511476,28.24008809",-81.27511476,28.24008809,,,,,,
SAINT CLOUD,OSCEOLA,,,,PUBLIC SCHOOL,,,,,,,,,"-81.28045046,28.23986361",-81.28045046,28.23986361,,,,,,
SAINT CLOUD,OSCEOLA,,,,PUBLIC SCHOOL,,,,,,,,,"-81.32705506,28.24760265",-81.32705506,28.24760265,,,,,,
SAINT CLOUD,OSCEOLA,,,,PUBLIC SCHOOL,,,,,,,,,"-81.23527908,28.32744129",-81.23527908,28.32744129,,,,,,
SAINT CLOUD,OSCEOLA,,,,PUBLIC SCHOOL,,,,,,,,,"-81.15402027,28.20149437",-81.15402027,28.20149437,,,,,,
SAINT CLOUD,OSCEOLA,,,,PUBLIC SCHOOL,,,,,,,,,"-81.29089096,28.18590310",-81.29089096,28.18590310,,,,,,
ST CLOUD,OSCEOLA,,,,PUBLIC SCHOOL,,,,,,,,,"-81.29325185,28.24739565",-81.29325185,28.24739565,,,,,,
ST CLOUD,OSCEOLA,,,,PUBLIC SCHOOL,,,,,,,,,"-81.30039612,28.23325163",-81.30039612,28.23325163,,,,,,
KENANSVILLE,OSCEOLA,,,,PUBLIC SCHOOL,,,,,,,,,"-80.99751000,27.87594000",-80.99751000,27.87594000,,,,,,
BOYNTON BEACH,PALM BEACH,,,,PUBLIC SCHOOL,,,,,,,,,"-80.09573982,26.57055005",-80.09573982,26.57055005,,,,,,
BOYNTON BEACH,PALM BEACH,,,,PUBLIC SCHOOL,,,,,,,,,"-80.10445933,26.55048017",-80.10445933,26.55048017,,,,,,
BOYNTON BEACH,PALM BEACH,,,,PUBLIC SCHOOL,,,,,,,,,"-80.09306646,26.52223917",-80.09306646,26.52223917,,,,,,
BOYNTON BEACH,PALM BEACH,,,,PUBLIC SCHOOL,,,,,,,,,"-80.11346400,26.55814207",-80.11346400,26.55814207,,,,,,
BOYNTON BEACH,PALM BEACH,,,,PUBLIC SCHOOL,,,,,,,,,"-80.07174459,26.52971742",-80.07174459,26.52971742,,,,,,
BOYNTON BEACH,PALM BEACH,,,,PUBLIC SCHOOL,,,,,,,,,"-80.08541798,26.54767776",-80.08541798,26.54767776,,,,,,
BOYNTON BEACH,PALM BEACH,,,,PUBLIC SCHOOL,,,,,,,,,"-80.08445668,26.49802392",-80.08445668,26.49802392,,,,,,
BOYNTON BEACH,PALM BEACH,,,,PUBLIC SCHOOL,,,,,,,,,"-80.08358434,26.54077232",-80.08358434,26.54077232,,,,,,
BOYNTON BEACH,PALM BEACH,,,,PUBLIC SCHOOL,,,,,,,,,"-80.19526255,26.52910891",-80.19526255,26.52910891,,,,,,
BOYNTON BEACH,PALM BEACH,,,,PUBLIC SCHOOL,,,,,,,,,"-80.14774520,26.54769801",-80.14774520,26.54769801,,,,,,
BOYNTON BEACH,PALM BEACH,,,,PUBLIC SCHOOL,,,,,,,,,"-80.07074562,26.51729244",-80.07074562,26.51729244,,,,,,
BOYNTON BEACH,PALM BEACH,,,,PUBLIC SCHOOL,,,,,,,,,"-80.08392128,26.54775248",-80.08392128,26.54775248,,,,,,
BOYNTON BEACH,PALM BEACH,,,,PUBLIC SCHOOL,,,,,,,,,"-80.14061147,26.54340803",-80.14061147,26.54340803,,,,,,
BOYNTON BEACH,PALM BEACH,,,,PUBLIC SCHOOL,,,,,,,,,"-80.18312411,26.52631401",-80.18312411,26.52631401,,,,,,
BOYNTON BEACH,PALM BEACH,,,,PUBLIC SCHOOL,,,,,,,,,"-80.08711833,26.48757088",-80.08711833,26.48757088,,,,,,
BOYNTON BEACH,PALM BEACH,,,,PUBLIC SCHOOL,,,,,,,,,"-80.09145951,26.50044515",-80.09145951,26.50044515,,,,,,
BOYNTON BEACH,PALM BEACH,,,,PUBLIC SCHOOL,,,,,,,,,"-80.14586089,26.55161012",-80.14586089,26.55161012,,,,,,
BOYNTON BEACH,PALM BEACH,,,,PUBLIC SCHOOL,,,,,,,,,"-80.16503622,26.51811947",-80.16503622,26.51811947,,,,,,
BOYNTON BEACH,PALM BEACH,,,,PUBLIC SCHOOL,,,,,,,,,"-80.06321577,26.53486675",-80.06321577,26.53486675,,,,,,
BOYNTON BEACH,PALM BEACH,,,,PUBLIC SCHOOL,,,,,,,,,"-80.08326112,26.54740283",-80.08326112,26.54740283,,,,,,
BOYNTON BEACH,PALM BEACH,,,,PUBLIC SCHOOL,,,,,,,,,"-80.14096695,26.51409706",-80.14096695,26.51409706,,,,,,
BOYNTON BEACH,PALM BEACH,,,,PUBLIC SCHOOL,,,,,,,,,"-80.06515280,26.53752927",-80.06515280,26.53752927,,,,,,
BOYNTON BEACH,PALM BEACH,,,,PUBLIC SCHOOL,,,,,,,,,"-80.07581594,26.56199645",-80.07581594,26.56199645,,,,,,
BELLE GLADE,PALM BEACH,,,,PUBLIC SCHOOL,,,,,,,,,"-80.66142759,26.67723030",-80.66142759,26.67723030,,,,,,
BELLE GLADE,PALM BEACH,,,,PUBLIC SCHOOL,,,,,,,,,"-80.67618889,26.67046658",-80.67618889,26.67046658,,,,,,
BELLE GLADE,PALM BEACH,,,,PUBLIC SCHOOL,,,,,,,,,"-80.67115612,26.67739731",-80.67115612,26.67739731,,,,,,
BELLE GLADE,PALM BEACH,,,,PUBLIC SCHOOL,,,,,,,,,"-80.68033522,26.66911169",-80.68033522,26.66911169,,,,,,
BELLE GLADE,PALM BEACH,,,,PUBLIC SCHOOL,,,,,,,,,"-80.67274437,26.69001159",-80.67274437,26.69001159,,,,,,
BELLE GLADE,PALM BEACH,,,,PUBLIC SCHOOL,,,,,,,,,"-80.67868247,26.68464821",-80.67868247,26.68464821,,,,,,
BELLE GLADE,PALM BEACH,,,,PUBLIC SCHOOL,,,,,,,,,"-80.68379515,26.68062862",-80.68379515,26.68062862,,,,,,
BELLE GLADE,PALM BEACH,,,,PUBLIC SCHOOL,,,,,,,,,"-80.67294689,26.69573206",-80.67294689,26.69573206,,,,,,
BELLE GLADE,PALM BEACH,,,,PUBLIC SCHOOL,,,,,,,,,"-80.68166940,26.67725876",-80.68166940,26.67725876,,,,,,
BELLE GLADE,PALM BEACH,,,,PUBLIC SCHOOL,,,,,,,,,"-80.68828215,26.67671273",-80.68828215,26.67671273,,,,,,
DELRAY BEACH,PALM BEACH,,,,PUBLIC SCHOOL,,,,,,,,,"-80.09360693,26.47184714",-80.09360693,26.47184714,,,,,,
DELRAY BEACH,PALM BEACH,,,,PUBLIC SCHOOL,,,,,,,,,"-80.08600420,26.45325220",-80.08600420,26.45325220,,,,,,
DELRAY BEACH,PALM BEACH,,,,PUBLIC SCHOOL,,,,,,,,,"-80.08638909,26.45537701",-80.08638909,26.45537701,,,,,,
DELRAY BEACH,PALM BEACH,,,,PUBLIC SCHOOL,,,,,,,,,"-80.11255044,26.48130896",-80.11255044,26.48130896,,,,,,
DELRAY BEACH,PALM BEACH,,,,PUBLIC SCHOOL,,,,,,,,,"-80.09799997,26.46259390",-80.09799997,26.46259390,,,,,,
DELRAY BEACH,PALM BEACH,,,,PUBLIC SCHOOL,,,,,,,,,"-80.06969422,26.48834010",-80.06969422,26.48834010,,,,,,
DELRAY BEACH,PALM BEACH,,,,PUBLIC SCHOOL,,,,,,,,,"-80.07777275,26.44659029",-80.07777275,26.44659029,,,,,,
DELRAY BEACH,PALM BEACH,,,,PUBLIC SCHOOL,,,,,,,,,"-80.09119812,26.47169467",-80.09119812,26.47169467,,,,,,
DELRAY BEACH,PALM BEACH,,,,PUBLIC SCHOOL,,,,,,,,,"-80.11320874,26.46085424",-80.11320874,26.46085424,,,,,,
DELRAY BEACH,PALM BEACH,,,,PUBLIC SCHOOL,,,,,,,,,"-80.11459461,26.43577917",-80.11459461,26.43577917,,,,,,
DELRAY BEACH,PALM BEACH,,,,PUBLIC SCHOOL,,,,,,,,,"-80.14362094,26.42672577",-80.14362094,26.42672577,,,,,,
DELRAY BEACH,PALM BEACH,,,,PUBLIC SCHOOL,,,,,,,,,"-80.08301401,26.46865376",-80.08301401,26.46865376,,,,,,
BOCA RATON,PALM BEACH,,,,PUBLIC SCHOOL,,,,,,,,,"-80.24756553,26.36187408",-80.24756553,26.36187408,,,,,,
BOCA RATON,PALM BEACH,,,,PUBLIC SCHOOL,,,,,,,,,"-80.11302758,26.35915906",-80.11302758,26.35915906,,,,,,
BOCA RATON,PALM BEACH,,,,PUBLIC SCHOOL,,,,,,,,,"-80.14651401,26.36030047",-80.14651401,26.36030047,,,,,,
BOCA RATON,PALM BEACH,,,,PUBLIC SCHOOL,,,,,,,,,"-80.11984547,26.38410627",-80.11984547,26.38410627,,,,,,
BOCA RATON,PALM BEACH,,,,PUBLIC SCHOOL,,,,,,,,,"-80.11724833,26.36413099",-80.11724833,26.36413099,,,,,,
BOCA RATON,PALM BEACH,,,,PUBLIC SCHOOL,,,,,,,,,"-80.09518668,26.34601613",-80.09518668,26.34601613,,,,,,
BOCA RATON,PALM BEACH,,,,PUBLIC SCHOOL,,,,,,,,,"-80.16709152,26.35516719",-80.16709152,26.35516719,,,,,,
BOCA RATON,PALM BEACH,,,,PUBLIC SCHOOL,,,,,,,,,"-80.20997643,26.34327920",-80.20997643,26.34327920,,,,,,
BOCA RATON,PALM BEACH,,,,PUBLIC SCHOOL,,,,,,,,,"-80.22592297,26.38470951",-80.22592297,26.38470951,,,,,,
BOCA RATON,PALM BEACH,,,,PUBLIC SCHOOL,,,,,,,,,"-80.14771431,26.39932058",-80.14771431,26.39932058,,,,,,
BOCA RATON,PALM BEACH,,,,PUBLIC SCHOOL,,,,,,,,,"-80.22604636,26.38638155",-80.22604636,26.38638155,,,,,,
BOCA RATON,PALM BEACH,,,,PUBLIC SCHOOL,,,,,,,,,"-80.17747888,26.33872032",-80.17747888,26.33872032,,,,,,
BOCA RATON,PALM BEACH,,,,PUBLIC SCHOOL,,,,,,,,,"-80.09608091,26.37377365",-80.09608091,26.37377365,,,,,,
BOCA RATON,PALM BEACH,,,,PUBLIC SCHOOL,,,,,,,,,"-80.22145905,26.36854140",-80.22145905,26.36854140,,,,,,
BOCA RATON,PALM BEACH,,,,PUBLIC SCHOOL,,,,,,,,,"-80.12849387,26.40783267",-80.12849387,26.40783267,,,,,,
BOCA RATON,PALM BEACH,,,,PUBLIC SCHOOL,,,,,,,,,"-80.18890603,26.37729123",-80.18890603,26.37729123,,,,,,
BOCA RATON,PALM BEACH,,,,PUBLIC SCHOOL,,,,,,,,,"-80.22989998,26.34709998",-80.22989998,26.34709998,,,,,,
BOCA RATON,PALM BEACH,,,,PUBLIC SCHOOL,,,,,,,,,"-80.09260954,26.37315590",-80.09260954,26.37315590,,,,,,
BOCA RATON,PALM BEACH,,,,PUBLIC SCHOOL,,,,,,,,,"-80.09083719,26.38063854",-80.09083719,26.38063854,,,,,,
BOCA RATON,PALM BEACH,,,,PUBLIC SCHOOL,,,,,,,,,"-80.14479433,26.39682855",-80.14479433,26.39682855,,,,,,
BOCA RATON,PALM BEACH,,,,PUBLIC SCHOOL,,,,,,,,,"-80.10582679,26.37333945",-80.10582679,26.37333945,,,,,,
BOCA RATON,PALM BEACH,,,,PUBLIC SCHOOL,,,,,,,,,"-80.11263259,26.34699520",-80.11263259,26.34699520,,,,,,
BOCA RATON,PALM BEACH,,,,PUBLIC SCHOOL,,,,,,,,,"-80.24961180,26.35416031",-80.24961180,26.35416031,,,,,,
BOCA RATON,PALM BEACH,,,,PUBLIC SCHOOL,,,,,,,,,"-80.18887909,26.40032655",-80.18887909,26.40032655,,,,,,
BOCA RATON,PALM BEACH,,,,PUBLIC SCHOOL,,,,,,,,,"-80.08894607,26.34823152",-80.08894607,26.34823152,,,,,,
LAKE WORTH,PALM BEACH,,,,PUBLIC SCHOOL,,,,,,,,,"-80.10239698,26.57418501",-80.10239698,26.57418501,,,,,,
LAKE WORTH,PALM BEACH,,,,PUBLIC SCHOOL,,,,,,,,,"-80.09777628,26.63001499",-80.09777628,26.63001499,,,,,,
LAKE WORTH,PALM BEACH,,,,PUBLIC SCHOOL,,,,,,,,,"-80.06279370,26.61767237",-80.06279370,26.61767237,,,,,,
LAKE WORTH,PALM BEACH,,,,PUBLIC SCHOOL,,,,,,,,,"-80.06625498,26.61564565",-80.06625498,26.61564565,,,,,,
LAKE WORTH,PALM BEACH,,,,PUBLIC SCHOOL,,,,,,,,,"-80.05500283,26.57096468",-80.05500283,26.57096468,,,,,,
LAKE WORTH,PALM BEACH,,,,PUBLIC SCHOOL,,,,,,,,,"-80.06013880,26.58881880",-80.06013880,26.58881880,,,,,,
LAKE WORTH,PALM BEACH,,,,PUBLIC SCHOOL,,,,,,,,,"-80.21678318,26.62010645",-80.21678318,26.62010645,,,,,,
LAKE WORTH,PALM BEACH,,,,PUBLIC SCHOOL,,,,,,,,,"-80.06362654,26.58077899",-80.06362654,26.58077899,,,,,,
LAKE WORTH,PALM BEACH,,,,PUBLIC SCHOOL,,,,,,,,,"-80.11792979,26.63254378",-80.11792979,26.63254378,,,,,,
LAKE WORTH,PALM BEACH,,,,PUBLIC SCHOOL,,,,,,,,,"-80.12347636,26.60667557",-80.12347636,26.60667557,,,,,,
LAKE WORTH,PALM BEACH,,,,PUBLIC SCHOOL,,,,,,,,,"-80.10754549,26.64186048",-80.10754549,26.64186048,,,,,,
LAKE WORTH,PALM BEACH,,,,PUBLIC SCHOOL,,,,,,,,,"-80.12144529,26.59904298",-80.12144529,26.59904298,,,,,,
LAKE WORTH,PALM BEACH,,,,PUBLIC SCHOOL,,,,,,,,,"-80.06098143,26.55666457",-80.06098143,26.55666457,,,,,,
LAKE WORTH,PALM BEACH,,,,PUBLIC SCHOOL,,,,,,,,,"-80.12808501,26.61631923",-80.12808501,26.61631923,,,,,,
LAKE WORTH,PALM BEACH,,,,PUBLIC SCHOOL,,,,,,,,,"-80.07068062,26.63281107",-80.07068062,26.63281107,,,,,,
LAKE WORTH,PALM BEACH,,,,PUBLIC SCHOOL,,,,,,,,,"-80.05494854,26.60664534",-80.05494854,26.60664534,,,,,,
LAKE WORTH,PALM BEACH,,,,PUBLIC SCHOOL,,,,,,,,,"-80.15775514,26.58547879",-80.15775514,26.58547879,,,,,,
LAKE WORTH,PALM BEACH,,,,PUBLIC SCHOOL,,,,,,,,,"-80.10020104,26.58277557",-80.10020104,26.58277557,,,,,,
LAKE WORTH,PALM BEACH,,,,PUBLIC SCHOOL,,,,,,,,,"-80.14472592,26.55837447",-80.14472592,26.55837447,,,,,,
LAKE WORTH,PALM BEACH,,,,PUBLIC SCHOOL,,,,,,,,,"-80.06648269,26.59507158",-80.06648269,26.59507158,,,,,,
LAKE WORTH,PALM BEACH,,,,PUBLIC SCHOOL,,,,,,,,,"-80.09643186,26.60758894",-80.09643186,26.60758894,,,,,,
LAKE WORTH,PALM BEACH,,,,PUBLIC SCHOOL,,,,,,,,,"-80.05461907,26.62577657",-80.05461907,26.62577657,,,,,,
LAKE WORTH,PALM BEACH,,,,PUBLIC SCHOOL,,,,,,,,,"-80.12256181,26.62784044",-80.12256181,26.62784044,,,,,,
LAKE WORTH,PALM BEACH,,,,PUBLIC SCHOOL,,,,,,,,,"-80.12117909,26.60234474",-80.12117909,26.60234474,,,,,,
LAKE WORTH,PALM BEACH,,,,PUBLIC SCHOOL,,,,,,,,,"-80.05970463,26.58393116",-80.05970463,26.58393116,,,,,,
LAKE WORTH,PALM BEACH,,,,PUBLIC SCHOOL,,,,,,,,,"-80.06724795,26.59651787",-80.06724795,26.59651787,,,,,,
LAKE WORTH,PALM BEACH,,,,PUBLIC SCHOOL,,,,,,,,,"-80.13902699,26.59070681",-80.13902699,26.59070681,,,,,,
LAKE WORTH,PALM BEACH,,,,PUBLIC SCHOOL,,,,,,,,,"-80.06644076,26.62293500",-80.06644076,26.62293500,,,,,,
LAKE WORTH,PALM BEACH,,,,PUBLIC SCHOOL,,,,,,,,,"-80.18829117,26.62342780",-80.18829117,26.62342780,,,,,,
LAKE WORTH,PALM BEACH,,,,PUBLIC SCHOOL,,,,,,,,,"-80.10411263,26.57607345",-80.10411263,26.57607345,,,,,,
LAKE WORTH,PALM BEACH,,,,PUBLIC SCHOOL,,,,,,,,,"-80.18815039,26.60064479",-80.18815039,26.60064479,,,,,,
LAKE WORTH,PALM BEACH,,,,PUBLIC SCHOOL,,,,,,,,,"-80.05650698,26.63017478",-80.05650698,26.63017478,,,,,,
LAKE WORTH,PALM BEACH,,,,PUBLIC SCHOOL,,,,,,,,,"-80.15130978,26.57152866",-80.15130978,26.57152866,,,,,,
LAKE WORTH,PALM BEACH,,,,PUBLIC SCHOOL,,,,,,,,,"-80.07015490,26.60141888",-80.07015490,26.60141888,,,,,,
LAKE WORTH,PALM BEACH,,,,PUBLIC SCHOOL,,,,,,,,,"-80.11620388,26.56140841",-80.11620388,26.56140841,,,,,,
PALM BEACH GARDENS,PALM BEACH,,,,PUBLIC SCHOOL,,,,,,,,,"-80.07577300,26.82778140",-80.07577300,26.82778140,,,,,,
PALM BEACH GARDENS,PALM BEACH,,,,PUBLIC SCHOOL,,,,,,,,,"-80.11793720,26.84826342",-80.11793720,26.84826342,,,,,,
PALM BEACH GARDENS,PALM BEACH,,,,PUBLIC SCHOOL,,,,,,,,,"-80.13078510,26.86383757",-80.13078510,26.86383757,,,,,,
PALM BEACH GARDENS,PALM BEACH,,,,PUBLIC SCHOOL,,,,,,,,,"-80.10139183,26.82541825",-80.10139183,26.82541825,,,,,,
PALM BEACH GARDENS,PALM BEACH,,,,PUBLIC SCHOOL,,,,,,,,,"-80.10573412,26.79917460",-80.10573412,26.79917460,,,,,,
PALM BEACH GARDENS,PALM BEACH,,,,PUBLIC SCHOOL,,,,,,,,,"-80.10534416,26.87704824",-80.10534416,26.87704824,,,,,,
PALM BEACH GARDENS,PALM BEACH,,,,PUBLIC SCHOOL,,,,,,,,,"-80.11570966,26.84761907",-80.11570966,26.84761907,,,,,,
PALM BEACH GARDENS,PALM BEACH,,,,PUBLIC SCHOOL,,,,,,,,,"-80.09287620,26.82832018",-80.09287620,26.82832018,,,,,,
PALM BEACH GARDENS,PALM BEACH,,,,PUBLIC SCHOOL,,,,,,,,,"-80.07907487,26.85375899",-80.07907487,26.85375899,,,,,,
PALM BEACH GARDENS,PALM BEACH,,,,PUBLIC SCHOOL,,,,,,,,,"-80.08976996,26.82404077",-80.08976996,26.82404077,,,,,,
PALM BEACH GARDENS,PALM BEACH,,,,PUBLIC SCHOOL,,,,,,,,,"-80.09577982,26.83726872",-80.09577982,26.83726872,,,,,,
RIVIERA BEACH,PALM BEACH,,,,PUBLIC SCHOOL,,,,,,,,,"-80.05931957,26.77250301",-80.05931957,26.77250301,,,,,,
RIVIERA BEACH,PALM BEACH,,,,PUBLIC SCHOOL,,,,,,,,,"-80.09430140,26.78045075",-80.09430140,26.78045075,,,,,,
WEST PALM BEACH,PALM BEACH,,,,PUBLIC SCHOOL,,,,,,,,,"-80.07322771,26.77275311",-80.07322771,26.77275311,,,,,,
WEST PALM BEACH,PALM BEACH,,,,PUBLIC SCHOOL,,,,,,,,,"-80.13027086,26.64586342",-80.13027086,26.64586342,,,,,,
WEST PALM BEACH,PALM BEACH,,,,PUBLIC SCHOOL,,,,,,,,,"-80.24479284,26.70713968",-80.24479284,26.70713968,,,,,,
WEST PALM BEACH,PALM BEACH,,,,PUBLIC SCHOOL,,,,,,,,,"-80.14213927,26.66431745",-80.14213927,26.66431745,,,,,,
WEST PALM BEACH,PALM BEACH,,,,PUBLIC SCHOOL,,,,,,,,,"-80.19914468,26.63281659",-80.19914468,26.63281659,,,,,,
WEST PALM BEACH,PALM BEACH,,,,PUBLIC SCHOOL,,,,,,,,,"-80.09370184,26.64927416",-80.09370184,26.64927416,,,,,,
WEST PALM BEACH,PALM BEACH,,,,PUBLIC SCHOOL,,,,,,,,,"-80.06495509,26.65461586",-80.06495509,26.65461586,,,,,,
WEST PALM BEACH,PALM BEACH,,,,PUBLIC SCHOOL,,,,,,,,,"-80.07185915,26.66799923",-80.07185915,26.66799923,,,,,,
WEST PALM BEACH,PALM BEACH,,,,PUBLIC SCHOOL,,,,,,,,,"-80.06565548,26.78725147",-80.06565548,26.78725147,,,,,,
WEST PALM BEACH,PALM BEACH,,,,PUBLIC SCHOOL,,,,,,,,,"-80.20091992,26.63484009",-80.20091992,26.63484009,,,,,,
WEST PALM BEACH,PALM BEACH,,,,PUBLIC SCHOOL,,,,,,,,,"-80.17118253,26.70563231",-80.17118253,26.70563231,,,,,,
WEST PALM BEACH,PALM BEACH,,,,PUBLIC SCHOOL,,,,,,,,,"-80.11166515,26.70919073",-80.11166515,26.70919073,,,,,,
WEST PALM BEACH,PALM BEACH,,,,PUBLIC SCHOOL,,,,,,,,,"-80.23514373,26.62326354",-80.23514373,26.62326354,,,,,,
WEST PALM BEACH,PALM BEACH,,,,PUBLIC SCHOOL,,,,,,,,,"-80.26517036,26.65013254",-80.26517036,26.65013254,,,,,,
WEST PALM BEACH,PALM BEACH,,,,PUBLIC SCHOOL,,,,,,,,,"-80.11430786,26.65948026",-80.11430786,26.65948026,,,,,,
WEST PALM BEACH,PALM BEACH,,,,PUBLIC SCHOOL,,,,,,,,,"-80.12530138,26.69671001",-80.12530138,26.69671001,,,,,,
WEST PALM BEACH,PALM BEACH,,,,PUBLIC SCHOOL,,,,,,,,,"-80.07839204,26.66282593",-80.07839204,26.66282593,,,,,,
WEST PALM BEACH,PALM BEACH,,,,PUBLIC SCHOOL,,,,,,,,,"-80.06197011,26.68662962",-80.06197011,26.68662962,,,,,,
WEST PALM BEACH,PALM BEACH,,,,PUBLIC SCHOOL,,,,,,,,,"-80.22968882,26.72934607",-80.22968882,26.72934607,,,,,,
WEST PALM BEACH,PALM BEACH,,,,PUBLIC SCHOOL,,,,,,,,,"-80.21045809,26.70832044",-80.21045809,26.70832044,,,,,,
WEST PALM BEACH,PALM BEACH,,,,PUBLIC SCHOOL,,,,,,,,,"-80.10570001,26.75490000",-80.10570001,26.75490000,,,,,,
WEST PALM BEACH,PALM BEACH,,,,PUBLIC SCHOOL,,,,,,,,,"-80.05964670,26.70864818",-80.05964670,26.70864818,,,,,,
WEST PALM BEACH,PALM BEACH,,,,PUBLIC SCHOOL,,,,,,,,,"-80.06962687,26.76757834",-80.06962687,26.76757834,,,,,,
WEST PALM BEACH,PALM BEACH,,,,PUBLIC SCHOOL,,,,,,,,,"-80.08576692,26.69658048",-80.08576692,26.69658048,,,,,,
WEST PALM BEACH,PALM BEACH,,,,PUBLIC SCHOOL,,,,,,,,,"-80.06349879,26.75038431",-80.06349879,26.75038431,,,,,,
WEST PALM BEACH,PALM BEACH,,,,PUBLIC SCHOOL,,,,,,,,,"-80.10805616,26.70175900",-80.10805616,26.70175900,,,,,,
WEST PALM BEACH,PALM BEACH,,,,PUBLIC SCHOOL,,,,,,,,,"-80.07701685,26.69644012",-80.07701685,26.69644012,,,,,,
WEST PALM BEACH,PALM BEACH,,,,PUBLIC SCHOOL,,,,,,,,,"-80.09112209,26.71847564",-80.09112209,26.71847564,,,,,,
WEST PALM BEACH,PALM BEACH,,,,PUBLIC SCHOOL,,,,,,,,,"-80.09141397,26.76428849",-80.09141397,26.76428849,,,,,,
WEST PALM BEACH,PALM BEACH,,,,PUBLIC SCHOOL,,,,,,,,,"-80.06534052,26.73039853",-80.06534052,26.73039853,,,,,,
WEST PALM BEACH,PALM BEACH,,,,PUBLIC SCHOOL,,,,,,,,,"-80.06741992,26.75911277",-80.06741992,26.75911277,,,,,,
WEST PALM BEACH,PALM BEACH,,,,PUBLIC SCHOOL,,,,,,,,,"-80.10306407,26.65349812",-80.10306407,26.65349812,,,,,,
WEST PALM BEACH,PALM BEACH,,,,PUBLIC SCHOOL,,,,,,,,,"-80.07296019,26.72316264",-80.07296019,26.72316264,,,,,,
WEST PALM BEACH,PALM BEACH,,,,PUBLIC SCHOOL,,,,,,,,,"-80.06151087,26.67748650",-80.06151087,26.67748650,,,,,,
WEST PALM BEACH,PALM BEACH,,,,PUBLIC SCHOOL,,,,,,,,,"-80.23631166,26.69366436",-80.23631166,26.69366436,,,,,,
WEST PALM BEACH,PALM BEACH,,,,PUBLIC SCHOOL,,,,,,,,,"-80.08391964,26.78715335",-80.08391964,26.78715335,,,,,,
WEST PALM BEACH,PALM BEACH,,,,PUBLIC SCHOOL,,,,,,,,,"-80.11600939,26.73767503",-80.11600939,26.73767503,,,,,,
WEST PALM BEACH,PALM BEACH,,,,PUBLIC SCHOOL,,,,,,,,,"-80.17927368,26.65252025",-80.17927368,26.65252025,,,,,,
WEST PALM BEACH,PALM BEACH,,,,PUBLIC SCHOOL,,,,,,,,,"-80.05371461,26.65233751",-80.05371461,26.65233751,,,,,,
WEST PALM BEACH,PALM BEACH,,,,PUBLIC SCHOOL,,,,,,,,,"-80.08598309,26.70261745",-80.08598309,26.70261745,,,,,,
WEST PALM BEACH,PALM BEACH,,,,PUBLIC SCHOOL,,,,,,,,,"-80.10802477,26.73385153",-80.10802477,26.73385153,,,,,,
WEST PALM BEACH,PALM BEACH,,,,PUBLIC SCHOOL,,,,,,,,,"-80.26548020,26.81114846",-80.26548020,26.81114846,,,,,,
WEST PALM BEACH,PALM BEACH,,,,PUBLIC SCHOOL,,,,,,,,,"-80.09104776,26.76355474",-80.09104776,26.76355474,,,,,,
WEST PALM BEACH,PALM BEACH,,,,PUBLIC SCHOOL,,,,,,,,,"-80.13295430,26.67497032",-80.13295430,26.67497032,,,,,,
WEST PALM BEACH,PALM BEACH,,,,PUBLIC SCHOOL,,,,,,,,,"-80.11920182,26.74874571",-80.11920182,26.74874571,,,,,,
WEST PALM BEACH,PALM BEACH,,,,PUBLIC SCHOOL,,,,,,,,,"-80.08634578,26.81319544",-80.08634578,26.81319544,,,,,,
WEST PALM BEACH,PALM BEACH,,,,PUBLIC SCHOOL,,,,,,,,,"-80.22557383,26.65541601",-80.22557383,26.65541601,,,,,,
WEST PALM BEACH,PALM BEACH,,,,PUBLIC SCHOOL,,,,,,,,,"-80.19776479,26.68742656",-80.19776479,26.68742656,,,,,,
WEST PALM BEACH,PALM BEACH,,,,PUBLIC SCHOOL,,,,,,,,,"-80.26549912,26.64106681",-80.26549912,26.64106681,,,,,,
WEST PALM BEACH,PALM BEACH,,,,PUBLIC SCHOOL,,,,,,,,,"-80.08192564,26.77870996",-80.08192564,26.77870996,,,,,,
WEST PALM BEACH,PALM BEACH,,,,PUBLIC SCHOOL,,,,,,,,,"-80.08413512,26.74960861",-80.08413512,26.74960861,,,,,,
WEST PALM BEACH,PALM BEACH,,,,PUBLIC SCHOOL,,,,,,,,,"-80.09203270,26.76362420",-80.09203270,26.76362420,,,,,,
WEST PALM BEACH,PALM BEACH,,,,PUBLIC SCHOOL,,,,,,,,,"-80.28611479,26.66627208",-80.28611479,26.66627208,,,,,,
WEST PALM BEACH,PALM BEACH,,,,PUBLIC SCHOOL,,,,,,,,,"-80.08340090,26.78007600",-80.08340090,26.78007600,,,,,,
WEST PALM BEACH,PALM BEACH,,,,PUBLIC SCHOOL,,,,,,,,,"-80.06944507,26.74986227",-80.06944507,26.74986227,,,,,,
WEST PALM BEACH,PALM BEACH,,,,PUBLIC SCHOOL,,,,,,,,,"-80.05962360,26.72363484",-80.05962360,26.72363484,,,,,,
WEST PALM BEACH,PALM BEACH,,,,PUBLIC SCHOOL,,,,,,,,,"-80.06256510,26.66186694",-80.06256510,26.66186694,,,,,,
WEST PALM BEACH,PALM BEACH,,,,PUBLIC SCHOOL,,,,,,,,,"-80.16883573,26.70769431",-80.16883573,26.70769431,,,,,,
WEST PALM BEACH,PALM BEACH,,,,PUBLIC SCHOOL,,,,,,,,,"-80.25855257,26.67406451",-80.25855257,26.67406451,,,,,,
WEST PALM BEACH,PALM BEACH,,,,PUBLIC SCHOOL,,,,,,,,,"-80.06503474,26.72709234",-80.06503474,26.72709234,,,,,,
WEST PALM BEACH,PALM BEACH,,,,PUBLIC SCHOOL,,,,,,,,,"-80.08401663,26.77603362",-80.08401663,26.77603362,,,,,,
WEST PALM BEACH,PALM BEACH,,,,PUBLIC SCHOOL,,,,,,,,,"-80.07171003,26.77296356",-80.07171003,26.77296356,,,,,,
WEST PALM BEACH,PALM BEACH,,,,PUBLIC SCHOOL,,,,,,,,,"-80.15226334,26.66136511",-80.15226334,26.66136511,,,,,,
WEST PALM BEACH,PALM BEACH,,,,PUBLIC SCHOOL,,,,,,,,,"-80.16730000,26.70758773",-80.16730000,26.70758773,,,,,,
WEST PALM BEACH,PALM BEACH,,,,PUBLIC SCHOOL,,,,,,,,,"-80.05415577,26.73357780",-80.05415577,26.73357780,,,,,,
WEST PALM BEACH,PALM BEACH,,,,PUBLIC SCHOOL,,,,,,,,,"-80.22745091,26.68270149",-80.22745091,26.68270149,,,,,,
WEST PALM BEACH,PALM BEACH,,,,PUBLIC SCHOOL,,,,,,,,,"-80.23618001,26.69857493",-80.23618001,26.69857493,,,,,,
WEST PALM BEACH,PALM BEACH,,,,PUBLIC SCHOOL,,,,,,,,,"-80.13756605,26.72991710",-80.13756605,26.72991710,,,,,,
WEST PALM BEACH,PALM BEACH,,,,PUBLIC SCHOOL,,,,,,,,,"-80.05290123,26.74879707",-80.05290123,26.74879707,,,,,,
WEST PALM BEACH,PALM BEACH,,,,PUBLIC SCHOOL,,,,,,,,,"-80.13753568,26.69540597",-80.13753568,26.69540597,,,,,,
WEST PALM BEACH,PALM BEACH,,,,PUBLIC SCHOOL,,,,,,,,,"-80.10302087,26.66157491",-80.10302087,26.66157491,,,,,,
WEST PALM BEACH,PALM BEACH,,,,PUBLIC SCHOOL,,,,,,,,,"-80.09142939,26.70054078",-80.09142939,26.70054078,,,,,,
WEST PALM BEACH,PALM BEACH,,,,PUBLIC SCHOOL,,,,,,,,,"-80.05811274,26.64823277",-80.05811274,26.64823277,,,,,,
WEST PALM BEACH,PALM BEACH,,,,PUBLIC SCHOOL,,,,,,,,,"-80.08766433,26.64673397",-80.08766433,26.64673397,,,,,,
WEST PALM BEACH,PALM BEACH,,,,PUBLIC SCHOOL,,,,,,,,,"-80.28545512,26.68096121",-80.28545512,26.68096121,,,,,,
WEST PALM BEACH,PALM BEACH,,,,PUBLIC SCHOOL,,,,,,,,,"-80.17914258,26.67079315",-80.17914258,26.67079315,,,,,,
WEST PALM BEACH,PALM BEACH,,,,PUBLIC SCHOOL,,,,,,,,,"-80.15156883,26.63351736",-80.15156883,26.63351736,,,,,,
WEST PALM BEACH,PALM BEACH,,,,PUBLIC SCHOOL,,,,,,,,,"-80.06752845,26.75136287",-80.06752845,26.75136287,,,,,,
WEST PALM BEACH,PALM BEACH,,,,PUBLIC SCHOOL,,,,,,,,,"-80.15601504,26.64842375",-80.15601504,26.64842375,,,,,,
WEST PALM BEACH,PALM BEACH,,,,PUBLIC SCHOOL,,,,,,,,,"-80.05933225,26.79611478",-80.05933225,26.79611478,,,,,,
WEST PALM BEACH,PALM BEACH,,,,PUBLIC SCHOOL,,,,,,,,,"-80.13875855,26.73310352",-80.13875855,26.73310352,,,,,,
LOXAHATCHEE,PALM BEACH,,,,PUBLIC SCHOOL,,,,,,,,,"-80.30064709,26.70482163",-80.30064709,26.70482163,,,,,,
LOXAHATCHEE,PALM BEACH,,,,PUBLIC SCHOOL,,,,,,,,,"-80.26609693,26.76387334",-80.26609693,26.76387334,,,,,,
LOXAHATCHEE,PALM BEACH,,,,PUBLIC SCHOOL,,,,,,,,,"-80.32898581,26.77624763",-80.32898581,26.77624763,,,,,,
LOXAHATCHEE,PALM BEACH,,,,PUBLIC SCHOOL,,,,,,,,,"-80.31060658,26.74658270",-80.31060658,26.74658270,,,,,,
LOXAHATCHEE,PALM BEACH,,,,PUBLIC SCHOOL,,,,,,,,,"-80.32860611,26.77406113",-80.32860611,26.77406113,,,,,,
LOXAHATCHEE,PALM BEACH,,,,PUBLIC SCHOOL,,,,,,,,,"-80.26656143,26.76198943",-80.26656143,26.76198943,,,,,,
LOXAHATCHEE,PALM BEACH,,,,PUBLIC SCHOOL,,,,,,,,,"-80.26571824,26.77884444",-80.26571824,26.77884444,,,,,,
LOXAHATCHEE,PALM BEACH,,,,PUBLIC SCHOOL,,,,,,,,,"-80.24843319,26.68406303",-80.24843319,26.68406303,,,,,,
JUPITER,PALM BEACH,,,,PUBLIC SCHOOL,,,,,,,,,"-80.10706821,26.90355724",-80.10706821,26.90355724,,,,,,
JUPITER,PALM BEACH,,,,PUBLIC SCHOOL,,,,,,,,,"-80.10042658,26.93218764",-80.10042658,26.93218764,,,,,,
JUPITER,PALM BEACH,,,,PUBLIC SCHOOL,,,,,,,,,"-80.21792910,26.93397103",-80.21792910,26.93397103,,,,,,
JUPITER,PALM BEACH,,,,PUBLIC SCHOOL,,,,,,,,,"-80.12215576,26.89792766",-80.12215576,26.89792766,,,,,,
JUPITER,PALM BEACH,,,,PUBLIC SCHOOL,,,,,,,,,"-80.12490222,26.92823418",-80.12490222,26.92823418,,,,,,
JUPITER,PALM BEACH,,,,PUBLIC SCHOOL,,,,,,,,,"-80.10548805,26.92779993",-80.10548805,26.92779993,,,,,,
JUPITER,PALM BEACH,,,,PUBLIC SCHOOL,,,,,,,,,"-80.09767192,26.88720963",-80.09767192,26.88720963,,,,,,
JUPITER,PALM BEACH,,,,PUBLIC SCHOOL,,,,,,,,,"-80.13675254,26.94341977",-80.13675254,26.94341977,,,,,,
JUPITER,PALM BEACH,,,,PUBLIC SCHOOL,,,,,,,,,"-80.10443548,26.90391811",-80.10443548,26.90391811,,,,,,
SOUTH BAY,PALM BEACH,,,,PUBLIC SCHOOL,,,,,,,,,"-80.72559354,26.66336783",-80.72559354,26.66336783,,,,,,
PAHOKEE,PALM BEACH,,,,PUBLIC SCHOOL,,,,,,,,,"-80.66243933,26.82457384",-80.66243933,26.82457384,,,,,,
PAHOKEE,PALM BEACH,,,,PUBLIC SCHOOL,,,,,,,,,"-80.65880161,26.82618110",-80.65880161,26.82618110,,,,,,
PAHOKEE,PALM BEACH,,,,PUBLIC SCHOOL,,,,,,,,,"-80.65457712,26.82591855",-80.65457712,26.82591855,,,,,,
CANAL POINT,PALM BEACH,,,,PUBLIC SCHOOL,,,,,,,,,"-80.63037341,26.86045609",-80.63037341,26.86045609,,,,,,
CANAL POINT,PALM BEACH,,,,PUBLIC SCHOOL,,,,,,,,,"-80.62722506,26.86853637",-80.62722506,26.86853637,,,,,,
PALM BEACH,PALM BEACH,,,,PUBLIC SCHOOL,,,,,,,,,"-80.04028000,26.70691896",-80.04028000,26.70691896,,,,,,
RIVIERA,PALM BEACH,,,,PUBLIC SCHOOL,,,,,,,,,"-80.09290841,26.78060290",-80.09290841,26.78060290,,,,,,
NORTH PALM BEACH,PALM BEACH,,,,PUBLIC SCHOOL,,,,,,,,,"-80.05918605,26.81111453",-80.05918605,26.81111453,,,,,,
PALM SPRINGS,PALM BEACH,,,,PUBLIC SCHOOL,,,,,,,,,"-80.08973736,26.62447373",-80.08973736,26.62447373,,,,,,
LAKE PARK,PALM BEACH,,,,PUBLIC SCHOOL,,,,,,,,,"-80.09706190,26.81103779",-80.09706190,26.81103779,,,,,,
LAND O LAKES,PASCO,,,,PUBLIC SCHOOL,,,,,,,,,"-82.42920746,28.23373230",-82.42920746,28.23373230,,,,,,
LAND O LAKES,PASCO,,,,PUBLIC SCHOOL,,,,,,,,,"-82.50471253,28.20095462",-82.50471253,28.20095462,,,,,,
LAND O LAKES,PASCO,,,,PUBLIC SCHOOL,,,,,,,,,"-82.48116419,28.26154057",-82.48116419,28.26154057,,,,,,
LAND O LAKES,PASCO,,,,PUBLIC SCHOOL,,,,,,,,,"-82.45523234,28.29255720",-82.45523234,28.29255720,,,,,,
LAND O LAKES,PASCO,,,,PUBLIC SCHOOL,,,,,,,,,"-82.50829981,28.20121319",-82.50829981,28.20121319,,,,,,
LAND O LAKES,PASCO,,,,PUBLIC SCHOOL,,,,,,,,,"-82.48783611,28.21310778",-82.48783611,28.21310778,,,,,,
LAND O LAKES,PASCO,,,,PUBLIC SCHOOL,,,,,,,,,"-82.47737104,28.20065888",-82.47737104,28.20065888,,,,,,
LAND O LAKES,PASCO,,,,PUBLIC SCHOOL,,,,,,,,,"-82.48384794,28.30750050",-82.48384794,28.30750050,,,,,,
LAND O LAKES,PASCO,,,,PUBLIC SCHOOL,,,,,,,,,"-82.42762921,28.23492050",-82.42762921,28.23492050,,,,,,
LAND O LAKES,PASCO,,,,PUBLIC SCHOOL,,,,,,,,,"-82.50612470,28.20457284",-82.50612470,28.20457284,,,,,,
LAND O LAKES,PASCO,,,,PUBLIC SCHOOL,,,,,,,,,"-82.47753808,28.26043779",-82.47753808,28.26043779,,,,,,
LAND O LAKES,PASCO,,,,PUBLIC SCHOOL,,,,,,,,,"-82.45768619,28.24239400",-82.45768619,28.24239400,,,,,,
LAND O LAKES,PASCO,,,,PUBLIC SCHOOL,,,,,,,,,"-82.43785441,28.19698397",-82.43785441,28.19698397,,,,,,
ZEPHYRHILLS,PASCO,,,,PUBLIC SCHOOL,,,,,,,,,"-82.18236031,28.24974868",-82.18236031,28.24974868,,,,,,
ZEPHYRHILLS,PASCO,,,,PUBLIC SCHOOL,,,,,,,,,"-82.18054468,28.24079399",-82.18054468,28.24079399,,,,,,
ZEPHYRHILLS,PASCO,,,,PUBLIC SCHOOL,,,,,,,,,"-82.18502136,28.24934450",-82.18502136,28.24934450,,,,,,
ZEPHYRHILLS,PASCO,,,,PUBLIC SCHOOL,,,,,,,,,"-82.16089962,28.21139584",-82.16089962,28.21139584,,,,,,
ZEPHYRHILLS,PASCO,,,,PUBLIC SCHOOL,,,,,,,,,"-82.18994244,28.24021175",-82.18994244,28.24021175,,,,,,
ZEPHYRHILLS,PASCO,,,,PUBLIC SCHOOL,,,,,,,,,"-82.24431828,28.21159196",-82.24431828,28.21159196,,,,,,
NEW PORT RICHEY,PASCO,,,,PUBLIC SCHOOL,,,,,,,,,"-82.63816863,28.19138507",-82.63816863,28.19138507,,,,,,
NEW PORT RICHEY,PASCO,,,,PUBLIC SCHOOL,,,,,,,,,"-82.68950905,28.24229692",-82.68950905,28.24229692,,,,,,
NEW PORT RICHEY,PASCO,,,,PUBLIC SCHOOL,,,,,,,,,"-82.68762630,28.27150181",-82.68762630,28.27150181,,,,,,
NEW PORT RICHEY,PASCO,,,,PUBLIC SCHOOL,,,,,,,,,"-82.70848957,28.24347762",-82.70848957,28.24347762,,,,,,
NEW PORT RICHEY,PASCO,,,,PUBLIC SCHOOL,,,,,,,,,"-82.67131275,28.23352315",-82.67131275,28.23352315,,,,,,
NEW PORT RICHEY,PASCO,,,,PUBLIC SCHOOL,,,,,,,,,"-82.62090888,28.26759564",-82.62090888,28.26759564,,,,,,
NEW PORT RICHEY,PASCO,,,,PUBLIC SCHOOL,,,,,,,,,"-82.69183505,28.27125930",-82.69183505,28.27125930,,,,,,
NEW PORT RICHEY,PASCO,,,,PUBLIC SCHOOL,,,,,,,,,"-82.67909131,28.18555130",-82.67909131,28.18555130,,,,,,
NEW PORT RICHEY,PASCO,,,,PUBLIC SCHOOL,,,,,,,,,"-82.67150001,28.19559998",-82.67150001,28.19559998,,,,,,
NEW PORT RICHEY,PASCO,,,,PUBLIC SCHOOL,,,,,,,,,"-82.62371593,28.26740949",-82.62371593,28.26740949,,,,,,
NEW PORT RICHEY,PASCO,,,,PUBLIC SCHOOL,,,,,,,,,"-82.72651635,28.22170948",-82.72651635,28.22170948,,,,,,
NEW PORT RICHEY,PASCO,,,,PUBLIC SCHOOL,,,,,,,,,"-82.69314059,28.20449246",-82.69314059,28.20449246,,,,,,
NEW PORT RICHEY,PASCO,,,,PUBLIC SCHOOL,,,,,,,,,"-82.71375344,28.21173509",-82.71375344,28.21173509,,,,,,
NEW PORT RICHEY,PASCO,,,,PUBLIC SCHOOL,,,,,,,,,"-82.71919755,28.23930111",-82.71919755,28.23930111,,,,,,
NEW PORT RICHEY,PASCO,,,,PUBLIC SCHOOL,,,,,,,,,"-82.61187250,28.33287890",-82.61187250,28.33287890,,,,,,
NEW PORT RICHEY,PASCO,,,,PUBLIC SCHOOL,,,,,,,,,"-82.72060667,28.23069006",-82.72060667,28.23069006,,,,,,
NEW PORT RICHEY,PASCO,,,,PUBLIC SCHOOL,,,,,,,,,"-82.71711588,28.23449548",-82.71711588,28.23449548,,,,,,
NEW PORT RICHEY,PASCO,,,,PUBLIC SCHOOL,,,,,,,,,"-82.64639336,28.20718847",-82.64639336,28.20718847,,,,,,
NEW PORT RICHEY,PASCO,,,,PUBLIC SCHOOL,,,,,,,,,"-82.71582066,28.25642312",-82.71582066,28.25642312,,,,,,
NEW PORT RICHEY,PASCO,,,,PUBLIC SCHOOL,,,,,,,,,"-82.68983689,28.27230773",-82.68983689,28.27230773,,,,,,
NEW PORT RICHEY,PASCO,,,,PUBLIC SCHOOL,,,,,,,,,"-82.64808039,28.27065770",-82.64808039,28.27065770,,,,,,
NEW PORT RICHEY,PASCO,,,,PUBLIC SCHOOL,,,,,,,,,"-82.71653058,28.25670831",-82.71653058,28.25670831,,,,,,
NEW PORT RICHEY,PASCO,,,,PUBLIC SCHOOL,,,,,,,,,"-82.66813274,28.19286106",-82.66813274,28.19286106,,,,,,
NEW PORT RICHEY,PASCO,,,,PUBLIC SCHOOL,,,,,,,,,"-82.67741505,28.27433280",-82.67741505,28.27433280,,,,,,
NEW PORT RICHEY,PASCO,,,,PUBLIC SCHOOL,,,,,,,,,"-82.68143422,28.20728589",-82.68143422,28.20728589,,,,,,
HUDSON,PASCO,,,,PUBLIC SCHOOL,,,,,,,,,"-82.65953381,28.33422184",-82.65953381,28.33422184,,,,,,
HUDSON,PASCO,,,,PUBLIC SCHOOL,,,,,,,,,"-82.64317533,28.36874076",-82.64317533,28.36874076,,,,,,
HUDSON,PASCO,,,,PUBLIC SCHOOL,,,,,,,,,"-82.69865096,28.33422853",-82.69865096,28.33422853,,,,,,
HUDSON,PASCO,,,,PUBLIC SCHOOL,,,,,,,,,"-82.64386665,28.36731076",-82.64386665,28.36731076,,,,,,
HUDSON,PASCO,,,,PUBLIC SCHOOL,,,,,,,,,"-82.64184969,28.36529325",-82.64184969,28.36529325,,,,,,
HUDSON,PASCO,,,,PUBLIC SCHOOL,,,,,,,,,"-82.69449124,28.36582915",-82.69449124,28.36582915,,,,,,
DADE CITY,PASCO,,,,PUBLIC SCHOOL,,,,,,,,,"-82.19774575,28.35908290",-82.19774575,28.35908290,,,,,,
DADE CITY,PASCO,,,,PUBLIC SCHOOL,,,,,,,,,"-82.17943168,28.30396933",-82.17943168,28.30396933,,,,,,
DADE CITY,PASCO,,,,PUBLIC SCHOOL,,,,,,,,,"-82.18245962,28.36978011",-82.18245962,28.36978011,,,,,,
DADE CITY,PASCO,,,,PUBLIC SCHOOL,,,,,,,,,"-82.19374683,28.36929642",-82.19374683,28.36929642,,,,,,
DADE CITY,PASCO,,,,PUBLIC SCHOOL,,,,,,,,,"-82.20469190,28.35125946",-82.20469190,28.35125946,,,,,,
DADE CITY,PASCO,,,,PUBLIC SCHOOL,,,,,,,,,"-82.22299223,28.34247957",-82.22299223,28.34247957,,,,,,
DADE CITY,PASCO,,,,PUBLIC SCHOOL,,,,,,,,,"-82.18028475,28.30556144",-82.18028475,28.30556144,,,,,,
DADE CITY,PASCO,,,,PUBLIC SCHOOL,,,,,,,,,"-82.19638282,28.36077241",-82.19638282,28.36077241,,,,,,
DADE CITY,PASCO,,,,PUBLIC SCHOOL,,,,,,,,,"-82.17344885,28.45829156",-82.17344885,28.45829156,,,,,,
DADE CITY,PASCO,,,,PUBLIC SCHOOL,,,,,,,,,"-82.25100012,28.29603676",-82.25100012,28.29603676,,,,,,
HOLIDAY,PASCO,,,,PUBLIC SCHOOL,,,,,,,,,"-82.73604151,28.19915606",-82.73604151,28.19915606,,,,,,
HOLIDAY,PASCO,,,,PUBLIC SCHOOL,,,,,,,,,"-82.77632474,28.18186828",-82.77632474,28.18186828,,,,,,
HOLIDAY,PASCO,,,,PUBLIC SCHOOL,,,,,,,,,"-82.75833778,28.20011370",-82.75833778,28.20011370,,,,,,
HOLIDAY,PASCO,,,,PUBLIC SCHOOL,,,,,,,,,"-82.77261034,28.17910134",-82.77261034,28.17910134,,,,,,
HOLIDAY,PASCO,,,,PUBLIC SCHOOL,,,,,,,,,"-82.77495117,28.17383963",-82.77495117,28.17383963,,,,,,
PORT RICHEY,PASCO,,,,PUBLIC SCHOOL,,,,,,,,,"-82.66740393,28.31814859",-82.66740393,28.31814859,,,,,,
PORT RICHEY,PASCO,,,,PUBLIC SCHOOL,,,,,,,,,"-82.68530136,28.27938898",-82.68530136,28.27938898,,,,,,
PORT RICHEY,PASCO,,,,PUBLIC SCHOOL,,,,,,,,,"-82.66725801,28.31537320",-82.66725801,28.31537320,,,,,,
PORT RICHEY,PASCO,,,,PUBLIC SCHOOL,,,,,,,,,"-82.67414314,28.30377376",-82.67414314,28.30377376,,,,,,
PORT RICHEY,PASCO,,,,PUBLIC SCHOOL,,,,,,,,,"-82.66883637,28.31955948",-82.66883637,28.31955948,,,,,,
PORT RICHEY,PASCO,,,,PUBLIC SCHOOL,,,,,,,,,"-82.68081685,28.32606214",-82.68081685,28.32606214,,,,,,
WESLEY CHAPEL,PASCO,,,,PUBLIC SCHOOL,,,,,,,,,"-82.33534980,28.17819090",-82.33534980,28.17819090,,,,,,
WESLEY CHAPEL,PASCO,,,,PUBLIC SCHOOL,,,,,,,,,"-82.27435481,28.26467774",-82.27435481,28.26467774,,,,,,
WESLEY CHAPEL,PASCO,,,,PUBLIC SCHOOL,,,,,,,,,"-82.29425189,28.20994342",-82.29425189,28.20994342,,,,,,
WESLEY CHAPEL,PASCO,,,,PUBLIC SCHOOL,,,,,,,,,"-82.32673988,28.18953818",-82.32673988,28.18953818,,,,,,
WESLEY CHAPEL,PASCO,,,,PUBLIC SCHOOL,,,,,,,,,"-82.35912309,28.21073376",-82.35912309,28.21073376,,,,,,
WESLEY CHAPEL,PASCO,,,,PUBLIC SCHOOL,,,,,,,,,"-82.31208407,28.25632074",-82.31208407,28.25632074,,,,,,
WESLEY CHAPEL,PASCO,,,,PUBLIC SCHOOL,,,,,,,,,"-82.27498746,28.22603480",-82.27498746,28.22603480,,,,,,
WESLEY CHAPEL,PASCO,,,,PUBLIC SCHOOL,,,,,,,,,"-82.31682679,28.18697211",-82.31682679,28.18697211,,,,,,
WESLEY CHAPEL,PASCO,,,,PUBLIC SCHOOL,,,,,,,,,"-82.30691357,28.25570609",-82.30691357,28.25570609,,,,,,
WESLEY CHAPEL,PASCO,,,,PUBLIC SCHOOL,,,,,,,,,"-82.31679563,28.25750030",-82.31679563,28.25750030,,,,,,
SAN ANTONIO,PASCO,,,,PUBLIC SCHOOL,,,,,,,,,"-82.28013221,28.35320041",-82.28013221,28.35320041,,,,,,
SAN ANTONIO,PASCO,,,,PUBLIC SCHOOL,,,,,,,,,"-82.34362709,28.32341438",-82.34362709,28.32341438,,,,,,
SPRING HILL,PASCO,,,,PUBLIC SCHOOL,,,,,,,,,"-82.54902883,28.37673593",-82.54902883,28.37673593,,,,,,
SPRING HILL,PASCO,,,,PUBLIC SCHOOL,,,,,,,,,"-82.54500565,28.37343521",-82.54500565,28.37343521,,,,,,
LUTZ,PASCO,,,,PUBLIC SCHOOL,,,,,,,,,"-82.37166834,28.23049476",-82.37166834,28.23049476,,,,,,
LUTZ,PASCO,,,,PUBLIC SCHOOL,,,,,,,,,"-82.41061651,28.17712653",-82.41061651,28.17712653,,,,,,
ODESSA,PASCO,,,,PUBLIC SCHOOL,,,,,,,,,"-82.60204334,28.18556839",-82.60204334,28.18556839,,,,,,
SAINT PETERSBURG,PINELLAS,,,,PUBLIC SCHOOL,,,,,,,,,"-82.66066361,27.71252893",-82.66066361,27.71252893,,,,,,
SAINT PETERSBURG,PINELLAS,,,,PUBLIC SCHOOL,,,,,,,,,"-82.64122884,27.73122725",-82.64122884,27.73122725,,,,,,
SAINT PETERSBURG,PINELLAS,,,,PUBLIC SCHOOL,,,,,,,,,"-82.66398014,27.75348528",-82.66398014,27.75348528,,,,,,
SAINT PETERSBURG,PINELLAS,,,,PUBLIC SCHOOL,,,,,,,,,"-82.71750293,27.76732299",-82.71750293,27.76732299,,,,,,
SAINT PETERSBURG,PINELLAS,,,,PUBLIC SCHOOL,,,,,,,,,"-82.70254056,27.74994478",-82.70254056,27.74994478,,,,,,
SAINT PETERSBURG,PINELLAS,,,,PUBLIC SCHOOL,,,,,,,,,"-82.68669051,27.74969692",-82.68669051,27.74969692,,,,,,
SAINT PETERSBURG,PINELLAS,,,,PUBLIC SCHOOL,,,,,,,,,"-82.72522449,27.79247664",-82.72522449,27.79247664,,,,,,
SAINT PETERSBURG,PINELLAS,,,,PUBLIC SCHOOL,,,,,,,,,"-82.69654295,27.78528785",-82.69654295,27.78528785,,,,,,
SAINT PETERSBURG,PINELLAS,,,,PUBLIC SCHOOL,,,,,,,,,"-82.73975375,27.80742774",-82.73975375,27.80742774,,,,,,
SAINT PETERSBURG,PINELLAS,,,,PUBLIC SCHOOL,,,,,,,,,"-82.65567142,27.82242606",-82.65567142,27.82242606,,,,,,
SAINT PETERSBURG,PINELLAS,,,,PUBLIC SCHOOL,,,,,,,,,"-82.73609902,27.70566416",-82.73609902,27.70566416,,,,,,
SAINT PETERSBURG,PINELLAS,,,,PUBLIC SCHOOL,,,,,,,,,"-82.65629705,27.82715614",-82.65629705,27.82715614,,,,,,
SAINT PETERSBURG,PINELLAS,,,,PUBLIC SCHOOL,,,,,,,,,"-82.67246927,27.81681510",-82.67246927,27.81681510,,,,,,
SAINT PETERSBURG,PINELLAS,,,,PUBLIC SCHOOL,,,,,,,,,"-82.68183893,27.75821576",-82.68183893,27.75821576,,,,,,
SAINT PETERSBURG,PINELLAS,,,,PUBLIC SCHOOL,,,,,,,,,"-82.69061184,27.76501113",-82.69061184,27.76501113,,,,,,
SAINT PETERSBURG,PINELLAS,,,,PUBLIC SCHOOL,,,,,,,,,"-82.61260618,27.82896167",-82.61260618,27.82896167,,,,,,
SAINT PETERSBURG,PINELLAS,,,,PUBLIC SCHOOL,,,,,,,,,"-82.66044673,27.84589001",-82.66044673,27.84589001,,,,,,
SAINT PETERSBURG,PINELLAS,,,,PUBLIC SCHOOL,,,,,,,,,"-82.68714916,27.82596546",-82.68714916,27.82596546,,,,,,
SAINT PETERSBURG,PINELLAS,,,,PUBLIC SCHOOL,,,,,,,,,"-82.65646769,27.82192842",-82.65646769,27.82192842,,,,,,
SAINT PETERSBURG,PINELLAS,,,,PUBLIC SCHOOL,,,,,,,,,"-82.66033743,27.83818133",-82.66033743,27.83818133,,,,,,
SAINT PETERSBURG,PINELLAS,,,,PUBLIC SCHOOL,,,,,,,,,"-82.67328230,27.72447572",-82.67328230,27.72447572,,,,,,
SAINT PETERSBURG,PINELLAS,,,,PUBLIC SCHOOL,,,,,,,,,"-82.72190847,27.81603213",-82.72190847,27.81603213,,,,,,
SAINT PETERSBURG,PINELLAS,,,,PUBLIC SCHOOL,,,,,,,,,"-82.68151852,27.76112086",-82.68151852,27.76112086,,,,,,
SAINT PETERSBURG,PINELLAS,,,,PUBLIC SCHOOL,,,,,,,,,"-82.65738187,27.75770507",-82.65738187,27.75770507,,,,,,
SAINT PETERSBURG,PINELLAS,,,,PUBLIC SCHOOL,,,,,,,,,"-82.71088059,27.76232424",-82.71088059,27.76232424,,,,,,
SAINT PETERSBURG,PINELLAS,,,,PUBLIC SCHOOL,,,,,,,,,"-82.64967578,27.76382223",-82.64967578,27.76382223,,,,,,
SAINT PETERSBURG,PINELLAS,,,,PUBLIC SCHOOL,,,,,,,,,"-82.64407323,27.77511254",-82.64407323,27.77511254,,,,,,
SAINT PETERSBURG,PINELLAS,,,,PUBLIC SCHOOL,,,,,,,,,"-82.72472686,27.82002795",-82.72472686,27.82002795,,,,,,
SAINT PETERSBURG,PINELLAS,,,,PUBLIC SCHOOL,,,,,,,,,"-82.70989801,27.79227305",-82.70989801,27.79227305,,,,,,
SAINT PETERSBURG,PINELLAS,,,,PUBLIC SCHOOL,,,,,,,,,"-82.66826083,27.77805085",-82.66826083,27.77805085,,,,,,
SAINT PETERSBURG,PINELLAS,,,,PUBLIC SCHOOL,,,,,,,,,"-82.79056600,27.80918675",-82.79056600,27.80918675,,,,,,
SAINT PETERSBURG,PINELLAS,,,,PUBLIC SCHOOL,,,,,,,,,"-82.67771365,27.76057751",-82.67771365,27.76057751,,,,,,
SAINT PETERSBURG,PINELLAS,,,,PUBLIC SCHOOL,,,,,,,,,"-82.71304306,27.80403954",-82.71304306,27.80403954,,,,,,
SAINT PETERSBURG,PINELLAS,,,,PUBLIC SCHOOL,,,,,,,,,"-82.65320001,27.71869999",-82.65320001,27.71869999,,,,,,
SAINT PETERSBURG,PINELLAS,,,,PUBLIC SCHOOL,,,,,,,,,"-82.68269609,27.80763492",-82.68269609,27.80763492,,,,,,
SAINT PETERSBURG,PINELLAS,,,,PUBLIC SCHOOL,,,,,,,,,"-82.64565400,27.71475200",-82.64565400,27.71475200,,,,,,
SAINT PETERSBURG,PINELLAS,,,,PUBLIC SCHOOL,,,,,,,,,"-82.73761060,27.77133162",-82.73761060,27.77133162,,,,,,
SAINT PETERSBURG,PINELLAS,,,,PUBLIC SCHOOL,,,,,,,,,"-82.74131859,27.78769361",-82.74131859,27.78769361,,,,,,
SAINT PETERSBURG,PINELLAS,,,,PUBLIC SCHOOL,,,,,,,,,"-82.75293520,27.80721671",-82.75293520,27.80721671,,,,,,
SAINT PETERSBURG,PINELLAS,,,,PUBLIC SCHOOL,,,,,,,,,"-82.65983107,27.82223569",-82.65983107,27.82223569,,,,,,
SAINT PETERSBURG,PINELLAS,,,,PUBLIC SCHOOL,,,,,,,,,"-82.66201352,27.71589686",-82.66201352,27.71589686,,,,,,
SAINT PETERSBURG,PINELLAS,,,,PUBLIC SCHOOL,,,,,,,,,"-82.63280164,27.80366905",-82.63280164,27.80366905,,,,,,
SAINT PETERSBURG,PINELLAS,,,,PUBLIC SCHOOL,,,,,,,,,"-82.74649646,27.79330002",-82.74649646,27.79330002,,,,,,
SAINT PETERSBURG,PINELLAS,,,,PUBLIC SCHOOL,,,,,,,,,"-82.65656510,27.76313686",-82.65656510,27.76313686,,,,,,
SAINT PETERSBURG,PINELLAS,,,,PUBLIC SCHOOL,,,,,,,,,"-82.66627424,27.74731773",-82.66627424,27.74731773,,,,,,
SAINT PETERSBURG,PINELLAS,,,,PUBLIC SCHOOL,,,,,,,,,"-82.66737337,27.74753952",-82.66737337,27.74753952,,,,,,
SAINT PETERSBURG,PINELLAS,,,,PUBLIC SCHOOL,,,,,,,,,"-82.70328295,27.76016775",-82.70328295,27.76016775,,,,,,
SAINT PETERSBURG,PINELLAS,,,,PUBLIC SCHOOL,,,,,,,,,"-82.75460349,27.75081626",-82.75460349,27.75081626,,,,,,
SAINT PETERSBURG,PINELLAS,,,,PUBLIC SCHOOL,,,,,,,,,"-82.72946902,27.77770514",-82.72946902,27.77770514,,,,,,
PINELLAS PARK,PINELLAS,,,,PUBLIC SCHOOL,,,,,,,,,"-82.73138975,27.83049749",-82.73138975,27.83049749,,,,,,
PINELLAS PARK,PINELLAS,,,,PUBLIC SCHOOL,,,,,,,,,"-82.70270579,27.84175397",-82.70270579,27.84175397,,,,,,
PINELLAS PARK,PINELLAS,,,,PUBLIC SCHOOL,,,,,,,,,"-82.70944191,27.83833455",-82.70944191,27.83833455,,,,,,
PINELLAS PARK,PINELLAS,,,,PUBLIC SCHOOL,,,,,,,,,"-82.72974421,27.84941981",-82.72974421,27.84941981,,,,,,
PINELLAS PARK,PINELLAS,,,,PUBLIC SCHOOL,,,,,,,,,,,,,,,,,
PINELLAS PARK,PINELLAS,,,,PUBLIC SCHOOL,,,,,,,,,"-82.71594489,27.85105374",-82.71594489,27.85105374,,,,,,
PINELLAS PARK,PINELLAS,,,,PUBLIC SCHOOL,,,,,,,,,"-82.73009292,27.83323092",-82.73009292,27.83323092,,,,,,
PINELLAS PARK,PINELLAS,,,,PUBLIC SCHOOL,,,,,,,,,"-82.71129085,27.86745344",-82.71129085,27.86745344,,,,,,
PINELLAS PARK,PINELLAS,,,,PUBLIC SCHOOL,,,,,,,,,"-82.73463383,27.83476544",-82.73463383,27.83476544,,,,,,
PINELLAS PARK,PINELLAS,,,,PUBLIC SCHOOL,,,,,,,,,"-82.70527722,27.84021148",-82.70527722,27.84021148,,,,,,
PINELLAS PARK,PINELLAS,,,,PUBLIC SCHOOL,,,,,,,,,"-82.73415334,27.86388793",-82.73415334,27.86388793,,,,,,
PINELLAS PARK,PINELLAS,,,,PUBLIC SCHOOL,,,,,,,,,"-82.71821286,27.83456279",-82.71821286,27.83456279,,,,,,
DUNEDIN,PINELLAS,,,,PUBLIC SCHOOL,,,,,,,,,"-82.76401405,28.01669013",-82.76401405,28.01669013,,,,,,
DUNEDIN,PINELLAS,,,,PUBLIC SCHOOL,,,,,,,,,"-82.77650859,27.99832223",-82.77650859,27.99832223,,,,,,
DUNEDIN,PINELLAS,,,,PUBLIC SCHOOL,,,,,,,,,"-82.77220211,28.02248081",-82.77220211,28.02248081,,,,,,
DUNEDIN,PINELLAS,,,,PUBLIC SCHOOL,,,,,,,,,"-82.76958791,28.02842756",-82.76958791,28.02842756,,,,,,
DUNEDIN,PINELLAS,,,,PUBLIC SCHOOL,,,,,,,,,"-82.78435615,28.00389684",-82.78435615,28.00389684,,,,,,
DUNEDIN,PINELLAS,,,,PUBLIC SCHOOL,,,,,,,,,"-82.75852334,28.03497501",-82.75852334,28.03497501,,,,,,
DUNEDIN,PINELLAS,,,,PUBLIC SCHOOL,,,,,,,,,"-82.78259999,28.02949998",-82.78259999,28.02949998,,,,,,
DUNEDIN,PINELLAS,,,,PUBLIC SCHOOL,,,,,,,,,"-82.77682437,28.00027428",-82.77682437,28.00027428,,,,,,
ST PETERSBURG,PINELLAS,,,,PUBLIC SCHOOL,,,,,,,,,,,,,,,,,
ST PETERSBURG,PINELLAS,,,,PUBLIC SCHOOL,,,,,,,,,"-82.69460770,27.80700874",-82.69460770,27.80700874,,,,,,
ST PETERSBURG,PINELLAS,,,,PUBLIC SCHOOL,,,,,,,,,"-82.64836485,27.75346730",-82.64836485,27.75346730,,,,,,
ST PETERSBURG,PINELLAS,,,,PUBLIC SCHOOL,,,,,,,,,"-82.64575422,27.76764247",-82.64575422,27.76764247,,,,,,
ST PETERSBURG,PINELLAS,,,,PUBLIC SCHOOL,,,,,,,,,"-82.65600519,27.78804687",-82.65600519,27.78804687,,,,,,
ST PETERSBURG,PINELLAS,,,,PUBLIC SCHOOL,,,,,,,,,"-82.69315772,27.81797963",-82.69315772,27.81797963,,,,,,
SEMINOLE,PINELLAS,,,,PUBLIC SCHOOL,,,,,,,,,"-82.77280550,27.86041310",-82.77280550,27.86041310,,,,,,
SEMINOLE,PINELLAS,,,,PUBLIC SCHOOL,,,,,,,,,"-82.75308578,27.85313925",-82.75308578,27.85313925,,,,,,
SEMINOLE,PINELLAS,,,,PUBLIC SCHOOL,,,,,,,,,"-82.81343719,27.85283029",-82.81343719,27.85283029,,,,,,
SEMINOLE,PINELLAS,,,,PUBLIC SCHOOL,,,,,,,,,"-82.81477354,27.85192892",-82.81477354,27.85192892,,,,,,
SEMINOLE,PINELLAS,,,,PUBLIC SCHOOL,,,,,,,,,"-82.81864325,27.84856976",-82.81864325,27.84856976,,,,,,
SEMINOLE,PINELLAS,,,,PUBLIC SCHOOL,,,,,,,,,"-82.77377870,27.85633065",-82.77377870,27.85633065,,,,,,
SEMINOLE,PINELLAS,,,,PUBLIC SCHOOL,,,,,,,,,"-82.76728910,27.84965158",-82.76728910,27.84965158,,,,,,
SEMINOLE,PINELLAS,,,,PUBLIC SCHOOL,,,,,,,,,"-82.81866099,27.85208579",-82.81866099,27.85208579,,,,,,
SEMINOLE,PINELLAS,,,,PUBLIC SCHOOL,,,,,,,,,"-82.78203075,27.83126718",-82.78203075,27.83126718,,,,,,
SEMINOLE,PINELLAS,,,,PUBLIC SCHOOL,,,,,,,,,"-82.79207841,27.83850446",-82.79207841,27.83850446,,,,,,
CLEARWATER,PINELLAS,,,,PUBLIC SCHOOL,,,,,,,,,"-82.76101907,27.96719214",-82.76101907,27.96719214,,,,,,
CLEARWATER,PINELLAS,,,,PUBLIC SCHOOL,,,,,,,,,"-82.73260758,27.97051717",-82.73260758,27.97051717,,,,,,
CLEARWATER,PINELLAS,,,,PUBLIC SCHOOL,,,,,,,,,"-82.71910089,27.91189405",-82.71910089,27.91189405,,,,,,
CLEARWATER,PINELLAS,,,,PUBLIC SCHOOL,,,,,,,,,"-82.71405980,27.90982887",-82.71405980,27.90982887,,,,,,
CLEARWATER,PINELLAS,,,,PUBLIC SCHOOL,,,,,,,,,"-82.71746271,28.01675974",-82.71746271,28.01675974,,,,,,
CLEARWATER,PINELLAS,,,,PUBLIC SCHOOL,,,,,,,,,"-82.78469015,27.93467093",-82.78469015,27.93467093,,,,,,
CLEARWATER,PINELLAS,,,,PUBLIC SCHOOL,,,,,,,,,,,,,,,,,
CLEARWATER,PINELLAS,,,,PUBLIC SCHOOL,,,,,,,,,"-82.72071938,27.96947850",-82.72071938,27.96947850,,,,,,
CLEARWATER,PINELLAS,,,,PUBLIC SCHOOL,,,,,,,,,"-82.76660587,27.97609401",-82.76660587,27.97609401,,,,,,
CLEARWATER,PINELLAS,,,,PUBLIC SCHOOL,,,,,,,,,"-82.78099482,27.98627139",-82.78099482,27.98627139,,,,,,
CLEARWATER,PINELLAS,,,,PUBLIC SCHOOL,,,,,,,,,"-82.74482887,27.92978874",-82.74482887,27.92978874,,,,,,
CLEARWATER,PINELLAS,,,,PUBLIC SCHOOL,,,,,,,,,"-82.75650679,27.95933077",-82.75650679,27.95933077,,,,,,
CLEARWATER,PINELLAS,,,,PUBLIC SCHOOL,,,,,,,,,"-82.71034032,28.01077963",-82.71034032,28.01077963,,,,,,
CLEARWATER,PINELLAS,,,,PUBLIC SCHOOL,,,,,,,,,"-82.74418588,27.97207828",-82.74418588,27.97207828,,,,,,
CLEARWATER,PINELLAS,,,,PUBLIC SCHOOL,,,,,,,,,"-82.71159998,28.02280000",-82.71159998,28.02280000,,,,,,
CLEARWATER,PINELLAS,,,,PUBLIC SCHOOL,,,,,,,,,"-82.71077510,28.03137444",-82.71077510,28.03137444,,,,,,
CLEARWATER,PINELLAS,,,,PUBLIC SCHOOL,,,,,,,,,"-82.77807910,27.98402560",-82.77807910,27.98402560,,,,,,
CLEARWATER,PINELLAS,,,,PUBLIC SCHOOL,,,,,,,,,"-82.73186232,27.96180788",-82.73186232,27.96180788,,,,,,
CLEARWATER,PINELLAS,,,,PUBLIC SCHOOL,,,,,,,,,"-82.69938636,27.90309747",-82.69938636,27.90309747,,,,,,
CLEARWATER,PINELLAS,,,,PUBLIC SCHOOL,,,,,,,,,"-82.71630119,27.98735924",-82.71630119,27.98735924,,,,,,
CLEARWATER,PINELLAS,,,,PUBLIC SCHOOL,,,,,,,,,"-82.78218246,27.98870699",-82.78218246,27.98870699,,,,,,
CLEARWATER,PINELLAS,,,,PUBLIC SCHOOL,,,,,,,,,"-82.74757348,27.94690309",-82.74757348,27.94690309,,,,,,
CLEARWATER,PINELLAS,,,,PUBLIC SCHOOL,,,,,,,,,"-82.78887213,27.95115570",-82.78887213,27.95115570,,,,,,
CLEARWATER,PINELLAS,,,,PUBLIC SCHOOL,,,,,,,,,"-82.71189449,27.99590087",-82.71189449,27.99590087,,,,,,
CLEARWATER,PINELLAS,,,,PUBLIC SCHOOL,,,,,,,,,"-82.78609999,27.97600001",-82.78609999,27.97600001,,,,,,
CLEARWATER,PINELLAS,,,,PUBLIC SCHOOL,,,,,,,,,"-82.77466344,27.95652039",-82.77466344,27.95652039,,,,,,
CLEARWATER,PINELLAS,,,,PUBLIC SCHOOL,,,,,,,,,"-82.73629223,27.91032843",-82.73629223,27.91032843,,,,,,
CLEARWATER,PINELLAS,,,,PUBLIC SCHOOL,,,,,,,,,"-82.70470448,27.89973285",-82.70470448,27.89973285,,,,,,
CLEARWATER,PINELLAS,,,,PUBLIC SCHOOL,,,,,,,,,"-82.75758299,27.95017299",-82.75758299,27.95017299,,,,,,
PALM HARBOR,PINELLAS,,,,PUBLIC SCHOOL,,,,,,,,,"-82.76229547,28.08486146",-82.76229547,28.08486146,,,,,,
PALM HARBOR,PINELLAS,,,,PUBLIC SCHOOL,,,,,,,,,"-82.77587526,28.04940679",-82.77587526,28.04940679,,,,,,
PALM HARBOR,PINELLAS,,,,PUBLIC SCHOOL,,,,,,,,,"-82.73120000,28.05730000",-82.73120000,28.05730000,,,,,,
PALM HARBOR,PINELLAS,,,,PUBLIC SCHOOL,,,,,,,,,"-82.77254773,28.07031627",-82.77254773,28.07031627,,,,,,
PALM HARBOR,PINELLAS,,,,PUBLIC SCHOOL,,,,,,,,,"-82.71186399,28.05005201",-82.71186399,28.05005201,,,,,,
PALM HARBOR,PINELLAS,,,,PUBLIC SCHOOL,,,,,,,,,"-82.74662007,28.09833238",-82.74662007,28.09833238,,,,,,
PALM HARBOR,PINELLAS,,,,PUBLIC SCHOOL,,,,,,,,,"-82.71778359,28.07744950",-82.71778359,28.07744950,,,,,,
PALM HARBOR,PINELLAS,,,,PUBLIC SCHOOL,,,,,,,,,"-82.69257033,28.11390759",-82.69257033,28.11390759,,,,,,
PALM HARBOR,PINELLAS,,,,PUBLIC SCHOOL,,,,,,,,,"-82.72676266,28.08864861",-82.72676266,28.08864861,,,,,,
PALM HARBOR,PINELLAS,,,,PUBLIC SCHOOL,,,,,,,,,"-82.75307384,28.06709841",-82.75307384,28.06709841,,,,,,
PALM HARBOR,PINELLAS,,,,PUBLIC SCHOOL,,,,,,,,,"-82.75739831,28.04953270",-82.75739831,28.04953270,,,,,,
TARPON SPRINGS,PINELLAS,,,,PUBLIC SCHOOL,,,,,,,,,"-82.78067519,28.14422563",-82.78067519,28.14422563,,,,,,
TARPON SPRINGS,PINELLAS,,,,PUBLIC SCHOOL,,,,,,,,,"-82.70541862,28.15117979",-82.70541862,28.15117979,,,,,,
TARPON SPRINGS,PINELLAS,,,,PUBLIC SCHOOL,,,,,,,,,"-82.75006097,28.15184572",-82.75006097,28.15184572,,,,,,
TARPON SPRINGS,PINELLAS,,,,PUBLIC SCHOOL,,,,,,,,,"-82.69450522,28.13650785",-82.69450522,28.13650785,,,,,,
TARPON SPRINGS,PINELLAS,,,,PUBLIC SCHOOL,,,,,,,,,"-82.75100262,28.13903185",-82.75100262,28.13903185,,,,,,
TARPON SPRINGS,PINELLAS,,,,PUBLIC SCHOOL,,,,,,,,,,,,,,,,,
TARPON SPRINGS,PINELLAS,,,,PUBLIC SCHOOL,,,,,,,,,"-82.70136982,28.12703258",-82.70136982,28.12703258,,,,,,
TARPON SPRINGS,PINELLAS,,,,PUBLIC SCHOOL,,,,,,,,,"-82.78069826,28.15121050",-82.78069826,28.15121050,,,,,,
TARPON SPRINGS,PINELLAS,,,,PUBLIC SCHOOL,,,,,,,,,"-82.77924554,28.14414574",-82.77924554,28.14414574,,,,,,
SAFETY HARBOR,PINELLAS,,,,PUBLIC SCHOOL,,,,,,,,,"-82.68940060,28.00028667",-82.68940060,28.00028667,,,,,,
SAFETY HARBOR,PINELLAS,,,,PUBLIC SCHOOL,,,,,,,,,"-82.69293597,27.99494061",-82.69293597,27.99494061,,,,,,
OLDSMAR,PINELLAS,,,,PUBLIC SCHOOL,,,,,,,,,"-82.66780625,28.04540179",-82.66780625,28.04540179,,,,,,
OLDSMAR,PINELLAS,,,,PUBLIC SCHOOL,,,,,,,,,"-82.67145580,28.03659827",-82.67145580,28.03659827,,,,,,
ST. PETERSBURG,PINELLAS,,,,PUBLIC SCHOOL,,,,,,,,,"-82.65929016,27.77132245",-82.65929016,27.77132245,,,,,,
GULFPORT,PINELLAS,,,,PUBLIC SCHOOL,,,,,,,,,"-82.70235619,27.76005680",-82.70235619,27.76005680,,,,,,
LAKE ALFRED,POLK,,,,PUBLIC SCHOOL,,,,,,,,,"-81.72900798,28.10564291",-81.72900798,28.10564291,,,,,,
LAKE ALFRED,POLK,,,,PUBLIC SCHOOL,,,,,,,,,"-81.72637838,28.10696582",-81.72637838,28.10696582,,,,,,
LAKE ALFRED,POLK,,,,PUBLIC SCHOOL,,,,,,,,,"-81.72905728,28.10835898",-81.72905728,28.10835898,,,,,,
LAKE ALFRED,POLK,,,,PUBLIC SCHOOL,,,,,,,,,"-81.72168429,28.08880967",-81.72168429,28.08880967,,,,,,
AUBURNDALE,POLK,,,,PUBLIC SCHOOL,,,,,,,,,"-81.82121037,28.14239251",-81.82121037,28.14239251,,,,,,
AUBURNDALE,POLK,,,,PUBLIC SCHOOL,,,,,,,,,"-81.82084349,28.14051540",-81.82084349,28.14051540,,,,,,
AUBURNDALE,POLK,,,,PUBLIC SCHOOL,,,,,,,,,"-81.78840493,28.06068830",-81.78840493,28.06068830,,,,,,
AUBURNDALE,POLK,,,,PUBLIC SCHOOL,,,,,,,,,"-81.78795611,28.07046548",-81.78795611,28.07046548,,,,,,
AUBURNDALE,POLK,,,,PUBLIC SCHOOL,,,,,,,,,"-81.77526855,28.07117707",-81.77526855,28.07117707,,,,,,
AUBURNDALE,POLK,,,,PUBLIC SCHOOL,,,,,,,,,"-81.81870752,28.06984556",-81.81870752,28.06984556,,,,,,
AUBURNDALE,POLK,,,,PUBLIC SCHOOL,,,,,,,,,"-81.85923943,28.07116397",-81.85923943,28.07116397,,,,,,
AUBURNDALE,POLK,,,,PUBLIC SCHOOL,,,,,,,,,"-81.78574927,28.07206979",-81.78574927,28.07206979,,,,,,
AUBURNDALE,POLK,,,,PUBLIC SCHOOL,,,,,,,,,"-81.77932901,28.06238045",-81.77932901,28.06238045,,,,,,
AUBURNDALE,POLK,,,,PUBLIC SCHOOL,,,,,,,,,"-81.82629283,28.03559208",-81.82629283,28.03559208,,,,,,
DAVENPORT,POLK,,,,PUBLIC SCHOOL,,,,,,,,,"-81.64690577,28.24624940",-81.64690577,28.24624940,,,,,,
DAVENPORT,POLK,,,,PUBLIC SCHOOL,,,,,,,,,"-81.58456651,28.22830416",-81.58456651,28.22830416,,,,,,
DAVENPORT,POLK,,,,PUBLIC SCHOOL,,,,,,,,,"-81.62962360,28.16753186",-81.62962360,28.16753186,,,,,,
DAVENPORT,POLK,,,,PUBLIC SCHOOL,,,,,,,,,"-81.60013075,28.15678023",-81.60013075,28.15678023,,,,,,
DAVENPORT,POLK,,,,PUBLIC SCHOOL,,,,,,,,,"-81.56914293,28.21839804",-81.56914293,28.21839804,,,,,,
BARTOW,POLK,,,,PUBLIC SCHOOL,,,,,,,,,"-81.84033295,27.87973630",-81.84033295,27.87973630,,,,,,
BARTOW,POLK,,,,PUBLIC SCHOOL,,,,,,,,,"-81.84186462,27.88395508",-81.84186462,27.88395508,,,,,,
BARTOW,POLK,,,,PUBLIC SCHOOL,,,,,,,,,"-81.85619102,27.90984918",-81.85619102,27.90984918,,,,,,
BARTOW,POLK,,,,PUBLIC SCHOOL,,,,,,,,,"-81.84635899,27.87541847",-81.84635899,27.87541847,,,,,,
BARTOW,POLK,,,,PUBLIC SCHOOL,,,,,,,,,"-81.84091912,27.89302777",-81.84091912,27.89302777,,,,,,
BARTOW,POLK,,,,PUBLIC SCHOOL,,,,,,,,,"-81.82145000,27.89289998",-81.82145000,27.89289998,,,,,,
BARTOW,POLK,,,,PUBLIC SCHOOL,,,,,,,,,"-81.86893902,27.94791866",-81.86893902,27.94791866,,,,,,
BARTOW,POLK,,,,PUBLIC SCHOOL,,,,,,,,,"-81.81962699,27.88303161",-81.81962699,27.88303161,,,,,,
BARTOW,POLK,,,,PUBLIC SCHOOL,,,,,,,,,"-81.82251200,27.88003758",-81.82251200,27.88003758,,,,,,
BARTOW,POLK,,,,PUBLIC SCHOOL,,,,,,,,,"-81.71270428,27.87276766",-81.71270428,27.87276766,,,,,,
BARTOW,POLK,,,,PUBLIC SCHOOL,,,,,,,,,"-81.85776289,27.89947751",-81.85776289,27.89947751,,,,,,
BARTOW,POLK,,,,PUBLIC SCHOOL,,,,,,,,,"-81.84464624,27.88299485",-81.84464624,27.88299485,,,,,,
BARTOW,POLK,,,,PUBLIC SCHOOL,,,,,,,,,"-81.84478088,27.88183241",-81.84478088,27.88183241,,,,,,
BARTOW,POLK,,,,PUBLIC SCHOOL,,,,,,,,,"-81.81948804,27.87971028",-81.81948804,27.87971028,,,,,,
BARTOW,POLK,,,,PUBLIC SCHOOL,,,,,,,,,"-81.82365583,27.88649144",-81.82365583,27.88649144,,,,,,
HAINES CITY,POLK,,,,PUBLIC SCHOOL,,,,,,,,,"-81.62288803,28.12028366",-81.62288803,28.12028366,,,,,,
HAINES CITY,POLK,,,,PUBLIC SCHOOL,,,,,,,,,"-81.62595509,28.10307927",-81.62595509,28.10307927,,,,,,
HAINES CITY,POLK,,,,PUBLIC SCHOOL,,,,,,,,,"-81.56107181,28.04276557",-81.56107181,28.04276557,,,,,,
HAINES CITY,POLK,,,,PUBLIC SCHOOL,,,,,,,,,"-81.61262687,28.10091526",-81.61262687,28.10091526,,,,,,
HAINES CITY,POLK,,,,PUBLIC SCHOOL,,,,,,,,,"-81.61586834,28.11500316",-81.61586834,28.11500316,,,,,,
HAINES CITY,POLK,,,,PUBLIC SCHOOL,,,,,,,,,"-81.62399311,28.12189333",-81.62399311,28.12189333,,,,,,
HAINES CITY,POLK,,,,PUBLIC SCHOOL,,,,,,,,,"-81.63059991,28.14965393",-81.63059991,28.14965393,,,,,,
HAINES CITY,POLK,,,,PUBLIC SCHOOL,,,,,,,,,"-81.60817366,28.09843151",-81.60817366,28.09843151,,,,,,
HAINES CITY,POLK,,,,PUBLIC SCHOOL,,,,,,,,,"-81.62499098,28.08519719",-81.62499098,28.08519719,,,,,,
WINTER HAVEN,POLK,,,,PUBLIC SCHOOL,,,,,,,,,"-81.72144727,28.02074397",-81.72144727,28.02074397,,,,,,
WINTER HAVEN,POLK,,,,PUBLIC SCHOOL,,,,,,,,,"-81.71386862,28.03111695",-81.71386862,28.03111695,,,,,,
WINTER HAVEN,POLK,,,,PUBLIC SCHOOL,,,,,,,,,"-81.72162926,27.95371919",-81.72162926,27.95371919,,,,,,
WINTER HAVEN,POLK,,,,PUBLIC SCHOOL,,,,,,,,,"-81.73197053,27.98689263",-81.73197053,27.98689263,,,,,,
WINTER HAVEN,POLK,,,,PUBLIC SCHOOL,,,,,,,,,"-81.70300384,28.02369175",-81.70300384,28.02369175,,,,,,
WINTER HAVEN,POLK,,,,PUBLIC SCHOOL,,,,,,,,,"-81.75463155,28.02955177",-81.75463155,28.02955177,,,,,,
WINTER HAVEN,POLK,,,,PUBLIC SCHOOL,,,,,,,,,"-81.77048718,28.03224877",-81.77048718,28.03224877,,,,,,
WINTER HAVEN,POLK,,,,PUBLIC SCHOOL,,,,,,,,,"-81.65420076,28.07780204",-81.65420076,28.07780204,,,,,,
WINTER HAVEN,POLK,,,,PUBLIC SCHOOL,,,,,,,,,"-81.74680425,28.07043308",-81.74680425,28.07043308,,,,,,
WINTER HAVEN,POLK,,,,PUBLIC SCHOOL,,,,,,,,,"-81.76546226,27.97391913",-81.76546226,27.97391913,,,,,,
WINTER HAVEN,POLK,,,,PUBLIC SCHOOL,,,,,,,,,"-81.75005258,27.99768534",-81.75005258,27.99768534,,,,,,
WINTER HAVEN,POLK,,,,PUBLIC SCHOOL,,,,,,,,,"-81.71662003,28.04654040",-81.71662003,28.04654040,,,,,,
WINTER HAVEN,POLK,,,,PUBLIC SCHOOL,,,,,,,,,"-81.72529589,28.04977653",-81.72529589,28.04977653,,,,,,
WINTER HAVEN,POLK,,,,PUBLIC SCHOOL,,,,,,,,,"-81.75663739,28.04557363",-81.75663739,28.04557363,,,,,,
WINTER HAVEN,POLK,,,,PUBLIC SCHOOL,,,,,,,,,"-81.66132960,27.99075464",-81.66132960,27.99075464,,,,,,
WINTER HAVEN,POLK,,,,PUBLIC SCHOOL,,,,,,,,,"-81.74167959,27.98321906",-81.74167959,27.98321906,,,,,,
WINTER HAVEN,POLK,,,,PUBLIC SCHOOL,,,,,,,,,"-81.67909072,27.95587515",-81.67909072,27.95587515,,,,,,
WINTER HAVEN,POLK,,,,PUBLIC SCHOOL,,,,,,,,,"-81.71764712,28.01972602",-81.71764712,28.01972602,,,,,,
WINTER HAVEN,POLK,,,,PUBLIC SCHOOL,,,,,,,,,"-81.72819206,28.00887254",-81.72819206,28.00887254,,,,,,
WINTER HAVEN,POLK,,,,PUBLIC SCHOOL,,,,,,,,,"-81.71782289,28.01305491",-81.71782289,28.01305491,,,,,,
WINTER HAVEN,POLK,,,,PUBLIC SCHOOL,,,,,,,,,"-81.71913909,28.04462666",-81.71913909,28.04462666,,,,,,
FROSTPROOF,POLK,,,,PUBLIC SCHOOL,,,,,,,,,"-81.53338632,27.76085351",-81.53338632,27.76085351,,,,,,
FROSTPROOF,POLK,,,,PUBLIC SCHOOL,,,,,,,,,"-81.36924904,27.66502052",-81.36924904,27.66502052,,,,,,
FROSTPROOF,POLK,,,,PUBLIC SCHOOL,,,,,,,,,"-81.53256747,27.74307676",-81.53256747,27.74307676,,,,,,
FROSTPROOF,POLK,,,,PUBLIC SCHOOL,,,,,,,,,"-81.53589732,27.76540078",-81.53589732,27.76540078,,,,,,
LAKELAND,POLK,,,,PUBLIC SCHOOL,,,,,,,,,"-81.91478480,28.01201039",-81.91478480,28.01201039,,,,,,
LAKELAND,POLK,,,,PUBLIC SCHOOL,,,,,,,,,"-81.95567710,28.12221994",-81.95567710,28.12221994,,,,,,
LAKELAND,POLK,,,,PUBLIC SCHOOL,,,,,,,,,"-82.01955165,28.12560402",-82.01955165,28.12560402,,,,,,
LAKELAND,POLK,,,,PUBLIC SCHOOL,,,,,,,,,"-81.94961875,27.99581534",-81.94961875,27.99581534,,,,,,
LAKELAND,POLK,,,,PUBLIC SCHOOL,,,,,,,,,"-81.98753807,28.12633075",-81.98753807,28.12633075,,,,,,
LAKELAND,POLK,,,,PUBLIC SCHOOL,,,,,,,,,"-81.91146811,28.02869503",-81.91146811,28.02869503,,,,,,
LAKELAND,POLK,,,,PUBLIC SCHOOL,,,,,,,,,"-81.95542454,28.13419172",-81.95542454,28.13419172,,,,,,
LAKELAND,POLK,,,,PUBLIC SCHOOL,,,,,,,,,"-81.94511729,27.95447814",-81.94511729,27.95447814,,,,,,
LAKELAND,POLK,,,,PUBLIC SCHOOL,,,,,,,,,"-81.98888175,28.14907699",-81.98888175,28.14907699,,,,,,
LAKELAND,POLK,,,,PUBLIC SCHOOL,,,,,,,,,"-81.99532044,28.09412782",-81.99532044,28.09412782,,,,,,
LAKELAND,POLK,,,,PUBLIC SCHOOL,,,,,,,,,"-81.92309875,28.13075620",-81.92309875,28.13075620,,,,,,
LAKELAND,POLK,,,,PUBLIC SCHOOL,,,,,,,,,"-81.90250095,28.06177157",-81.90250095,28.06177157,,,,,,
LAKELAND,POLK,,,,PUBLIC SCHOOL,,,,,,,,,"-81.93929747,28.03991549",-81.93929747,28.03991549,,,,,,
LAKELAND,POLK,,,,PUBLIC SCHOOL,,,,,,,,,"-81.95699035,28.04840204",-81.95699035,28.04840204,,,,,,
LAKELAND,POLK,,,,PUBLIC SCHOOL,,,,,,,,,"-81.96636538,28.06122117",-81.96636538,28.06122117,,,,,,
LAKELAND,POLK,,,,PUBLIC SCHOOL,,,,,,,,,"-81.90480567,28.01196796",-81.90480567,28.01196796,,,,,,
LAKELAND,POLK,,,,PUBLIC SCHOOL,,,,,,,,,"-81.91031119,27.95395439",-81.91031119,27.95395439,,,,,,
LAKELAND,POLK,,,,PUBLIC SCHOOL,,,,,,,,,"-81.97061587,27.96689419",-81.97061587,27.96689419,,,,,,
LAKELAND,POLK,,,,PUBLIC SCHOOL,,,,,,,,,"-81.98881188,28.03450374",-81.98881188,28.03450374,,,,,,
LAKELAND,POLK,,,,PUBLIC SCHOOL,,,,,,,,,"-81.92268048,27.98317782",-81.92268048,27.98317782,,,,,,
LAKELAND,POLK,,,,PUBLIC SCHOOL,,,,,,,,,"-81.91922988,27.95746726",-81.91922988,27.95746726,,,,,,
LAKELAND,POLK,,,,PUBLIC SCHOOL,,,,,,,,,"-82.01616783,28.16917003",-82.01616783,28.16917003,,,,,,
LAKELAND,POLK,,,,PUBLIC SCHOOL,,,,,,,,,"-81.94143649,28.05813676",-81.94143649,28.05813676,,,,,,
LAKELAND,POLK,,,,PUBLIC SCHOOL,,,,,,,,,"-81.96049107,28.06379469",-81.96049107,28.06379469,,,,,,
LAKELAND,POLK,,,,PUBLIC SCHOOL,,,,,,,,,"-81.99219467,28.09327163",-81.99219467,28.09327163,,,,,,
LAKELAND,POLK,,,,PUBLIC SCHOOL,,,,,,,,,"-81.89180268,27.99385438",-81.89180268,27.99385438,,,,,,
LAKELAND,POLK,,,,PUBLIC SCHOOL,,,,,,,,,"-81.95770152,28.04431105",-81.95770152,28.04431105,,,,,,
LAKELAND,POLK,,,,PUBLIC SCHOOL,,,,,,,,,"-82.00027821,27.93958631",-82.00027821,27.93958631,,,,,,
LAKELAND,POLK,,,,PUBLIC SCHOOL,,,,,,,,,"-81.99611076,28.05771992",-81.99611076,28.05771992,,,,,,
LAKELAND,POLK,,,,PUBLIC SCHOOL,,,,,,,,,"-81.93158995,28.02298089",-81.93158995,28.02298089,,,,,,
LAKELAND,POLK,,,,PUBLIC SCHOOL,,,,,,,,,"-81.96438528,28.01190636",-81.96438528,28.01190636,,,,,,
LAKELAND,POLK,,,,PUBLIC SCHOOL,,,,,,,,,"-81.95411350,28.01207767",-81.95411350,28.01207767,,,,,,
LAKELAND,POLK,,,,PUBLIC SCHOOL,,,,,,,,,"-81.99501198,28.08504079",-81.99501198,28.08504079,,,,,,
LAKELAND,POLK,,,,PUBLIC SCHOOL,,,,,,,,,"-81.95761249,28.04820378",-81.95761249,28.04820378,,,,,,
LAKELAND,POLK,,,,PUBLIC SCHOOL,,,,,,,,,"-81.95947599,28.01435022",-81.95947599,28.01435022,,,,,,
LAKELAND,POLK,,,,PUBLIC SCHOOL,,,,,,,,,"-81.96069022,28.02553022",-81.96069022,28.02553022,,,,,,
LAKELAND,POLK,,,,PUBLIC SCHOOL,,,,,,,,,"-81.89055829,27.99009480",-81.89055829,27.99009480,,,,,,
LAKELAND,POLK,,,,PUBLIC SCHOOL,,,,,,,,,"-81.94830867,28.03735993",-81.94830867,28.03735993,,,,,,
LAKELAND,POLK,,,,PUBLIC SCHOOL,,,,,,,,,"-81.91276662,28.03446610",-81.91276662,28.03446610,,,,,,
LAKELAND,POLK,,,,PUBLIC SCHOOL,,,,,,,,,"-81.95072854,27.97570871",-81.95072854,27.97570871,,,,,,
LAKELAND,POLK,,,,PUBLIC SCHOOL,,,,,,,,,"-81.89297364,27.99624366",-81.89297364,27.99624366,,,,,,
LAKELAND,POLK,,,,PUBLIC SCHOOL,,,,,,,,,"-81.97301964,28.03737461",-81.97301964,28.03737461,,,,,,
LAKELAND,POLK,,,,PUBLIC SCHOOL,,,,,,,,,"-81.93985041,28.03611183",-81.93985041,28.03611183,,,,,,
LAKELAND,POLK,,,,PUBLIC SCHOOL,,,,,,,,,"-81.98443654,28.04991164",-81.98443654,28.04991164,,,,,,
LAKELAND,POLK,,,,PUBLIC SCHOOL,,,,,,,,,"-81.95068432,28.07023410",-81.95068432,28.07023410,,,,,,
LAKELAND,POLK,,,,PUBLIC SCHOOL,,,,,,,,,"-81.95430963,28.12926591",-81.95430963,28.12926591,,,,,,
LAKELAND,POLK,,,,PUBLIC SCHOOL,,,,,,,,,"-82.01452442,28.05521042",-82.01452442,28.05521042,,,,,,
LAKELAND,POLK,,,,PUBLIC SCHOOL,,,,,,,,,"-82.01050126,27.96684577",-82.01050126,27.96684577,,,,,,
LAKELAND,POLK,,,,PUBLIC SCHOOL,,,,,,,,,"-82.01833668,28.12748337",-82.01833668,28.12748337,,,,,,
LAKELAND,POLK,,,,PUBLIC SCHOOL,,,,,,,,,"-81.90145303,28.05954326",-81.90145303,28.05954326,,,,,,
LAKELAND,POLK,,,,PUBLIC SCHOOL,,,,,,,,,"-81.96050216,28.08322354",-81.96050216,28.08322354,,,,,,
LAKELAND,POLK,,,,PUBLIC SCHOOL,,,,,,,,,"-81.96601927,28.03848336",-81.96601927,28.03848336,,,,,,
LAKE WALES,POLK,,,,PUBLIC SCHOOL,,,,,,,,,"-81.59512820,27.91095925",-81.59512820,27.91095925,,,,,,
LAKE WALES,POLK,,,,PUBLIC SCHOOL,,,,,,,,,"-81.58811495,27.89606176",-81.58811495,27.89606176,,,,,,
LAKE WALES,POLK,,,,PUBLIC SCHOOL,,,,,,,,,"-81.59363434,27.91792876",-81.59363434,27.91792876,,,,,,
LAKE WALES,POLK,,,,PUBLIC SCHOOL,,,,,,,,,"-81.58374313,27.91073551",-81.58374313,27.91073551,,,,,,
LAKE WALES,POLK,,,,PUBLIC SCHOOL,,,,,,,,,"-81.59280545,27.82361462",-81.59280545,27.82361462,,,,,,
LAKE WALES,POLK,,,,PUBLIC SCHOOL,,,,,,,,,"-81.57979882,27.91670359",-81.57979882,27.91670359,,,,,,
LAKE WALES,POLK,,,,PUBLIC SCHOOL,,,,,,,,,"-81.57994190,27.91403771",-81.57994190,27.91403771,,,,,,
LAKE WALES,POLK,,,,PUBLIC SCHOOL,,,,,,,,,"-81.58465322,27.88769982",-81.58465322,27.88769982,,,,,,
LAKE WALES,POLK,,,,PUBLIC SCHOOL,,,,,,,,,"-81.56786215,27.89492456",-81.56786215,27.89492456,,,,,,
MULBERRY,POLK,,,,PUBLIC SCHOOL,,,,,,,,,"-81.96037971,27.89837620",-81.96037971,27.89837620,,,,,,
MULBERRY,POLK,,,,PUBLIC SCHOOL,,,,,,,,,"-81.98542235,27.88684788",-81.98542235,27.88684788,,,,,,
MULBERRY,POLK,,,,PUBLIC SCHOOL,,,,,,,,,"-81.98310185,27.79236672",-81.98310185,27.79236672,,,,,,
MULBERRY,POLK,,,,PUBLIC SCHOOL,,,,,,,,,"-81.97234212,27.89788551",-81.97234212,27.89788551,,,,,,
MULBERRY,POLK,,,,PUBLIC SCHOOL,,,,,,,,,"-81.96513286,27.89151540",-81.96513286,27.89151540,,,,,,
DUNDEE,POLK,,,,PUBLIC SCHOOL,,,,,,,,,"-81.59624729,28.01702080",-81.59624729,28.01702080,,,,,,
DUNDEE,POLK,,,,PUBLIC SCHOOL,,,,,,,,,"-81.61845850,28.02454957",-81.61845850,28.02454957,,,,,,
DUNDEE,POLK,,,,PUBLIC SCHOOL,,,,,,,,,"-81.61808158,28.02676269",-81.61808158,28.02676269,,,,,,
FORT MEADE,POLK,,,,PUBLIC SCHOOL,,,,,,,,,"-81.78354342,27.76036730",-81.78354342,27.76036730,,,,,,
FORT MEADE,POLK,,,,PUBLIC SCHOOL,,,,,,,,,"-81.80192099,27.74389240",-81.80192099,27.74389240,,,,,,
KISSIMMEE,POLK,,,,PUBLIC SCHOOL,,,,,,,,,"-81.51025095,28.06672422",-81.51025095,28.06672422,,,,,,
KISSIMMEE,POLK,,,,PUBLIC SCHOOL,,,,,,,,,"-81.46022859,28.11294159",-81.46022859,28.11294159,,,,,,
KISSIMMEE,POLK,,,,PUBLIC SCHOOL,,,,,,,,,"-81.48859148,28.07534569",-81.48859148,28.07534569,,,,,,
HIGHLAND CITY,POLK,,,,PUBLIC SCHOOL,,,,,,,,,"-81.88382620,27.96613918",-81.88382620,27.96613918,,,,,,
EAGLE LAKE,POLK,,,,PUBLIC SCHOOL,,,,,,,,,"-81.74913529,27.98047053",-81.74913529,27.98047053,,,,,,
POLK CITY,POLK,,,,PUBLIC SCHOOL,,,,,,,,,"-81.82284570,28.18136824",-81.82284570,28.18136824,,,,,,
BABSON PARK,POLK,,,,PUBLIC SCHOOL,,,,,,,,,"-81.52696962,27.83258159",-81.52696962,27.83258159,,,,,,
CRESCENT CITY,PUTNAM,,,,PUBLIC SCHOOL,,,,,,,,,"-81.50870826,29.42829587",-81.50870826,29.42829587,,,,,,
CRESCENT CITY,PUTNAM,,,,PUBLIC SCHOOL,,,,,,,,,"-81.53493788,29.47205232",-81.53493788,29.47205232,,,,,,
CRESCENT CITY,PUTNAM,,,,PUBLIC SCHOOL,,,,,,,,,"-81.52278981,29.43969690",-81.52278981,29.43969690,,,,,,
HAWTHORNE,PUTNAM,,,,PUBLIC SCHOOL,,,,,,,,,"-82.03080103,29.63003379",-82.03080103,29.63003379,,,,,,
MELROSE,PUTNAM,,,,PUBLIC SCHOOL,,,,,,,,,"-82.04294240,29.70849520",-82.04294240,29.70849520,,,,,,
PALATKA,PUTNAM,,,,PUBLIC SCHOOL,,,,,,,,,"-81.64800683,29.64027377",-81.64800683,29.64027377,,,,,,
PALATKA,PUTNAM,,,,PUBLIC SCHOOL,,,,,,,,,"-81.70374183,29.64460725",-81.70374183,29.64460725,,,,,,
PALATKA,PUTNAM,,,,PUBLIC SCHOOL,,,,,,,,,"-81.66670164,29.64459465",-81.66670164,29.64459465,,,,,,
PALATKA,PUTNAM,,,,PUBLIC SCHOOL,,,,,,,,,"-81.65504227,29.63778473",-81.65504227,29.63778473,,,,,,
PALATKA,PUTNAM,,,,PUBLIC SCHOOL,,,,,,,,,"-81.70740204,29.63309153",-81.70740204,29.63309153,,,,,,
PALATKA,PUTNAM,,,,PUBLIC SCHOOL,,,,,,,,,"-81.65367298,29.66502948",-81.65367298,29.66502948,,,,,,
PALATKA,PUTNAM,,,,PUBLIC SCHOOL,,,,,,,,,"-81.63626176,29.64610529",-81.63626176,29.64610529,,,,,,
PALATKA,PUTNAM,,,,PUBLIC SCHOOL,,,,,,,,,"-81.69403261,29.63115158",-81.69403261,29.63115158,,,,,,
PALATKA,PUTNAM,,,,PUBLIC SCHOOL,,,,,,,,,"-81.66891190,29.64458753",-81.66891190,29.64458753,,,,,,
PALATKA,PUTNAM,,,,PUBLIC SCHOOL,,,,,,,,,"-81.64615047,29.66013514",-81.64615047,29.66013514,,,,,,
SAN MATEO,PUTNAM,,,,PUBLIC SCHOOL,,,,,,,,,"-81.58254997,29.60942338",-81.58254997,29.60942338,,,,,,
INTERLACHEN,PUTNAM,,,,PUBLIC SCHOOL,,,,,,,,,"-81.88568992,29.63417761",-81.88568992,29.63417761,,,,,,
INTERLACHEN,PUTNAM,,,,PUBLIC SCHOOL,,,,,,,,,"-81.88714920,29.60775080",-81.88714920,29.60775080,,,,,,
INTERLACHEN,PUTNAM,,,,PUBLIC SCHOOL,,,,,,,,,"-81.88546838,29.63070237",-81.88546838,29.63070237,,,,,,
FLORAHOME,PUTNAM,,,,PUBLIC SCHOOL,,,,,,,,,"-81.84774329,29.72623405",-81.84774329,29.72623405,,,,,,
ELKTON,ST. JOHNS,,,,PUBLIC SCHOOL,,,,,,,,,"-81.37381948,29.82850940",-81.37381948,29.82850940,,,,,,
ELKTON,ST. JOHNS,,,,PUBLIC SCHOOL,,,,,,,,,"-81.46443912,29.72643034",-81.46443912,29.72643034,,,,,,
ELKTON,ST. JOHNS,,,,PUBLIC SCHOOL,,,,,,,,,"-81.48961883,29.72239287",-81.48961883,29.72239287,,,,,,
JACKSONVILLE,ST. JOHNS,,,,PUBLIC SCHOOL,,,,,,,,,"-81.60306102,30.11617900",-81.60306102,30.11617900,,,,,,
JACKSONVILLE,ST. JOHNS,,,,PUBLIC SCHOOL,,,,,,,,,"-81.55242134,30.10526799",-81.55242134,30.10526799,,,,,,
JACKSONVILLE,ST. JOHNS,,,,PUBLIC SCHOOL,,,,,,,,,"-81.52718422,30.07917765",-81.52718422,30.07917765,,,,,,
JACKSONVILLE,ST. JOHNS,,,,PUBLIC SCHOOL,,,,,,,,,"-81.57816224,30.11067384",-81.57816224,30.11067384,,,,,,
JACKSONVILLE,ST. JOHNS,,,,PUBLIC SCHOOL,,,,,,,,,"-81.64544717,30.06459715",-81.64544717,30.06459715,,,,,,
JACKSONVILLE,ST. JOHNS,,,,PUBLIC SCHOOL,,,,,,,,,"-81.64786639,30.06302032",-81.64786639,30.06302032,,,,,,
JACKSONVILLE,ST. JOHNS,,,,PUBLIC SCHOOL,,,,,,,,,"-81.61215486,30.07676373",-81.61215486,30.07676373,,,,,,
JACKSONVILLE,ST. JOHNS,,,,PUBLIC SCHOOL,,,,,,,,,"-81.56304374,30.08107266",-81.56304374,30.08107266,,,,,,
PONTE VEDRA BEACH,ST. JOHNS,,,,PUBLIC SCHOOL,,,,,,,,,"-81.38231389,30.21418541",-81.38231389,30.21418541,,,,,,
PONTE VEDRA BEACH,ST. JOHNS,,,,PUBLIC SCHOOL,,,,,,,,,"-81.39062125,30.16441174",-81.39062125,30.16441174,,,,,,
PONTE VEDRA BEACH,ST. JOHNS,,,,PUBLIC SCHOOL,,,,,,,,,"-81.39276665,30.16115648",-81.39276665,30.16115648,,,,,,
ST JOHNS,ST. JOHNS,,,,PUBLIC SCHOOL,,,,,,,,,"-81.53799057,30.08297906",-81.53799057,30.08297906,,,,,,
PORT SAINT LUCIE,ST. LUCIE,,,,PUBLIC SCHOOL,,,,,,,,,"-80.31920177,27.34169631",-80.31920177,27.34169631,,,,,,
PORT SAINT LUCIE,ST. LUCIE,,,,PUBLIC SCHOOL,,,,,,,,,"-80.37668759,27.32165221",-80.37668759,27.32165221,,,,,,
PORT SAINT LUCIE,ST. LUCIE,,,,PUBLIC SCHOOL,,,,,,,,,"-80.37926001,27.29867024",-80.37926001,27.29867024,,,,,,
PORT SAINT LUCIE,ST. LUCIE,,,,PUBLIC SCHOOL,,,,,,,,,"-80.37010456,27.34808020",-80.37010456,27.34808020,,,,,,
PORT SAINT LUCIE,ST. LUCIE,,,,PUBLIC SCHOOL,,,,,,,,,"-80.36529857,27.24452102",-80.36529857,27.24452102,,,,,,
PORT SAINT LUCIE,ST. LUCIE,,,,PUBLIC SCHOOL,,,,,,,,,"-80.37854279,27.29499253",-80.37854279,27.29499253,,,,,,
PORT SAINT LUCIE,ST. LUCIE,,,,PUBLIC SCHOOL,,,,,,,,,"-80.29512759,27.27353603",-80.29512759,27.27353603,,,,,,
PORT SAINT LUCIE,ST. LUCIE,,,,PUBLIC SCHOOL,,,,,,,,,"-80.38505789,27.27925251",-80.38505789,27.27925251,,,,,,
PORT SAINT LUCIE,ST. LUCIE,,,,PUBLIC SCHOOL,,,,,,,,,"-80.37652882,27.33684648",-80.37652882,27.33684648,,,,,,
PORT SAINT LUCIE,ST. LUCIE,,,,PUBLIC SCHOOL,,,,,,,,,"-80.32534751,27.29492521",-80.32534751,27.29492521,,,,,,
PORT SAINT LUCIE,ST. LUCIE,,,,PUBLIC SCHOOL,,,,,,,,,"-80.30072483,27.26891706",-80.30072483,27.26891706,,,,,,
PORT SAINT LUCIE,ST. LUCIE,,,,PUBLIC SCHOOL,,,,,,,,,"-80.37252426,27.24566405",-80.37252426,27.24566405,,,,,,
PORT SAINT LUCIE,ST. LUCIE,,,,PUBLIC SCHOOL,,,,,,,,,"-80.35033405,27.36173372",-80.35033405,27.36173372,,,,,,
PORT SAINT LUCIE,ST. LUCIE,,,,PUBLIC SCHOOL,,,,,,,,,"-80.35235347,27.32437150",-80.35235347,27.32437150,,,,,,
PORT SAINT LUCIE,ST. LUCIE,,,,PUBLIC SCHOOL,,,,,,,,,"-80.44810470,27.32934688",-80.44810470,27.32934688,,,,,,
PORT SAINT LUCIE,ST. LUCIE,,,,PUBLIC SCHOOL,,,,,,,,,"-80.28608459,27.28981197",-80.28608459,27.28981197,,,,,,
PORT SAINT LUCIE,ST. LUCIE,,,,PUBLIC SCHOOL,,,,,,,,,"-80.43294704,27.27444302",-80.43294704,27.27444302,,,,,,
PORT SAINT LUCIE,ST. LUCIE,,,,PUBLIC SCHOOL,,,,,,,,,"-80.35541150,27.36144098",-80.35541150,27.36144098,,,,,,
PORT SAINT LUCIE,ST. LUCIE,,,,PUBLIC SCHOOL,,,,,,,,,"-80.26928071,27.26997518",-80.26928071,27.26997518,,,,,,
PORT SAINT LUCIE,ST. LUCIE,,,,PUBLIC SCHOOL,,,,,,,,,"-80.36401281,27.29138352",-80.36401281,27.29138352,,,,,,
PORT SAINT LUCIE,ST. LUCIE,,,,PUBLIC SCHOOL,,,,,,,,,"-80.28257965,27.30558503",-80.28257965,27.30558503,,,,,,
PORT SAINT LUCIE,ST. LUCIE,,,,PUBLIC SCHOOL,,,,,,,,,"-80.39557014,27.29915690",-80.39557014,27.29915690,,,,,,
PORT SAINT LUCIE,ST. LUCIE,,,,PUBLIC SCHOOL,,,,,,,,,"-80.39868837,27.32578441",-80.39868837,27.32578441,,,,,,
PORT SAINT LUCIE,ST. LUCIE,,,,PUBLIC SCHOOL,,,,,,,,,"-80.37387147,27.21418277",-80.37387147,27.21418277,,,,,,
FT PIERCE,ST. LUCIE,,,,PUBLIC SCHOOL,,,,,,,,,"-80.34761596,27.46642275",-80.34761596,27.46642275,,,,,,
PORT ST. LUCIE,ST. LUCIE,,,,PUBLIC SCHOOL,,,,,,,,,"-80.43266074,27.26371716",-80.43266074,27.26371716,,,,,,
MILTON,SANTA ROSA,,,,PUBLIC SCHOOL,,,,,,,,,"-87.09459722,30.57128605",-87.09459722,30.57128605,,,,,,
MILTON,SANTA ROSA,,,,PUBLIC SCHOOL,,,,,,,,,"-87.04265148,30.62745529",-87.04265148,30.62745529,,,,,,
MILTON,SANTA ROSA,,,,PUBLIC SCHOOL,,,,,,,,,"-87.06517496,30.62851437",-87.06517496,30.62851437,,,,,,
MILTON,SANTA ROSA,,,,PUBLIC SCHOOL,,,,,,,,,"-87.15393264,30.61392485",-87.15393264,30.61392485,,,,,,
MILTON,SANTA ROSA,,,,PUBLIC SCHOOL,,,,,,,,,"-87.04455284,30.64846299",-87.04455284,30.64846299,,,,,,
MILTON,SANTA ROSA,,,,PUBLIC SCHOOL,,,,,,,,,"-87.04435940,30.63262878",-87.04435940,30.63262878,,,,,,
MILTON,SANTA ROSA,,,,PUBLIC SCHOOL,,,,,,,,,"-87.04082925,30.62446375",-87.04082925,30.62446375,,,,,,
MILTON,SANTA ROSA,,,,PUBLIC SCHOOL,,,,,,,,,"-87.04249820,30.61483626",-87.04249820,30.61483626,,,,,,
MILTON,SANTA ROSA,,,,PUBLIC SCHOOL,,,,,,,,,"-87.16816693,30.63548777",-87.16816693,30.63548777,,,,,,
MILTON,SANTA ROSA,,,,PUBLIC SCHOOL,,,,,,,,,"-87.09971858,30.64807019",-87.09971858,30.64807019,,,,,,
MILTON,SANTA ROSA,,,,PUBLIC SCHOOL,,,,,,,,,"-87.02970483,30.59841029",-87.02970483,30.59841029,,,,,,
MILTON,SANTA ROSA,,,,PUBLIC SCHOOL,,,,,,,,,"-87.11192045,30.60865763",-87.11192045,30.60865763,,,,,,
MILTON,SANTA ROSA,,,,PUBLIC SCHOOL,,,,,,,,,"-87.15416349,30.60308228",-87.15416349,30.60308228,,,,,,
MILTON,SANTA ROSA,,,,PUBLIC SCHOOL,,,,,,,,,"-87.11688078,30.64740999",-87.11688078,30.64740999,,,,,,
MILTON,SANTA ROSA,,,,PUBLIC SCHOOL,,,,,,,,,"-87.04427379,30.65049437",-87.04427379,30.65049437,,,,,,
MILTON,SANTA ROSA,,,,PUBLIC SCHOOL,,,,,,,,,"-87.07539136,30.76370121",-87.07539136,30.76370121,,,,,,
MILTON,SANTA ROSA,,,,PUBLIC SCHOOL,,,,,,,,,"-87.04797269,30.63737371",-87.04797269,30.63737371,,,,,,
MILTON,SANTA ROSA,,,,PUBLIC SCHOOL,,,,,,,,,"-87.03862561,30.61947416",-87.03862561,30.61947416,,,,,,
MILTON,SANTA ROSA,,,,PUBLIC SCHOOL,,,,,,,,,"-87.01987857,30.62209405",-87.01987857,30.62209405,,,,,,
MILTON,SANTA ROSA,,,,PUBLIC SCHOOL,,,,,,,,,"-87.09717294,30.57080571",-87.09717294,30.57080571,,,,,,
MILTON,SANTA ROSA,,,,PUBLIC SCHOOL,,,,,,,,,"-87.16587498,30.63754792",-87.16587498,30.63754792,,,,,,
NAVARRE,SANTA ROSA,,,,PUBLIC SCHOOL,,,,,,,,,"-86.88939366,30.40632448",-86.88939366,30.40632448,,,,,,
NAVARRE,SANTA ROSA,,,,PUBLIC SCHOOL,,,,,,,,,"-86.91911025,30.40530029",-86.91911025,30.40530029,,,,,,
NAVARRE,SANTA ROSA,,,,PUBLIC SCHOOL,,,,,,,,,"-86.88795601,30.40622425",-86.88795601,30.40622425,,,,,,
NAVARRE,SANTA ROSA,,,,PUBLIC SCHOOL,,,,,,,,,"-86.88735868,30.40453747",-86.88735868,30.40453747,,,,,,
NAVARRE,SANTA ROSA,,,,PUBLIC SCHOOL,,,,,,,,,"-86.93259203,30.40704765",-86.93259203,30.40704765,,,,,,
NAVARRE,SANTA ROSA,,,,PUBLIC SCHOOL,,,,,,,,,"-86.86220770,30.42319189",-86.86220770,30.42319189,,,,,,
GULF BREEZE,SANTA ROSA,,,,PUBLIC SCHOOL,,,,,,,,,"-87.00922394,30.39194145",-87.00922394,30.39194145,,,,,,
GULF BREEZE,SANTA ROSA,,,,PUBLIC SCHOOL,,,,,,,,,"-87.16931334,30.36085018",-87.16931334,30.36085018,,,,,,
GULF BREEZE,SANTA ROSA,,,,PUBLIC SCHOOL,,,,,,,,,"-87.16844856,30.35908423",-87.16844856,30.35908423,,,,,,
GULF BREEZE,SANTA ROSA,,,,PUBLIC SCHOOL,,,,,,,,,"-87.09421842,30.38370506",-87.09421842,30.38370506,,,,,,
GULF BREEZE,SANTA ROSA,,,,PUBLIC SCHOOL,,,,,,,,,"-87.16741960,30.35778683",-87.16741960,30.35778683,,,,,,
JAY,SANTA ROSA,,,,PUBLIC SCHOOL,,,,,,,,,"-87.15834303,30.94162141",-87.15834303,30.94162141,,,,,,
JAY,SANTA ROSA,,,,PUBLIC SCHOOL,,,,,,,,,"-87.22287707,30.77980103",-87.22287707,30.77980103,,,,,,
JAY,SANTA ROSA,,,,PUBLIC SCHOOL,,,,,,,,,"-87.15774572,30.94014123",-87.15774572,30.94014123,,,,,,
NORTH PORT,SARASOTA,,,,PUBLIC SCHOOL,,,,,,,,,"-82.22479357,27.07419655",-82.22479357,27.07419655,,,,,,
NORTH PORT,SARASOTA,,,,PUBLIC SCHOOL,,,,,,,,,"-82.11782710,27.08445579",-82.11782710,27.08445579,,,,,,
NORTH PORT,SARASOTA,,,,PUBLIC SCHOOL,,,,,,,,,"-82.14791649,27.06672438",-82.14791649,27.06672438,,,,,,
NORTH PORT,SARASOTA,,,,PUBLIC SCHOOL,,,,,,,,,"-82.18636694,27.09730464",-82.18636694,27.09730464,,,,,,
NORTH PORT,SARASOTA,,,,PUBLIC SCHOOL,,,,,,,,,"-82.10822677,27.06367958",-82.10822677,27.06367958,,,,,,
NORTH PORT,SARASOTA,,,,PUBLIC SCHOOL,,,,,,,,,"-82.18863966,27.05660484",-82.18863966,27.05660484,,,,,,
NORTH PORT,SARASOTA,,,,PUBLIC SCHOOL,,,,,,,,,"-82.22749775,27.06905227",-82.22749775,27.06905227,,,,,,
NORTH PORT,SARASOTA,,,,PUBLIC SCHOOL,,,,,,,,,"-82.23758301,27.07576356",-82.23758301,27.07576356,,,,,,
NORTH PORT,SARASOTA,,,,PUBLIC SCHOOL,,,,,,,,,"-82.15620196,27.08888666",-82.15620196,27.08888666,,,,,,
SARASOTA,SARASOTA,,,,PUBLIC SCHOOL,,,,,,,,,"-82.48191652,27.26340659",-82.48191652,27.26340659,,,,,,
SARASOTA,SARASOTA,,,,PUBLIC SCHOOL,,,,,,,,,"-82.49838711,27.29030413",-82.49838711,27.29030413,,,,,,
SARASOTA,SARASOTA,,,,PUBLIC SCHOOL,,,,,,,,,"-82.47811807,27.33744938",-82.47811807,27.33744938,,,,,,
SARASOTA,SARASOTA,,,,PUBLIC SCHOOL,,,,,,,,,"-82.49904849,27.28697942",-82.49904849,27.28697942,,,,,,
SARASOTA,SARASOTA,,,,PUBLIC SCHOOL,,,,,,,,,"-82.53918625,27.36568977",-82.53918625,27.36568977,,,,,,
SARASOTA,SARASOTA,,,,PUBLIC SCHOOL,,,,,,,,,"-82.52554859,27.32753360",-82.52554859,27.32753360,,,,,,
SARASOTA,SARASOTA,,,,PUBLIC SCHOOL,,,,,,,,,"-82.47432065,27.31064197",-82.47432065,27.31064197,,,,,,
SARASOTA,SARASOTA,,,,PUBLIC SCHOOL,,,,,,,,,"-82.47540329,27.34809310",-82.47540329,27.34809310,,,,,,
SARASOTA,SARASOTA,,,,PUBLIC SCHOOL,,,,,,,,,"-82.50010001,27.36280000",-82.50010001,27.36280000,,,,,,
SARASOTA,SARASOTA,,,,PUBLIC SCHOOL,,,,,,,,,"-82.50894353,27.26102690",-82.50894353,27.26102690,,,,,,
SARASOTA,SARASOTA,,,,PUBLIC SCHOOL,,,,,,,,,"-82.49959476,27.28569667",-82.49959476,27.28569667,,,,,,
SARASOTA,SARASOTA,,,,PUBLIC SCHOOL,,,,,,,,,"-82.52327387,27.35782232",-82.52327387,27.35782232,,,,,,
SARASOTA,SARASOTA,,,,PUBLIC SCHOOL,,,,,,,,,"-82.54301671,27.34203259",-82.54301671,27.34203259,,,,,,
SARASOTA,SARASOTA,,,,PUBLIC SCHOOL,,,,,,,,,"-82.55129990,27.36202363",-82.55129990,27.36202363,,,,,,
SARASOTA,SARASOTA,,,,PUBLIC SCHOOL,,,,,,,,,"-82.47135778,27.32917347",-82.47135778,27.32917347,,,,,,
SARASOTA,SARASOTA,,,,PUBLIC SCHOOL,,,,,,,,,"-82.52825488,27.28547107",-82.52825488,27.28547107,,,,,,
SARASOTA,SARASOTA,,,,PUBLIC SCHOOL,,,,,,,,,"-82.51887220,27.32486235",-82.51887220,27.32486235,,,,,,
SARASOTA,SARASOTA,,,,PUBLIC SCHOOL,,,,,,,,,"-82.42567329,27.28810461",-82.42567329,27.28810461,,,,,,
SARASOTA,SARASOTA,,,,PUBLIC SCHOOL,,,,,,,,,"-82.51266449,27.34402947",-82.51266449,27.34402947,,,,,,
SARASOTA,SARASOTA,,,,PUBLIC SCHOOL,,,,,,,,,"-82.42780328,27.28654073",-82.42780328,27.28654073,,,,,,
SARASOTA,SARASOTA,,,,PUBLIC SCHOOL,,,,,,,,,"-82.41142047,27.26094246",-82.41142047,27.26094246,,,,,,
SARASOTA,SARASOTA,,,,PUBLIC SCHOOL,,,,,,,,,"-82.46321691,27.33152917",-82.46321691,27.33152917,,,,,,
SARASOTA,SARASOTA,,,,PUBLIC SCHOOL,,,,,,,,,"-82.52489883,27.32518704",-82.52489883,27.32518704,,,,,,
SARASOTA,SARASOTA,,,,PUBLIC SCHOOL,,,,,,,,,"-82.39941591,27.33936890",-82.39941591,27.33936890,,,,,,
SARASOTA,SARASOTA,,,,PUBLIC SCHOOL,,,,,,,,,"-82.51965266,27.28258674",-82.51965266,27.28258674,,,,,,
SARASOTA,SARASOTA,,,,PUBLIC SCHOOL,,,,,,,,,"-82.47124097,27.27510974",-82.47124097,27.27510974,,,,,,
SARASOTA,SARASOTA,,,,PUBLIC SCHOOL,,,,,,,,,"-82.53888093,27.34377002",-82.53888093,27.34377002,,,,,,
SARASOTA,SARASOTA,,,,PUBLIC SCHOOL,,,,,,,,,"-82.50030183,27.28919322",-82.50030183,27.28919322,,,,,,
SARASOTA,SARASOTA,,,,PUBLIC SCHOOL,,,,,,,,,"-82.46736181,27.27818065",-82.46736181,27.27818065,,,,,,
SARASOTA,SARASOTA,,,,PUBLIC SCHOOL,,,,,,,,,"-82.53184441,27.27970074",-82.53184441,27.27970074,,,,,,
SARASOTA,SARASOTA,,,,PUBLIC SCHOOL,,,,,,,,,"-82.53186809,27.30878565",-82.53186809,27.30878565,,,,,,
SARASOTA,SARASOTA,,,,PUBLIC SCHOOL,,,,,,,,,"-82.52367058,27.36764463",-82.52367058,27.36764463,,,,,,
SARASOTA,SARASOTA,,,,PUBLIC SCHOOL,,,,,,,,,"-82.53928405,27.35279958",-82.53928405,27.35279958,,,,,,
SARASOTA,SARASOTA,,,,PUBLIC SCHOOL,,,,,,,,,"-82.52507721,27.30055021",-82.52507721,27.30055021,,,,,,
SARASOTA,SARASOTA,,,,PUBLIC SCHOOL,,,,,,,,,"-82.41947804,27.32584762",-82.41947804,27.32584762,,,,,,
SARASOTA,SARASOTA,,,,PUBLIC SCHOOL,,,,,,,,,"-82.47083155,27.38178628",-82.47083155,27.38178628,,,,,,
VENICE,SARASOTA,,,,PUBLIC SCHOOL,,,,,,,,,"-82.35356348,27.07691486",-82.35356348,27.07691486,,,,,,
VENICE,SARASOTA,,,,PUBLIC SCHOOL,,,,,,,,,"-82.35955457,27.04442727",-82.35955457,27.04442727,,,,,,
VENICE,SARASOTA,,,,PUBLIC SCHOOL,,,,,,,,,"-82.39968846,27.07762780",-82.39968846,27.07762780,,,,,,
VENICE,SARASOTA,,,,PUBLIC SCHOOL,,,,,,,,,"-82.41900637,27.12474521",-82.41900637,27.12474521,,,,,,
VENICE,SARASOTA,,,,PUBLIC SCHOOL,,,,,,,,,"-82.39976944,27.08005500",-82.39976944,27.08005500,,,,,,
VENICE,SARASOTA,,,,PUBLIC SCHOOL,,,,,,,,,"-82.44205041,27.08141464",-82.44205041,27.08141464,,,,,,
VENICE,SARASOTA,,,,PUBLIC SCHOOL,,,,,,,,,"-82.44178090,27.09801798",-82.44178090,27.09801798,,,,,,
VENICE,SARASOTA,,,,PUBLIC SCHOOL,,,,,,,,,"-82.44146109,27.09521621",-82.44146109,27.09521621,,,,,,
OSPREY,SARASOTA,,,,PUBLIC SCHOOL,,,,,,,,,"-82.47938374,27.18634012",-82.47938374,27.18634012,,,,,,
NOKOMIS,SARASOTA,,,,PUBLIC SCHOOL,,,,,,,,,"-82.42640095,27.13566326",-82.42640095,27.13566326,,,,,,
ENGLEWOOD,SARASOTA,,,,PUBLIC SCHOOL,,,,,,,,,"-82.35793715,26.96516500",-82.35793715,26.96516500,,,,,,
OVIEDO,SEMINOLE,,,,PUBLIC SCHOOL,,,,,,,,,"-81.17788521,28.68542122",-81.17788521,28.68542122,,,,,,
OVIEDO,SEMINOLE,,,,PUBLIC SCHOOL,,,,,,,,,"-81.15625266,28.64980008",-81.15625266,28.64980008,,,,,,
OVIEDO,SEMINOLE,,,,PUBLIC SCHOOL,,,,,,,,,"-81.18195584,28.62560012",-81.18195584,28.62560012,,,,,,
OVIEDO,SEMINOLE,,,,PUBLIC SCHOOL,,,,,,,,,"-81.12786665,28.64782367",-81.12786665,28.64782367,,,,,,
OVIEDO,SEMINOLE,,,,PUBLIC SCHOOL,,,,,,,,,"-81.21081924,28.66841565",-81.21081924,28.66841565,,,,,,
OVIEDO,SEMINOLE,,,,PUBLIC SCHOOL,,,,,,,,,"-81.19094753,28.65354413",-81.19094753,28.65354413,,,,,,
OVIEDO,SEMINOLE,,,,PUBLIC SCHOOL,,,,,,,,,"-81.17795737,28.62476498",-81.17795737,28.62476498,,,,,,
OVIEDO,SEMINOLE,,,,PUBLIC SCHOOL,,,,,,,,,"-81.20495395,28.64204920",-81.20495395,28.64204920,,,,,,
OVIEDO,SEMINOLE,,,,PUBLIC SCHOOL,,,,,,,,,"-81.19570000,28.66809999",-81.19570000,28.66809999,,,,,,
OVIEDO,SEMINOLE,,,,PUBLIC SCHOOL,,,,,,,,,"-81.21851625,28.67321304",-81.21851625,28.67321304,,,,,,
OVIEDO,SEMINOLE,,,,PUBLIC SCHOOL,,,,,,,,,"-81.26406309,28.63444063",-81.26406309,28.63444063,,,,,,
OVIEDO,SEMINOLE,,,,PUBLIC SCHOOL,,,,,,,,,"-81.15488627,28.65296171",-81.15488627,28.65296171,,,,,,
ALTAMONTE SPRINGS,SEMINOLE,,,,PUBLIC SCHOOL,,,,,,,,,"-81.42391957,28.67847680",-81.42391957,28.67847680,,,,,,
ALTAMONTE SPRINGS,SEMINOLE,,,,PUBLIC SCHOOL,,,,,,,,,"-81.37132675,28.64805246",-81.37132675,28.64805246,,,,,,
ALTAMONTE SPRINGS,SEMINOLE,,,,PUBLIC SCHOOL,,,,,,,,,"-81.37170759,28.68090383",-81.37170759,28.68090383,,,,,,
ALTAMONTE SPRINGS,SEMINOLE,,,,PUBLIC SCHOOL,,,,,,,,,"-81.41013754,28.65971522",-81.41013754,28.65971522,,,,,,
SANFORD,SEMINOLE,,,,PUBLIC SCHOOL,,,,,,,,,"-81.25524436,28.77699780",-81.25524436,28.77699780,,,,,,
SANFORD,SEMINOLE,,,,PUBLIC SCHOOL,,,,,,,,,"-81.29008438,28.80221042",-81.29008438,28.80221042,,,,,,
SANFORD,SEMINOLE,,,,PUBLIC SCHOOL,,,,,,,,,"-81.28431469,28.77554375",-81.28431469,28.77554375,,,,,,
SANFORD,SEMINOLE,,,,PUBLIC SCHOOL,,,,,,,,,"-81.28250486,28.79559156",-81.28250486,28.79559156,,,,,,
SANFORD,SEMINOLE,,,,PUBLIC SCHOOL,,,,,,,,,"-81.24062183,28.78857810",-81.24062183,28.78857810,,,,,,
SANFORD,SEMINOLE,,,,PUBLIC SCHOOL,,,,,,,,,"-81.22743219,28.78894931",-81.22743219,28.78894931,,,,,,
SANFORD,SEMINOLE,,,,PUBLIC SCHOOL,,,,,,,,,"-81.30936591,28.79226729",-81.30936591,28.79226729,,,,,,
SANFORD,SEMINOLE,,,,PUBLIC SCHOOL,,,,,,,,,"-81.28296299,28.77941063",-81.28296299,28.77941063,,,,,,
SANFORD,SEMINOLE,,,,PUBLIC SCHOOL,,,,,,,,,"-81.27130001,28.77780002",-81.27130001,28.77780002,,,,,,
SANFORD,SEMINOLE,,,,PUBLIC SCHOOL,,,,,,,,,"-81.29815353,28.74863165",-81.29815353,28.74863165,,,,,,
SANFORD,SEMINOLE,,,,PUBLIC SCHOOL,,,,,,,,,"-81.33001727,28.79471634",-81.33001727,28.79471634,,,,,,
SANFORD,SEMINOLE,,,,PUBLIC SCHOOL,,,,,,,,,"-81.36235900,28.80175743",-81.36235900,28.80175743,,,,,,
SANFORD,SEMINOLE,,,,PUBLIC SCHOOL,,,,,,,,,"-81.27463526,28.79602866",-81.27463526,28.79602866,,,,,,
SANFORD,SEMINOLE,,,,PUBLIC SCHOOL,,,,,,,,,"-81.29879244,28.74778772",-81.29879244,28.74778772,,,,,,
SANFORD,SEMINOLE,,,,PUBLIC SCHOOL,,,,,,,,,"-81.28409625,28.75791550",-81.28409625,28.75791550,,,,,,
SANFORD,SEMINOLE,,,,PUBLIC SCHOOL,,,,,,,,,"-81.29490353,28.77936914",-81.29490353,28.77936914,,,,,,
SANFORD,SEMINOLE,,,,PUBLIC SCHOOL,,,,,,,,,"-81.25695464,28.80199757",-81.25695464,28.80199757,,,,,,
SANFORD,SEMINOLE,,,,PUBLIC SCHOOL,,,,,,,,,"-81.25319111,28.80484772",-81.25319111,28.80484772,,,,,,
SANFORD,SEMINOLE,,,,PUBLIC SCHOOL,,,,,,,,,"-81.25398305,28.80188530",-81.25398305,28.80188530,,,,,,
LONGWOOD,SEMINOLE,,,,PUBLIC SCHOOL,,,,,,,,,"-81.37113954,28.70514432",-81.37113954,28.70514432,,,,,,
LONGWOOD,SEMINOLE,,,,PUBLIC SCHOOL,,,,,,,,,"-81.37131471,28.71586994",-81.37131471,28.71586994,,,,,,
LONGWOOD,SEMINOLE,,,,PUBLIC SCHOOL,,,,,,,,,"-81.41877037,28.70379554",-81.41877037,28.70379554,,,,,,
LONGWOOD,SEMINOLE,,,,PUBLIC SCHOOL,,,,,,,,,"-81.34413044,28.68726009",-81.34413044,28.68726009,,,,,,
LONGWOOD,SEMINOLE,,,,PUBLIC SCHOOL,,,,,,,,,"-81.44029183,28.68793225",-81.44029183,28.68793225,,,,,,
LONGWOOD,SEMINOLE,,,,PUBLIC SCHOOL,,,,,,,,,"-81.42404197,28.68107712",-81.42404197,28.68107712,,,,,,
WINTER SPRINGS,SEMINOLE,,,,PUBLIC SCHOOL,,,,,,,,,"-81.26387817,28.68756460",-81.26387817,28.68756460,,,,,,
WINTER SPRINGS,SEMINOLE,,,,PUBLIC SCHOOL,,,,,,,,,"-81.27156532,28.70573838",-81.27156532,28.70573838,,,,,,
WINTER SPRINGS,SEMINOLE,,,,PUBLIC SCHOOL,,,,,,,,,"-81.26386293,28.68529782",-81.26386293,28.68529782,,,,,,
WINTER SPRINGS,SEMINOLE,,,,PUBLIC SCHOOL,,,,,,,,,"-81.25338085,28.65375586",-81.25338085,28.65375586,,,,,,
WINTER SPRINGS,SEMINOLE,,,,PUBLIC SCHOOL,,,,,,,,,"-81.29366876,28.70663273",-81.29366876,28.70663273,,,,,,
WINTER SPRINGS,SEMINOLE,,,,PUBLIC SCHOOL,,,,,,,,,"-81.26518931,28.70372950",-81.26518931,28.70372950,,,,,,
WINTER SPRINGS,SEMINOLE,,,,PUBLIC SCHOOL,,,,,,,,,"-81.31770631,28.71653663",-81.31770631,28.71653663,,,,,,
WINTER SPRINGS,SEMINOLE,,,,PUBLIC SCHOOL,,,,,,,,,"-81.31251017,28.69682346",-81.31251017,28.69682346,,,,,,
LAKE MARY,SEMINOLE,,,,PUBLIC SCHOOL,,,,,,,,,"-81.30604519,28.73623287",-81.30604519,28.73623287,,,,,,
LAKE MARY,SEMINOLE,,,,PUBLIC SCHOOL,,,,,,,,,"-81.33656296,28.73686157",-81.33656296,28.73686157,,,,,,
LAKE MARY,SEMINOLE,,,,PUBLIC SCHOOL,,,,,,,,,"-81.34418693,28.76177620",-81.34418693,28.76177620,,,,,,
LAKE MARY,SEMINOLE,,,,PUBLIC SCHOOL,,,,,,,,,"-81.38300210,28.78274942",-81.38300210,28.78274942,,,,,,
LAKE MARY,SEMINOLE,,,,PUBLIC SCHOOL,,,,,,,,,"-81.38332320,28.78460461",-81.38332320,28.78460461,,,,,,
LAKE MARY,SEMINOLE,,,,PUBLIC SCHOOL,,,,,,,,,"-81.30665744,28.77364799",-81.30665744,28.77364799,,,,,,
LAKE MARY,SEMINOLE,,,,PUBLIC SCHOOL,,,,,,,,,"-81.32330575,28.75489160",-81.32330575,28.75489160,,,,,,
LAKE MARY,SEMINOLE,,,,PUBLIC SCHOOL,,,,,,,,,"-81.34028918,28.73552026",-81.34028918,28.73552026,,,,,,
APOPKA,SEMINOLE,,,,PUBLIC SCHOOL,,,,,,,,,"-81.44929491,28.66649688",-81.44929491,28.66649688,,,,,,
APOPKA,SEMINOLE,,,,PUBLIC SCHOOL,,,,,,,,,"-81.43659636,28.65706993",-81.43659636,28.65706993,,,,,,
WINTER PARK,SEMINOLE,,,,PUBLIC SCHOOL,,,,,,,,,"-81.29382676,28.62069294",-81.29382676,28.62069294,,,,,,
WINTER PARK,SEMINOLE,,,,PUBLIC SCHOOL,,,,,,,,,"-81.27356851,28.63771306",-81.27356851,28.63771306,,,,,,
CASSELBERRY,SEMINOLE,,,,PUBLIC SCHOOL,,,,,,,,,"-81.34030386,28.64909762",-81.34030386,28.64909762,,,,,,
CASSELBERRY,SEMINOLE,,,,PUBLIC SCHOOL,,,,,,,,,"-81.30472457,28.65235953",-81.30472457,28.65235953,,,,,,
CASSELBERRY,SEMINOLE,,,,PUBLIC SCHOOL,,,,,,,,,"-81.31727676,28.66062097",-81.31727676,28.66062097,,,,,,
CASSELBERRY,SEMINOLE,,,,PUBLIC SCHOOL,,,,,,,,,"-81.34587551,28.68028558",-81.34587551,28.68028558,,,,,,
CASSELBERRY,SEMINOLE,,,,PUBLIC SCHOOL,,,,,,,,,"-81.28228445,28.64894353",-81.28228445,28.64894353,,,,,,
CASSELBERRY,SEMINOLE,,,,PUBLIC SCHOOL,,,,,,,,,"-81.31959253,28.66045806",-81.31959253,28.66045806,,,,,,
GENEVA,SEMINOLE,,,,PUBLIC SCHOOL,,,,,,,,,"-81.11442593,28.73854290",-81.11442593,28.73854290,,,,,,
THE VILLAGES ,SUMTER,,,,PUBLIC SCHOOL,,,,,,,,,"-82.02784974,28.92640774",-82.02784974,28.92640774,,,,,,
BUSHNELL,SUMTER,,,,PUBLIC SCHOOL,,,,,,,,,"-82.14725507,28.65921801",-82.14725507,28.65921801,,,,,,
BUSHNELL,SUMTER,,,,PUBLIC SCHOOL,,,,,,,,,"-82.11318715,28.67255434",-82.11318715,28.67255434,,,,,,
BUSHNELL,SUMTER,,,,PUBLIC SCHOOL,,,,,,,,,"-82.12013939,28.67284381",-82.12013939,28.67284381,,,,,,
BUSHNELL,SUMTER,,,,PUBLIC SCHOOL,,,,,,,,,"-82.11577036,28.66275054",-82.11577036,28.66275054,,,,,,
WEBSTER,SUMTER,,,,PUBLIC SCHOOL,,,,,,,,,"-82.06413007,28.62047746",-82.06413007,28.62047746,,,,,,
WEBSTER,SUMTER,,,,PUBLIC SCHOOL,,,,,,,,,"-82.05392232,28.60576637",-82.05392232,28.60576637,,,,,,
The Villages,SUMTER,,,,PUBLIC SCHOOL,,,,,,,,,"-82.02517533,28.92505193",-82.02517533,28.92505193,,,,,,
LAKE PANASOFFKEE,SUMTER,,,,PUBLIC SCHOOL,,,,,,,,,"-82.12191802,28.76771747",-82.12191802,28.76771747,,,,,,
WILDWOOD,SUMTER,,,,PUBLIC SCHOOL,,,,,,,,,"-82.03947955,28.85760103",-82.03947955,28.85760103,,,,,,
WILDWOOD,SUMTER,,,,PUBLIC SCHOOL,,,,,,,,,"-82.03235470,28.85717748",-82.03235470,28.85717748,,,,,,
Wildwood,SUMTER,,,,PUBLIC SCHOOL,,,,,,,,,"-82.03660260,28.86460619",-82.03660260,28.86460619,,,,,,
SUMTERVILLE,SUMTER,,,,PUBLIC SCHOOL,,,,,,,,,"-82.06183661,28.73722775",-82.06183661,28.73722775,,,,,,
SUMTERVILLE,SUMTER,,,,PUBLIC SCHOOL,,,,,,,,,"-82.06123781,28.73639504",-82.06123781,28.73639504,,,,,,
PERRY,TAYLOR,,,,PUBLIC SCHOOL,,,,,,,,,"-83.56987676,30.12109888",-83.56987676,30.12109888,,,,,,
PERRY,TAYLOR,,,,PUBLIC SCHOOL,,,,,,,,,"-83.56620257,30.07780867",-83.56620257,30.07780867,,,,,,
PERRY,TAYLOR,,,,PUBLIC SCHOOL,,,,,,,,,"-83.56441118,30.11944919",-83.56441118,30.11944919,,,,,,
PERRY,TAYLOR,,,,PUBLIC SCHOOL,,,,,,,,,"-83.57717786,30.12092496",-83.57717786,30.12092496,,,,,,
PERRY,TAYLOR,,,,PUBLIC SCHOOL,,,,,,,,,"-83.57381945,30.12602415",-83.57381945,30.12602415,,,,,,
PERRY,TAYLOR,,,,PUBLIC SCHOOL,,,,,,,,,"-83.57295428,30.12111967",-83.57295428,30.12111967,,,,,,
PERRY,TAYLOR,,,,PUBLIC SCHOOL,,,,,,,,,"-83.56969839,30.12266168",-83.56969839,30.12266168,,,,,,
STEINHATCHEE,TAYLOR,,,,PUBLIC SCHOOL,,,,,,,,,"-83.37577975,29.67330753",-83.37577975,29.67330753,,,,,,
LAKE BUTLER,UNION,,,,PUBLIC SCHOOL,,,,,,,,,"-82.33966718,30.01527770",-82.33966718,30.01527770,,,,,,
LAKE BUTLER,UNION,,,,PUBLIC SCHOOL,,,,,,,,,"-82.34800202,30.01634298",-82.34800202,30.01634298,,,,,,
LAKE BUTLER,UNION,,,,PUBLIC SCHOOL,,,,,,,,,"-82.33932259,30.01761176",-82.33932259,30.01761176,,,,,,
LAKE BUTLER,UNION,,,,PUBLIC SCHOOL,,,,,,,,,"-82.33875901,30.01836314",-82.33875901,30.01836314,,,,,,
RAIFORD,UNION,,,,PUBLIC SCHOOL,,,,,,,,,"-82.19377024,30.08567722",-82.19377024,30.08567722,,,,,,
ORMOND BEACH,VOLUSIA,,,,PUBLIC SCHOOL,,,,,,,,,"-81.09454739,29.23967041",-81.09454739,29.23967041,,,,,,
ORMOND BEACH,VOLUSIA,,,,PUBLIC SCHOOL,,,,,,,,,"-81.07020487,29.30794866",-81.07020487,29.30794866,,,,,,
ORMOND BEACH,VOLUSIA,,,,PUBLIC SCHOOL,,,,,,,,,"-81.03986319,29.28709778",-81.03986319,29.28709778,,,,,,
ORMOND BEACH,VOLUSIA,,,,PUBLIC SCHOOL,,,,,,,,,"-81.05771465,29.28378824",-81.05771465,29.28378824,,,,,,
ORMOND BEACH,VOLUSIA,,,,PUBLIC SCHOOL,,,,,,,,,"-81.13510952,29.27226160",-81.13510952,29.27226160,,,,,,
ORMOND BEACH,VOLUSIA,,,,PUBLIC SCHOOL,,,,,,,,,"-81.05921520,29.27937476",-81.05921520,29.27937476,,,,,,
ORMOND BEACH,VOLUSIA,,,,PUBLIC SCHOOL,,,,,,,,,"-81.11413271,29.27521831",-81.11413271,29.27521831,,,,,,
ORMOND BEACH,VOLUSIA,,,,PUBLIC SCHOOL,,,,,,,,,"-81.09061787,29.27505861",-81.09061787,29.27505861,,,,,,
DELTONA,VOLUSIA,,,,PUBLIC SCHOOL,,,,,,,,,"-81.21739391,28.92140364",-81.21739391,28.92140364,,,,,,
DELTONA,VOLUSIA,,,,PUBLIC SCHOOL,,,,,,,,,"-81.24638254,28.94662381",-81.24638254,28.94662381,,,,,,
DELTONA,VOLUSIA,,,,PUBLIC SCHOOL,,,,,,,,,"-81.22921515,28.87333667",-81.22921515,28.87333667,,,,,,
DELTONA,VOLUSIA,,,,PUBLIC SCHOOL,,,,,,,,,"-81.26520760,28.87156118",-81.26520760,28.87156118,,,,,,
DELTONA,VOLUSIA,,,,PUBLIC SCHOOL,,,,,,,,,"-81.16158014,28.89541670",-81.16158014,28.89541670,,,,,,
DELTONA,VOLUSIA,,,,PUBLIC SCHOOL,,,,,,,,,"-81.18903231,28.93469400",-81.18903231,28.93469400,,,,,,
DELTONA,VOLUSIA,,,,PUBLIC SCHOOL,,,,,,,,,"-81.17202886,28.89191873",-81.17202886,28.89191873,,,,,,
DELTONA,VOLUSIA,,,,PUBLIC SCHOOL,,,,,,,,,"-81.23008156,28.92997378",-81.23008156,28.92997378,,,,,,
DELTONA,VOLUSIA,,,,PUBLIC SCHOOL,,,,,,,,,"-81.17540942,28.88115003",-81.17540942,28.88115003,,,,,,
DELTONA,VOLUSIA,,,,PUBLIC SCHOOL,,,,,,,,,"-81.24296089,28.90623692",-81.24296089,28.90623692,,,,,,
DELTONA,VOLUSIA,,,,PUBLIC SCHOOL,,,,,,,,,"-81.27226616,28.87782411",-81.27226616,28.87782411,,,,,,
DELTONA,VOLUSIA,,,,PUBLIC SCHOOL,,,,,,,,,"-81.16282197,28.88751283",-81.16282197,28.88751283,,,,,,
DELTONA,VOLUSIA,,,,PUBLIC SCHOOL,,,,,,,,,"-81.25066147,28.89147324",-81.25066147,28.89147324,,,,,,
DELTONA,VOLUSIA,,,,PUBLIC SCHOOL,,,,,,,,,"-81.23105946,28.93249830",-81.23105946,28.93249830,,,,,,
NEW SMYRNA BEACH,VOLUSIA,,,,PUBLIC SCHOOL,,,,,,,,,"-80.91972094,29.01087938",-80.91972094,29.01087938,,,,,,
NEW SMYRNA BEACH,VOLUSIA,,,,PUBLIC SCHOOL,,,,,,,,,"-80.93039346,29.00328195",-80.93039346,29.00328195,,,,,,
NEW SMYRNA BEACH,VOLUSIA,,,,PUBLIC SCHOOL,,,,,,,,,"-80.93306937,29.02976386",-80.93306937,29.02976386,,,,,,
NEW SMYRNA BEACH,VOLUSIA,,,,PUBLIC SCHOOL,,,,,,,,,"-80.92354785,29.00449489",-80.92354785,29.00449489,,,,,,
NEW SMYRNA BEACH,VOLUSIA,,,,PUBLIC SCHOOL,,,,,,,,,"-81.05095493,29.02271109",-81.05095493,29.02271109,,,,,,
NEW SMYRNA BEACH,VOLUSIA,,,,PUBLIC SCHOOL,,,,,,,,,"-80.87855713,29.00278815",-80.87855713,29.00278815,,,,,,
PORT ORANGE,VOLUSIA,,,,PUBLIC SCHOOL,,,,,,,,,"-81.02663103,29.14857941",-81.02663103,29.14857941,,,,,,
PORT ORANGE,VOLUSIA,,,,PUBLIC SCHOOL,,,,,,,,,"-81.03799962,29.11938543",-81.03799962,29.11938543,,,,,,
PORT ORANGE,VOLUSIA,,,,PUBLIC SCHOOL,,,,,,,,,"-81.02778038,29.08314116",-81.02778038,29.08314116,,,,,,
PORT ORANGE,VOLUSIA,,,,PUBLIC SCHOOL,,,,,,,,,"-81.01717296,29.13190794",-81.01717296,29.13190794,,,,,,
PORT ORANGE,VOLUSIA,,,,PUBLIC SCHOOL,,,,,,,,,"-80.99135376,29.14221611",-80.99135376,29.14221611,,,,,,
PORT ORANGE,VOLUSIA,,,,PUBLIC SCHOOL,,,,,,,,,"-81.04079406,29.06657513",-81.04079406,29.06657513,,,,,,
PORT ORANGE,VOLUSIA,,,,PUBLIC SCHOOL,,,,,,,,,"-81.00477188,29.10575670",-81.00477188,29.10575670,,,,,,
PORT ORANGE,VOLUSIA,,,,PUBLIC SCHOOL,,,,,,,,,"-81.00105445,29.14731847",-81.00105445,29.14731847,,,,,,
PORT ORANGE,VOLUSIA,,,,PUBLIC SCHOOL,,,,,,,,,"-81.01739180,29.11628670",-81.01739180,29.11628670,,,,,,
PORT ORANGE,VOLUSIA,,,,PUBLIC SCHOOL,,,,,,,,,"-81.01602153,29.10851384",-81.01602153,29.10851384,,,,,,
DAYTONA BEACH,VOLUSIA,,,,PUBLIC SCHOOL,,,,,,,,,"-81.02355056,29.24728136",-81.02355056,29.24728136,,,,,,
DAYTONA BEACH,VOLUSIA,,,,PUBLIC SCHOOL,,,,,,,,,"-80.98635159,29.17736452",-80.98635159,29.17736452,,,,,,
DAYTONA BEACH,VOLUSIA,,,,PUBLIC SCHOOL,,,,,,,,,"-81.03043209,29.19500556",-81.03043209,29.19500556,,,,,,
DAYTONA BEACH,VOLUSIA,,,,PUBLIC SCHOOL,,,,,,,,,"-81.14508254,29.13639659",-81.14508254,29.13639659,,,,,,
DAYTONA BEACH,VOLUSIA,,,,PUBLIC SCHOOL,,,,,,,,,"-81.03004519,29.26674750",-81.03004519,29.26674750,,,,,,
DAYTONA BEACH,VOLUSIA,,,,PUBLIC SCHOOL,,,,,,,,,"-81.06356184,29.21341980",-81.06356184,29.21341980,,,,,,
DAYTONA BEACH,VOLUSIA,,,,PUBLIC SCHOOL,,,,,,,,,"-81.06844776,29.21403567",-81.06844776,29.21403567,,,,,,
DAYTONA BEACH,VOLUSIA,,,,PUBLIC SCHOOL,,,,,,,,,"-81.02715796,29.19590819",-81.02715796,29.19590819,,,,,,
DAYTONA BEACH,VOLUSIA,,,,PUBLIC SCHOOL,,,,,,,,,"-81.05539795,29.24932262",-81.05539795,29.24932262,,,,,,
DAYTONA BEACH,VOLUSIA,,,,PUBLIC SCHOOL,,,,,,,,,"-81.04994528,29.21702244",-81.04994528,29.21702244,,,,,,
DAYTONA BEACH,VOLUSIA,,,,PUBLIC SCHOOL,,,,,,,,,"-81.05457862,29.20684580",-81.05457862,29.20684580,,,,,,
DAYTONA BEACH,VOLUSIA,,,,PUBLIC SCHOOL,,,,,,,,,"-81.07430000,29.19860000",-81.07430000,29.19860000,,,,,,
DAYTONA BEACH,VOLUSIA,,,,PUBLIC SCHOOL,,,,,,,,,"-81.01666171,29.23846167",-81.01666171,29.23846167,,,,,,
DAYTONA BEACH,VOLUSIA,,,,PUBLIC SCHOOL,,,,,,,,,"-81.13679435,29.20729084",-81.13679435,29.20729084,,,,,,
DAYTONA BEACH,VOLUSIA,,,,PUBLIC SCHOOL,,,,,,,,,"-81.15200173,29.14455423",-81.15200173,29.14455423,,,,,,
DAYTONA BEACH,VOLUSIA,,,,PUBLIC SCHOOL,,,,,,,,,"-81.07122572,29.22405973",-81.07122572,29.22405973,,,,,,
DAYTONA BEACH,VOLUSIA,,,,PUBLIC SCHOOL,,,,,,,,,"-81.00841313,29.16825230",-81.00841313,29.16825230,,,,,,
DAYTONA BEACH,VOLUSIA,,,,PUBLIC SCHOOL,,,,,,,,,"-81.14938089,29.14054326",-81.14938089,29.14054326,,,,,,
DAYTONA BEACH,VOLUSIA,,,,PUBLIC SCHOOL,,,,,,,,,"-81.14276441,29.13674272",-81.14276441,29.13674272,,,,,,
DAYTONA BEACH,VOLUSIA,,,,PUBLIC SCHOOL,,,,,,,,,"-81.03968912,29.21336709",-81.03968912,29.21336709,,,,,,
DAYTONA BEACH,VOLUSIA,,,,PUBLIC SCHOOL,,,,,,,,,"-81.05091057,29.19785356",-81.05091057,29.19785356,,,,,,
ORANGE CITY,VOLUSIA,,,,PUBLIC SCHOOL,,,,,,,,,"-81.31347131,28.93244879",-81.31347131,28.93244879,,,,,,
ORANGE CITY,VOLUSIA,,,,PUBLIC SCHOOL,,,,,,,,,"-81.30924992,28.93823381",-81.30924992,28.93823381,,,,,,
ORANGE CITY,VOLUSIA,,,,PUBLIC SCHOOL,,,,,,,,,"-81.29164876,28.95109145",-81.29164876,28.95109145,,,,,,
ORANGE CITY,VOLUSIA,,,,PUBLIC SCHOOL,,,,,,,,,"-81.31236389,28.94021801",-81.31236389,28.94021801,,,,,,
LAKE HELEN,VOLUSIA,,,,PUBLIC SCHOOL,,,,,,,,,"-81.23000000,28.97642302",-81.23000000,28.97642302,,,,,,
LAKE HELEN,VOLUSIA,,,,PUBLIC SCHOOL,,,,,,,,,"-81.22614803,28.97210332",-81.22614803,28.97210332,,,,,,
DELAND,VOLUSIA,,,,PUBLIC SCHOOL,,,,,,,,,"-81.28393676,29.04088010",-81.28393676,29.04088010,,,,,,
DELAND,VOLUSIA,,,,PUBLIC SCHOOL,,,,,,,,,"-81.30929157,29.03131265",-81.30929157,29.03131265,,,,,,
DELAND,VOLUSIA,,,,PUBLIC SCHOOL,,,,,,,,,"-81.30893592,29.01503757",-81.30893592,29.01503757,,,,,,
DELAND,VOLUSIA,,,,PUBLIC SCHOOL,,,,,,,,,"-81.33553187,29.04011591",-81.33553187,29.04011591,,,,,,
DELAND,VOLUSIA,,,,PUBLIC SCHOOL,,,,,,,,,"-81.27136067,28.99403073",-81.27136067,28.99403073,,,,,,
DELAND,VOLUSIA,,,,PUBLIC SCHOOL,,,,,,,,,"-81.29694823,29.04588811",-81.29694823,29.04588811,,,,,,
DELAND,VOLUSIA,,,,PUBLIC SCHOOL,,,,,,,,,"-81.33110000,29.01079998",-81.33110000,29.01079998,,,,,,
DELAND,VOLUSIA,,,,PUBLIC SCHOOL,,,,,,,,,"-81.27628270,29.03084975",-81.27628270,29.03084975,,,,,,
DELAND,VOLUSIA,,,,PUBLIC SCHOOL,,,,,,,,,"-81.29746572,29.00433169",-81.29746572,29.00433169,,,,,,
DELAND,VOLUSIA,,,,PUBLIC SCHOOL,,,,,,,,,"-81.31431346,29.00749747",-81.31431346,29.00749747,,,,,,
DEBARY,VOLUSIA,,,,PUBLIC SCHOOL,,,,,,,,,"-81.32071268,28.89117315",-81.32071268,28.89117315,,,,,,
DEBARY,VOLUSIA,,,,PUBLIC SCHOOL,,,,,,,,,"-81.28274161,28.89508329",-81.28274161,28.89508329,,,,,,
DEBARY,VOLUSIA,,,,PUBLIC SCHOOL,,,,,,,,,"-81.28502889,28.89073969",-81.28502889,28.89073969,,,,,,
PIERSON,VOLUSIA,,,,PUBLIC SCHOOL,,,,,,,,,"-81.45794653,29.24630984",-81.45794653,29.24630984,,,,,,
PIERSON,VOLUSIA,,,,PUBLIC SCHOOL,,,,,,,,,"-81.46460263,29.24420641",-81.46460263,29.24420641,,,,,,
OSTEEN,VOLUSIA,,,,PUBLIC SCHOOL,,,,,,,,,"-81.17559219,28.85477661",-81.17559219,28.85477661,,,,,,
EDGEWATER,VOLUSIA,,,,PUBLIC SCHOOL,,,,,,,,,"-80.89083023,28.94603950",-80.89083023,28.94603950,,,,,,
EDGEWATER,VOLUSIA,,,,PUBLIC SCHOOL,,,,,,,,,"-80.90714951,28.98430231",-80.90714951,28.98430231,,,,,,
OAK HILL,VOLUSIA,,,,PUBLIC SCHOOL,,,,,,,,,"-80.84879433,28.86192889",-80.84879433,28.86192889,,,,,,
DE LEON SPRINGS,VOLUSIA,,,,PUBLIC SCHOOL,,,,,,,,,"-81.35065188,29.12316353",-81.35065188,29.12316353,,,,,,
CRAWFORDVILLE,WAKULLA,,,,PUBLIC SCHOOL,,,,,,,,,"-84.31811119,30.21563719",-84.31811119,30.21563719,,,,,,
CRAWFORDVILLE,WAKULLA,,,,PUBLIC SCHOOL,,,,,,,,,"-84.35493849,30.25737982",-84.35493849,30.25737982,,,,,,
CRAWFORDVILLE,WAKULLA,,,,PUBLIC SCHOOL,,,,,,,,,"-84.37132829,30.12707993",-84.37132829,30.12707993,,,,,,
CRAWFORDVILLE,WAKULLA,,,,PUBLIC SCHOOL,,,,,,,,,"-84.39003854,30.08007172",-84.39003854,30.08007172,,,,,,
CRAWFORDVILLE,WAKULLA,,,,PUBLIC SCHOOL,,,,,,,,,"-84.39286596,30.18225361",-84.39286596,30.18225361,,,,,,
CRAWFORDVILLE,WAKULLA,,,,PUBLIC SCHOOL,,,,,,,,,"-84.31842786,30.21838896",-84.31842786,30.21838896,,,,,,
CRAWFORDVILLE,WAKULLA,,,,PUBLIC SCHOOL,,,,,,,,,"-84.37682822,30.10739665",-84.37682822,30.10739665,,,,,,
CRAWFORDVILLE,WAKULLA,,,,PUBLIC SCHOOL,,,,,,,,,"-84.38066077,30.17700406",-84.38066077,30.17700406,,,,,,
SOPCHOPPY,WAKULLA,,,,PUBLIC SCHOOL,,,,,,,,,"-84.49376896,30.05807071",-84.49376896,30.05807071,,,,,,
SOPCHOPPY,WAKULLA,,,,PUBLIC SCHOOL,,,,,,,,,"-84.49431013,30.05852631",-84.49431013,30.05852631,,,,,,
SAINT MARKS,WAKULLA,,,,PUBLIC SCHOOL,,,,,,,,,"-84.20808952,30.16112750",-84.20808952,30.16112750,,,,,,
FREEPORT,WALTON,,,,PUBLIC SCHOOL,,,,,,,,,"-86.13366832,30.50020272",-86.13366832,30.50020272,,,,,,
FREEPORT,WALTON,,,,PUBLIC SCHOOL,,,,,,,,,"-86.13069899,30.50832216",-86.13069899,30.50832216,,,,,,
FREEPORT,WALTON,,,,PUBLIC SCHOOL,,,,,,,,,"-86.11581160,30.54367578",-86.11581160,30.54367578,,,,,,
SANTA ROSA BEACH,WALTON,,,,PUBLIC SCHOOL,,,,,,,,,"-86.13848582,30.32085565",-86.13848582,30.32085565,,,,,,
SANTA ROSA BEACH,WALTON,,,,PUBLIC SCHOOL,,,,,,,,,"-86.26145977,30.36136616",-86.26145977,30.36136616,,,,,,
SANTA ROSA BEACH,WALTON,,,,PUBLIC SCHOOL,,,,,,,,,"-86.18018702,30.37900156",-86.18018702,30.37900156,,,,,,
SANTA ROSA BEACH,WALTON,,,,PUBLIC SCHOOL,,,,,,,,,"-86.11880559,30.36708010",-86.11880559,30.36708010,,,,,,
SANTA ROSA BEACH,WALTON,,,,PUBLIC SCHOOL,,,,,,,,,"-86.11361075,30.35882818",-86.11361075,30.35882818,,,,,,
LAUREL HILL,WALTON,,,,PUBLIC SCHOOL,,,,,,,,,"-86.30471532,30.97383912",-86.30471532,30.97383912,,,,,,
CHIPLEY,WASHINGTON,,,,PUBLIC SCHOOL,,,,,,,,,"-85.54283592,30.78223482",-85.54283592,30.78223482,,,,,,
CHIPLEY,WASHINGTON,,,,PUBLIC SCHOOL,,,,,,,,,"-85.55300310,30.77388580",-85.55300310,30.77388580,,,,,,
CHIPLEY,WASHINGTON,,,,PUBLIC SCHOOL,,,,,,,,,"-85.54390260,30.78159216",-85.54390260,30.78159216,,,,,,
CHIPLEY,WASHINGTON,,,,PUBLIC SCHOOL,,,,,,,,,"-85.55762425,30.76320159",-85.55762425,30.76320159,,,,,,
CHIPLEY,WASHINGTON,,,,PUBLIC SCHOOL,,,,,,,,,"-85.55534696,30.76318457",-85.55534696,30.76318457,,,,,,
CHIPLEY,WASHINGTON,,,,PUBLIC SCHOOL,,,,,,,,,"-85.54759974,30.77608099",-85.54759974,30.77608099,,,,,,
VERNON,WASHINGTON,,,,PUBLIC SCHOOL,,,,,,,,,"-85.69493526,30.61064079",-85.69493526,30.61064079,,,,,,
VERNON,WASHINGTON,,,,PUBLIC SCHOOL,,,,,,,,,"-85.69312146,30.60839453",-85.69312146,30.60839453,,,,,,
VERNON,WASHINGTON,,,,PUBLIC SCHOOL,,,,,,,,,"-85.70480265,30.62563712",-85.70480265,30.62563712,,,,,,
GAINESVILLE,ALACHUA,,,,EMERGENCY MEDICAL SERVICE,,,,,,,,,,,,-82.35107310,29.63311778,,,,
GAINESVILLE,ALACHUA,,,,EMERGENCY MEDICAL SERVICE,,,,,,,,,,,,-82.31939272,29.64328610,,,,
GAINESVILLE,ALACHUA,,,,EMERGENCY MEDICAL SERVICE,,,,,,,,,,,,-82.30834182,29.66056646,,,,
GAINESVILLE,ALACHUA,,,,EMERGENCY MEDICAL SERVICE,,,,,,,,,,,,-82.35067738,29.63516272,,,,
MACCLENNY,BAKER,,,,EMERGENCY MEDICAL SERVICE,,,,,,,,,,,,-82.13964792,30.27944278,,,,
SANDERSON,BAKER,,,,EMERGENCY MEDICAL SERVICE,,,,,,,,,,,,-82.27369681,30.24958987,,,,
YOUNGSTOWN,BAY,,,,EMERGENCY MEDICAL SERVICE,,,,,,,,,,,,-85.43927033,30.36021161,,,,
LYNN HAVEN,BAY,,,,EMERGENCY MEDICAL SERVICE,,,,,,,,,,,,-85.64838642,30.24591479,,,,
PANAMA CITY BEACH,BAY,,,,EMERGENCY MEDICAL SERVICE,,,,,,,,,,,,-85.89008904,30.23036719,,,,
PANAMA CITY BEACH,BAY,,,,EMERGENCY MEDICAL SERVICE,,,,,,,,,,,,-85.80406679,30.18100588,,,,
PANAMA CITY,BAY,,,,EMERGENCY MEDICAL SERVICE,,,,,,,,,,,,-85.65001574,30.15788917,,,,
PANAMA CITY,BAY,,,,EMERGENCY MEDICAL SERVICE,,,,,,,,,,,,-85.59151594,30.15664497,,,,
PANAMA CITY,BAY,,,,EMERGENCY MEDICAL SERVICE,,,,,,,,,,,,-85.67595525,30.21230622,,,,
STARKE,BRADFORD,,,,EMERGENCY MEDICAL SERVICE,,,,,,,,,,,,-82.10951247,29.95431514,,,,
SEBASTIAN,BREVARD,,,,EMERGENCY MEDICAL SERVICE,,,,,,,,,,,,-80.50591561,27.88308082,,,,
INDIALANTIC,BREVARD,,,,EMERGENCY MEDICAL SERVICE,,,,,,,,,,,,-80.57864295,28.12748600,,,,
MELBOURNE,BREVARD,,,,EMERGENCY MEDICAL SERVICE,,,,,,,,,,,,-80.67046723,28.07966927,,,,
MELBOURNE,BREVARD,,,,EMERGENCY MEDICAL SERVICE,,,,,,,,,,,,-80.62773128,28.10747567,,,,
MELBOURNE,BREVARD,,,,EMERGENCY MEDICAL SERVICE,,,,,,,,,,,,-80.67679596,28.22591177,,,,
MELBOURNE,BREVARD,,,,EMERGENCY MEDICAL SERVICE,,,,,,,,,,,,-80.64865297,28.13564493,,,,
MELBOURNE,BREVARD,,,,EMERGENCY MEDICAL SERVICE,,,,,,,,,,,,-80.70290258,28.14667906,,,,
MELBOURNE,BREVARD,,,,EMERGENCY MEDICAL SERVICE,,,,,,,,,,,,-80.61398004,28.08482653,,,,
MELBOURNE,BREVARD,,,,EMERGENCY MEDICAL SERVICE,,,,,,,,,,,,-80.71298288,28.23450306,,,,
MELBOURNE,BREVARD,,,,EMERGENCY MEDICAL SERVICE,,,,,,,,,,,,-80.63267893,28.12862039,,,,
COCOA,BREVARD,,,,EMERGENCY MEDICAL SERVICE,,,,,,,,,,,,-80.78352995,28.35917987,,,,
COCOA,BREVARD,,,,EMERGENCY MEDICAL SERVICE,,,,,,,,,,,,-80.78090436,28.47649236,,,,
TITUSVILLE,BREVARD,,,,EMERGENCY MEDICAL SERVICE,,,,,,,,,,,,-80.82007011,28.60621618,,,,
TITUSVILLE,BREVARD,,,,EMERGENCY MEDICAL SERVICE,,,,,,,,,,,,-80.82962485,28.54225220,,,,
TITUSVILLE,BREVARD,,,,EMERGENCY MEDICAL SERVICE,,,,,,,,,,,,-80.82209050,28.55595503,,,,
VIERA,BREVARD,,,,EMERGENCY MEDICAL SERVICE,,,,,,,,,,,,-80.73844443,28.26453698,,,,
PALM BAY,BREVARD,,,,EMERGENCY MEDICAL SERVICE,,,,,,,,,,,,-80.67219673,28.03054178,,,,
PALM BAY,BREVARD,,,,EMERGENCY MEDICAL SERVICE,,,,,,,,,,,,-80.61231258,28.00114587,,,,
PALM BAY,BREVARD,,,,EMERGENCY MEDICAL SERVICE,,,,,,,,,,,,-80.60507957,28.03128164,,,,
PALM BAY,BREVARD,,,,EMERGENCY MEDICAL SERVICE,,,,,,,,,,,,-80.66914123,27.99874865,,,,
PALM BAY,BREVARD,,,,EMERGENCY MEDICAL SERVICE,,,,,,,,,,,,-80.62856893,27.95195995,,,,
PALM BAY,BREVARD,,,,EMERGENCY MEDICAL SERVICE,,,,,,,,,,,,-80.63424827,27.99340539,,,,
PALM BAY,BREVARD,,,,EMERGENCY MEDICAL SERVICE,,,,,,,,,,,,-80.69702005,28.02386602,,,,
MELBOURNE BEACH,BREVARD,,,,EMERGENCY MEDICAL SERVICE,,,,,,,,,,,,-80.54768705,28.04587920,,,,
MERRITT ISLAND,BREVARD,,,,EMERGENCY MEDICAL SERVICE,,,,,,,,,,,,-80.70720152,28.38392034,,,,
MERRITT ISLAND,BREVARD,,,,EMERGENCY MEDICAL SERVICE,,,,,,,,,,,,-80.68849312,28.34018082,,,,
SATELLITE BEACH,BREVARD,,,,EMERGENCY MEDICAL SERVICE,,,,,,,,,,,,-80.60332493,28.20381377,,,,
SATELLITE BEACH,BREVARD,,,,EMERGENCY MEDICAL SERVICE,,,,,,,,,,,,-80.60637995,28.17250733,,,,
ROCKLEDGE,BREVARD,,,,EMERGENCY MEDICAL SERVICE,,,,,,,,,,,,-80.72329770,28.33431213,,,,
ROCKLEDGE,BREVARD,,,,EMERGENCY MEDICAL SERVICE,,,,,,,,,,,,-80.71731031,28.30457447,,,,
MIMS,BREVARD,,,,EMERGENCY MEDICAL SERVICE,,,,,,,,,,,,-80.84568104,28.66614879,,,,
PATRICK AFB,BREVARD,,,,EMERGENCY MEDICAL SERVICE,,,,,,,,,,,,-80.57844602,28.49186668,,,,
CAPE CANAVERAL,BREVARD,,,,EMERGENCY MEDICAL SERVICE,,,,,,,,,,,,-80.60442080,28.38749849,,,,
COCOA BEACH,BREVARD,,,,EMERGENCY MEDICAL SERVICE,,,,,,,,,,,,-80.60976481,28.31774413,,,,
FORT LAUDERDALE,BROWARD,,,,EMERGENCY MEDICAL SERVICE,,,,,,,,,,,,-80.22439493,26.15074756,,,,
FORT LAUDERDALE,BROWARD,,,,EMERGENCY MEDICAL SERVICE,,,,,,,,,,,,-80.23940273,26.06632124,,,,
FORT LAUDERDALE,BROWARD,,,,EMERGENCY MEDICAL SERVICE,,,,,,,,,,,,-80.28756104,26.19935863,,,,
FORT LAUDERDALE,BROWARD,,,,EMERGENCY MEDICAL SERVICE,,,,,,,,,,,,-80.29294875,26.16901997,,,,
FORT LAUDERDALE,BROWARD,,,,EMERGENCY MEDICAL SERVICE,,,,,,,,,,,,-80.17789980,26.04808584,,,,
FORT LAUDERDALE,BROWARD,,,,EMERGENCY MEDICAL SERVICE,,,,,,,,,,,,-80.17130723,26.17379384,,,,
FORT LAUDERDALE,BROWARD,,,,EMERGENCY MEDICAL SERVICE,,,,,,,,,,,,-80.23632002,26.12860568,,,,
FORT LAUDERDALE,BROWARD,,,,EMERGENCY MEDICAL SERVICE,,,,,,,,,,,,-80.20657479,26.16927664,,,,
FORT LAUDERDALE,BROWARD,,,,EMERGENCY MEDICAL SERVICE,,,,,,,,,,,,-80.16597462,26.18991968,,,,
FORT LAUDERDALE,BROWARD,,,,EMERGENCY MEDICAL SERVICE,,,,,,,,,,,,-80.14615164,26.16761672,,,,
FORT LAUDERDALE,BROWARD,,,,EMERGENCY MEDICAL SERVICE,,,,,,,,,,,,-80.16479233,26.18997862,,,,
FORT LAUDERDALE,BROWARD,,,,EMERGENCY MEDICAL SERVICE,,,,,,,,,,,,-80.15244557,26.08207132,,,,
DEERFIELD BEACH,BROWARD,,,,EMERGENCY MEDICAL SERVICE,,,,,,,,,,,,-80.09141970,26.31773347,,,,
HOLLYWOOD,BROWARD,,,,EMERGENCY MEDICAL SERVICE,,,,,,,,,,,,-80.28573982,26.04401555,,,,
HOLLYWOOD,BROWARD,,,,EMERGENCY MEDICAL SERVICE,,,,,,,,,,,,-80.27167741,26.00777101,,,,
HOLLYWOOD,BROWARD,,,,EMERGENCY MEDICAL SERVICE,,,,,,,,,,,,-80.26481142,25.98147070,,,,
HOLLYWOOD,BROWARD,,,,EMERGENCY MEDICAL SERVICE,,,,,,,,,,,,-80.11838912,25.98627983,,,,
HOLLYWOOD,BROWARD,,,,EMERGENCY MEDICAL SERVICE,,,,,,,,,,,,-80.22074960,25.98162934,,,,
HOLLYWOOD,BROWARD,,,,EMERGENCY MEDICAL SERVICE,,,,,,,,,,,,-80.39279938,25.98234744,,,,
POMPANO BEACH,BROWARD,,,,EMERGENCY MEDICAL SERVICE,,,,,,,,,,,,-80.23027632,26.21025488,,,,
POMPANO BEACH,BROWARD,,,,EMERGENCY MEDICAL SERVICE,,,,,,,,,,,,-80.26527068,26.26533735,,,,
POMPANO BEACH,BROWARD,,,,EMERGENCY MEDICAL SERVICE,,,,,,,,,,,,-80.12532741,26.22509674,,,,
POMPANO BEACH,BROWARD,,,,EMERGENCY MEDICAL SERVICE,,,,,,,,,,,,-80.20680427,26.20140342,,,,
POMPANO BEACH,BROWARD,,,,EMERGENCY MEDICAL SERVICE,,,,,,,,,,,,-80.22124951,26.23905886,,,,
POMPANO BEACH,BROWARD,,,,EMERGENCY MEDICAL SERVICE,,,,,,,,,,,,-80.09370416,26.27634896,,,,
HALLANDALE,BROWARD,,,,EMERGENCY MEDICAL SERVICE,,,,,,,,,,,,-80.15005321,25.98160155,,,,
HALLANDALE,BROWARD,,,,EMERGENCY MEDICAL SERVICE,,,,,,,,,,,,-80.12645396,25.98770861,,,,
HALLANDALE,BROWARD,,,,EMERGENCY MEDICAL SERVICE,,,,,,,,,,,,-80.17115999,25.98743161,,,,
DANIA BEACH,BROWARD,,,,EMERGENCY MEDICAL SERVICE,,,,,,,,,,,,-80.14533493,26.05261579,,,,
DAVIE,BROWARD,,,,EMERGENCY MEDICAL SERVICE,,,,,,,,,,,,,,,,,
BLOUNTSTOWN,CALHOUN,,,,EMERGENCY MEDICAL SERVICE,,,,,,,,,,,,-85.09387689,30.43180616,,,,
PUNTA GORDA,CHARLOTTE,,,,EMERGENCY MEDICAL SERVICE,,,,,,,,,,,,-81.99912948,26.91717005,,,,
PUNTA GORDA,CHARLOTTE,,,,EMERGENCY MEDICAL SERVICE,,,,,,,,,,,,-82.00665411,26.98756317,,,,
PUNTA GORDA,CHARLOTTE,,,,EMERGENCY MEDICAL SERVICE,,,,,,,,,,,,-81.76000474,26.79966427,,,,
PUNTA GORDA,CHARLOTTE,,,,EMERGENCY MEDICAL SERVICE,,,,,,,,,,,,-82.01466646,26.86064017,,,,
PUNTA GORDA,CHARLOTTE,,,,EMERGENCY MEDICAL SERVICE,,,,,,,,,,,,-82.03569363,27.00164874,,,,
PUNTA GORDA,CHARLOTTE,,,,EMERGENCY MEDICAL SERVICE,,,,,,,,,,,,-81.99200963,26.95479031,,,,
PUNTA GORDA,CHARLOTTE,,,,EMERGENCY MEDICAL SERVICE,,,,,,,,,,,,-82.00069298,26.92213422,,,,
PUNTA GORDA,CHARLOTTE,,,,EMERGENCY MEDICAL SERVICE,,,,,,,,,,,,-81.96076828,27.00657052,,,,
PLACIDA,CHARLOTTE,,,,EMERGENCY MEDICAL SERVICE,,,,,,,,,,,,-82.31549256,26.86825209,,,,
PLACIDA,CHARLOTTE,,,,EMERGENCY MEDICAL SERVICE,,,,,,,,,,,,-82.28773662,26.85174180,,,,
PORT CHARLOTTE,CHARLOTTE,,,,EMERGENCY MEDICAL SERVICE,,,,,,,,,,,,-82.22314541,26.91739679,,,,
PORT CHARLOTTE,CHARLOTTE,,,,EMERGENCY MEDICAL SERVICE,,,,,,,,,,,,-82.15683476,27.00460789,,,,
PORT CHARLOTTE,CHARLOTTE,,,,EMERGENCY MEDICAL SERVICE,,,,,,,,,,,,-82.08716392,26.97597783,,,,
PORT CHARLOTTE,CHARLOTTE,,,,EMERGENCY MEDICAL SERVICE,,,,,,,,,,,,-82.21025133,26.96618917,,,,
PORT CHARLOTTE,CHARLOTTE,,,,EMERGENCY MEDICAL SERVICE,,,,,,,,,,,,-82.09212497,26.97616611,,,,
PORT CHARLOTTE,CHARLOTTE,,,,EMERGENCY MEDICAL SERVICE,,,,,,,,,,,,-82.09155782,27.02629665,,,,
PORT CHARLOTTE,CHARLOTTE,,,,EMERGENCY MEDICAL SERVICE,,,,,,,,,,,,-82.23303590,27.01030245,,,,
LECANTO,CITRUS,,,,EMERGENCY MEDICAL SERVICE,,,,,,,,,,,,-82.49871386,28.84911751,,,,
NAPLES,COLLIER,,,,EMERGENCY MEDICAL SERVICE,,,,,,,,,,,,-81.71774835,26.14414101,,,,
NAPLES,COLLIER,,,,EMERGENCY MEDICAL SERVICE,,,,,,,,,,,,-81.79511108,26.13876062,,,,
NAPLES,COLLIER,,,,EMERGENCY MEDICAL SERVICE,,,,,,,,,,,,-81.75075756,26.13817938,,,,
NAPLES,COLLIER,,,,EMERGENCY MEDICAL SERVICE,,,,,,,,,,,,-81.63339335,26.22889444,,,,
NAPLES,COLLIER,,,,EMERGENCY MEDICAL SERVICE,,,,,,,,,,,,-81.76818965,26.18175198,,,,
NAPLES,COLLIER,,,,EMERGENCY MEDICAL SERVICE,,,,,,,,,,,,-81.73214894,26.09077085,,,,
NAPLES,COLLIER,,,,EMERGENCY MEDICAL SERVICE,,,,,,,,,,,,-81.76998800,26.11284300,,,,
NAPLES,COLLIER,,,,EMERGENCY MEDICAL SERVICE,,,,,,,,,,,,-81.74913794,26.21106183,,,,
NAPLES,COLLIER,,,,EMERGENCY MEDICAL SERVICE,,,,,,,,,,,,-81.70058004,26.04619337,,,,
NAPLES,COLLIER,,,,EMERGENCY MEDICAL SERVICE,,,,,,,,,,,,-81.79862320,26.17771839,,,,
NAPLES,COLLIER,,,,EMERGENCY MEDICAL SERVICE,,,,,,,,,,,,-81.54802067,26.36564438,,,,
NAPLES,COLLIER,,,,EMERGENCY MEDICAL SERVICE,,,,,,,,,,,,-81.59415841,26.30789584,,,,
NAPLES,COLLIER,,,,EMERGENCY MEDICAL SERVICE,,,,,,,,,,,,-81.51174957,25.95730998,,,,
NAPLES,COLLIER,,,,EMERGENCY MEDICAL SERVICE,,,,,,,,,,,,-81.70417720,26.18274801,,,,
NAPLES,COLLIER,,,,EMERGENCY MEDICAL SERVICE,,,,,,,,,,,,-81.69472619,26.10527435,,,,
NAPLES,COLLIER,,,,EMERGENCY MEDICAL SERVICE,,,,,,,,,,,,-81.72562985,26.27238081,,,,
NAPLES,COLLIER,,,,EMERGENCY MEDICAL SERVICE,,,,,,,,,,,,-81.78955982,26.21177495,,,,
NAPLES,COLLIER,,,,EMERGENCY MEDICAL SERVICE,,,,,,,,,,,,-81.80592082,26.25062200,,,,
NAPLES,COLLIER,,,,EMERGENCY MEDICAL SERVICE,,,,,,,,,,,,-81.72733883,25.98432441,,,,
NAPLES,COLLIER,,,,EMERGENCY MEDICAL SERVICE,,,,,,,,,,,,-81.69007820,26.25238456,,,,
NAPLES,COLLIER,,,,EMERGENCY MEDICAL SERVICE,,,,,,,,,,,,-81.71669659,25.93801098,,,,
NAPLES,COLLIER,,,,EMERGENCY MEDICAL SERVICE,,,,,,,,,,,,-81.78467538,26.27282947,,,,
NAPLES,COLLIER,,,,EMERGENCY MEDICAL SERVICE,,,,,,,,,,,,-81.78982357,26.15827094,,,,
NAPLES,COLLIER,,,,EMERGENCY MEDICAL SERVICE,,,,,,,,,,,,-81.73032446,26.27350533,,,,
NAPLES,COLLIER,,,,EMERGENCY MEDICAL SERVICE,,,,,,,,,,,,-81.78562863,26.27174125,,,,
NAPLES,COLLIER,,,,EMERGENCY MEDICAL SERVICE,,,,,,,,,,,,-81.76990473,26.24228723,,,,
NAPLES,COLLIER,,,,EMERGENCY MEDICAL SERVICE,,,,,,,,,,,,-81.80064931,26.18946755,,,,
NAPLES,COLLIER,,,,EMERGENCY MEDICAL SERVICE,,,,,,,,,,,,-81.79728806,26.15189789,,,,
NAPLES,COLLIER,,,,EMERGENCY MEDICAL SERVICE,,,,,,,,,,,,-81.68474160,26.10661536,,,,
NAPLES,COLLIER,,,,EMERGENCY MEDICAL SERVICE,,,,,,,,,,,,-81.68762515,26.18593718,,,,
NAPLES,COLLIER,,,,EMERGENCY MEDICAL SERVICE,,,,,,,,,,,,-81.75096391,26.20981428,,,,
NAPLES,COLLIER,,,,EMERGENCY MEDICAL SERVICE,,,,,,,,,,,,-81.73513658,26.13828988,,,,
NAPLES,COLLIER,,,,EMERGENCY MEDICAL SERVICE,,,,,,,,,,,,-81.80591475,26.25149619,,,,
NAPLES,COLLIER,,,,EMERGENCY MEDICAL SERVICE,,,,,,,,,,,,-81.77811357,26.14711273,,,,
IMMOKALEE,COLLIER,,,,EMERGENCY MEDICAL SERVICE,,,,,,,,,,,,-81.44692261,26.34179913,,,,
IMMOKALEE,COLLIER,,,,EMERGENCY MEDICAL SERVICE,,,,,,,,,,,,-81.45032536,26.43418488,,,,
IMMOKALEE,COLLIER,,,,EMERGENCY MEDICAL SERVICE,,,,,,,,,,,,-81.41683533,26.41729157,,,,
MARCO ISLAND,COLLIER,,,,EMERGENCY MEDICAL SERVICE,,,,,,,,,,,,-81.71496598,25.93746699,,,,
MARCO ISLAND,COLLIER,,,,EMERGENCY MEDICAL SERVICE,,,,,,,,,,,,-81.69795096,25.93388643,,,,
OCHOPEE,COLLIER,,,,EMERGENCY MEDICAL SERVICE,,,,,,,,,,,,-81.38421264,25.85857111,,,,
OCHOPEE,COLLIER,,,,EMERGENCY MEDICAL SERVICE,,,,,,,,,,,,-81.07509505,26.16732469,,,,
BONITA SPRINGS,COLLIER,,,,EMERGENCY MEDICAL SERVICE,,,,,,,,,,,,-81.81957075,26.32211124,,,,
LAKE CITY,COLUMBIA,,,,EMERGENCY MEDICAL SERVICE,,,,,,,,,,,,-82.67150993,30.17620854,,,,
ARCADIA,DESOTO,,,,EMERGENCY MEDICAL SERVICE,,,,,,,,,,,,-81.97762394,27.20093992,,,,
ARCADIA,DESOTO,,,,EMERGENCY MEDICAL SERVICE,,,,,,,,,,,,-81.99977247,27.09244868,,,,
ARCADIA,DESOTO,,,,EMERGENCY MEDICAL SERVICE,,,,,,,,,,,,-81.84258211,27.20878422,,,,
ARCADIA,DESOTO,,,,EMERGENCY MEDICAL SERVICE,,,,,,,,,,,,-81.86190107,27.21698706,,,,
OLD TOWN,DIXIE,,,,EMERGENCY MEDICAL SERVICE,,,,,,,,,,,,-83.11167042,29.62529064,,,,
JACKSONVILLE,DUVAL,,,,EMERGENCY MEDICAL SERVICE,,,,,,,,,,,,-81.66020240,30.33113219,,,,
JACKSONVILLE,DUVAL,,,,EMERGENCY MEDICAL SERVICE,,,,,,,,,,,,-81.66691300,30.35060216,,,,
JACKSONVILLE,DUVAL,,,,EMERGENCY MEDICAL SERVICE,,,,,,,,,,,,-81.66427709,30.34849414,,,,
JACKSONVILLE,DUVAL,,,,EMERGENCY MEDICAL SERVICE,,,,,,,,,,,,-81.61448976,30.26173715,,,,
JACKSONVILLE,DUVAL,,,,EMERGENCY MEDICAL SERVICE,,,,,,,,,,,,-81.58730087,30.29018067,,,,
JACKSONVILLE,DUVAL,,,,EMERGENCY MEDICAL SERVICE,,,,,,,,,,,,-81.60073360,30.31280663,,,,
JACKSONVILLE,DUVAL,,,,EMERGENCY MEDICAL SERVICE,,,,,,,,,,,,-81.68544915,30.32004372,,,,
PENSACOLA,ESCAMBIA,,,,EMERGENCY MEDICAL SERVICE,,,,,,,,,,,,-87.19663951,30.48248193,,,,
PENSACOLA,ESCAMBIA,,,,EMERGENCY MEDICAL SERVICE,,,,,,,,,,,,-87.23661403,30.44357362,,,,
PENSACOLA,ESCAMBIA,,,,EMERGENCY MEDICAL SERVICE,,,,,,,,,,,,-87.21856340,30.51623559,,,,
PENSACOLA,ESCAMBIA,,,,EMERGENCY MEDICAL SERVICE,,,,,,,,,,,,-87.21885336,30.53400307,,,,
PENSACOLA,ESCAMBIA,,,,EMERGENCY MEDICAL SERVICE,,,,,,,,,,,,-87.20794916,30.44574005,,,,
PENSACOLA,ESCAMBIA,,,,EMERGENCY MEDICAL SERVICE,,,,,,,,,,,,-87.21410232,30.47808094,,,,
PENSACOLA,ESCAMBIA,,,,EMERGENCY MEDICAL SERVICE,,,,,,,,,,,,-87.29355582,30.40210711,,,,
PENSACOLA,ESCAMBIA,,,,EMERGENCY MEDICAL SERVICE,,,,,,,,,,,,-87.22860000,30.53110000,,,,
PENSACOLA,ESCAMBIA,,,,EMERGENCY MEDICAL SERVICE,,,,,,,,,,,,-87.22436202,30.47240570,,,,
PENSACOLA,ESCAMBIA,,,,EMERGENCY MEDICAL SERVICE,,,,,,,,,,,,-87.19383675,30.47589223,,,,
PENSACOLA,ESCAMBIA,,,,EMERGENCY MEDICAL SERVICE,,,,,,,,,,,,-87.23205315,30.42956456,,,,
PENSACOLA,ESCAMBIA,,,,EMERGENCY MEDICAL SERVICE,,,,,,,,,,,,-87.25919508,30.48639135,,,,
PENSACOLA,ESCAMBIA,,,,EMERGENCY MEDICAL SERVICE,,,,,,,,,,,,-87.21928802,30.51402352,,,,
PENSACOLA,ESCAMBIA,,,,EMERGENCY MEDICAL SERVICE,,,,,,,,,,,,-87.21952064,30.51086477,,,,
PENSACOLA,ESCAMBIA,,,,EMERGENCY MEDICAL SERVICE,,,,,,,,,,,,-87.23132536,30.44329131,,,,
PENSACOLA,ESCAMBIA,,,,EMERGENCY MEDICAL SERVICE,,,,,,,,,,,,-87.40258111,30.34033612,,,,
CANTONMENT,ESCAMBIA,,,,EMERGENCY MEDICAL SERVICE,,,,,,,,,,,,-87.28845000,30.56657883,,,,
CANTONMENT,ESCAMBIA,,,,EMERGENCY MEDICAL SERVICE,,,,,,,,,,,,-87.29023470,30.57059044,,,,
BUNNELL,FLAGLER,,,,EMERGENCY MEDICAL SERVICE,,,,,,,,,,,,-81.25651254,29.46627776,,,,
EASTPOINT,FRANKLIN,,,,EMERGENCY MEDICAL SERVICE,,,,,,,,,,,,-84.88774434,29.73661123,,,,
CARRABELLE,FRANKLIN,,,,EMERGENCY MEDICAL SERVICE,,,,,,,,,,,,-84.59746714,29.88459434,,,,
QUINCY,GADSDEN,,,,EMERGENCY MEDICAL SERVICE,,,,,,,,,,,,-84.56832406,30.58742098,,,,
BELL,GILCHRIST,,,,EMERGENCY MEDICAL SERVICE,,,,,,,,,,,,-82.84436112,29.65816873,,,,
BELL,GILCHRIST,,,,EMERGENCY MEDICAL SERVICE,,,,,,,,,,,,-82.86596273,29.78433674,,,,
TRENTON,GILCHRIST,,,,EMERGENCY MEDICAL SERVICE,,,,,,,,,,,,-82.82387546,29.63005499,,,,
MOORE HAVEN,GLADES,,,,EMERGENCY MEDICAL SERVICE,,,,,,,,,,,,-81.12536492,26.84011872,,,,
PORT SAINT JOE,GULF,,,,EMERGENCY MEDICAL SERVICE,,,,,,,,,,,,-85.28971210,29.81432529,,,,
WEWAHITCHKA,GULF,,,,EMERGENCY MEDICAL SERVICE,,,,,,,,,,,,-85.20206985,30.10609902,,,,
JASPER,HAMILTON,,,,EMERGENCY MEDICAL SERVICE,,,,,,,,,,,,-82.95442182,30.51953433,,,,
WAUCHULA,HARDEE,,,,EMERGENCY MEDICAL SERVICE,,,,,,,,,,,,-81.81012559,27.55659553,,,,
LABELLE,HENDRY,,,,EMERGENCY MEDICAL SERVICE,,,,,,,,,,,,-81.38280487,26.75036852,,,,
LABELLE,HENDRY,,,,EMERGENCY MEDICAL SERVICE,,,,,,,,,,,,-81.42653543,26.74624378,,,,
CLEWISTON,HENDRY,,,,EMERGENCY MEDICAL SERVICE,,,,,,,,,,,,-80.99771199,26.32619524,,,,
CLEWISTON,HENDRY,,,,EMERGENCY MEDICAL SERVICE,,,,,,,,,,,,-80.90573943,26.30170637,,,,
CLEWISTON,HENDRY,,,,EMERGENCY MEDICAL SERVICE,,,,,,,,,,,,-80.93492096,26.75341832,,,,
BROOKSVILLE,HERNANDO,,,,EMERGENCY MEDICAL SERVICE,,,,,,,,,,,,-82.39947888,28.55281136,,,,
BROOKSVILLE,HERNANDO,,,,EMERGENCY MEDICAL SERVICE,,,,,,,,,,,,-82.45663243,28.47878968,,,,
SPRING HILL,HERNANDO,,,,EMERGENCY MEDICAL SERVICE,,,,,,,,,,,,-82.57569318,28.48564558,,,,
SEBRING,HIGHLANDS,,,,EMERGENCY MEDICAL SERVICE,,,,,,,,,,,,-81.42090313,27.44219126,,,,
AVON PARK,HIGHLANDS,,,,EMERGENCY MEDICAL SERVICE,,,,,,,,,,,,,,,,,
LAKE PLACID,HIGHLANDS,,,,EMERGENCY MEDICAL SERVICE,,,,,,,,,,,,-81.36740000,27.29560000,,,,
TAMPA,HILLSBOROUGH,,,,EMERGENCY MEDICAL SERVICE,,,,,,,,,,,,-82.39226624,28.03302311,,,,
TAMPA,HILLSBOROUGH,,,,EMERGENCY MEDICAL SERVICE,,,,,,,,,,,,-82.33180794,27.99639016,,,,
TAMPA,HILLSBOROUGH,,,,EMERGENCY MEDICAL SERVICE,,,,,,,,,,,,-82.52702155,28.00585499,,,,
TAMPA,HILLSBOROUGH,,,,EMERGENCY MEDICAL SERVICE,,,,,,,,,,,,-82.45448474,27.95174063,,,,
TAMPA,HILLSBOROUGH,,,,EMERGENCY MEDICAL SERVICE,,,,,,,,,,,,-82.46231595,28.08722131,,,,
PLANT CITY,HILLSBOROUGH,,,,EMERGENCY MEDICAL SERVICE,,,,,,,,,,,,-82.11704232,27.98949599,,,,
PLANT CITY,HILLSBOROUGH,,,,EMERGENCY MEDICAL SERVICE,,,,,,,,,,,,-82.13786850,28.02167627,,,,
SUN CITY CENTER,HILLSBOROUGH,,,,EMERGENCY MEDICAL SERVICE,,,,,,,,,,,,-82.35416157,27.71335993,,,,
SEFFNER,HILLSBOROUGH,,,,EMERGENCY MEDICAL SERVICE,,,,,,,,,,,,-82.31026918,27.99938863,,,,
BONIFAY,HOLMES,,,,EMERGENCY MEDICAL SERVICE,,,,,,,,,,,,-85.66411618,30.78674067,,,,
WESTVILLE,HOLMES,,,,EMERGENCY MEDICAL SERVICE,,,,,,,,,,,,-85.85134891,30.77444602,,,,
FELLSMERE,INDIAN RIVER,,,,EMERGENCY MEDICAL SERVICE,,,,,,,,,,,,-80.60153494,27.77018292,,,,
VERO BEACH,INDIAN RIVER,,,,EMERGENCY MEDICAL SERVICE,,,,,,,,,,,,-80.49635121,27.62475638,,,,
VERO BEACH,INDIAN RIVER,,,,EMERGENCY MEDICAL SERVICE,,,,,,,,,,,,-80.42025683,27.71275242,,,,
VERO BEACH,INDIAN RIVER,,,,EMERGENCY MEDICAL SERVICE,,,,,,,,,,,,-80.42215426,27.68326004,,,,
VERO BEACH,INDIAN RIVER,,,,EMERGENCY MEDICAL SERVICE,,,,,,,,,,,,-80.42940474,27.64948042,,,,
VERO BEACH,INDIAN RIVER,,,,EMERGENCY MEDICAL SERVICE,,,,,,,,,,,,-80.33962120,27.60280361,,,,
VERO BEACH,INDIAN RIVER,,,,EMERGENCY MEDICAL SERVICE,,,,,,,,,,,,-80.40829357,27.76298104,,,,
VERO BEACH,INDIAN RIVER,,,,EMERGENCY MEDICAL SERVICE,,,,,,,,,,,,-80.37011524,27.65222747,,,,
VERO BEACH,INDIAN RIVER,,,,EMERGENCY MEDICAL SERVICE,,,,,,,,,,,,-80.39559156,27.62960787,,,,
VERO BEACH,INDIAN RIVER,,,,EMERGENCY MEDICAL SERVICE,,,,,,,,,,,,-80.52057417,27.74313757,,,,
VERO BEACH,INDIAN RIVER,,,,EMERGENCY MEDICAL SERVICE,,,,,,,,,,,,-80.40133693,27.58773286,,,,
SEBASTIAN,INDIAN RIVER,,,,EMERGENCY MEDICAL SERVICE,,,,,,,,,,,,-80.49265449,27.83097156,,,,
SEBASTIAN,INDIAN RIVER,,,,EMERGENCY MEDICAL SERVICE,,,,,,,,,,,,-80.48686500,27.77806203,,,,
SEBASTIAN,INDIAN RIVER,,,,EMERGENCY MEDICAL SERVICE,,,,,,,,,,,,-80.48852064,27.83794960,,,,
MARIANNA,JACKSON,,,,EMERGENCY MEDICAL SERVICE,,,,,,,,,,,,-85.18219893,30.83533426,,,,
MARIANNA,JACKSON,,,,EMERGENCY MEDICAL SERVICE,,,,,,,,,,,,-85.17078923,30.82344910,,,,
LEESBURG,LAKE,,,,EMERGENCY MEDICAL SERVICE,,,,,,,,,,,,-81.87529704,28.81489753,,,,
LEESBURG,LAKE,,,,EMERGENCY MEDICAL SERVICE,,,,,,,,,,,,-81.93331660,28.82909596,,,,
LEESBURG,LAKE,,,,EMERGENCY MEDICAL SERVICE,,,,,,,,,,,,-81.80240362,28.82584769,,,,
LADY LAKE,LAKE,,,,EMERGENCY MEDICAL SERVICE,,,,,,,,,,,,-81.92560352,28.91952071,,,,
LADY LAKE,LAKE,,,,EMERGENCY MEDICAL SERVICE,,,,,,,,,,,,-81.94054862,28.93820937,,,,
EUSTIS,LAKE,,,,EMERGENCY MEDICAL SERVICE,,,,,,,,,,,,-81.52464466,28.85379234,,,,
EUSTIS,LAKE,,,,EMERGENCY MEDICAL SERVICE,,,,,,,,,,,,-81.68327953,28.84670200,,,,
MINNEOLA,LAKE,,,,EMERGENCY MEDICAL SERVICE,,,,,,,,,,,,-81.75165650,28.57970253,,,,
FRUITLAND PARK,LAKE,,,,EMERGENCY MEDICAL SERVICE,,,,,,,,,,,,-81.91274399,28.85874518,,,,
MOUNT DORA,LAKE,,,,EMERGENCY MEDICAL SERVICE,,,,,,,,,,,,-81.67339258,28.80958320,,,,
MOUNT DORA,LAKE,,,,EMERGENCY MEDICAL SERVICE,,,,,,,,,,,,-81.64429998,28.80816212,,,,
MOUNT DORA,LAKE,,,,EMERGENCY MEDICAL SERVICE,,,,,,,,,,,,-81.68238517,28.81540744,,,,
CLERMONT,LAKE,,,,EMERGENCY MEDICAL SERVICE,,,,,,,,,,,,-81.68554049,28.36957595,,,,
CLERMONT,LAKE,,,,EMERGENCY MEDICAL SERVICE,,,,,,,,,,,,-81.71530093,28.50007247,,,,
CLERMONT,LAKE,,,,EMERGENCY MEDICAL SERVICE,,,,,,,,,,,,-81.71437625,28.54871390,,,,
UMATILLA,LAKE,,,,EMERGENCY MEDICAL SERVICE,,,,,,,,,,,,-81.66752957,28.92664279,,,,
TAVARES,LAKE,,,,EMERGENCY MEDICAL SERVICE,,,,,,,,,,,,-81.74563196,28.77235543,,,,
MASCOTTE,LAKE,,,,EMERGENCY MEDICAL SERVICE,,,,,,,,,,,,-81.88084678,28.57222154,,,,
OKAHUMPKA,LAKE,,,,EMERGENCY MEDICAL SERVICE,,,,,,,,,,,,-81.89242810,28.74105706,,,,
BOCA GRANDE,LEE,,,,EMERGENCY MEDICAL SERVICE,,,,,,,,,,,,-82.26092070,26.74991252,,,,
LEHIGH ACRES,LEE,,,,EMERGENCY MEDICAL SERVICE,,,,,,,,,,,,-81.63993782,26.59835674,,,,
LEHIGH ACRES,LEE,,,,EMERGENCY MEDICAL SERVICE,,,,,,,,,,,,-81.67960311,26.59874280,,,,
LEHIGH ACRES,LEE,,,,EMERGENCY MEDICAL SERVICE,,,,,,,,,,,,-81.60426912,26.56278244,,,,
LEHIGH ACRES,LEE,,,,EMERGENCY MEDICAL SERVICE,,,,,,,,,,,,-81.59778174,26.63684493,,,,
LEHIGH ACRES,LEE,,,,EMERGENCY MEDICAL SERVICE,,,,,,,,,,,,-81.71443518,26.60902093,,,,
BONITA SPRINGS,LEE,,,,EMERGENCY MEDICAL SERVICE,,,,,,,,,,,,-81.80703500,26.37582486,,,,
BONITA SPRINGS,LEE,,,,EMERGENCY MEDICAL SERVICE,,,,,,,,,,,,-81.81645288,26.32973602,,,,
BONITA SPRINGS,LEE,,,,EMERGENCY MEDICAL SERVICE,,,,,,,,,,,,-81.73742297,26.33580170,,,,
CAPE CORAL,LEE,,,,EMERGENCY MEDICAL SERVICE,,,,,,,,,,,,-81.94217712,26.63922027,,,,
CAPE CORAL,LEE,,,,EMERGENCY MEDICAL SERVICE,,,,,,,,,,,,-81.98924676,26.65064644,,,,
CAPE CORAL,LEE,,,,EMERGENCY MEDICAL SERVICE,,,,,,,,,,,,-81.95838281,26.56660588,,,,
CAPE CORAL,LEE,,,,EMERGENCY MEDICAL SERVICE,,,,,,,,,,,,-81.95138156,26.68316746,,,,
CAPE CORAL,LEE,,,,EMERGENCY MEDICAL SERVICE,,,,,,,,,,,,-82.00724801,26.56649337,,,,
CAPE CORAL,LEE,,,,EMERGENCY MEDICAL SERVICE,,,,,,,,,,,,-81.93911926,26.60689005,,,,
CAPE CORAL,LEE,,,,EMERGENCY MEDICAL SERVICE,,,,,,,,,,,,-81.92590541,26.65303686,,,,
FORT MYERS,LEE,,,,EMERGENCY MEDICAL SERVICE,,,,,,,,,,,,-81.84424454,26.65759064,,,,
FORT MYERS,LEE,,,,EMERGENCY MEDICAL SERVICE,,,,,,,,,,,,-81.87404774,26.62839039,,,,
FORT MYERS,LEE,,,,EMERGENCY MEDICAL SERVICE,,,,,,,,,,,,-81.86513260,26.64057832,,,,
FORT MYERS,LEE,,,,EMERGENCY MEDICAL SERVICE,,,,,,,,,,,,-81.78613089,26.60276894,,,,
FORT MYERS,LEE,,,,EMERGENCY MEDICAL SERVICE,,,,,,,,,,,,-81.85799356,26.49780585,,,,
FORT MYERS,LEE,,,,EMERGENCY MEDICAL SERVICE,,,,,,,,,,,,-81.84043128,26.60982515,,,,
FORT MYERS,LEE,,,,EMERGENCY MEDICAL SERVICE,,,,,,,,,,,,-81.82330945,26.46820999,,,,
FORT MYERS,LEE,,,,EMERGENCY MEDICAL SERVICE,,,,,,,,,,,,-81.78047096,26.45754898,,,,
FORT MYERS,LEE,,,,EMERGENCY MEDICAL SERVICE,,,,,,,,,,,,-81.87050744,26.56413740,,,,
FORT MYERS,LEE,,,,EMERGENCY MEDICAL SERVICE,,,,,,,,,,,,-81.86232313,26.52885981,,,,
FORT MYERS,LEE,,,,EMERGENCY MEDICAL SERVICE,,,,,,,,,,,,-81.96309409,26.50241242,,,,
FORT MYERS,LEE,,,,EMERGENCY MEDICAL SERVICE,,,,,,,,,,,,-81.89849490,26.51026468,,,,
FORT MYERS,LEE,,,,EMERGENCY MEDICAL SERVICE,,,,,,,,,,,,-81.80253735,26.67205614,,,,
FORT MYERS,LEE,,,,EMERGENCY MEDICAL SERVICE,,,,,,,,,,,,-81.90480693,26.55483703,,,,
FORT MYERS,LEE,,,,EMERGENCY MEDICAL SERVICE,,,,,,,,,,,,-81.86647671,26.59233045,,,,
FORT MYERS,LEE,,,,EMERGENCY MEDICAL SERVICE,,,,,,,,,,,,-81.93621038,26.51392857,,,,
FORT MYERS BEACH,LEE,,,,EMERGENCY MEDICAL SERVICE,,,,,,,,,,,,-81.94797338,26.48160224,,,,
FORT MYERS BEACH,LEE,,,,EMERGENCY MEDICAL SERVICE,,,,,,,,,,,,-81.89984961,26.41555882,,,,
FORT MYERS BEACH,LEE,,,,EMERGENCY MEDICAL SERVICE,,,,,,,,,,,,-81.93528556,26.44523628,,,,
ALVA,LEE,,,,EMERGENCY MEDICAL SERVICE,,,,,,,,,,,,-81.60755189,26.70618246,,,,
SAINT JAMES CITY,LEE,,,,EMERGENCY MEDICAL SERVICE,,,,,,,,,,,,-82.08858566,26.53298528,,,,
ESTERO,LEE,,,,EMERGENCY MEDICAL SERVICE,,,,,,,,,,,,-81.78886493,26.42592055,,,,
BOKEELIA,LEE,,,,EMERGENCY MEDICAL SERVICE,,,,,,,,,,,,-82.11985740,26.61390219,,,,
SANIBEL,LEE,,,,EMERGENCY MEDICAL SERVICE,,,,,,,,,,,,-82.07793780,26.43777804,,,,
NORTH FORT MYERS,LEE,,,,EMERGENCY MEDICAL SERVICE,,,,,,,,,,,,-81.80112988,26.71653989,,,,
NORTH FORT MYERS,LEE,,,,EMERGENCY MEDICAL SERVICE,,,,,,,,,,,,-81.90951181,26.73496761,,,,
NORTH FORT MYERS,LEE,,,,EMERGENCY MEDICAL SERVICE,,,,,,,,,,,,-81.88490855,26.66675646,,,,
NORTH FORT MYERS,LEE,,,,EMERGENCY MEDICAL SERVICE,,,,,,,,,,,,-81.88487098,26.70838698,,,,
TALLAHASSEE,LEON,,,,EMERGENCY MEDICAL SERVICE,,,,,,,,,,,,-84.22295920,30.45155998,,,,
TALLAHASSEE,LEON,,,,EMERGENCY MEDICAL SERVICE,,,,,,,,,,,,-84.25309477,30.32108197,,,,
TALLAHASSEE,LEON,,,,EMERGENCY MEDICAL SERVICE,,,,,,,,,,,,-84.12531834,30.43870998,,,,
CHIEFLAND,LEVY,,,,EMERGENCY MEDICAL SERVICE,,,,,,,,,,,,-82.85893076,29.47915881,,,,
WILLISTON,LEVY,,,,EMERGENCY MEDICAL SERVICE,,,,,,,,,,,,-82.44875964,29.37729939,,,,
CEDAR KEY,LEVY,,,,EMERGENCY MEDICAL SERVICE,,,,,,,,,,,,-83.01915084,29.18288182,,,,
BRONSON,LEVY,,,,EMERGENCY MEDICAL SERVICE,,,,,,,,,,,,-82.64318851,29.46405335,,,,
INGLIS,LEVY,,,,EMERGENCY MEDICAL SERVICE,,,,,,,,,,,,-82.64931595,29.06466832,,,,
BRISTOL,LIBERTY,,,,EMERGENCY MEDICAL SERVICE,,,,,,,,,,,,-84.98069559,30.43236581,,,,
MADISON,MADISON,,,,EMERGENCY MEDICAL SERVICE,,,,,,,,,,,,-83.43338473,30.47608446,,,,
PALMETTO,MANATEE,,,,EMERGENCY MEDICAL SERVICE,,,,,,,,,,,,-82.58167575,27.52429422,,,,
PALMETTO,MANATEE,,,,EMERGENCY MEDICAL SERVICE,,,,,,,,,,,,-82.55550885,27.55766110,,,,
BRADENTON,MANATEE,,,,EMERGENCY MEDICAL SERVICE,,,,,,,,,,,,-82.54714709,27.43250301,,,,
BRADENTON,MANATEE,,,,EMERGENCY MEDICAL SERVICE,,,,,,,,,,,,-82.62818117,27.49681319,,,,
BRADENTON,MANATEE,,,,EMERGENCY MEDICAL SERVICE,,,,,,,,,,,,-82.58799448,27.44876782,,,,
BRADENTON,MANATEE,,,,EMERGENCY MEDICAL SERVICE,,,,,,,,,,,,-82.39148229,27.43596454,,,,
BRADENTON,MANATEE,,,,EMERGENCY MEDICAL SERVICE,,,,,,,,,,,,-82.35136641,27.48410367,,,,
BRADENTON,MANATEE,,,,EMERGENCY MEDICAL SERVICE,,,,,,,,,,,,-82.56150385,27.49760304,,,,
BRADENTON,MANATEE,,,,EMERGENCY MEDICAL SERVICE,,,,,,,,,,,,-82.66485680,27.46231417,,,,
BRADENTON,MANATEE,,,,EMERGENCY MEDICAL SERVICE,,,,,,,,,,,,-82.44766567,27.43699534,,,,
BRADENTON,MANATEE,,,,EMERGENCY MEDICAL SERVICE,,,,,,,,,,,,-82.57100347,27.46818800,,,,
BRADENTON,MANATEE,,,,EMERGENCY MEDICAL SERVICE,,,,,,,,,,,,-82.48485361,27.49137131,,,,
BRADENTON,MANATEE,,,,EMERGENCY MEDICAL SERVICE,,,,,,,,,,,,-82.43284223,27.47067543,,,,
BRADENTON,MANATEE,,,,EMERGENCY MEDICAL SERVICE,,,,,,,,,,,,-82.61998400,27.47514602,,,,
BRADENTON BEACH,MANATEE,,,,EMERGENCY MEDICAL SERVICE,,,,,,,,,,,,-82.71538937,27.51153638,,,,
SARASOTA,MANATEE,,,,EMERGENCY MEDICAL SERVICE,,,,,,,,,,,,-82.51734522,27.40439554,,,,
SARASOTA,MANATEE,,,,EMERGENCY MEDICAL SERVICE,,,,,,,,,,,,-82.56972521,27.40870463,,,,
MYAKKA CITY,MANATEE,,,,EMERGENCY MEDICAL SERVICE,,,,,,,,,,,,-82.16205568,27.35498862,,,,
OCALA,MARION,,,,EMERGENCY MEDICAL SERVICE,,,,,,,,,,,,-82.13311177,29.18943966,,,,
OCALA,MARION,,,,EMERGENCY MEDICAL SERVICE,,,,,,,,,,,,-82.21783943,29.18397315,,,,
LADY LAKE,MARION,,,,EMERGENCY MEDICAL SERVICE,,,,,,,,,,,,-82.00001630,28.96694982,,,,
STUART,MARTIN,,,,EMERGENCY MEDICAL SERVICE,,,,,,,,,,,,-80.24415757,27.19816719,,,,
STUART,MARTIN,,,,EMERGENCY MEDICAL SERVICE,,,,,,,,,,,,-80.24245316,27.18583117,,,,
STUART,MARTIN,,,,EMERGENCY MEDICAL SERVICE,,,,,,,,,,,,-80.22529178,27.13149907,,,,
MIAMI,MIAMI-DADE,,,,EMERGENCY MEDICAL SERVICE,,,,,,,,,,,,-80.33848889,25.68609167,,,,
MIAMI,MIAMI-DADE,,,,EMERGENCY MEDICAL SERVICE,,,,,,,,,,,,-80.31762604,25.83377925,,,,
MIAMI,MIAMI-DADE,,,,EMERGENCY MEDICAL SERVICE,,,,,,,,,,,,-80.20765070,25.80468278,,,,
MIAMI,MIAMI-DADE,,,,EMERGENCY MEDICAL SERVICE,,,,,,,,,,,,-80.25672888,25.82465597,,,,
MIAMI,MIAMI-DADE,,,,EMERGENCY MEDICAL SERVICE,,,,,,,,,,,,-80.26025041,25.74584786,,,,
MIAMI,MIAMI-DADE,,,,EMERGENCY MEDICAL SERVICE,,,,,,,,,,,,-80.31597099,25.79150102,,,,
MIAMI,MIAMI-DADE,,,,EMERGENCY MEDICAL SERVICE,,,,,,,,,,,,-80.24212922,25.83058459,,,,
MIAMI,MIAMI-DADE,,,,EMERGENCY MEDICAL SERVICE,,,,,,,,,,,,-80.40876570,25.65312241,,,,
MIAMI BEACH,MIAMI-DADE,,,,EMERGENCY MEDICAL SERVICE,,,,,,,,,,,,-80.14080968,25.78777979,,,,
MIAMI BEACH,MIAMI-DADE,,,,EMERGENCY MEDICAL SERVICE,,,,,,,,,,,,-80.13044394,25.79965151,,,,
NORTH MIAMI BEACH,MIAMI-DADE,,,,EMERGENCY MEDICAL SERVICE,,,,,,,,,,,,-80.11990481,25.96842024,,,,
KEY BISCAYNE,MIAMI-DADE,,,,EMERGENCY MEDICAL SERVICE,,,,,,,,,,,,-80.16435726,25.69088860,,,,
HIALEAH,MIAMI-DADE,,,,EMERGENCY MEDICAL SERVICE,,,,,,,,,,,,-80.28034033,25.82677052,,,,
ISLAMORADA,MONROE,,,,EMERGENCY MEDICAL SERVICE,,,,,,,,,,,,-80.63626191,24.91770924,,,,
TAVERNIER,MONROE,,,,EMERGENCY MEDICAL SERVICE,,,,,,,,,,,,-80.51754096,25.01071922,,,,
TAVERNIER,MONROE,,,,EMERGENCY MEDICAL SERVICE,,,,,,,,,,,,-80.52231140,25.00608000,,,,
TAVERNIER,MONROE,,,,EMERGENCY MEDICAL SERVICE,,,,,,,,,,,,-80.53940243,24.99522544,,,,
KEY LARGO,MONROE,,,,EMERGENCY MEDICAL SERVICE,,,,,,,,,,,,-80.45184534,25.08397133,,,,
MARATHON,MONROE,,,,EMERGENCY MEDICAL SERVICE,,,,,,,,,,,,-81.05198362,24.72471175,,,,
MARATHON,MONROE,,,,EMERGENCY MEDICAL SERVICE,,,,,,,,,,,,-81.09498323,24.71137052,,,,
MARATHON,MONROE,,,,EMERGENCY MEDICAL SERVICE,,,,,,,,,,,,-81.09454950,24.71018620,,,,
MARATHON,MONROE,,,,EMERGENCY MEDICAL SERVICE,,,,,,,,,,,,-81.09446182,24.71072397,,,,
MARATHON,MONROE,,,,EMERGENCY MEDICAL SERVICE,,,,,,,,,,,,-80.88994541,24.78947455,,,,
KEY WEST,MONROE,,,,EMERGENCY MEDICAL SERVICE,,,,,,,,,,,,-81.65575309,24.59790305,,,,
KEY WEST,MONROE,,,,EMERGENCY MEDICAL SERVICE,,,,,,,,,,,,-81.78199673,24.55983346,,,,
KEY WEST,MONROE,,,,EMERGENCY MEDICAL SERVICE,,,,,,,,,,,,-81.74236793,24.58096860,,,,
KEY WEST,MONROE,,,,EMERGENCY MEDICAL SERVICE,,,,,,,,,,,,-81.76735478,24.56442933,,,,
BIG PINE KEY,MONROE,,,,EMERGENCY MEDICAL SERVICE,,,,,,,,,,,,-81.35974257,24.67448990,,,,
SUMMERLAND KEY,MONROE,,,,EMERGENCY MEDICAL SERVICE,,,,,,,,,,,,-81.50636796,24.66434839,,,,
BRYCEVILLE,NASSAU,,,,EMERGENCY MEDICAL SERVICE,,,,,,,,,,,,-81.93519680,30.39225550,,,,
BRYCEVILLE,NASSAU,,,,EMERGENCY MEDICAL SERVICE,,,,,,,,,,,,-81.93537415,30.39178065,,,,
BRYCEVILLE,NASSAU,,,,EMERGENCY MEDICAL SERVICE,,,,,,,,,,,,-82.02940158,30.41172770,,,,
HILLIARD,NASSAU,,,,EMERGENCY MEDICAL SERVICE,,,,,,,,,,,,-81.91915928,30.68969583,,,,
HILLIARD,NASSAU,,,,EMERGENCY MEDICAL SERVICE,,,,,,,,,,,,-81.90742367,30.68927911,,,,
HILLIARD,NASSAU,,,,EMERGENCY MEDICAL SERVICE,,,,,,,,,,,,-81.99283274,30.56160260,,,,
CALLAHAN,NASSAU,,,,EMERGENCY MEDICAL SERVICE,,,,,,,,,,,,-81.77242442,30.53155588,,,,
CALLAHAN,NASSAU,,,,EMERGENCY MEDICAL SERVICE,,,,,,,,,,,,-81.82883472,30.56333339,,,,
CALLAHAN,NASSAU,,,,EMERGENCY MEDICAL SERVICE,,,,,,,,,,,,-81.76098072,30.62833400,,,,
CALLAHAN,NASSAU,,,,EMERGENCY MEDICAL SERVICE,,,,,,,,,,,,-81.81250636,30.49813824,,,,
YULEE,NASSAU,,,,EMERGENCY MEDICAL SERVICE,,,,,,,,,,,,-81.60425435,30.63354699,,,,
YULEE,NASSAU,,,,EMERGENCY MEDICAL SERVICE,,,,,,,,,,,,-81.53052046,30.67298503,,,,
YULEE,NASSAU,,,,EMERGENCY MEDICAL SERVICE,,,,,,,,,,,,-81.57120695,30.60540404,,,,
YULEE,NASSAU,,,,EMERGENCY MEDICAL SERVICE,,,,,,,,,,,,-81.60358944,30.63617552,,,,
FERNANDINA BEACH,NASSAU,,,,EMERGENCY MEDICAL SERVICE,,,,,,,,,,,,-81.45337843,30.57255659,,,,
FERNANDINA BEACH,NASSAU,,,,EMERGENCY MEDICAL SERVICE,,,,,,,,,,,,-81.51858390,30.57846090,,,,
FERNANDINA BEACH,NASSAU,,,,EMERGENCY MEDICAL SERVICE,,,,,,,,,,,,-81.51341192,30.61675377,,,,
FERNANDINA BEACH,NASSAU,,,,EMERGENCY MEDICAL SERVICE,,,,,,,,,,,,-81.43800021,30.63793416,,,,
FERNANDINA BEACH,NASSAU,,,,EMERGENCY MEDICAL SERVICE,,,,,,,,,,,,-81.45231768,30.66669414,,,,
SHALIMAR,OKALOOSA,,,,EMERGENCY MEDICAL SERVICE,,,,,,,,,,,,-86.58020589,30.44606780,,,,
 ,ORANGE,,,,EMERGENCY MEDICAL SERVICE,,,,,,,,,,,,-81.36826867,28.57566005,,,,
ORLANDO,ORANGE,,,,EMERGENCY MEDICAL SERVICE,,,,,,,,,,,,-81.57499092,28.34873865,,,,
ORLANDO,ORANGE,,,,EMERGENCY MEDICAL SERVICE,,,,,,,,,,,,-81.51822311,28.37905852,,,,
ORLANDO,ORANGE,,,,EMERGENCY MEDICAL SERVICE,,,,,,,,,,,,-81.54710684,28.36536922,,,,
ORLANDO,ORANGE,,,,EMERGENCY MEDICAL SERVICE,,,,,,,,,,,,-81.57964249,28.42336615,,,,
ORLANDO,ORANGE,,,,EMERGENCY MEDICAL SERVICE,,,,,,,,,,,,-81.28705552,28.44105278,,,,
ORLANDO,ORANGE,,,,EMERGENCY MEDICAL SERVICE,,,,,,,,,,,,-81.31091670,28.42134139,,,,
ORLANDO,ORANGE,,,,EMERGENCY MEDICAL SERVICE,,,,,,,,,,,,-81.37237971,28.56968480,,,,
ORLANDO,ORANGE,,,,EMERGENCY MEDICAL SERVICE,,,,,,,,,,,,-81.44181418,28.54493852,,,,
ORLANDO,ORANGE,,,,EMERGENCY MEDICAL SERVICE,,,,,,,,,,,,-81.42765947,28.57859829,,,,
WINTER PARK,ORANGE,,,,EMERGENCY MEDICAL SERVICE,,,,,,,,,,,,-81.35421587,28.60078933,,,,
APOPKA,ORANGE,,,,EMERGENCY MEDICAL SERVICE,,,,,,,,,,,,-81.50843937,28.67229669,,,,
GOTHA,ORANGE,,,,EMERGENCY MEDICAL SERVICE,,,,,,,,,,,,-81.54150183,28.54754216,,,,
MAITLAND,ORANGE,,,,EMERGENCY MEDICAL SERVICE,,,,,,,,,,,,-81.36503761,28.62602955,,,,
KISSIMMEE,OSCEOLA,,,,EMERGENCY MEDICAL SERVICE,,,,,,,,,,,,-81.41287637,28.29506358,,,,
KISSIMMEE,OSCEOLA,,,,EMERGENCY MEDICAL SERVICE,,,,,,,,,,,,-81.37870928,28.30460133,,,,
KISSIMMEE,OSCEOLA,,,,EMERGENCY MEDICAL SERVICE,,,,,,,,,,,,-81.41503239,28.33251655,,,,
KISSIMMEE,OSCEOLA,,,,EMERGENCY MEDICAL SERVICE,,,,,,,,,,,,-81.44458148,28.30852556,,,,
KISSIMMEE,OSCEOLA,,,,EMERGENCY MEDICAL SERVICE,,,,,,,,,,,,-81.43328558,28.29057018,,,,
NORTH PALM BEACH,PALM BEACH,,,,EMERGENCY MEDICAL SERVICE,,,,,,,,,,,,-80.05613087,26.81227694,,,,
WEST PALM BEACH,PALM BEACH,,,,EMERGENCY MEDICAL SERVICE,,,,,,,,,,,,-80.26154771,26.63042321,,,,
WEST PALM BEACH,PALM BEACH,,,,EMERGENCY MEDICAL SERVICE,,,,,,,,,,,,-80.06476448,26.78463664,,,,
WEST PALM BEACH,PALM BEACH,,,,EMERGENCY MEDICAL SERVICE,,,,,,,,,,,,-80.05308257,26.71727176,,,,
WEST PALM BEACH,PALM BEACH,,,,EMERGENCY MEDICAL SERVICE,,,,,,,,,,,,-80.08204017,26.78086658,,,,
WEST PALM BEACH,PALM BEACH,,,,EMERGENCY MEDICAL SERVICE,,,,,,,,,,,,-80.08211445,26.65009796,,,,
WEST PALM BEACH,PALM BEACH,,,,EMERGENCY MEDICAL SERVICE,,,,,,,,,,,,-80.03387997,26.79881618,,,,
WEST PALM BEACH,PALM BEACH,,,,EMERGENCY MEDICAL SERVICE,,,,,,,,,,,,-80.10817087,26.67873819,,,,
WEST PALM BEACH,PALM BEACH,,,,EMERGENCY MEDICAL SERVICE,,,,,,,,,,,,-80.06698432,26.74112645,,,,
LAKE WORTH,PALM BEACH,,,,EMERGENCY MEDICAL SERVICE,,,,,,,,,,,,-80.09516990,26.64059679,,,,
LAKE WORTH,PALM BEACH,,,,EMERGENCY MEDICAL SERVICE,,,,,,,,,,,,-80.09505378,26.64147013,,,,
LAKE WORTH,PALM BEACH,,,,EMERGENCY MEDICAL SERVICE,,,,,,,,,,,,-80.05861696,26.61696369,,,,
LAKE WORTH,PALM BEACH,,,,EMERGENCY MEDICAL SERVICE,,,,,,,,,,,,-80.07207262,26.62895726,,,,
LAKE WORTH,PALM BEACH,,,,EMERGENCY MEDICAL SERVICE,,,,,,,,,,,,-80.07078433,26.62933005,,,,
LAKE WORTH,PALM BEACH,,,,EMERGENCY MEDICAL SERVICE,,,,,,,,,,,,-80.14645992,26.63101158,,,,
PALM BEACH GARDENS,PALM BEACH,,,,EMERGENCY MEDICAL SERVICE,,,,,,,,,,,,-80.10759154,26.78669655,,,,
JUPITER,PALM BEACH,,,,EMERGENCY MEDICAL SERVICE,,,,,,,,,,,,-80.09350725,26.95925476,,,,
PALM BEACH,PALM BEACH,,,,EMERGENCY MEDICAL SERVICE,,,,,,,,,,,,-80.03693956,26.70286968,,,,
PALM BEACH,PALM BEACH,,,,EMERGENCY MEDICAL SERVICE,,,,,,,,,,,,-80.03824417,26.72533229,,,,
PALM BEACH,PALM BEACH,,,,EMERGENCY MEDICAL SERVICE,,,,,,,,,,,,-80.03868666,26.63954102,,,,
BOCA RATON,PALM BEACH,,,,EMERGENCY MEDICAL SERVICE,,,,,,,,,,,,-80.12634877,26.36877372,,,,
BOCA RATON,PALM BEACH,,,,EMERGENCY MEDICAL SERVICE,,,,,,,,,,,,-80.10281406,26.40334236,,,,
BOYNTON BEACH,PALM BEACH,,,,EMERGENCY MEDICAL SERVICE,,,,,,,,,,,,-80.06237506,26.52867742,,,,
DELRAY BEACH,PALM BEACH,,,,EMERGENCY MEDICAL SERVICE,,,,,,,,,,,,-80.07865788,26.46222807,,,,
DADE CITY,PASCO,,,,EMERGENCY MEDICAL SERVICE,,,,,,,,,,,,-82.18715213,28.36643800,,,,
DADE CITY,PASCO,,,,EMERGENCY MEDICAL SERVICE,,,,,,,,,,,,-82.24459648,28.41424912,,,,
DADE CITY,PASCO,,,,EMERGENCY MEDICAL SERVICE,,,,,,,,,,,,-82.33298679,28.40974490,,,,
DADE CITY,PASCO,,,,EMERGENCY MEDICAL SERVICE,,,,,,,,,,,,-82.18265847,28.30325852,,,,
DADE CITY,PASCO,,,,EMERGENCY MEDICAL SERVICE,,,,,,,,,,,,-82.18179287,28.46361666,,,,
LAND O LAKES,PASCO,,,,EMERGENCY MEDICAL SERVICE,,,,,,,,,,,,-82.45679032,28.22676883,,,,
LAND O LAKES,PASCO,,,,EMERGENCY MEDICAL SERVICE,,,,,,,,,,,,-82.49617766,28.30246149,,,,
LAND O LAKES,PASCO,,,,EMERGENCY MEDICAL SERVICE,,,,,,,,,,,,-82.45961111,28.21788840,,,,
LAND O LAKES,PASCO,,,,EMERGENCY MEDICAL SERVICE,,,,,,,,,,,,-82.51797084,28.19549739,,,,
WESLEY CHAPEL,PASCO,,,,EMERGENCY MEDICAL SERVICE,,,,,,,,,,,,-82.24835472,28.20826267,,,,
WESLEY CHAPEL,PASCO,,,,EMERGENCY MEDICAL SERVICE,,,,,,,,,,,,-82.36379878,28.24330968,,,,
WESLEY CHAPEL,PASCO,,,,EMERGENCY MEDICAL SERVICE,,,,,,,,,,,,-82.34982547,28.17672891,,,,
ODESSA,PASCO,,,,EMERGENCY MEDICAL SERVICE,,,,,,,,,,,,-82.62399458,28.18689483,,,,
ODESSA,PASCO,,,,EMERGENCY MEDICAL SERVICE,,,,,,,,,,,,-82.57733206,28.18889337,,,,
SAN ANTONIO,PASCO,,,,EMERGENCY MEDICAL SERVICE,,,,,,,,,,,,-82.27470904,28.33555441,,,,
SAN ANTONIO,PASCO,,,,EMERGENCY MEDICAL SERVICE,,,,,,,,,,,,-82.32924135,28.32102062,,,,
PORT RICHEY,PASCO,,,,EMERGENCY MEDICAL SERVICE,,,,,,,,,,,,-82.70387233,28.29262990,,,,
PORT RICHEY,PASCO,,,,EMERGENCY MEDICAL SERVICE,,,,,,,,,,,,-82.70242731,28.29516698,,,,
ZEPHYRHILLS,PASCO,,,,EMERGENCY MEDICAL SERVICE,,,,,,,,,,,,-82.22489709,28.23028652,,,,
ZEPHYRHILLS,PASCO,,,,EMERGENCY MEDICAL SERVICE,,,,,,,,,,,,-82.15927314,28.18193665,,,,
SPRING HILL,PASCO,,,,EMERGENCY MEDICAL SERVICE,,,,,,,,,,,,-82.55308831,28.39875714,,,,
HUDSON,PASCO,,,,EMERGENCY MEDICAL SERVICE,,,,,,,,,,,,-82.62340569,28.43316896,,,,
HUDSON,PASCO,,,,EMERGENCY MEDICAL SERVICE,,,,,,,,,,,,-82.64267769,28.33306276,,,,
HUDSON,PASCO,,,,EMERGENCY MEDICAL SERVICE,,,,,,,,,,,,-82.68321760,28.37083902,,,,
NEW PORT RICHEY,PASCO,,,,EMERGENCY MEDICAL SERVICE,,,,,,,,,,,,-82.73123336,28.24202271,,,,
NEW PORT RICHEY,PASCO,,,,EMERGENCY MEDICAL SERVICE,,,,,,,,,,,,-82.68475503,28.25946987,,,,
NEW PORT RICHEY,PASCO,,,,EMERGENCY MEDICAL SERVICE,,,,,,,,,,,,-82.69511548,28.20246701,,,,
NEW PORT RICHEY,PASCO,,,,EMERGENCY MEDICAL SERVICE,,,,,,,,,,,,-82.71316329,28.23643060,,,,
NEW PORT RICHEY,PASCO,,,,EMERGENCY MEDICAL SERVICE,,,,,,,,,,,,-82.71579258,28.25074293,,,,
LUTZ,PASCO,,,,EMERGENCY MEDICAL SERVICE,,,,,,,,,,,,-82.46401867,28.19069764,,,,
PALM HARBOR,PINELLAS,,,,EMERGENCY MEDICAL SERVICE,,,,,,,,,,,,-82.70154009,28.10034251,,,,
PALM HARBOR,PINELLAS,,,,EMERGENCY MEDICAL SERVICE,,,,,,,,,,,,-82.73515832,28.06573054,,,,
SAFETY HARBOR,PINELLAS,,,,EMERGENCY MEDICAL SERVICE,,,,,,,,,,,,-82.69439817,27.99054058,,,,
SEMINOLE,PINELLAS,,,,EMERGENCY MEDICAL SERVICE,,,,,,,,,,,,-82.79480417,27.83707828,,,,
CLEARWATER,PINELLAS,,,,EMERGENCY MEDICAL SERVICE,,,,,,,,,,,,-82.79806358,27.96335693,,,,
CLEARWATER,PINELLAS,,,,EMERGENCY MEDICAL SERVICE,,,,,,,,,,,,-82.69292275,27.87537145,,,,
CLEARWATER,PINELLAS,,,,EMERGENCY MEDICAL SERVICE,,,,,,,,,,,,-82.69728758,27.89952098,,,,
DUNEDIN,PINELLAS,,,,EMERGENCY MEDICAL SERVICE,,,,,,,,,,,,-82.77073989,28.01250628,,,,
SAINT PETERSBURG,PINELLAS,,,,EMERGENCY MEDICAL SERVICE,,,,,,,,,,,,-82.63264655,27.76268100,,,,
SAINT PETERSBURG,PINELLAS,,,,EMERGENCY MEDICAL SERVICE,,,,,,,,,,,,-82.80165406,27.80450381,,,,
SAINT PETERSBURG,PINELLAS,,,,EMERGENCY MEDICAL SERVICE,,,,,,,,,,,,-82.70580712,27.74705489,,,,
SAINT PETERSBURG,PINELLAS,,,,EMERGENCY MEDICAL SERVICE,,,,,,,,,,,,-82.73297167,27.75998595,,,,
SAINT PETERSBURG,PINELLAS,,,,EMERGENCY MEDICAL SERVICE,,,,,,,,,,,,-82.76833195,27.77082728,,,,
SAINT PETERSBURG,PINELLAS,,,,EMERGENCY MEDICAL SERVICE,,,,,,,,,,,,-82.75063894,27.74121287,,,,
SAINT PETERSBURG,PINELLAS,,,,EMERGENCY MEDICAL SERVICE,,,,,,,,,,,,-82.68792330,27.82319964,,,,
INDIAN ROCKS BEACH,PINELLAS,,,,EMERGENCY MEDICAL SERVICE,,,,,,,,,,,,-82.84991679,27.88107724,,,,
LARGO,PINELLAS,,,,EMERGENCY MEDICAL SERVICE,,,,,,,,,,,,-82.77582113,27.91933708,,,,
LARGO,PINELLAS,,,,EMERGENCY MEDICAL SERVICE,,,,,,,,,,,,-82.81066643,27.88576706,,,,
PINELLAS PARK,PINELLAS,,,,EMERGENCY MEDICAL SERVICE,,,,,,,,,,,,-82.70252203,27.84615445,,,,
PINELLAS PARK,PINELLAS,,,,EMERGENCY MEDICAL SERVICE,,,,,,,,,,,,-82.72812465,27.85775216,,,,
TARPON SPRINGS,PINELLAS,,,,EMERGENCY MEDICAL SERVICE,,,,,,,,,,,,-82.74490733,28.14276276,,,,
TARPON SPRINGS,PINELLAS,,,,EMERGENCY MEDICAL SERVICE,,,,,,,,,,,,-82.74282938,28.14193481,,,,
OLDSMAR,PINELLAS,,,,EMERGENCY MEDICAL SERVICE,,,,,,,,,,,,-82.67058809,28.04408269,,,,
BARTOW,POLK,,,,EMERGENCY MEDICAL SERVICE,,,,,,,,,,,,-81.78356941,27.95258219,,,,
BARTOW,POLK,,,,EMERGENCY MEDICAL SERVICE,,,,,,,,,,,,-81.82915386,27.87718243,,,,
LAKELAND,POLK,,,,EMERGENCY MEDICAL SERVICE,,,,,,,,,,,,-81.95633819,27.99437491,,,,
LAKELAND,POLK,,,,EMERGENCY MEDICAL SERVICE,,,,,,,,,,,,-81.97484434,28.10903328,,,,
LAKELAND,POLK,,,,EMERGENCY MEDICAL SERVICE,,,,,,,,,,,,-81.89957338,27.99850032,,,,
LAKELAND,POLK,,,,EMERGENCY MEDICAL SERVICE,,,,,,,,,,,,-81.93785155,28.04027220,,,,
LAKELAND,POLK,,,,EMERGENCY MEDICAL SERVICE,,,,,,,,,,,,-81.98331749,28.05059057,,,,
HAINES CITY,POLK,,,,EMERGENCY MEDICAL SERVICE,,,,,,,,,,,,-81.62447961,28.10341190,,,,
HAINES CITY,POLK,,,,EMERGENCY MEDICAL SERVICE,,,,,,,,,,,,-81.53004814,28.01250002,,,,
DAVENPORT,POLK,,,,EMERGENCY MEDICAL SERVICE,,,,,,,,,,,,-81.65473392,28.25457071,,,,
MULBERRY,POLK,,,,EMERGENCY MEDICAL SERVICE,,,,,,,,,,,,-81.96573769,27.89912821,,,,
LAKE WALES,POLK,,,,EMERGENCY MEDICAL SERVICE,,,,,,,,,,,,-81.54109759,27.89402721,,,,
LAKE WALES,POLK,,,,EMERGENCY MEDICAL SERVICE,,,,,,,,,,,,-81.62219357,27.90308856,,,,
LAKE WALES,POLK,,,,EMERGENCY MEDICAL SERVICE,,,,,,,,,,,,-81.42508694,27.85999142,,,,
WINTER HAVEN,POLK,,,,EMERGENCY MEDICAL SERVICE,,,,,,,,,,,,-81.72966148,28.02609294,,,,
WINTER HAVEN,POLK,,,,EMERGENCY MEDICAL SERVICE,,,,,,,,,,,,-81.68585217,27.99548886,,,,
LAKE ALFRED,POLK,,,,EMERGENCY MEDICAL SERVICE,,,,,,,,,,,,-81.72846671,28.09443858,,,,
AUBURNDALE,POLK,,,,EMERGENCY MEDICAL SERVICE,,,,,,,,,,,,-81.77850968,28.06221775,,,,
KISSIMMEE,POLK,,,,EMERGENCY MEDICAL SERVICE,,,,,,,,,,,,-81.46984761,28.13103815,,,,
EAGLE LAKE,POLK,,,,EMERGENCY MEDICAL SERVICE,,,,,,,,,,,,-81.75919754,27.97920405,,,,
POLK CITY,POLK,,,,EMERGENCY MEDICAL SERVICE,,,,,,,,,,,,-81.82484816,28.18129085,,,,
FORT MEADE,POLK,,,,EMERGENCY MEDICAL SERVICE,,,,,,,,,,,,-81.78472410,27.76280406,,,,
FROSTPROOF,POLK,,,,EMERGENCY MEDICAL SERVICE,,,,,,,,,,,,-81.52816237,27.74633175,,,,
CRESCENT CITY,PUTNAM,,,,EMERGENCY MEDICAL SERVICE,,,,,,,,,,,,-81.53588310,29.46191153,,,,
FLORAHOME,PUTNAM,,,,EMERGENCY MEDICAL SERVICE,,,,,,,,,,,,-81.88524434,29.73317860,,,,
EAST PALATKA,PUTNAM,,,,EMERGENCY MEDICAL SERVICE,,,,,,,,,,,,-81.60031787,29.65506179,,,,
INTERLACHEN,PUTNAM,,,,EMERGENCY MEDICAL SERVICE,,,,,,,,,,,,-81.88482006,29.61864289,,,,
SATSUMA,PUTNAM,,,,EMERGENCY MEDICAL SERVICE,,,,,,,,,,,,-81.65896490,29.54863371,,,,
PALATKA,PUTNAM,,,,EMERGENCY MEDICAL SERVICE,,,,,,,,,,,,-81.66045721,29.66884751,,,,
HAWTHORNE,PUTNAM,,,,EMERGENCY MEDICAL SERVICE,,,,,,,,,,,,-82.02922767,29.62777251,,,,
PORT SAINT LUCIE,ST. LUCIE,,,,EMERGENCY MEDICAL SERVICE,,,,,,,,,,,,-80.30321923,27.27091885,,,,
PORT SAINT LUCIE,ST. LUCIE,,,,EMERGENCY MEDICAL SERVICE,,,,,,,,,,,,-80.29745323,27.29953036,,,,
PORT SAINT LUCIE,ST. LUCIE,,,,EMERGENCY MEDICAL SERVICE,,,,,,,,,,,,-80.39931485,27.31643428,,,,
PORT SAINT LUCIE,ST. LUCIE,,,,EMERGENCY MEDICAL SERVICE,,,,,,,,,,,,-80.35808374,27.20992822,,,,
PORT SAINT LUCIE,ST. LUCIE,,,,EMERGENCY MEDICAL SERVICE,,,,,,,,,,,,-80.35058250,27.31738984,,,,
PORT SAINT LUCIE,ST. LUCIE,,,,EMERGENCY MEDICAL SERVICE,,,,,,,,,,,,-80.37058138,27.26328637,,,,
PORT SAINT LUCIE,ST. LUCIE,,,,EMERGENCY MEDICAL SERVICE,,,,,,,,,,,,-80.29371947,27.28696016,,,,
FORT PIERCE,ST. LUCIE,,,,EMERGENCY MEDICAL SERVICE,,,,,,,,,,,,-80.34871912,27.42990308,,,,
FORT PIERCE,ST. LUCIE,,,,EMERGENCY MEDICAL SERVICE,,,,,,,,,,,,-80.32025668,27.37478954,,,,
FORT PIERCE,ST. LUCIE,,,,EMERGENCY MEDICAL SERVICE,,,,,,,,,,,,-80.30335843,27.46237406,,,,
FORT PIERCE,ST. LUCIE,,,,EMERGENCY MEDICAL SERVICE,,,,,,,,,,,,-80.32975867,27.45211980,,,,
FORT PIERCE,ST. LUCIE,,,,EMERGENCY MEDICAL SERVICE,,,,,,,,,,,,-80.36266465,27.48495675,,,,
FORT PIERCE,ST. LUCIE,,,,EMERGENCY MEDICAL SERVICE,,,,,,,,,,,,-80.47284880,27.40258265,,,,
FORT PIERCE,ST. LUCIE,,,,EMERGENCY MEDICAL SERVICE,,,,,,,,,,,,-80.40219540,27.52311029,,,,
FORT PIERCE,ST. LUCIE,,,,EMERGENCY MEDICAL SERVICE,,,,,,,,,,,,-80.35715386,27.37471333,,,,
FORT PIERCE,ST. LUCIE,,,,EMERGENCY MEDICAL SERVICE,,,,,,,,,,,,-80.30233611,27.49773136,,,,
JENSEN BEACH,ST. LUCIE,,,,EMERGENCY MEDICAL SERVICE,,,,,,,,,,,,-80.23154913,27.32766690,,,,
Port St. Lucie,ST. LUCIE,,,,EMERGENCY MEDICAL SERVICE,,,,,,,,,,,,-80.38235424,27.31914002,,,,
MILTON,SANTA ROSA,,,,EMERGENCY MEDICAL SERVICE,,,,,,,,,,,,-87.08033200,30.59290295,,,,
VENICE,SARASOTA,,,,EMERGENCY MEDICAL SERVICE,,,,,,,,,,,,-82.42906521,27.08059229,,,,
VENICE,SARASOTA,,,,EMERGENCY MEDICAL SERVICE,,,,,,,,,,,,-82.37689938,27.13688087,,,,
VENICE,SARASOTA,,,,EMERGENCY MEDICAL SERVICE,,,,,,,,,,,,-82.45045516,27.09899485,,,,
VENICE,SARASOTA,,,,EMERGENCY MEDICAL SERVICE,,,,,,,,,,,,-82.43579083,27.10072684,,,,
VENICE,SARASOTA,,,,EMERGENCY MEDICAL SERVICE,,,,,,,,,,,,-82.39848387,27.07970675,,,,
VENICE,SARASOTA,,,,EMERGENCY MEDICAL SERVICE,,,,,,,,,,,,-82.31634879,27.04551987,,,,
VENICE,SARASOTA,,,,EMERGENCY MEDICAL SERVICE,,,,,,,,,,,,-82.40127508,27.04384207,,,,
LONGBOAT KEY,SARASOTA,,,,EMERGENCY MEDICAL SERVICE,,,,,,,,,,,,-82.61809582,27.36057322,,,,
NORTH PORT,SARASOTA,,,,EMERGENCY MEDICAL SERVICE,,,,,,,,,,,,-82.16647412,27.06895957,,,,
NORTH PORT,SARASOTA,,,,EMERGENCY MEDICAL SERVICE,,,,,,,,,,,,-82.20804211,27.07387089,,,,
NORTH PORT,SARASOTA,,,,EMERGENCY MEDICAL SERVICE,,,,,,,,,,,,-82.25422496,27.07805278,,,,
NORTH PORT,SARASOTA,,,,EMERGENCY MEDICAL SERVICE,,,,,,,,,,,,-82.11829525,27.06826707,,,,
ENGLEWOOD,SARASOTA,,,,EMERGENCY MEDICAL SERVICE,,,,,,,,,,,,-82.37808528,27.00358234,,,,
ENGLEWOOD,SARASOTA,,,,EMERGENCY MEDICAL SERVICE,,,,,,,,,,,,-82.35283601,26.95213823,,,,
SARASOTA,SARASOTA,,,,EMERGENCY MEDICAL SERVICE,,,,,,,,,,,,-82.52037238,27.26214880,,,,
SARASOTA,SARASOTA,,,,EMERGENCY MEDICAL SERVICE,,,,,,,,,,,,-82.46126215,27.38161015,,,,
SARASOTA,SARASOTA,,,,EMERGENCY MEDICAL SERVICE,,,,,,,,,,,,-82.50774200,27.29845464,,,,
SARASOTA,SARASOTA,,,,EMERGENCY MEDICAL SERVICE,,,,,,,,,,,,-82.54701641,27.26644243,,,,
SARASOTA,SARASOTA,,,,EMERGENCY MEDICAL SERVICE,,,,,,,,,,,,-82.52809794,27.31894650,,,,
SARASOTA,SARASOTA,,,,EMERGENCY MEDICAL SERVICE,,,,,,,,,,,,-82.44080161,27.26701653,,,,
SARASOTA,SARASOTA,,,,EMERGENCY MEDICAL SERVICE,,,,,,,,,,,,-82.50528185,27.36987008,,,,
SARASOTA,SARASOTA,,,,EMERGENCY MEDICAL SERVICE,,,,,,,,,,,,-82.54155105,27.33999183,,,,
SARASOTA,SARASOTA,,,,EMERGENCY MEDICAL SERVICE,,,,,,,,,,,,-82.57654932,27.31994499,,,,
SARASOTA,SARASOTA,,,,EMERGENCY MEDICAL SERVICE,,,,,,,,,,,,-82.34165283,27.24818804,,,,
SARASOTA,SARASOTA,,,,EMERGENCY MEDICAL SERVICE,,,,,,,,,,,,-82.54660684,27.36656610,,,,
SARASOTA,SARASOTA,,,,EMERGENCY MEDICAL SERVICE,,,,,,,,,,,,-82.47203070,27.35171287,,,,
SARASOTA,SARASOTA,,,,EMERGENCY MEDICAL SERVICE,,,,,,,,,,,,-82.26861774,27.31349778,,,,
SARASOTA,SARASOTA,,,,EMERGENCY MEDICAL SERVICE,,,,,,,,,,,,-82.49697578,27.34019106,,,,
SARASOTA,SARASOTA,,,,EMERGENCY MEDICAL SERVICE,,,,,,,,,,,,-82.49100137,27.22176126,,,,
SARASOTA,SARASOTA,,,,EMERGENCY MEDICAL SERVICE,,,,,,,,,,,,-82.43647606,27.29825698,,,,
NOKOMIS,SARASOTA,,,,EMERGENCY MEDICAL SERVICE,,,,,,,,,,,,-82.46599933,27.15249625,,,,
LONGWOOD,SEMINOLE,,,,EMERGENCY MEDICAL SERVICE,,,,,,,,,,,,-81.35073683,28.70043755,,,,
CASSELBERRY,SEMINOLE,,,,EMERGENCY MEDICAL SERVICE,,,,,,,,,,,,-81.32051974,28.64668181,,,,
CASSELBERRY,SEMINOLE,,,,EMERGENCY MEDICAL SERVICE,,,,,,,,,,,,-81.32348678,28.67789216,,,,
SANFORD,SEMINOLE,,,,EMERGENCY MEDICAL SERVICE,,,,,,,,,,,,-81.27272364,28.79976952,,,,
OVIEDO,SEMINOLE,,,,EMERGENCY MEDICAL SERVICE,,,,,,,,,,,,-81.20817613,28.66940407,,,,
OVIEDO,SEMINOLE,,,,EMERGENCY MEDICAL SERVICE,,,,,,,,,,,,-81.20335195,28.65335085,,,,
THE VILLAGES,SUMTER,,,,EMERGENCY MEDICAL SERVICE,,,,,,,,,,,,-81.97071085,28.91958084,,,,
LIVE OAK,SUWANNEE,,,,EMERGENCY MEDICAL SERVICE,,,,,,,,,,,,-83.02688864,30.30312669,,,,
PERRY,TAYLOR,,,,EMERGENCY MEDICAL SERVICE,,,,,,,,,,,,-83.59324910,30.12008806,,,,
LAKE BUTLER,UNION,,,,EMERGENCY MEDICAL SERVICE,,,,,,,,,,,,-82.33136625,30.01809990,,,,
EDGEWATER,VOLUSIA,,,,EMERGENCY MEDICAL SERVICE,,,,,,,,,,,,-80.92570578,28.97748514,,,,
EDGEWATER,VOLUSIA,,,,EMERGENCY MEDICAL SERVICE,,,,,,,,,,,,-80.89737766,28.97601422,,,,
EDGEWATER,VOLUSIA,,,,EMERGENCY MEDICAL SERVICE,,,,,,,,,,,,-80.89580477,28.95389765,,,,
ORANGE CITY,VOLUSIA,,,,EMERGENCY MEDICAL SERVICE,,,,,,,,,,,,-81.29817062,28.95021477,,,,
PORT ORANGE,VOLUSIA,,,,EMERGENCY MEDICAL SERVICE,,,,,,,,,,,,-81.03818338,29.06812610,,,,
PORT ORANGE,VOLUSIA,,,,EMERGENCY MEDICAL SERVICE,,,,,,,,,,,,-80.94096359,29.09868767,,,,
PORT ORANGE,VOLUSIA,,,,EMERGENCY MEDICAL SERVICE,,,,,,,,,,,,-80.99237870,29.09282880,,,,
PORT ORANGE,VOLUSIA,,,,EMERGENCY MEDICAL SERVICE,,,,,,,,,,,,-80.98634584,29.14069373,,,,
PORT ORANGE,VOLUSIA,,,,EMERGENCY MEDICAL SERVICE,,,,,,,,,,,,-81.02356714,29.12541007,,,,
DAYTONA BEACH,VOLUSIA,,,,EMERGENCY MEDICAL SERVICE,,,,,,,,,,,,-81.03830863,29.24350375,,,,
DAYTONA BEACH,VOLUSIA,,,,EMERGENCY MEDICAL SERVICE,,,,,,,,,,,,-81.00829571,29.18076795,,,,
DAYTONA BEACH,VOLUSIA,,,,EMERGENCY MEDICAL SERVICE,,,,,,,,,,,,-81.01696743,29.20824606,,,,
DAYTONA BEACH,VOLUSIA,,,,EMERGENCY MEDICAL SERVICE,,,,,,,,,,,,-81.03341705,29.22596805,,,,
DELTONA,VOLUSIA,,,,EMERGENCY MEDICAL SERVICE,,,,,,,,,,,,-81.22585290,28.90629005,,,,
NEW SMYRNA BEACH,VOLUSIA,,,,EMERGENCY MEDICAL SERVICE,,,,,,,,,,,,-80.93752830,29.01596960,,,,
CRAWFORDVILLE,WAKULLA,,,,EMERGENCY MEDICAL SERVICE,,,,,,,,,,,,-84.36510630,30.18555284,,,,
CRAWFORDVILLE,WAKULLA,,,,EMERGENCY MEDICAL SERVICE,,,,,,,,,,,,-84.38789790,30.09069128,,,,
SAINT MARKS,WAKULLA,,,,EMERGENCY MEDICAL SERVICE,,,,,,,,,,,,-84.20774282,30.16116792,,,,
DEFUNIAK SPRINGS,WALTON,,,,EMERGENCY MEDICAL SERVICE,,,,,,,,,,,,-86.24971777,30.86075949,,,,
DEFUNIAK SPRINGS,WALTON,,,,EMERGENCY MEDICAL SERVICE,,,,,,,,,,,,-86.13480307,30.97055828,,,,
DEFUNIAK SPRINGS,WALTON,,,,EMERGENCY MEDICAL SERVICE,,,,,,,,,,,,-86.09360082,30.72438009,,,,
DEFUNIAK SPRINGS,WALTON,,,,EMERGENCY MEDICAL SERVICE,,,,,,,,,,,,-86.30612097,30.75990901,,,,
DEFUNIAK SPRINGS,WALTON,,,,EMERGENCY MEDICAL SERVICE,,,,,,,,,,,,-86.09305034,30.72462329,,,,
LAUREL HILL,WALTON,,,,EMERGENCY MEDICAL SERVICE,,,,,,,,,,,,-86.30297376,30.96925222,,,,
PONCE DE LEON,WALTON,,,,EMERGENCY MEDICAL SERVICE,,,,,,,,,,,,-85.94346627,30.58905636,,,,
PONCE DE LEON,WALTON,,,,EMERGENCY MEDICAL SERVICE,,,,,,,,,,,,-86.05642684,30.83597501,,,,
CHIPLEY,WASHINGTON,,,,EMERGENCY MEDICAL SERVICE,,,,,,,,,,,,-85.54289060,30.76553747,,,,
CHIPLEY,WASHINGTON,,,,EMERGENCY MEDICAL SERVICE,,,,,,,,,,,,-85.54403954,30.77103070,,,,
VERNON,WASHINGTON,,,,EMERGENCY MEDICAL SERVICE,,,,,,,,,,,,-85.69336988,30.61162661,,,,
GAINESVILLE,ALACHUA,,,,EMERGENCY OPERATIONS CENTER,,,,,,,,,,,,,,-82.29084846,29.64220687,,
MACCLENNY,BAKER,,,,EMERGENCY OPERATIONS CENTER,,,,,,,,,,,,,,-82.12165050,30.29596864,,
PANAMA CITY,BAY,,,,EMERGENCY OPERATIONS CENTER,,,,,,,,,,,,,,-85.66236142,30.29927023,,
STARKE,BRADFORD,,,,EMERGENCY OPERATIONS CENTER,,,,,,,,,,,,,,-82.10951247,29.95431514,,
ROCKLEDGE,BREVARD,,,,EMERGENCY OPERATIONS CENTER,,,,,,,,,,,,,,-80.73762538,28.32721702,,
FORT LAUDERDALE,BROWARD,,,,EMERGENCY OPERATIONS CENTER,,,,,,,,,,,,,,-80.26127778,26.12282998,,
BLOUNTSTOWN,CALHOUN,,,,EMERGENCY OPERATIONS CENTER,,,,,,,,,,,,,,-85.04193932,30.44273833,,
PUNTA GORDA,CHARLOTTE,,,,EMERGENCY OPERATIONS CENTER,,,,,,,,,,,,,,-82.00851267,26.91642550,,
LECANTO,CITRUS,,,,EMERGENCY OPERATIONS CENTER,,,,,,,,,,,,,,-82.49100357,28.82360035,,
GREEN COVE SPRINGS,CLAY,,,,EMERGENCY OPERATIONS CENTER,,,,,,,,,,,,,,-81.74426546,29.97848062,,
NAPLES,COLLIER,,,,EMERGENCY OPERATIONS CENTER,,,,,,,,,,,,,,-81.69472619,26.10527435,,
LAKE CITY,COLUMBIA,,,,EMERGENCY OPERATIONS CENTER,,,,,,,,,,,,,,-82.70067690,30.18351491,,
ARCADIA,DESOTO,,,,EMERGENCY OPERATIONS CENTER,,,,,,,,,,,,,,-81.83787926,27.22502973,,
OLD TOWN,DIXIE,,,,EMERGENCY OPERATIONS CENTER,,,,,,,,,,,,,,-83.11167042,29.62529064,,
JACKSONVILLE,DUVAL,,,,EMERGENCY OPERATIONS CENTER,,,,,,,,,,,,,,-81.66020240,30.33113219,,
PENSACOLA,ESCAMBIA,,,,EMERGENCY OPERATIONS CENTER,,,,,,,,,,,,,,-87.26143840,30.48383532,,
APALACHICOLA,FRANKLIN,,,,EMERGENCY OPERATIONS CENTER,,,,,,,,,,,,,,-85.02646842,29.72232199,,
QUINCY,GADSDEN,,,,EMERGENCY OPERATIONS CENTER,,,,,,,,,,,,,,-84.57120150,30.58730804,,
BELL,GILCHRIST,,,,EMERGENCY OPERATIONS CENTER,,,,,,,,,,,,,,-82.86596273,29.78433674,,
MOORE HAVEN,GLADES,,,,EMERGENCY OPERATIONS CENTER,,,,,,,,,,,,,,-81.12536492,26.84011872,,
PORT SAINT JOE,GULF,,,,EMERGENCY OPERATIONS CENTER,,,,,,,,,,,,,,-85.29003880,29.81473022,,
JASPER,HAMILTON,,,,EMERGENCY OPERATIONS CENTER,,,,,,,,,,,,,,-82.95777393,30.52444314,,
WAUCHULA,HARDEE,,,,EMERGENCY OPERATIONS CENTER,,,,,,,,,,,,,,-81.81515909,27.54598638,,
ALVA,HENDRY,,,,EMERGENCY OPERATIONS CENTER,,,,,,,,,,,,,,-81.50787739,26.70894846,,
BROOKSVILLE,HERNANDO,,,,EMERGENCY OPERATIONS CENTER,,,,,,,,,,,,,,-82.42194062,28.54729714,,
SEBRING,HIGHLANDS,,,,EMERGENCY OPERATIONS CENTER,,,,,,,,,,,,,,-81.42143835,27.43779573,,
TAMPA,HILLSBOROUGH,,,,EMERGENCY OPERATIONS CENTER,,,,,,,,,,,,,,-82.34581483,27.96726912,,
BONIFAY,HOLMES,,,,EMERGENCY OPERATIONS CENTER,,,,,,,,,,,,,,-85.66298183,30.78657213,,
VERO BEACH,INDIAN RIVER,,,,EMERGENCY OPERATIONS CENTER,,,,,,,,,,,,,,-80.43031296,27.67267259,,
VERO BEACH,INDIAN RIVER,,,,EMERGENCY OPERATIONS CENTER,,,,,,,,,,,,,,-80.43096181,27.67057314,,
MARIANNA,JACKSON,,,,EMERGENCY OPERATIONS CENTER,,,,,,,,,,,,,,-85.19760997,30.77008380,,
MONTICELLO,JEFFERSON,,,,EMERGENCY OPERATIONS CENTER,,,,,,,,,,,,,,-83.88119825,30.50253415,,
MAYO,LAFAYETTE,,,,EMERGENCY OPERATIONS CENTER,,,,,,,,,,,,,,-83.18567674,30.05679752,,
TAVARES,LAKE,,,,EMERGENCY OPERATIONS CENTER,,,,,,,,,,,,,,-81.73294486,28.80333777,,
FORT MYERS,LEE,,,,EMERGENCY OPERATIONS CENTER,,,,,,,,,,,,,,-81.81004900,26.62810206,,
TALLAHASSEE,LEON,,,,EMERGENCY OPERATIONS CENTER,,,,,,,,,,,,,,-84.22295920,30.45155998,,
TALLAHASSEE,LEON,,,,EMERGENCY OPERATIONS CENTER,,,,,,,,,,,,,,-84.23169854,30.38631194,,
BRONSON,LEVY,,,,EMERGENCY OPERATIONS CENTER,,,,,,,,,,,,,,-82.64144202,29.46363659,,
BRISTOL,LIBERTY,,,,EMERGENCY OPERATIONS CENTER,,,,,,,,,,,,,,-84.97524816,30.43157891,,
MADISON,MADISON,,,,EMERGENCY OPERATIONS CENTER,,,,,,,,,,,,,,-83.42045442,30.44754675,,
BRADENTON,MANATEE,,,,EMERGENCY OPERATIONS CENTER,,,,,,,,,,,,,,-82.53672942,27.45805591,,
OCALA,MARION,,,,EMERGENCY OPERATIONS CENTER,,,,,,,,,,,,,,-82.17499300,29.19211393,,
STUART,MARTIN,,,,EMERGENCY OPERATIONS CENTER,,,,,,,,,,,,,,-80.24159065,27.17198940,,
MIAMI,MIAMI-DADE,,,,EMERGENCY OPERATIONS CENTER,,,,,,,,,,,,,,-80.34921261,25.81019134,,
MARATHON,MONROE,,,,EMERGENCY OPERATIONS CENTER,,,,,,,,,,,,,,-81.09722931,24.71109549,,
YULEE,NASSAU,,,,EMERGENCY OPERATIONS CENTER,,,,,,,,,,,,,,-81.63018519,30.61265568,,
NICEVILLE,OKALOOSA,,,,EMERGENCY OPERATIONS CENTER,,,,,,,,,,,,,,-86.47711605,30.53625759,,
OKEECHOBEE,OKEECHOBEE,,,,EMERGENCY OPERATIONS CENTER,,,,,,,,,,,,,,-80.83716658,27.24854672,,
WINTER PARK,ORANGE,,,,EMERGENCY OPERATIONS CENTER,,,,,,,,,,,,,,-81.30238929,28.59444235,,
KISSIMMEE,OSCEOLA,,,,EMERGENCY OPERATIONS CENTER,,,,,,,,,,,,,,-81.33731305,28.27740100,,
WEST PALM BEACH,PALM BEACH,,,,EMERGENCY OPERATIONS CENTER,,,,,,,,,,,,,,-80.11105254,26.67650527,,
GLEN RIDGE,PALM BEACH,,,,EMERGENCY OPERATIONS CENTER,,,,,,,,,,,,,,-80.07657411,26.67342331,,
HIGHLAND BEACH,PALM BEACH,,,,EMERGENCY OPERATIONS CENTER,,,,,,,,,,,,,,-80.06951138,26.39123178,,
BOCA RATON,PALM BEACH,,,,EMERGENCY OPERATIONS CENTER,,,,,,,,,,,,,,-80.08573600,26.37205000,,
NEW PORT RICHEY,PASCO,,,,EMERGENCY OPERATIONS CENTER,,,,,,,,,,,,,,-82.67021925,28.26630060,,
CLEARWATER,PINELLAS,,,,EMERGENCY OPERATIONS CENTER,,,,,,,,,,,,,,-82.80061948,27.96121965,,
WINTER HAVEN,POLK,,,,EMERGENCY OPERATIONS CENTER,,,,,,,,,,,,,,-81.81030866,28.01420055,,
PALATKA,PUTNAM,,,,EMERGENCY OPERATIONS CENTER,,,,,,,,,,,,,,-81.67577713,29.64479500,,
SAINT AUGUSTINE,ST. JOHNS,,,,EMERGENCY OPERATIONS CENTER,,,,,,,,,,,,,,-81.41361588,29.90422170,,
PORT SAINT LUCIE,ST. LUCIE,,,,EMERGENCY OPERATIONS CENTER,,,,,,,,,,,,,,-80.48232345,27.37334261,,
MILTON,SANTA ROSA,,,,EMERGENCY OPERATIONS CENTER,,,,,,,,,,,,,,-87.06973528,30.59823310,,
SARASOTA,SARASOTA,,,,EMERGENCY OPERATIONS CENTER,,,,,,,,,,,,,,-82.44952655,27.32167146,,
SANFORD,SEMINOLE,,,,EMERGENCY OPERATIONS CENTER,,,,,,,,,,,,,,-81.29966483,28.74804584,,
BUSHNELL,SUMTER,,,,EMERGENCY OPERATIONS CENTER,,,,,,,,,,,,,,-82.11292904,28.67745645,,
LIVE OAK,SUWANNEE,,,,EMERGENCY OPERATIONS CENTER,,,,,,,,,,,,,,-82.99887225,30.29531498,,
PERRY,TAYLOR,,,,EMERGENCY OPERATIONS CENTER,,,,,,,,,,,,,,-83.57372104,30.11023434,,
LAKE BUTLER,UNION,,,,EMERGENCY OPERATIONS CENTER,,,,,,,,,,,,,,-82.33870077,30.02370683,,
DAYTONA BEACH,VOLUSIA,,,,EMERGENCY OPERATIONS CENTER,,,,,,,,,,,,,,-81.14483468,29.14049660,,
CRAWFORDVILLE,WAKULLA,,,,EMERGENCY OPERATIONS CENTER,,,,,,,,,,,,,,-84.37725827,30.19660935,,
DEFUNIAK SPRINGS,WALTON,,,,EMERGENCY OPERATIONS CENTER,,,,,,,,,,,,,,-86.10432792,30.78265278,,
CHIPLEY,WASHINGTON,,,,EMERGENCY OPERATIONS CENTER,,,,,,,,,,,,,,-85.59651746,30.63366957,,
WEST PALM BEACH,PALM BEACH,,,,RELIEF AGENCY,,,,,,,,,,,,,,,,-80.09730945,26.76306721
DAYTONA BEACH,VOLUSIA,,,,RELIEF AGENCY,,,,,,,,,,,,,,,,-81.04805302,29.20658441
DAYTONA BEACH,VOLUSIA,,,,RELIEF AGENCY,,,,,,,,,,,,,,,,-81.07231780,29.23215373
DAYTONA BEACH,VOLUSIA,,,,RELIEF AGENCY,,,,,,,,,,,,,,,,-81.04810533,29.20664964
BOCA RATON,PALM BEACH,,,,RELIEF AGENCY,,,,,,,,,,,,,,,,-80.07584842,26.40149739
MIAMI,MIAMI-DADE,,,,RELIEF AGENCY,,,,,,,,,,,,,,,,-80.23033200,25.81161101
MIAMI,MIAMI-DADE,,,,RELIEF AGENCY,,,,,,,,,,,,,,,,-80.34921261,25.81019134
MIAMI,MIAMI-DADE,,,,RELIEF AGENCY,,,,,,,,,,,,,,,,-80.23859984,25.76893543
MIAMI,MIAMI-DADE,,,,RELIEF AGENCY,,,,,,,,,,,,,,,,-80.19526217,25.78997306
TAMPA,HILLSBOROUGH,,,,RELIEF AGENCY,,,,,,,,,,,,,,,,-82.45060159,28.07428213
TAMPA,HILLSBOROUGH,,,,RELIEF AGENCY,,,,,,,,,,,,,,,,-82.45964973,27.95932193
TAMPA,HILLSBOROUGH,,,,RELIEF AGENCY,,,,,,,,,,,,,,,,-82.49841031,27.95689332
TALLAHASSEE,LEON,,,,RELIEF AGENCY,,,,,,,,,,,,,,,,-84.22011142,30.45027940
CLEARWATER,PINELLAS,,,,RELIEF AGENCY,,,,,,,,,,,,,,,,-82.77370257,27.95594487
CLEARWATER,PINELLAS,,,,RELIEF AGENCY,,,,,,,,,,,,,,,,-82.73395957,27.98929409
PALM COAST,FLAGLER,,,,RELIEF AGENCY,,,,,,,,,,,,,,,,,
DELAND ,VOLUSIA,,,,RELIEF AGENCY,,,,,,,,,,,,,,,,,
PORT CHARLOTTE,CHARLOTTE,,,,RELIEF AGENCY,,,,,,,,,,,,,,,,-82.13632715,27.00741586
PENSACOLA,ESCAMBIA,,,,RELIEF AGENCY,,,,,,,,,,,,,,,,-87.21974917,30.43057037
PANAMA CITY,BAY,,,,RELIEF AGENCY,,,,,,,,,,,,,,,,-85.65409993,30.17486909
FORT PIERCE,ST. LUCIE,,,,RELIEF AGENCY,,,,,,,,,,,,,,,,-80.32841695,27.39056664
FORT MYERS,LEE,,,,RELIEF AGENCY,,,,,,,,,,,,,,,,-81.89188976,26.59222972
FORT MYERS,LEE,,,,RELIEF AGENCY,,,,,,,,,,,,,,,,-81.86135740,26.59643818
LAKE CITY,COLUMBIA,,,,RELIEF AGENCY,,,,,,,,,,,,,,,,-82.65158774,30.18826913
TITUSVILLE,BREVARD,,,,RELIEF AGENCY,,,,,,,,,,,,,,,,-80.81766009,28.61281766
ORLANDO,ORANGE,,,,RELIEF AGENCY,,,,,,,,,,,,,,,,-81.38488227,28.55269581
ORLANDO,ORANGE,,,,RELIEF AGENCY,,,,,,,,,,,,,,,,-81.38515916,28.55130694
ORLANDO,ORANGE,,,,RELIEF AGENCY,,,,,,,,,,,,,,,,-81.38526411,28.55192522
ORLANDO,ORANGE,,,,RELIEF AGENCY,,,,,,,,,,,,,,,,-81.35145016,28.54267205
PATRICK AFB,BREVARD,,,,RELIEF AGENCY,,,,,,,,,,,,,,,,-80.58197189,28.42165285
VERO BEACH,INDIAN RIVER,,,,RELIEF AGENCY,,,,,,,,,,,,,,,,-80.40204602,27.64468477
BELLE GLADE,PALM BEACH,,,,RELIEF AGENCY,,,,,,,,,,,,,,,,-80.66551054,26.68344894
RIVIERA BEACH,PALM BEACH,,,,RELIEF AGENCY,,,,,,,,,,,,,,,,-80.09795489,26.78911659
SAINT PETERSBURG,PINELLAS,,,,RELIEF AGENCY,,,,,,,,,,,,,,,,-82.63787465,27.75652041
SAINT PETERSBURG,PINELLAS,,,,RELIEF AGENCY,,,,,,,,,,,,,,,,-82.63876214,27.78074799
SAINT PETERSBURG,PINELLAS,,,,RELIEF AGENCY,,,,,,,,,,,,,,,,-82.68605971,27.77970448
BRADENTON,MANATEE,,,,RELIEF AGENCY,,,,,,,,,,,,,,,,-82.43901316,27.44909709
BRADENTON,MANATEE,,,,RELIEF AGENCY,,,,,,,,,,,,,,,,-82.62004454,27.47436463
BRADENTON,MANATEE,,,,RELIEF AGENCY,,,,,,,,,,,,,,,,-82.57595448,27.48839334
BRADENTON,MANATEE,,,,RELIEF AGENCY,,,,,,,,,,,,,,,,-82.55605265,27.47971317
BRADENTON,MANATEE,,,,RELIEF AGENCY,,,,,,,,,,,,,,,,-82.57216890,27.48306874
FORT LAUDERDALE,BROWARD,,,,RELIEF AGENCY,,,,,,,,,,,,,,,,-80.14048700,26.13010032
FORT LAUDERDALE,BROWARD,,,,RELIEF AGENCY,,,,,,,,,,,,,,,,-80.16073891,26.12236398
SEBRING,HIGHLANDS,,,,RELIEF AGENCY,,,,,,,,,,,,,,,,-81.43962042,27.48155317
LABELLE,HENDRY,,,,RELIEF AGENCY,,,,,,,,,,,,,,,,-81.43863112,26.75713805
SARASOTA,SARASOTA,,,,RELIEF AGENCY,,,,,,,,,,,,,,,,-82.54152530,27.33830735
SARASOTA,SARASOTA,,,,RELIEF AGENCY,,,,,,,,,,,,,,,,-82.44813434,27.33011735
SARASOTA,SARASOTA,,,,RELIEF AGENCY,,,,,,,,,,,,,,,,-82.51365861,27.31756791
SARASOTA,SARASOTA,,,,RELIEF AGENCY,,,,,,,,,,,,,,,,-82.54215474,27.34437254
SARASOTA,SARASOTA,,,,RELIEF AGENCY,,,,,,,,,,,,,,,,-82.44880994,27.31887230
LAKELAND,POLK,,,,RELIEF AGENCY,,,,,,,,,,,,,,,,-81.99263924,28.07571031
JACKSONVILLE,DUVAL,,,,RELIEF AGENCY,,,,,,,,,,,,,,,,-81.67635532,30.31607939
JACKSONVILLE,DUVAL,,,,RELIEF AGENCY,,,,,,,,,,,,,,,,-81.65642218,30.33016834
MILTON,SANTA ROSA,,,,RELIEF AGENCY,,,,,,,,,,,,,,,,-87.04476861,30.64575927
LEESBURG,LAKE,,,,RELIEF AGENCY,,,,,,,,,,,,,,,,-81.88448079,28.81158333
PORT SAINT LUCIE,ST. LUCIE,,,,RELIEF AGENCY,,,,,,,,,,,,,,,,-80.40223745,27.32137321
VENICE,SARASOTA,,,,RELIEF AGENCY,,,,,,,,,,,,,,,,-82.43409578,27.10899013
OKEECHOBEE,OKEECHOBEE,,,,RELIEF AGENCY,,,,,,,,,,,,,,,,-80.83033334,27.24655409
HIALEAH,MIAMI-DADE,,,,RELIEF AGENCY,,,,,,,,,,,,,,,,-80.26161492,25.84251666
GAINESVILLE,ALACHUA,,,,RELIEF AGENCY,,,,,,,,,,,,,,,,-82.33042151,29.66545985
STUART,MARTIN,,,,RELIEF AGENCY,,,,,,,,,,,,,,,,-80.25278783,27.17147633
WINTER HAVEN,POLK,,,,RELIEF AGENCY,,,,,,,,,,,,,,,,-81.72745603,28.02326970
NAPLES,COLLIER,,,,RELIEF AGENCY,,,,,,,,,,,,,,,,-81.74096525,26.27483060
