Name,CITY,COUNTY,Longitude,Latitude,FACILITY_TYPE,fs_Longitude,fs_Latitude,fb_Longitude,fb_Latitude,ng_Longitude,ng_Latitude
U.S. COAST GUARD STATION,PANAMA CITY,BAY,-85.75506058,30.16991497,COAST GUARD,,,,,,
US COAST GUARD - PORT CANAVERAL STATION,CAPE CANAVERAL,BREVARD,-80.62145586,28.4160511,COAST GUARD,,,,,,
U.S. COAST GUARD STATION,FORT LAUDERDALE,BROWARD,-80.11333329,26.08833329,COAST GUARD,,,,,,
U.S. COAST GUARD STATION,ATLANTIC BEACH,DUVAL,-81.43462378,30.38785501,COAST GUARD,,,,,,
U.S. COAST GUARD STATION,PENSACOLA,ESCAMBIA,-87.29027127,30.3450822,COAST GUARD,,,,,,
U.S. COAST GUARD STATION,FORT MYERS BEACH,LEE,-81.94555388,26.46161753,COAST GUARD,,,,,,
U.S. COAST GUARD STATION,YANKEETOWN,LEVY,-82.71200715,29.0320795,COAST GUARD,,,,,,
U.S. COAST GUARD STATION,BRADENTON,MANATEE,-82.68674725,27.46643297,COAST GUARD,,,,,,
U.S. COAST GUARD STATION,MIAMI BEACH,MIAMI-DADE,-80.14494685,25.77111105,COAST GUARD,,,,,,
U.S. COAST GUARD STATION,MARATHON,MONROE,-81.10608585,24.71006115,COAST GUARD,,,,,,
U.S. COAST GUARD STATION,ISLAMORADA,MONROE,-80.58670518,24.95367362,COAST GUARD,,,,,,
U.S. COAST GUARD STATION,KEY WEST,MONROE,-81.79875116,24.56610356,COAST GUARD,,,,,,
U.S. COAST GUARD STATION,FORT WALTON BEACH,OKALOOSA,-86.52598282,30.39133273,COAST GUARD,,,,,,
U.S. COAST GUARD STATION,WEST PALM BEACH,PALM BEACH,-80.04500002,26.77166672,COAST GUARD,,,,,,
U.S. COAST GUARD STATION,CLEARWATER BEACH,PINELLAS,-82.83334436,27.94760463,COAST GUARD,,,,,,
U.S. COAST GUARD STATION,SAINT PETERSBURG,PINELLAS,-82.62695054,27.76200358,COAST GUARD,,,,,,
U.S. COAST GUARD AIR STATION,CLEARWATER,PINELLAS,-82.69460031,27.9116817,COAST GUARD,,,,,,
U.S. COAST GUARD STATION,FORT PIERCE,ST. LUCIE,-80.30709475,27.46394771,COAST GUARD,,,,,,
COAST GUARD LESSOR,NOKOMIS,SARASOTA,-82.46939024,27.12312776,COAST GUARD,,,,,,
U.S. COAST GUARD STATION,VENICE,SARASOTA,-82.45081933,27.07742368,COAST GUARD,,,,,,
U.S. COAST GUARD STATION,NEW SMYRNA BEACH,VOLUSIA,-80.91462565,29.06422844,COAST GUARD,,,,,,
,GAINESVILLE,ALACHUA,,,FIRE STATION,-82.37061276,29.69186153,,,,
,GAINESVILLE,ALACHUA,,,FIRE STATION,-82.35492015,29.63559258,,,,
,GAINESVILLE,ALACHUA,,,FIRE STATION,-82.30834182,29.66056646,,,,
,GAINESVILLE,ALACHUA,,,FIRE STATION,-82.31939272,29.64328610,,,,
,GAINESVILLE,ALACHUA,,,FIRE STATION,-82.43644934,29.58904961,,,,
,GAINESVILLE,ALACHUA,,,FIRE STATION,-82.35595783,29.61934912,,,,
,GAINESVILLE,ALACHUA,,,FIRE STATION,-82.27287642,29.63878247,,,,
,GAINESVILLE,ALACHUA,,,FIRE STATION,-82.33850482,29.68031480,,,,
,GAINESVILLE,ALACHUA,,,FIRE STATION,-82.30674589,29.65993415,,,,
,GAINESVILLE,ALACHUA,,,FIRE STATION,-82.38810021,29.70642201,,,,
,GAINESVILLE,ALACHUA,,,FIRE STATION,-82.18703327,29.63841672,,,,
,GAINESVILLE,ALACHUA,,,FIRE STATION,-82.35290756,29.70979567,,,,
,GAINESVILLE,ALACHUA,,,FIRE STATION,-82.32454197,29.64678700,,,,
,GAINESVILLE,ALACHUA,,,FIRE STATION,-82.43616689,29.66754728,,,,
,GAINESVILLE,ALACHUA,,,FIRE STATION,-82.37691215,29.65146070,,,,
,GAINESVILLE,ALACHUA,,,FIRE STATION,-82.38961597,29.63582580,,,,
,GAINESVILLE,ALACHUA,,,FIRE STATION,-82.27910233,29.69590866,,,,
,HAWTHORNE,ALACHUA,,,FIRE STATION,-82.08679035,29.58612338,,,,
,HAWTHORNE,ALACHUA,,,FIRE STATION,-82.13456659,29.70689838,,,,
,HAWTHORNE,ALACHUA,,,FIRE STATION,-82.10794753,29.45367890,,,,
,ARCHER,ALACHUA,,,FIRE STATION,-82.52496731,29.53357700,,,,
,MICANOPY,ALACHUA,,,FIRE STATION,-82.27998208,29.50849416,,,,
,HIGH SPRINGS,ALACHUA,,,FIRE STATION,-82.59944557,29.82761126,,,,
,HIGH SPRINGS,ALACHUA,,,FIRE STATION,-82.55667076,29.81075897,,,,
,ALACHUA,ALACHUA,,,FIRE STATION,-82.40441773,29.84331315,,,,
,ALACHUA,ALACHUA,,,FIRE STATION,-82.49322052,29.79267387,,,,
,NEWBERRY,ALACHUA,,,FIRE STATION,-82.60709509,29.64961533,,,,
,NEWBERRY,ALACHUA,,,FIRE STATION,-82.49477119,29.68589740,,,,
,NEWBERRY,ALACHUA,,,FIRE STATION,-82.57150054,29.59870971,,,,
,WALDO,ALACHUA,,,FIRE STATION,-82.16946133,29.79067945,,,,
,SANDERSON,BAKER,,,FIRE STATION,-82.29259762,30.43780580,,,,
,SANDERSON,BAKER,,,FIRE STATION,-82.27369681,30.24958987,,,,
,SANDERSON,BAKER,,,FIRE STATION,-82.23130720,30.50881310,,,,
,SANDERSON,BAKER,,,FIRE STATION,-82.43265627,30.20363774,,,,
,MACCLENNY,BAKER,,,FIRE STATION,-82.12556286,30.33869178,,,,
,MACCLENNY,BAKER,,,FIRE STATION,-82.12099237,30.28281132,,,,
,MACCLENNY,BAKER,,,FIRE STATION,-82.12959048,30.27020215,,,,
,MACCLENNY,BAKER,,,FIRE STATION,-82.12398324,30.25039324,,,,
,MACCLENNY,BAKER,,,FIRE STATION,-82.13964792,30.27944278,,,,
,GLEN SAINT MARY,BAKER,,,FIRE STATION,-82.16112094,30.27589154,,,,
,GLEN SAINT MARY,BAKER,,,FIRE STATION,-82.23464918,30.37741996,,,,
,PANAMA CITY,BAY,,,FIRE STATION,-85.63588903,30.28598845,,,,
,PANAMA CITY,BAY,,,FIRE STATION,-85.68093289,30.20681091,,,,
,PANAMA CITY,BAY,,,FIRE STATION,-85.67384600,30.20766498,,,,
,PANAMA CITY,BAY,,,FIRE STATION,-85.63276017,30.15874447,,,,
,PANAMA CITY,BAY,,,FIRE STATION,-85.78629835,30.17172259,,,,
,PANAMA CITY,BAY,,,FIRE STATION,-85.70861365,30.19121092,,,,
,PANAMA CITY,BAY,,,FIRE STATION,-85.60507317,30.12920022,,,,
,PANAMA CITY,BAY,,,FIRE STATION,-85.66333142,30.18215071,,,,
,PANAMA CITY,BAY,,,FIRE STATION,-85.79457031,30.35580316,,,,
,PANAMA CITY,BAY,,,FIRE STATION,-85.70160495,30.18459726,,,,
,PANAMA CITY,BAY,,,FIRE STATION,-85.50721647,30.13520664,,,,
,PANAMA CITY,BAY,,,FIRE STATION,-85.57421836,30.14065320,,,,
,PANAMA CITY,BAY,,,FIRE STATION,-85.58458984,30.06728785,,,,
,PANAMA CITY,BAY,,,FIRE STATION,-85.68439657,30.38657328,,,,
,PANAMA CITY,BAY,,,FIRE STATION,-85.62347010,30.20107323,,,,
,PANAMA CITY,BAY,,,FIRE STATION,-85.61064815,30.15272965,,,,
,PANAMA CITY,BAY,,,FIRE STATION,-85.65196126,30.15779701,,,,
,PANAMA CITY,BAY,,,FIRE STATION,-85.74907986,30.15374025,,,,
,PANAMA CITY,BAY,,,FIRE STATION,-85.77032914,30.15611193,,,,
,LYNN HAVEN,BAY,,,FIRE STATION,-85.63199072,30.21343836,,,,
,LYNN HAVEN,BAY,,,FIRE STATION,-85.64790639,30.23665950,,,,
,FOUNTAIN,BAY,,,FIRE STATION,-85.42402000,30.47137285,,,,
,YOUNGSTOWN,BAY,,,FIRE STATION,-85.55011505,30.31333073,,,,
,YOUNGSTOWN,BAY,,,FIRE STATION,-85.43927033,30.36021161,,,,
,PORT SAINT JOE,BAY,,,FIRE STATION,-85.40519437,29.94135693,,,,
,PANAMA CITY BEACH,BAY,,,FIRE STATION,-85.89030115,30.23044132,,,,
,PANAMA CITY BEACH,BAY,,,FIRE STATION,-85.85958629,30.28999253,,,,
,PANAMA CITY BEACH,BAY,,,FIRE STATION,-85.80442422,30.18155695,,,,
,PANAMA CITY BEACH,BAY,,,FIRE STATION,-85.94732262,30.25553479,,,,
,PANAMA CITY BEACH,BAY,,,FIRE STATION,-85.97496531,30.26711465,,,,
,LAWTEY,BRADFORD,,,FIRE STATION,-82.07246133,30.04522808,,,,
,BROOKER,BRADFORD,,,FIRE STATION,-82.33440915,29.88933555,,,,
,BROOKER,BRADFORD,,,FIRE STATION,-82.25431467,30.00369516,,,,
,STARKE,BRADFORD,,,FIRE STATION,-82.15694367,29.90031886,,,,
,STARKE,BRADFORD,,,FIRE STATION,-82.10863119,29.94558764,,,,
,STARKE,BRADFORD,,,FIRE STATION,-82.15231246,30.01992527,,,,
,STARKE,BRADFORD,,,FIRE STATION,-82.06836183,29.83478792,,,,
,HAMPTON,BRADFORD,,,FIRE STATION,-82.13584770,29.86413801,,,,
,INDIALANTIC,BREVARD,,,FIRE STATION,-80.57020499,28.09159380,,,,
,INDIALANTIC,BREVARD,,,FIRE STATION,-80.57864295,28.12748600,,,,
,COCOA,BREVARD,,,FIRE STATION,-80.75952383,28.38810358,,,,
,COCOA,BREVARD,,,FIRE STATION,-80.78090436,28.47649236,,,,
,COCOA,BREVARD,,,FIRE STATION,-80.73118487,28.35819424,,,,
,COCOA,BREVARD,,,FIRE STATION,-80.78352995,28.35917987,,,,
,COCOA,BREVARD,,,FIRE STATION,-80.80535196,28.43129601,,,,
,COCOA,BREVARD,,,FIRE STATION,-80.74292113,28.35494125,,,,
,COCOA,BREVARD,,,FIRE STATION,-80.76234731,28.44843758,,,,
,PALM BAY,BREVARD,,,FIRE STATION,-80.66914123,27.99874865,,,,
,PALM BAY,BREVARD,,,FIRE STATION,-80.61613261,28.01960100,,,,
,PALM BAY,BREVARD,,,FIRE STATION,-80.63424827,27.99340539,,,,
,PALM BAY,BREVARD,,,FIRE STATION,-80.67627790,27.94792723,,,,
,PALM BAY,BREVARD,,,FIRE STATION,-80.67219673,28.03054178,,,,
,PALM BAY,BREVARD,,,FIRE STATION,-80.69702005,28.02386602,,,,
,PALM BAY,BREVARD,,,FIRE STATION,-80.62856893,27.95195995,,,,
,PALM BAY,BREVARD,,,FIRE STATION,-80.60507957,28.03128164,,,,
,PALM BAY,BREVARD,,,FIRE STATION,-80.61231258,28.00114587,,,,
,ROCKLEDGE,BREVARD,,,FIRE STATION,-80.72239519,28.33146070,,,,
,ROCKLEDGE,BREVARD,,,FIRE STATION,-80.72551276,28.34294316,,,,
,ROCKLEDGE,BREVARD,,,FIRE STATION,-80.72153299,28.30240859,,,,
,ROCKLEDGE,BREVARD,,,FIRE STATION,-80.72329770,28.33431213,,,,
,ROCKLEDGE,BREVARD,,,FIRE STATION,-80.74223842,28.33263578,,,,
,MALABAR,BREVARD,,,FIRE STATION,-80.58465189,27.99940630,,,,
,MALABAR,BREVARD,,,FIRE STATION,-80.56378740,27.96447116,,,,
,TITUSVILLE,BREVARD,,,FIRE STATION,-80.72990423,28.64176848,,,,
,TITUSVILLE,BREVARD,,,FIRE STATION,-80.80785946,28.61001523,,,,
,TITUSVILLE,BREVARD,,,FIRE STATION,-80.82209050,28.55595503,,,,
,TITUSVILLE,BREVARD,,,FIRE STATION,-80.82007011,28.60621618,,,,
,TITUSVILLE,BREVARD,,,FIRE STATION,-80.68355615,28.64457523,,,,
,TITUSVILLE,BREVARD,,,FIRE STATION,-80.83899306,28.62238645,,,,
,TITUSVILLE,BREVARD,,,FIRE STATION,-80.82962485,28.54225220,,,,
,TITUSVILLE,BREVARD,,,FIRE STATION,-80.83110664,28.58955940,,,,
,MELBOURNE,BREVARD,,,FIRE STATION,-80.67157126,28.16702029,,,,
,MELBOURNE,BREVARD,,,FIRE STATION,-80.64865297,28.13564493,,,,
,MELBOURNE,BREVARD,,,FIRE STATION,-80.71298288,28.23450306,,,,
,MELBOURNE,BREVARD,,,FIRE STATION,-80.64673135,28.09899955,,,,
,MELBOURNE,BREVARD,,,FIRE STATION,-80.63267893,28.12862039,,,,
,MELBOURNE,BREVARD,,,FIRE STATION,-80.62773128,28.10747567,,,,
,MELBOURNE,BREVARD,,,FIRE STATION,-80.67046723,28.07966927,,,,
,MELBOURNE,BREVARD,,,FIRE STATION,-80.61891030,28.06358963,,,,
,MELBOURNE,BREVARD,,,FIRE STATION,-80.67124609,28.12120599,,,,
,MELBOURNE,BREVARD,,,FIRE STATION,-80.67679596,28.22591177,,,,
,MELBOURNE,BREVARD,,,FIRE STATION,-80.65551459,28.14737128,,,,
,MELBOURNE,BREVARD,,,FIRE STATION,-80.63666970,28.05010859,,,,
,MELBOURNE,BREVARD,,,FIRE STATION,-80.70290258,28.14667906,,,,
,MELBOURNE,BREVARD,,,FIRE STATION,-80.61398004,28.08482653,,,,
,MERRITT ISLAND,BREVARD,,,FIRE STATION,-80.70720152,28.38392034,,,,
,MERRITT ISLAND,BREVARD,,,FIRE STATION,-80.66791171,28.37122358,,,,
,MERRITT ISLAND,BREVARD,,,FIRE STATION,-80.71033731,28.47220199,,,,
,MERRITT ISLAND,BREVARD,,,FIRE STATION,-80.68849312,28.34018082,,,,
,SEBASTIAN,BREVARD,,,FIRE STATION,-80.50591561,27.88308082,,,,
,MIMS,BREVARD,,,FIRE STATION,-80.86848032,28.73531348,,,,
,MIMS,BREVARD,,,FIRE STATION,-80.84568104,28.66614879,,,,
,MIMS,BREVARD,,,FIRE STATION,-80.87575167,28.76622897,,,,
,SATELLITE BEACH,BREVARD,,,FIRE STATION,-80.60332493,28.20381377,,,,
,SATELLITE BEACH,BREVARD,,,FIRE STATION,-80.59468607,28.15216059,,,,
,SATELLITE BEACH,BREVARD,,,FIRE STATION,-80.60637995,28.17250733,,,,
,MELBOURNE BEACH,BREVARD,,,FIRE STATION,-80.48650525,27.92733751,,,,
,MELBOURNE BEACH,BREVARD,,,FIRE STATION,-80.56373842,28.06793096,,,,
,MELBOURNE BEACH,BREVARD,,,FIRE STATION,-80.54768705,28.04587920,,,,
,PATRICK AFB,BREVARD,,,FIRE STATION,-80.60415294,28.23502353,,,,
,PATRICK AFB,BREVARD,,,FIRE STATION,-80.59324921,28.52923532,,,,
,PATRICK AFB,BREVARD,,,FIRE STATION,-80.58225374,28.48525507,,,,
,ORLANDO,BREVARD,,,FIRE STATION,-80.65496903,28.58173912,,,,
,ORLANDO,BREVARD,,,FIRE STATION,-80.60399341,28.60246841,,,,
,ORLANDO,BREVARD,,,FIRE STATION,-80.65371750,28.52001409,,,,
,CAPE CANAVERAL,BREVARD,,,FIRE STATION,-80.60654835,28.41751337,,,,
,CAPE CANAVERAL,BREVARD,,,FIRE STATION,-80.61379585,28.40312246,,,,
,CAPE CANAVERAL,BREVARD,,,FIRE STATION,-80.60442080,28.38749849,,,,
,COCOA BEACH,BREVARD,,,FIRE STATION,-80.60976481,28.31774413,,,,
,COCOA BEACH,BREVARD,,,FIRE STATION,-80.61011902,28.35955319,,,,
,VIERA,BREVARD,,,FIRE STATION,-80.73844443,28.26453698,,,,
,FORT LAUDERDALE,BROWARD,,,FIRE STATION,-80.39430008,26.06988439,,,,
,FORT LAUDERDALE,BROWARD,,,FIRE STATION,-80.14930852,26.12367379,,,,
,FORT LAUDERDALE,BROWARD,,,FIRE STATION,-80.24003629,26.15441865,,,,
,FORT LAUDERDALE,BROWARD,,,FIRE STATION,-80.40686593,26.11557322,,,,
,FORT LAUDERDALE,BROWARD,,,FIRE STATION,-80.25868169,26.11644183,,,,
,FORT LAUDERDALE,BROWARD,,,FIRE STATION,-80.38048539,26.06059882,,,,
,FORT LAUDERDALE,BROWARD,,,FIRE STATION,-80.09700874,26.19265965,,,,
,FORT LAUDERDALE,BROWARD,,,FIRE STATION,-80.17789980,26.04808584,,,,
,FORT LAUDERDALE,BROWARD,,,FIRE STATION,-80.25924641,26.15885600,,,,
,FORT LAUDERDALE,BROWARD,,,FIRE STATION,-80.17020581,26.19122983,,,,
,FORT LAUDERDALE,BROWARD,,,FIRE STATION,-80.17419492,26.19598653,,,,
,FORT LAUDERDALE,BROWARD,,,FIRE STATION,-80.14725068,26.08868236,,,,
,FORT LAUDERDALE,BROWARD,,,FIRE STATION,-80.12069780,26.14850045,,,,
,FORT LAUDERDALE,BROWARD,,,FIRE STATION,-80.11989813,26.08305251,,,,
,FORT LAUDERDALE,BROWARD,,,FIRE STATION,-80.12158242,26.18947867,,,,
,FORT LAUDERDALE,BROWARD,,,FIRE STATION,-80.20480601,26.14024810,,,,
,FORT LAUDERDALE,BROWARD,,,FIRE STATION,-80.17752303,26.10936564,,,,
,FORT LAUDERDALE,BROWARD,,,FIRE STATION,-80.14523020,26.08333091,,,,
,FORT LAUDERDALE,BROWARD,,,FIRE STATION,-80.28756104,26.19935863,,,,
,FORT LAUDERDALE,BROWARD,,,FIRE STATION,-80.29550183,26.14546688,,,,
,FORT LAUDERDALE,BROWARD,,,FIRE STATION,-80.27114469,26.21295277,,,,
,FORT LAUDERDALE,BROWARD,,,FIRE STATION,-80.20575389,26.07780313,,,,
,FORT LAUDERDALE,BROWARD,,,FIRE STATION,-80.22439493,26.15074756,,,,
,FORT LAUDERDALE,BROWARD,,,FIRE STATION,-80.29294875,26.16901997,,,,
,FORT LAUDERDALE,BROWARD,,,FIRE STATION,-80.15446533,26.13909045,,,,
,FORT LAUDERDALE,BROWARD,,,FIRE STATION,-80.33214747,26.15086594,,,,
,FORT LAUDERDALE,BROWARD,,,FIRE STATION,-80.21885486,26.12041240,,,,
,FORT LAUDERDALE,BROWARD,,,FIRE STATION,-80.36040172,26.12210236,,,,
,FORT LAUDERDALE,BROWARD,,,FIRE STATION,-80.15543330,26.18589351,,,,
,FORT LAUDERDALE,BROWARD,,,FIRE STATION,-80.14227805,26.17439745,,,,
,FORT LAUDERDALE,BROWARD,,,FIRE STATION,-80.18681104,26.13220994,,,,
,FORT LAUDERDALE,BROWARD,,,FIRE STATION,-80.21225161,26.09712968,,,,
,FORT LAUDERDALE,BROWARD,,,FIRE STATION,-80.31045214,26.12180287,,,,
,FORT LAUDERDALE,BROWARD,,,FIRE STATION,-80.17145042,26.06953564,,,,
,FORT LAUDERDALE,BROWARD,,,FIRE STATION,-80.10656185,26.13842624,,,,
,FORT LAUDERDALE,BROWARD,,,FIRE STATION,-80.17130723,26.17379384,,,,
,FORT LAUDERDALE,BROWARD,,,FIRE STATION,-80.20657479,26.16927664,,,,
,FORT LAUDERDALE,BROWARD,,,FIRE STATION,-80.41299473,26.04325475,,,,
,FORT LAUDERDALE,BROWARD,,,FIRE STATION,-80.13942368,26.15628321,,,,
,FORT LAUDERDALE,BROWARD,,,FIRE STATION,-80.10290857,26.16803916,,,,
,FORT LAUDERDALE,BROWARD,,,FIRE STATION,-80.28138191,26.10499859,,,,
,FORT LAUDERDALE,BROWARD,,,FIRE STATION,-80.38167397,26.09287046,,,,
,FORT LAUDERDALE,BROWARD,,,FIRE STATION,-80.10619453,26.11048920,,,,
,FORT LAUDERDALE,BROWARD,,,FIRE STATION,-80.23632002,26.12860568,,,,
,FORT LAUDERDALE,BROWARD,,,FIRE STATION,-80.34588970,26.04318939,,,,
,FORT LAUDERDALE,BROWARD,,,FIRE STATION,-80.26827468,26.13336578,,,,
,FORT LAUDERDALE,BROWARD,,,FIRE STATION,-80.20882885,26.18991119,,,,
,FORT LAUDERDALE,BROWARD,,,FIRE STATION,-80.15036901,26.07241791,,,,
,FORT LAUDERDALE,BROWARD,,,FIRE STATION,-80.37912644,26.06150027,,,,
,FORT LAUDERDALE,BROWARD,,,FIRE STATION,-80.25515482,26.18802574,,,,
,FORT LAUDERDALE,BROWARD,,,FIRE STATION,-80.31329408,26.07571894,,,,
,FORT LAUDERDALE,BROWARD,,,FIRE STATION,-80.17118205,26.20469133,,,,
,FORT LAUDERDALE,BROWARD,,,FIRE STATION,-80.18710435,26.14038797,,,,
,FORT LAUDERDALE,BROWARD,,,FIRE STATION,-80.23940273,26.06632124,,,,
,DEERFIELD BEACH,BROWARD,,,FIRE STATION,-80.09141970,26.31773347,,,,
,DEERFIELD BEACH,BROWARD,,,FIRE STATION,-80.07605868,26.31423353,,,,
,DEERFIELD BEACH,BROWARD,,,FIRE STATION,-80.12531677,26.31337024,,,,
,DEERFIELD BEACH,BROWARD,,,FIRE STATION,-80.15204664,26.30903858,,,,
,DEERFIELD BEACH,BROWARD,,,FIRE STATION,-80.12027109,26.29850422,,,,
,DANIA BEACH,BROWARD,,,FIRE STATION,-80.14533493,26.05261579,,,,
,POMPANO BEACH,BROWARD,,,FIRE STATION,-80.27319576,26.32096493,,,,
,POMPANO BEACH,BROWARD,,,FIRE STATION,-80.27967793,26.23585729,,,,
,POMPANO BEACH,BROWARD,,,FIRE STATION,-80.22124951,26.23905886,,,,
,POMPANO BEACH,BROWARD,,,FIRE STATION,-80.12532741,26.22509674,,,,
,POMPANO BEACH,BROWARD,,,FIRE STATION,-80.20584873,26.24136621,,,,
,POMPANO BEACH,BROWARD,,,FIRE STATION,-80.10068321,26.27479240,,,,
,POMPANO BEACH,BROWARD,,,FIRE STATION,-80.15064337,26.26569904,,,,
,POMPANO BEACH,BROWARD,,,FIRE STATION,-80.09012152,26.23622418,,,,
,POMPANO BEACH,BROWARD,,,FIRE STATION,-80.15899988,26.23011980,,,,
,POMPANO BEACH,BROWARD,,,FIRE STATION,-80.28362874,26.28195777,,,,
,POMPANO BEACH,BROWARD,,,FIRE STATION,-80.23765011,26.23776780,,,,
,POMPANO BEACH,BROWARD,,,FIRE STATION,-80.19731941,26.25752160,,,,
,POMPANO BEACH,BROWARD,,,FIRE STATION,-80.23027632,26.21025488,,,,
,POMPANO BEACH,BROWARD,,,FIRE STATION,-80.25115438,26.31228472,,,,
,POMPANO BEACH,BROWARD,,,FIRE STATION,-80.20680427,26.20140342,,,,
,POMPANO BEACH,BROWARD,,,FIRE STATION,-80.26527068,26.26533735,,,,
,POMPANO BEACH,BROWARD,,,FIRE STATION,-80.09370416,26.27634896,,,,
,POMPANO BEACH,BROWARD,,,FIRE STATION,-80.22190820,26.31110778,,,,
,POMPANO BEACH,BROWARD,,,FIRE STATION,-80.21979650,26.28605971,,,,
,POMPANO BEACH,BROWARD,,,FIRE STATION,-80.18575927,26.31147543,,,,
,POMPANO BEACH,BROWARD,,,FIRE STATION,-80.12764105,26.25748751,,,,
,POMPANO BEACH,BROWARD,,,FIRE STATION,-80.10381875,26.24336064,,,,
,HOLLYWOOD,BROWARD,,,FIRE STATION,-80.18346425,25.98698286,,,,
,HOLLYWOOD,BROWARD,,,FIRE STATION,-80.21833149,26.03640307,,,,
,HOLLYWOOD,BROWARD,,,FIRE STATION,-80.41350579,26.00709228,,,,
,HOLLYWOOD,BROWARD,,,FIRE STATION,-80.26481142,25.98147070,,,,
,HOLLYWOOD,BROWARD,,,FIRE STATION,-80.37118871,26.00833613,,,,
,HOLLYWOOD,BROWARD,,,FIRE STATION,-80.11838912,25.98627983,,,,
,HOLLYWOOD,BROWARD,,,FIRE STATION,-80.23211932,26.00483853,,,,
,HOLLYWOOD,BROWARD,,,FIRE STATION,-80.17744754,26.01107046,,,,
,HOLLYWOOD,BROWARD,,,FIRE STATION,-80.14871650,26.01465773,,,,
,HOLLYWOOD,BROWARD,,,FIRE STATION,-80.22074960,25.98162934,,,,
,HOLLYWOOD,BROWARD,,,FIRE STATION,-80.21664775,26.02597958,,,,
,HOLLYWOOD,BROWARD,,,FIRE STATION,-80.14238110,25.99791887,,,,
,HOLLYWOOD,BROWARD,,,FIRE STATION,-80.11604158,26.02539858,,,,
,HOLLYWOOD,BROWARD,,,FIRE STATION,-80.39279938,25.98234744,,,,
,HOLLYWOOD,BROWARD,,,FIRE STATION,-80.28573982,26.04401555,,,,
,HOLLYWOOD,BROWARD,,,FIRE STATION,-80.34427291,25.98486375,,,,
,HOLLYWOOD,BROWARD,,,FIRE STATION,-80.27167741,26.00777101,,,,
,HOLLYWOOD,BROWARD,,,FIRE STATION,-80.32080598,26.00710680,,,,
,WEST BROWARD COUNTY,BROWARD,,,FIRE STATION,-80.62838337,26.14547702,,,,
,HALLANDALE,BROWARD,,,FIRE STATION,-80.12645396,25.98770861,,,,
,HALLANDALE,BROWARD,,,FIRE STATION,-80.15005321,25.98160155,,,,
,ALTHA,CALHOUN,,,FIRE STATION,-85.18364276,30.44990513,,,,
,ALTHA,CALHOUN,,,FIRE STATION,-85.12818262,30.57084100,,,,
,ALTHA,CALHOUN,,,FIRE STATION,-85.22687478,30.47779445,,,,
,BLOUNTSTOWN,CALHOUN,,,FIRE STATION,-85.14640301,30.45340864,,,,
,BLOUNTSTOWN,CALHOUN,,,FIRE STATION,-85.08338517,30.43419829,,,,
,BLOUNTSTOWN,CALHOUN,,,FIRE STATION,-85.04347395,30.47442252,,,,
,BLOUNTSTOWN,CALHOUN,,,FIRE STATION,-85.05045657,30.44698011,,,,
,BLOUNTSTOWN,CALHOUN,,,FIRE STATION,-85.10865344,30.48824562,,,,
,BLOUNTSTOWN,CALHOUN,,,FIRE STATION,-85.13881307,30.29072212,,,,
,WEWAHITCHKA,CALHOUN,,,FIRE STATION,-85.24247886,30.26514450,,,,
,PUNTA GORDA,CHARLOTTE,,,FIRE STATION,-82.02213943,26.88409896,,,,
,PUNTA GORDA,CHARLOTTE,,,FIRE STATION,-81.96076828,27.00657052,,,,
,PUNTA GORDA,CHARLOTTE,,,FIRE STATION,-82.01466646,26.86064017,,,,
,PUNTA GORDA,CHARLOTTE,,,FIRE STATION,-81.76000474,26.79966427,,,,
,PUNTA GORDA,CHARLOTTE,,,FIRE STATION,-82.06930656,26.90944160,,,,
,PUNTA GORDA,CHARLOTTE,,,FIRE STATION,-81.99200963,26.95479031,,,,
,PUNTA GORDA,CHARLOTTE,,,FIRE STATION,-82.00069298,26.92213422,,,,
,PUNTA GORDA,CHARLOTTE,,,FIRE STATION,-82.03569363,27.00164874,,,,
,PUNTA GORDA,CHARLOTTE,,,FIRE STATION,-82.00665411,26.98756317,,,,
,PUNTA GORDA,CHARLOTTE,,,FIRE STATION,-82.00845796,26.91499504,,,,
,PUNTA GORDA,CHARLOTTE,,,FIRE STATION,-82.04669538,26.92559000,,,,
,ROTONDA WEST,CHARLOTTE,,,FIRE STATION,-82.29008815,26.90906791,,,,
,PLACIDA,CHARLOTTE,,,FIRE STATION,-82.31549256,26.86825209,,,,
,PLACIDA,CHARLOTTE,,,FIRE STATION,-82.28773662,26.85174180,,,,
,PORT CHARLOTTE,CHARLOTTE,,,FIRE STATION,-82.09155782,27.02629665,,,,
,PORT CHARLOTTE,CHARLOTTE,,,FIRE STATION,-82.22314541,26.91739679,,,,
,PORT CHARLOTTE,CHARLOTTE,,,FIRE STATION,-82.09212497,26.97616611,,,,
,PORT CHARLOTTE,CHARLOTTE,,,FIRE STATION,-82.21025133,26.96618917,,,,
,PORT CHARLOTTE,CHARLOTTE,,,FIRE STATION,-82.15683476,27.00460789,,,,
,PORT CHARLOTTE,CHARLOTTE,,,FIRE STATION,-82.23303590,27.01030245,,,,
,ENGLEWOOD,CHARLOTTE,,,FIRE STATION,-82.31045363,26.92103098,,,,
,ENGLEWOOD,CHARLOTTE,,,FIRE STATION,-82.27755497,26.93537830,,,,
,ENGLEWOOD,CHARLOTTE,,,FIRE STATION,-82.31086011,26.89814437,,,,
,CRYSTAL RIVER,CITRUS,,,FIRE STATION,-82.53874221,28.87433882,,,,
,CRYSTAL RIVER,CITRUS,,,FIRE STATION,-82.59677278,28.90087216,,,,
,CRYSTAL RIVER,CITRUS,,,FIRE STATION,-82.60132838,28.87170787,,,,
,CRYSTAL RIVER,CITRUS,,,FIRE STATION,-82.67126159,28.83253726,,,,
,DUNNELLON,CITRUS,,,FIRE STATION,-82.56906235,29.00968716,,,,
,DUNNELLON,CITRUS,,,FIRE STATION,-82.46653211,29.00187912,,,,
,FLORAL CITY,CITRUS,,,FIRE STATION,-82.30309510,28.73485484,,,,
,FLORAL CITY,CITRUS,,,FIRE STATION,-82.24015132,28.76988387,,,,
,HOMOSASSA,CITRUS,,,FIRE STATION,-82.51603916,28.72333920,,,,
,HOMOSASSA,CITRUS,,,FIRE STATION,-82.61553540,28.78156328,,,,
,HOMOSASSA,CITRUS,,,FIRE STATION,-82.57330482,28.80616807,,,,
,HOMOSASSA,CITRUS,,,FIRE STATION,-82.56765371,28.71216565,,,,
,BEVERLY HILLS,CITRUS,,,FIRE STATION,-82.48766722,28.93271296,,,,
,BEVERLY HILLS,CITRUS,,,FIRE STATION,-82.46821488,28.91787939,,,,
,HERNANDO,CITRUS,,,FIRE STATION,-82.37397264,28.96518622,,,,
,HERNANDO,CITRUS,,,FIRE STATION,-82.37332028,28.90072102,,,,
,INVERNESS,CITRUS,,,FIRE STATION,-82.36099160,28.72223437,,,,
,INVERNESS,CITRUS,,,FIRE STATION,-82.41872807,28.85883339,,,,
,INVERNESS,CITRUS,,,FIRE STATION,-82.33001028,28.83452503,,,,
,INVERNESS,CITRUS,,,FIRE STATION,-82.26957663,28.84968142,,,,
,INVERNESS,CITRUS,,,FIRE STATION,-82.33995293,28.79846895,,,,
,LECANTO,CITRUS,,,FIRE STATION,-82.49328428,28.82119726,,,,
,LECANTO,CITRUS,,,FIRE STATION,-82.48323260,28.79891861,,,,
,MIDDLEBURG,CLAY,,,FIRE STATION,-81.95474560,30.09983985,,,,
,MIDDLEBURG,CLAY,,,FIRE STATION,-81.86728711,30.06843583,,,,
,GREEN COVE SPRINGS,CLAY,,,FIRE STATION,-81.69621113,29.98543025,,,,
,GREEN COVE SPRINGS,CLAY,,,FIRE STATION,-81.81815720,30.04878119,,,,
,GREEN COVE SPRINGS,CLAY,,,FIRE STATION,-81.68138586,29.92137971,,,,
,GREEN COVE SPRINGS,CLAY,,,FIRE STATION,-81.74404386,29.97986207,,,,
,ORANGE PARK,CLAY,,,FIRE STATION,-81.74333496,30.17632002,,,,
,ORANGE PARK,CLAY,,,FIRE STATION,-81.70250741,30.16454647,,,,
,ORANGE PARK,CLAY,,,FIRE STATION,-81.85083818,30.17463935,,,,
,ORANGE PARK,CLAY,,,FIRE STATION,-81.77030735,30.12732114,,,,
,STARKE,CLAY,,,FIRE STATION,-81.98252083,29.97530688,,,,
,FLEMING ISLAND,CLAY,,,FIRE STATION,-81.69778454,30.08622567,,,,
,KEYSTONE HEIGHTS,CLAY,,,FIRE STATION,-81.92180018,29.81355174,,,,
,KEYSTONE HEIGHTS,CLAY,,,FIRE STATION,-82.03220339,29.78521313,,,,
,NAPLES,COLLIER,,,FIRE STATION,-81.72671580,26.09609140,,,,
,NAPLES,COLLIER,,,FIRE STATION,-81.63237369,26.22791573,,,,
,NAPLES,COLLIER,,,FIRE STATION,-81.80587552,26.25021970,,,,
,NAPLES,COLLIER,,,FIRE STATION,-81.70058004,26.04619337,,,,
,NAPLES,COLLIER,,,FIRE STATION,-81.54802067,26.36564438,,,,
,NAPLES,COLLIER,,,FIRE STATION,-81.74913794,26.21106183,,,,
,NAPLES,COLLIER,,,FIRE STATION,-81.79511108,26.13876062,,,,
,NAPLES,COLLIER,,,FIRE STATION,-81.68322728,26.15394593,,,,
,NAPLES,COLLIER,,,FIRE STATION,-81.73214894,26.09077085,,,,
,NAPLES,COLLIER,,,FIRE STATION,-81.51174957,25.95730998,,,,
,NAPLES,COLLIER,,,FIRE STATION,-81.59229804,26.36531329,,,,
,NAPLES,COLLIER,,,FIRE STATION,-81.70417720,26.18274801,,,,
,NAPLES,COLLIER,,,FIRE STATION,-81.78946403,26.15172793,,,,
,NAPLES,COLLIER,,,FIRE STATION,-81.76158450,26.29819507,,,,
,NAPLES,COLLIER,,,FIRE STATION,-81.78346031,26.26952096,,,,
,NAPLES,COLLIER,,,FIRE STATION,-81.78955982,26.21177495,,,,
,NAPLES,COLLIER,,,FIRE STATION,-81.76998800,26.11284300,,,,
,NAPLES,COLLIER,,,FIRE STATION,-81.79862320,26.17771839,,,,
,NAPLES,COLLIER,,,FIRE STATION,-81.69007820,26.25238456,,,,
,NAPLES,COLLIER,,,FIRE STATION,-81.78446638,26.22504279,,,,
,NAPLES,COLLIER,,,FIRE STATION,-81.72562985,26.27238081,,,,
,NAPLES,COLLIER,,,FIRE STATION,-81.75075756,26.13817938,,,,
,NAPLES,COLLIER,,,FIRE STATION,-81.76818965,26.18175198,,,,
,NAPLES,COLLIER,,,FIRE STATION,-81.77666800,26.14936000,,,,
,NAPLES,COLLIER,,,FIRE STATION,-81.72733883,25.98432441,,,,
,IMMOKALEE,COLLIER,,,FIRE STATION,-81.45032536,26.43418488,,,,
,IMMOKALEE,COLLIER,,,FIRE STATION,-81.44692261,26.34179913,,,,
,IMMOKALEE,COLLIER,,,FIRE STATION,-81.41024458,26.42181499,,,,
,MARCO ISLAND,COLLIER,,,FIRE STATION,-81.71496598,25.93746699,,,,
,MARCO ISLAND,COLLIER,,,FIRE STATION,-81.72270787,25.95713361,,,,
,BONITA SPRINGS,COLLIER,,,FIRE STATION,-81.81957075,26.32211124,,,,
,OCHOPEE,COLLIER,,,FIRE STATION,-81.07509505,26.16732469,,,,
,OCHOPEE,COLLIER,,,FIRE STATION,-81.38421264,25.85857111,,,,
,OCHOPEE,COLLIER,,,FIRE STATION,-81.28162372,25.89535995,,,,
,LAKE CITY,COLUMBIA,,,FIRE STATION,-82.73406599,30.16535049,,,,
,LAKE CITY,COLUMBIA,,,FIRE STATION,-82.61854856,30.35842368,,,,
,LAKE CITY,COLUMBIA,,,FIRE STATION,-82.59704776,30.01873188,,,,
,LAKE CITY,COLUMBIA,,,FIRE STATION,-82.49534565,30.10982503,,,,
,LAKE CITY,COLUMBIA,,,FIRE STATION,-82.63883205,30.19097640,,,,
,LAKE CITY,COLUMBIA,,,FIRE STATION,-82.69866332,30.27806908,,,,
,LAKE CITY,COLUMBIA,,,FIRE STATION,-82.67304572,30.17530309,,,,
,LAKE CITY,COLUMBIA,,,FIRE STATION,-82.70123100,30.06978767,,,,
,FORT WHITE,COLUMBIA,,,FIRE STATION,-82.71603575,29.92555898,,,,
,ARCADIA,DESOTO,,,FIRE STATION,-81.99977247,27.09244868,,,,
,ARCADIA,DESOTO,,,FIRE STATION,-81.97762394,27.20093992,,,,
,ARCADIA,DESOTO,,,FIRE STATION,-81.84258211,27.20878422,,,,
,ARCADIA,DESOTO,,,FIRE STATION,-81.86190107,27.21698706,,,,
,OLD TOWN,DIXIE,,,FIRE STATION,-82.97991934,29.60372641,,,,
,OLD TOWN,DIXIE,,,FIRE STATION,-83.01274591,29.64112041,,,,
,OLD TOWN,DIXIE,,,FIRE STATION,-82.98525250,29.73653735,,,,
,OLD TOWN,DIXIE,,,FIRE STATION,-83.12475768,29.34728986,,,,
,OLD TOWN,DIXIE,,,FIRE STATION,-82.98507598,29.74870670,,,,
,CROSS CITY,DIXIE,,,FIRE STATION,-83.12454576,29.63601544,,,,
,HORSESHOE BEACH,DIXIE,,,FIRE STATION,-83.28599990,29.44162156,,,,
,STEINHATCHEE,DIXIE,,,FIRE STATION,-83.36232727,29.66257998,,,,
,JACKSONVILLE,DUVAL,,,FIRE STATION,-81.65344302,30.36605889,,,,
,JACKSONVILLE,DUVAL,,,FIRE STATION,-81.68758366,30.40910542,,,,
,JACKSONVILLE,DUVAL,,,FIRE STATION,-81.54548175,30.32370869,,,,
,JACKSONVILLE,DUVAL,,,FIRE STATION,-81.70504560,30.31170415,,,,
,JACKSONVILLE,DUVAL,,,FIRE STATION,-81.78571865,30.30113421,,,,
,JACKSONVILLE,DUVAL,,,FIRE STATION,-81.64188372,30.38949435,,,,
,JACKSONVILLE,DUVAL,,,FIRE STATION,-81.72355556,30.54784753,,,,
,JACKSONVILLE,DUVAL,,,FIRE STATION,-81.63532073,30.42112964,,,,
,JACKSONVILLE,DUVAL,,,FIRE STATION,-81.68370183,30.49632625,,,,
,JACKSONVILLE,DUVAL,,,FIRE STATION,-81.48310856,30.35996544,,,,
,JACKSONVILLE,DUVAL,,,FIRE STATION,-81.63017760,30.30560165,,,,
,JACKSONVILLE,DUVAL,,,FIRE STATION,-81.72175347,30.36775540,,,,
,JACKSONVILLE,DUVAL,,,FIRE STATION,-81.44660942,30.26618912,,,,
,JACKSONVILLE,DUVAL,,,FIRE STATION,-81.71368864,30.28458215,,,,
,JACKSONVILLE,DUVAL,,,FIRE STATION,-81.80732655,30.37250676,,,,
,JACKSONVILLE,DUVAL,,,FIRE STATION,-81.75961921,30.43019135,,,,
,JACKSONVILLE,DUVAL,,,FIRE STATION,-81.48026901,30.52120349,,,,
,JACKSONVILLE,DUVAL,,,FIRE STATION,-81.62934398,30.46630892,,,,
,JACKSONVILLE,DUVAL,,,FIRE STATION,-81.62563120,30.35516271,,,,
,JACKSONVILLE,DUVAL,,,FIRE STATION,-81.65435958,30.30475863,,,,
,JACKSONVILLE,DUVAL,,,FIRE STATION,-81.74341436,30.20391189,,,,
,JACKSONVILLE,DUVAL,,,FIRE STATION,-81.63957587,30.32097131,,,,
,JACKSONVILLE,DUVAL,,,FIRE STATION,-81.68910375,30.32684020,,,,
,JACKSONVILLE,DUVAL,,,FIRE STATION,-81.67627046,30.35968997,,,,
,JACKSONVILLE,DUVAL,,,FIRE STATION,-81.70183367,30.43973883,,,,
,JACKSONVILLE,DUVAL,,,FIRE STATION,-81.65097923,30.32993199,,,,
,JACKSONVILLE,DUVAL,,,FIRE STATION,-81.44019906,30.39182252,,,,
,JACKSONVILLE,DUVAL,,,FIRE STATION,-81.48362199,30.28941639,,,,
,JACKSONVILLE,DUVAL,,,FIRE STATION,-81.74815074,30.28105348,,,,
,JACKSONVILLE,DUVAL,,,FIRE STATION,-81.56649022,30.21907210,,,,
,JACKSONVILLE,DUVAL,,,FIRE STATION,-81.54140041,30.40375152,,,,
,JACKSONVILLE,DUVAL,,,FIRE STATION,-81.64145851,30.32111202,,,,
,JACKSONVILLE,DUVAL,,,FIRE STATION,-81.66501365,30.33784548,,,,
,JACKSONVILLE,DUVAL,,,FIRE STATION,-81.75675919,30.33666978,,,,
,JACKSONVILLE,DUVAL,,,FIRE STATION,-81.86127923,30.31329162,,,,
,JACKSONVILLE,DUVAL,,,FIRE STATION,-81.71072916,30.37444841,,,,
,JACKSONVILLE,DUVAL,,,FIRE STATION,-81.65424459,30.34026356,,,,
,JACKSONVILLE,DUVAL,,,FIRE STATION,-81.88161118,30.22082420,,,,
,JACKSONVILLE,DUVAL,,,FIRE STATION,-82.00850417,30.20021565,,,,
,JACKSONVILLE,DUVAL,,,FIRE STATION,-81.63114789,30.46986934,,,,
,JACKSONVILLE,DUVAL,,,FIRE STATION,-81.61225776,30.19513302,,,,
,JACKSONVILLE,DUVAL,,,FIRE STATION,-81.59401905,30.36671719,,,,
,JACKSONVILLE,DUVAL,,,FIRE STATION,-81.54484698,30.17079261,,,,
,JACKSONVILLE,DUVAL,,,FIRE STATION,-81.40334868,30.38750775,,,,
,JACKSONVILLE,DUVAL,,,FIRE STATION,-81.65642230,30.37833540,,,,
,JACKSONVILLE,DUVAL,,,FIRE STATION,-81.61893897,30.25830294,,,,
,JACKSONVILLE,DUVAL,,,FIRE STATION,-81.60025197,30.29486127,,,,
,JACKSONVILLE,DUVAL,,,FIRE STATION,-81.69743905,30.25098909,,,,
,JACKSONVILLE,DUVAL,,,FIRE STATION,-81.66532389,30.33129662,,,,
,JACKSONVILLE,DUVAL,,,FIRE STATION,-81.58381497,30.50903549,,,,
,JACKSONVILLE,DUVAL,,,FIRE STATION,-81.98003444,30.30076579,,,,
,JACKSONVILLE,DUVAL,,,FIRE STATION,-81.69953341,30.22608387,,,,
,JACKSONVILLE,DUVAL,,,FIRE STATION,-81.52691994,30.12253736,,,,
,JACKSONVILLE,DUVAL,,,FIRE STATION,-81.63169454,30.16599198,,,,
,JACKSONVILLE,DUVAL,,,FIRE STATION,-81.73801939,30.24777000,,,,
,JACKSONVILLE,DUVAL,,,FIRE STATION,-81.70168996,30.35222578,,,,
,JACKSONVILLE,DUVAL,,,FIRE STATION,-81.70047739,30.48665067,,,,
,JACKSONVILLE,DUVAL,,,FIRE STATION,-81.56221983,30.27526543,,,,
,JACKSONVILLE,DUVAL,,,FIRE STATION,-81.58946892,30.33096992,,,,
,JACKSONVILLE,DUVAL,,,FIRE STATION,-81.77665066,30.24693833,,,,
,JACKSONVILLE,DUVAL,,,FIRE STATION,-81.71435331,30.33114302,,,,
,JACKSONVILLE,DUVAL,,,FIRE STATION,-81.46031827,30.32569124,,,,
,ATLANTIC BEACH,DUVAL,,,FIRE STATION,-81.40277830,30.33270925,,,,
,ATLANTIC BEACH,DUVAL,,,FIRE STATION,-81.40985451,30.37145015,,,,
,ATLANTIC BEACH,DUVAL,,,FIRE STATION,-81.41879260,30.36381344,,,,
,ATLANTIC BEACH,DUVAL,,,FIRE STATION,-81.41411457,30.38869866,,,,
,NEPTUNE BEACH,DUVAL,,,FIRE STATION,-81.39696311,30.32384315,,,,
,JACKSONVILLE BEACH,DUVAL,,,FIRE STATION,-81.39547339,30.26711477,,,,
,JACKSONVILLE BEACH,DUVAL,,,FIRE STATION,-81.39197446,30.28648684,,,,
,PENSACOLA,ESCAMBIA,,,FIRE STATION,-87.24908166,30.42909909,,,,
,PENSACOLA,ESCAMBIA,,,FIRE STATION,-87.27765439,30.38887296,,,,
,PENSACOLA,ESCAMBIA,,,FIRE STATION,-87.22298981,30.45839582,,,,
,PENSACOLA,ESCAMBIA,,,FIRE STATION,-87.19238907,30.49184705,,,,
,PENSACOLA,ESCAMBIA,,,FIRE STATION,-87.31156906,30.46636223,,,,
,PENSACOLA,ESCAMBIA,,,FIRE STATION,-87.24435392,30.41242601,,,,
,PENSACOLA,ESCAMBIA,,,FIRE STATION,-87.19391681,30.47570313,,,,
,PENSACOLA,ESCAMBIA,,,FIRE STATION,-87.39425724,30.53633614,,,,
,PENSACOLA,ESCAMBIA,,,FIRE STATION,-87.27325688,30.52270567,,,,
,PENSACOLA,ESCAMBIA,,,FIRE STATION,-87.23119084,30.42889772,,,,
,PENSACOLA,ESCAMBIA,,,FIRE STATION,-87.18153758,30.45800317,,,,
,PENSACOLA,ESCAMBIA,,,FIRE STATION,-87.21156809,30.42265081,,,,
,PENSACOLA,ESCAMBIA,,,FIRE STATION,-87.28614794,30.44657454,,,,
,PENSACOLA,ESCAMBIA,,,FIRE STATION,-87.30693948,30.49015998,,,,
,PENSACOLA,ESCAMBIA,,,FIRE STATION,-87.46945883,30.29165601,,,,
,PENSACOLA,ESCAMBIA,,,FIRE STATION,-87.40220273,30.39310764,,,,
,PENSACOLA,ESCAMBIA,,,FIRE STATION,-87.21238972,30.51690141,,,,
,PENSACOLA,ESCAMBIA,,,FIRE STATION,-87.27443041,30.34641443,,,,
,PENSACOLA,ESCAMBIA,,,FIRE STATION,-87.27894144,30.39179762,,,,
,PENSACOLA,ESCAMBIA,,,FIRE STATION,-87.30868901,30.42068832,,,,
,PENSACOLA,ESCAMBIA,,,FIRE STATION,-87.18937835,30.46867300,,,,
,PENSACOLA,ESCAMBIA,,,FIRE STATION,-87.25626971,30.47391145,,,,
,PENSACOLA,ESCAMBIA,,,FIRE STATION,-87.44091780,30.31596354,,,,
,PENSACOLA,ESCAMBIA,,,FIRE STATION,-87.34318624,30.35720465,,,,
,MOLINO,ESCAMBIA,,,FIRE STATION,-87.34386617,30.71647667,,,,
,MOLINO,ESCAMBIA,,,FIRE STATION,-87.34735733,30.71542441,,,,
,GULF BREEZE,ESCAMBIA,,,FIRE STATION,-87.11533171,30.33828593,,,,
,CANTONMENT,ESCAMBIA,,,FIRE STATION,-87.32557823,30.61781449,,,,
,MC DAVID,ESCAMBIA,,,FIRE STATION,-87.41211503,30.79312077,,,,
,MC DAVID,ESCAMBIA,,,FIRE STATION,-87.47836713,30.89983481,,,,
,MC DAVID,ESCAMBIA,,,FIRE STATION,-87.32182917,30.86975703,,,,
,CENTURY,ESCAMBIA,,,FIRE STATION,-87.27938629,30.95606828,,,,
,CENTURY,ESCAMBIA,,,FIRE STATION,-87.31413944,30.97022570,,,,
,CENTURY,ESCAMBIA,,,FIRE STATION,-87.42854095,30.96971377,,,,
,PALM COAST,FLAGLER,,,FIRE STATION,-81.19567262,29.61672673,,,,
,PALM COAST,FLAGLER,,,FIRE STATION,-81.20510462,29.47168352,,,,
,PALM COAST,FLAGLER,,,FIRE STATION,-81.22057660,29.58716864,,,,
,PALM COAST,FLAGLER,,,FIRE STATION,-81.20560992,29.47178641,,,,
,PALM COAST,FLAGLER,,,FIRE STATION,-81.20209264,29.55876337,,,,
,PALM COAST,FLAGLER,,,FIRE STATION,-81.26039494,29.58953924,,,,
,PALM COAST,FLAGLER,,,FIRE STATION,-81.24554027,29.47341912,,,,
,PALM COAST,FLAGLER,,,FIRE STATION,-81.19845484,29.60722478,,,,
,PALM COAST,FLAGLER,,,FIRE STATION,-81.24081950,29.55131619,,,,
,BUNNELL,FLAGLER,,,FIRE STATION,-81.19469019,29.40371799,,,,
,BUNNELL,FLAGLER,,,FIRE STATION,-81.36972305,29.42416721,,,,
,BUNNELL,FLAGLER,,,FIRE STATION,-81.21925137,29.49497817,,,,
,BUNNELL,FLAGLER,,,FIRE STATION,-81.30866787,29.50653196,,,,
,BUNNELL,FLAGLER,,,FIRE STATION,-81.24869812,29.47478193,,,,
,ORMOND BEACH,FLAGLER,,,FIRE STATION,-81.22766811,29.26567076,,,,
,FLAGLER BEACH,FLAGLER,,,FIRE STATION,-81.12762716,29.47983284,,,,
,FLAGLER BEACH,FLAGLER,,,FIRE STATION,-81.12984503,29.47765936,,,,
,CARRABELLE,FRANKLIN,,,FIRE STATION,-84.59746714,29.88459434,,,,
,CARRABELLE,FRANKLIN,,,FIRE STATION,-84.59125341,29.80444864,,,,
,CARRABELLE,FRANKLIN,,,FIRE STATION,-84.66499549,29.85239536,,,,
,EASTPOINT,FRANKLIN,,,FIRE STATION,-84.86509355,29.74604888,,,,
,EASTPOINT,FRANKLIN,,,FIRE STATION,-84.89523619,29.64847339,,,,
,EASTPOINT,FRANKLIN,,,FIRE STATION,-84.85807549,29.66608570,,,,
,PANACEA,FRANKLIN,,,FIRE STATION,-84.44162957,29.93142847,,,,
,PANACEA,FRANKLIN,,,FIRE STATION,-84.37592491,29.89464232,,,,
,APALACHICOLA,FRANKLIN,,,FIRE STATION,-84.98968998,29.72331523,,,,
,APALACHICOLA,FRANKLIN,,,FIRE STATION,-84.99330515,29.73318250,,,,
,QUINCY,GADSDEN,,,FIRE STATION,-84.61585709,30.43074123,,,,
,QUINCY,GADSDEN,,,FIRE STATION,-84.84668314,30.59084059,,,,
,QUINCY,GADSDEN,,,FIRE STATION,-84.69390721,30.66263731,,,,
,QUINCY,GADSDEN,,,FIRE STATION,-84.58170156,30.58896189,,,,
,QUINCY,GADSDEN,,,FIRE STATION,-84.62838100,30.47432085,,,,
,QUINCY,GADSDEN,,,FIRE STATION,-84.61466452,30.69000423,,,,
,QUINCY,GADSDEN,,,FIRE STATION,-84.74297969,30.56913629,,,,
,QUINCY,GADSDEN,,,FIRE STATION,-84.56832406,30.58742098,,,,
,MIDWAY,GADSDEN,,,FIRE STATION,-84.45466532,30.50530239,,,,
,HAVANA,GADSDEN,,,FIRE STATION,-84.35644123,30.65841677,,,,
,HAVANA,GADSDEN,,,FIRE STATION,-84.41388123,30.62585091,,,,
,GRETNA,GADSDEN,,,FIRE STATION,-84.65946491,30.61935444,,,,
,HIGH SPRINGS,GILCHRIST,,,FIRE STATION,-82.71436559,29.81525795,,,,
,BELL,GILCHRIST,,,FIRE STATION,-82.84436112,29.65816873,,,,
,BELL,GILCHRIST,,,FIRE STATION,-82.86596273,29.78433674,,,,
,TRENTON,GILCHRIST,,,FIRE STATION,-82.68989668,29.63693867,,,,
,TRENTON,GILCHRIST,,,FIRE STATION,-82.81787970,29.61007148,,,,
,BRANFORD,GILCHRIST,,,FIRE STATION,-82.81682246,29.89148889,,,,
,MOORE HAVEN,GLADES,,,FIRE STATION,-81.31673973,26.79941479,,,,
,MOORE HAVEN,GLADES,,,FIRE STATION,-81.08556597,26.99266932,,,,
,MOORE HAVEN,GLADES,,,FIRE STATION,-81.30857919,26.94330870,,,,
,MOORE HAVEN,GLADES,,,FIRE STATION,-81.22814042,26.78469062,,,,
,MOORE HAVEN,GLADES,,,FIRE STATION,-81.31408906,26.92650731,,,,
,MOORE HAVEN,GLADES,,,FIRE STATION,-81.09364565,26.83601561,,,,
,OKEECHOBEE,GLADES,,,FIRE STATION,-81.07695768,27.08184508,,,,
,OKEECHOBEE,GLADES,,,FIRE STATION,-80.87746006,27.14430938,,,,
,LABELLE,GLADES,,,FIRE STATION,-81.49229174,26.82939420,,,,
,WEWAHITCHKA,GULF,,,FIRE STATION,-85.21958569,29.88732491,,,,
,WEWAHITCHKA,GULF,,,FIRE STATION,-85.20206985,30.10609902,,,,
,WEWAHITCHKA,GULF,,,FIRE STATION,-85.30056536,30.14989789,,,,
,WEWAHITCHKA,GULF,,,FIRE STATION,-85.19912626,30.11289904,,,,
,WEWAHITCHKA,GULF,,,FIRE STATION,-85.25553228,30.17155983,,,,
,WEWAHITCHKA,GULF,,,FIRE STATION,-85.06922368,29.89790220,,,,
,WEWAHITCHKA,GULF,,,FIRE STATION,-85.15578487,30.01049351,,,,
,PORT SAINT JOE,GULF,,,FIRE STATION,-85.31151144,29.68491766,,,,
,PORT SAINT JOE,GULF,,,FIRE STATION,-85.36701426,29.90914185,,,,
,PORT SAINT JOE,GULF,,,FIRE STATION,-85.30227444,29.81289814,,,,
,PORT SAINT JOE,GULF,,,FIRE STATION,-85.39360684,29.73885380,,,,
,PORT SAINT JOE,GULF,,,FIRE STATION,-85.37586916,29.99775990,,,,
,PORT SAINT JOE,GULF,,,FIRE STATION,-85.31682967,29.84262112,,,,
,JENNINGS,HAMILTON,,,FIRE STATION,-83.09902642,30.60339012,,,,
,JENNINGS,HAMILTON,,,FIRE STATION,-83.22343982,30.60120068,,,,
,WHITE SPRINGS,HAMILTON,,,FIRE STATION,-82.75785126,30.33002573,,,,
,WHITE SPRINGS,HAMILTON,,,FIRE STATION,-82.85786405,30.39400727,,,,
,JASPER,HAMILTON,,,FIRE STATION,-82.94945895,30.51824338,,,,
,JASPER,HAMILTON,,,FIRE STATION,-83.13323018,30.48872562,,,,
,BOWLING GREEN,HARDEE,,,FIRE STATION,-81.82899530,27.63869565,,,,
,ZOLFO SPRINGS,HARDEE,,,FIRE STATION,-81.79676129,27.49471127,,,,
,WAUCHULA,HARDEE,,,FIRE STATION,-81.81012559,27.55659553,,,,
,CLEWISTON,HENDRY,,,FIRE STATION,-80.93492096,26.75341832,,,,
,CLEWISTON,HENDRY,,,FIRE STATION,-81.09767830,26.63690147,,,,
,CLEWISTON,HENDRY,,,FIRE STATION,-80.99771199,26.32619524,,,,
,CLEWISTON,HENDRY,,,FIRE STATION,-81.21929173,26.73727708,,,,
,CLEWISTON,HENDRY,,,FIRE STATION,-80.99482854,26.31977115,,,,
,CLEWISTON,HENDRY,,,FIRE STATION,-80.90573943,26.30170637,,,,
,LABELLE,HENDRY,,,FIRE STATION,-81.43863112,26.75713805,,,,
,LABELLE,HENDRY,,,FIRE STATION,-81.41752906,26.54375186,,,,
,SPRING HILL,HERNANDO,,,FIRE STATION,-82.62068065,28.45853162,,,,
,SPRING HILL,HERNANDO,,,FIRE STATION,-82.62082809,28.45804339,,,,
,SPRING HILL,HERNANDO,,,FIRE STATION,-82.56504181,28.45290802,,,,
,SPRING HILL,HERNANDO,,,FIRE STATION,-82.49123735,28.52487591,,,,
,SPRING HILL,HERNANDO,,,FIRE STATION,-82.50659220,28.46857580,,,,
,SPRING HILL,HERNANDO,,,FIRE STATION,-82.52620086,28.50229686,,,,
,SPRING HILL,HERNANDO,,,FIRE STATION,-82.65073161,28.48540618,,,,
,SPRING HILL,HERNANDO,,,FIRE STATION,-82.57569318,28.48564558,,,,
,BROOKSVILLE,HERNANDO,,,FIRE STATION,-82.26542324,28.64558156,,,,
,BROOKSVILLE,HERNANDO,,,FIRE STATION,-82.30032415,28.54320769,,,,
,BROOKSVILLE,HERNANDO,,,FIRE STATION,-82.47364270,28.61372334,,,,
,BROOKSVILLE,HERNANDO,,,FIRE STATION,-82.40077792,28.55418348,,,,
,BROOKSVILLE,HERNANDO,,,FIRE STATION,-82.40060817,28.55443685,,,,
,BROOKSVILLE,HERNANDO,,,FIRE STATION,-82.52527618,28.54181965,,,,
,BROOKSVILLE,HERNANDO,,,FIRE STATION,-82.56223499,28.52307258,,,,
,BROOKSVILLE,HERNANDO,,,FIRE STATION,-82.39947888,28.55281136,,,,
,BROOKSVILLE,HERNANDO,,,FIRE STATION,-82.43957772,28.47476376,,,,
,BROOKSVILLE,HERNANDO,,,FIRE STATION,-82.33790483,28.63693266,,,,
,WEBSTER,HERNANDO,,,FIRE STATION,-82.20641456,28.51760575,,,,
,WEEKI WACHEE,HERNANDO,,,FIRE STATION,-82.61659118,28.53566273,,,,
,SEBRING,HIGHLANDS,,,FIRE STATION,-81.43990402,27.49677298,,,,
,SEBRING,HIGHLANDS,,,FIRE STATION,-81.51844479,27.53412560,,,,
,SEBRING,HIGHLANDS,,,FIRE STATION,-81.41972384,27.50112293,,,,
,SEBRING,HIGHLANDS,,,FIRE STATION,-81.42695673,27.38705883,,,,
,SEBRING,HIGHLANDS,,,FIRE STATION,-81.49921738,27.47042664,,,,
,SEBRING,HIGHLANDS,,,FIRE STATION,-81.48783257,27.51612872,,,,
,SEBRING,HIGHLANDS,,,FIRE STATION,-81.47005427,27.47360791,,,,
,SEBRING,HIGHLANDS,,,FIRE STATION,-81.48782513,27.51617606,,,,
,SEBRING,HIGHLANDS,,,FIRE STATION,-81.43186979,27.50088143,,,,
,SEBRING,HIGHLANDS,,,FIRE STATION,-81.41956464,27.47160160,,,,
,SEBRING,HIGHLANDS,,,FIRE STATION,-81.42187881,27.43762847,,,,
,SEBRING,HIGHLANDS,,,FIRE STATION,-81.34584403,27.45718311,,,,
,SEBRING,HIGHLANDS,,,FIRE STATION,,,,,,
,LAKE PLACID,HIGHLANDS,,,FIRE STATION,-81.42027633,27.32503679,,,,
,LAKE PLACID,HIGHLANDS,,,FIRE STATION,-81.36728937,27.29706766,,,,
,LAKE PLACID,HIGHLANDS,,,FIRE STATION,-81.32512442,27.25167340,,,,
,LAKE PLACID,HIGHLANDS,,,FIRE STATION,-81.32400018,27.31337174,,,,
,LAKE PLACID,HIGHLANDS,,,FIRE STATION,-81.32333419,27.29983054,,,,
,LAKE PLACID,HIGHLANDS,,,FIRE STATION,-81.30899506,27.22631844,,,,
,AVON PARK,HIGHLANDS,,,FIRE STATION,-81.45725237,27.59582876,,,,
,AVON PARK,HIGHLANDS,,,FIRE STATION,-81.49845981,27.59492425,,,,
,AVON PARK,HIGHLANDS,,,FIRE STATION,-81.52295739,27.63778371,,,,
,LORIDA,HIGHLANDS,,,FIRE STATION,-81.04578696,27.35719650,,,,
,LORIDA,HIGHLANDS,,,FIRE STATION,-81.26138413,27.44807214,,,,
,VENUS,HIGHLANDS,,,FIRE STATION,-81.39259451,27.07393566,,,,
,RUSKIN,HILLSBOROUGH,,,FIRE STATION,-82.42869504,27.71351725,,,,
,TAMPA,HILLSBOROUGH,,,FIRE STATION,-82.39790534,27.96340572,,,,
,TAMPA,HILLSBOROUGH,,,FIRE STATION,-82.45017551,27.92158197,,,,
,TAMPA,HILLSBOROUGH,,,FIRE STATION,-82.50455513,28.06716709,,,,
,TAMPA,HILLSBOROUGH,,,FIRE STATION,-82.43513243,27.96337674,,,,
,TAMPA,HILLSBOROUGH,,,FIRE STATION,-82.43492770,27.94675037,,,,
,TAMPA,HILLSBOROUGH,,,FIRE STATION,-82.33604058,27.94148447,,,,
,TAMPA,HILLSBOROUGH,,,FIRE STATION,-82.42770739,28.03584444,,,,
,TAMPA,HILLSBOROUGH,,,FIRE STATION,-82.54946810,28.04181715,,,,
,TAMPA,HILLSBOROUGH,,,FIRE STATION,-82.39031389,27.94203082,,,,
,TAMPA,HILLSBOROUGH,,,FIRE STATION,-82.45558194,27.98032535,,,,
,TAMPA,HILLSBOROUGH,,,FIRE STATION,-82.42683038,27.99866021,,,,
,TAMPA,HILLSBOROUGH,,,FIRE STATION,-82.50519438,28.09811407,,,,
,TAMPA,HILLSBOROUGH,,,FIRE STATION,-82.42254316,27.97169925,,,,
,TAMPA,HILLSBOROUGH,,,FIRE STATION,-82.47460000,28.02468000,,,,
,TAMPA,HILLSBOROUGH,,,FIRE STATION,-82.39088524,28.10621292,,,,
,TAMPA,HILLSBOROUGH,,,FIRE STATION,-82.53430744,27.97432422,,,,
,TAMPA,HILLSBOROUGH,,,FIRE STATION,-82.49199214,27.85283935,,,,
,TAMPA,HILLSBOROUGH,,,FIRE STATION,-82.36966132,28.06310104,,,,
,TAMPA,HILLSBOROUGH,,,FIRE STATION,-82.58457842,27.99971176,,,,
,TAMPA,HILLSBOROUGH,,,FIRE STATION,-82.50929668,28.02796175,,,,
,TAMPA,HILLSBOROUGH,,,FIRE STATION,-82.39072691,27.98980214,,,,
,TAMPA,HILLSBOROUGH,,,FIRE STATION,-82.55955061,27.99496631,,,,
,TAMPA,HILLSBOROUGH,,,FIRE STATION,-82.36832862,27.91816043,,,,
,TAMPA,HILLSBOROUGH,,,FIRE STATION,-82.51759001,27.96053175,,,,
,TAMPA,HILLSBOROUGH,,,FIRE STATION,-82.45105528,28.00265900,,,,
,TAMPA,HILLSBOROUGH,,,FIRE STATION,-82.39226624,28.03302311,,,,
,TAMPA,HILLSBOROUGH,,,FIRE STATION,-82.44798087,28.07350123,,,,
,TAMPA,HILLSBOROUGH,,,FIRE STATION,-82.34776719,28.14161538,,,,
,TAMPA,HILLSBOROUGH,,,FIRE STATION,-82.49220128,27.99662473,,,,
,TAMPA,HILLSBOROUGH,,,FIRE STATION,-82.50818929,27.93048739,,,,
,TAMPA,HILLSBOROUGH,,,FIRE STATION,-82.47205633,27.94429074,,,,
,TAMPA,HILLSBOROUGH,,,FIRE STATION,-82.42331939,28.07061780,,,,
,TAMPA,HILLSBOROUGH,,,FIRE STATION,-82.50239492,27.89295430,,,,
,TAMPA,HILLSBOROUGH,,,FIRE STATION,-82.47305303,27.83290318,,,,
,TAMPA,HILLSBOROUGH,,,FIRE STATION,-82.61056662,28.01785379,,,,
,TAMPA,HILLSBOROUGH,,,FIRE STATION,-82.45448474,27.95174063,,,,
,TAMPA,HILLSBOROUGH,,,FIRE STATION,-82.58244355,28.03755462,,,,
,TAMPA,HILLSBOROUGH,,,FIRE STATION,-82.57043333,28.07554960,,,,
,TAMPA,HILLSBOROUGH,,,FIRE STATION,-82.33462369,27.97338311,,,,
,TAMPA,HILLSBOROUGH,,,FIRE STATION,-82.49425627,27.85351935,,,,
,TAMPA,HILLSBOROUGH,,,FIRE STATION,-82.53770543,28.08526864,,,,
,TAMPA,HILLSBOROUGH,,,FIRE STATION,-82.62443887,28.05270765,,,,
,TAMPA,HILLSBOROUGH,,,FIRE STATION,-82.48677269,27.95893555,,,,
,TAMPA,HILLSBOROUGH,,,FIRE STATION,-82.44490524,28.06583621,,,,
,LITHIA,HILLSBOROUGH,,,FIRE STATION,-82.17376336,27.84972697,,,,
,GIBSONTON,HILLSBOROUGH,,,FIRE STATION,-82.35709307,27.85011732,,,,
,WIMAUMA,HILLSBOROUGH,,,FIRE STATION,-82.38468339,27.65720544,,,,
,WIMAUMA,HILLSBOROUGH,,,FIRE STATION,-82.30490719,27.70656652,,,,
,SUN CITY CENTER,HILLSBOROUGH,,,FIRE STATION,-82.34681426,27.71171973,,,,
,BRANDON,HILLSBOROUGH,,,FIRE STATION,-82.28761539,27.89392380,,,,
,BRANDON,HILLSBOROUGH,,,FIRE STATION,-82.27525353,27.93903480,,,,
,APOLLO BEACH,HILLSBOROUGH,,,FIRE STATION,-82.40966501,27.76519037,,,,
,RIVERVIEW,HILLSBOROUGH,,,FIRE STATION,-82.32823301,27.79159650,,,,
,RIVERVIEW,HILLSBOROUGH,,,FIRE STATION,-82.32367222,27.86253735,,,,
,RIVERVIEW,HILLSBOROUGH,,,FIRE STATION,-82.31809347,27.89683025,,,,
,PLANT CITY,HILLSBOROUGH,,,FIRE STATION,-82.13786850,28.02167627,,,,
,PLANT CITY,HILLSBOROUGH,,,FIRE STATION,-82.07994039,27.98291982,,,,
,PLANT CITY,HILLSBOROUGH,,,FIRE STATION,-82.07207643,28.03859196,,,,
,PLANT CITY,HILLSBOROUGH,,,FIRE STATION,-82.11704232,27.98949599,,,,
,PLANT CITY,HILLSBOROUGH,,,FIRE STATION,-82.18886652,28.04729221,,,,
,SEFFNER,HILLSBOROUGH,,,FIRE STATION,-82.29735520,28.00318511,,,,
,SEFFNER,HILLSBOROUGH,,,FIRE STATION,-82.27725671,27.96625759,,,,
,LUTZ,HILLSBOROUGH,,,FIRE STATION,-82.54595985,28.12879660,,,,
,LUTZ,HILLSBOROUGH,,,FIRE STATION,-82.46337428,28.15131986,,,,
,LUTZ,HILLSBOROUGH,,,FIRE STATION,-82.45599839,28.10217172,,,,
, ,HILLSBOROUGH,,,FIRE STATION,-82.51829000,27.86524000,,,,
,VALRICO,HILLSBOROUGH,,,FIRE STATION,-82.21996954,27.93931210,,,,
,VALRICO,HILLSBOROUGH,,,FIRE STATION,-82.21846408,27.89343441,,,,
,THONOTOSASSA,HILLSBOROUGH,,,FIRE STATION,-82.29613139,28.05700523,,,,
,DOVER,HILLSBOROUGH,,,FIRE STATION,-82.20764412,27.99377096,,,,
,WESTVILLE,HOLMES,,,FIRE STATION,-85.95609736,30.90183445,,,,
,WESTVILLE,HOLMES,,,FIRE STATION,-85.85134891,30.77444602,,,,
,WESTVILLE,HOLMES,,,FIRE STATION,-85.87681756,30.95261882,,,,
,BONIFAY,HOLMES,,,FIRE STATION,-85.61971975,30.98063211,,,,
,BONIFAY,HOLMES,,,FIRE STATION,-85.80975409,30.94053962,,,,
,BONIFAY,HOLMES,,,FIRE STATION,-85.64607185,30.98465244,,,,
,BONIFAY,HOLMES,,,FIRE STATION,-85.68026492,30.78488726,,,,
,CARYVILLE,HOLMES,,,FIRE STATION,-85.84036079,30.86598127,,,,
,Ponce de Leon,HOLMES,,,FIRE STATION,-85.96852416,30.71976680,,,,
,PONCE DE LEON,HOLMES,,,FIRE STATION,-85.95037595,30.72193881,,,,
,SEBASTIAN,INDIAN RIVER,,,FIRE STATION,-80.48852064,27.83794960,,,,
,SEBASTIAN,INDIAN RIVER,,,FIRE STATION,-80.49265449,27.83097156,,,,
,SEBASTIAN,INDIAN RIVER,,,FIRE STATION,-80.48686500,27.77806203,,,,
,VERO BEACH,INDIAN RIVER,,,FIRE STATION,-80.37011524,27.65222747,,,,
,VERO BEACH,INDIAN RIVER,,,FIRE STATION,-80.39559156,27.62960787,,,,
,VERO BEACH,INDIAN RIVER,,,FIRE STATION,-80.52057417,27.74313757,,,,
,VERO BEACH,INDIAN RIVER,,,FIRE STATION,-80.40133693,27.58773286,,,,
,VERO BEACH,INDIAN RIVER,,,FIRE STATION,-80.40829357,27.76298104,,,,
,VERO BEACH,INDIAN RIVER,,,FIRE STATION,-80.42025683,27.71275242,,,,
,VERO BEACH,INDIAN RIVER,,,FIRE STATION,-80.33962120,27.60280361,,,,
,VERO BEACH,INDIAN RIVER,,,FIRE STATION,-80.40301114,27.64729123,,,,
,VERO BEACH,INDIAN RIVER,,,FIRE STATION,-80.49635121,27.62475638,,,,
,VERO BEACH,INDIAN RIVER,,,FIRE STATION,-80.42215426,27.68326004,,,,
,VERO BEACH,INDIAN RIVER,,,FIRE STATION,-80.37293387,27.69175056,,,,
,VERO BEACH,INDIAN RIVER,,,FIRE STATION,-80.42940474,27.64948042,,,,
,FELLSMERE,INDIAN RIVER,,,FIRE STATION,-80.60153494,27.77018292,,,,
,CAMPBELLTON,JACKSON,,,FIRE STATION,-85.40156434,30.95048234,,,,
,CAMPBELLTON,JACKSON,,,FIRE STATION,,,,,,
,COTTONDALE,JACKSON,,,FIRE STATION,-85.37562019,30.79565723,,,,
,ALFORD,JACKSON,,,FIRE STATION,-85.39242857,30.69423239,,,,
,ALFORD,JACKSON,,,FIRE STATION,-85.34285021,30.62021224,,,,
,SNEADS,JACKSON,,,FIRE STATION,,,,,,
,SNEADS,JACKSON,,,FIRE STATION,-84.91956619,30.71068576,,,,
,MARIANNA,JACKSON,,,FIRE STATION,-85.06174180,30.81440255,,,,
,MARIANNA,JACKSON,,,FIRE STATION,-85.17078923,30.82344910,,,,
,MARIANNA,JACKSON,,,FIRE STATION,-85.26429298,30.75739609,,,,
,MARIANNA,JACKSON,,,FIRE STATION,-85.22712170,30.77576394,,,,
,Grand Ridge,JACKSON,,,FIRE STATION,-85.01969776,30.71464493,,,,
,MALONE,JACKSON,,,FIRE STATION,-85.16118599,30.95596282,,,,
,GRACEVILLE,JACKSON,,,FIRE STATION,-85.51501481,30.95589891,,,,
,MONTICELLO,JEFFERSON,,,FIRE STATION,-83.87053304,30.55562812,,,,
,MONTICELLO,JEFFERSON,,,FIRE STATION,-83.98636410,30.35901940,,,,
,MONTICELLO,JEFFERSON,,,FIRE STATION,-83.86954590,30.52963153,,,,
,TALLAHASSEE,JEFFERSON,,,FIRE STATION,-84.02123880,30.47790576,,,,
,GREENVILLE,JEFFERSON,,,FIRE STATION,-83.69905768,30.59579911,,,,
,BRANFORD,LAFAYETTE,,,FIRE STATION,-82.91761494,29.84583537,,,,
,MAYO,LAFAYETTE,,,FIRE STATION,-83.16554716,30.05243458,,,,
,FRUITLAND PARK,LAKE,,,FIRE STATION,-81.91165631,28.87638163,,,,
,FRUITLAND PARK,LAKE,,,FIRE STATION,-81.91274399,28.85874518,,,,
,LADY LAKE,LAKE,,,FIRE STATION,-81.95137416,28.94849414,,,,
,LADY LAKE,LAKE,,,FIRE STATION,-81.92560352,28.91952071,,,,
,LADY LAKE,LAKE,,,FIRE STATION,-81.85196091,28.93282639,,,,
,CLERMONT,LAKE,,,FIRE STATION,-81.79798451,28.60026950,,,,
,CLERMONT,LAKE,,,FIRE STATION,-81.76290226,28.51601405,,,,
,CLERMONT,LAKE,,,FIRE STATION,-81.68499537,28.54725056,,,,
,CLERMONT,LAKE,,,FIRE STATION,-81.71530093,28.50007247,,,,
,CLERMONT,LAKE,,,FIRE STATION,-81.68554049,28.36957595,,,,
,CLERMONT,LAKE,,,FIRE STATION,-81.70131933,28.62381324,,,,
,CLERMONT,LAKE,,,FIRE STATION,-81.74816987,28.57050390,,,,
,CLERMONT,LAKE,,,FIRE STATION,-81.71437625,28.54871390,,,,
,CLERMONT,LAKE,,,FIRE STATION,-81.76230396,28.55091691,,,,
,CLERMONT,LAKE,,,FIRE STATION,-81.80217188,28.43788132,,,,
,EUSTIS,LAKE,,,FIRE STATION,-81.68697874,28.84524843,,,,
,EUSTIS,LAKE,,,FIRE STATION,-81.54097183,28.87638398,,,,
,EUSTIS,LAKE,,,FIRE STATION,-81.43052770,28.93944548,,,,
,ASTATULA,LAKE,,,FIRE STATION,-81.73381514,28.71084863,,,,
,TAVARES,LAKE,,,FIRE STATION,-81.74563196,28.77235543,,,,
,TAVARES,LAKE,,,FIRE STATION,-81.72346275,28.80372026,,,,
,MOUNT DORA,LAKE,,,FIRE STATION,-81.63331659,28.84743103,,,,
,MOUNT DORA,LAKE,,,FIRE STATION,-81.68559668,28.74765984,,,,
,MOUNT DORA,LAKE,,,FIRE STATION,-81.68238517,28.81540744,,,,
,MOUNT DORA,LAKE,,,FIRE STATION,-81.64429998,28.80816212,,,,
,LEESBURG,LAKE,,,FIRE STATION,-81.93331660,28.82909596,,,,
,LEESBURG,LAKE,,,FIRE STATION,-81.80240362,28.82584769,,,,
,LEESBURG,LAKE,,,FIRE STATION,-81.89530517,28.82895310,,,,
,LEESBURG,LAKE,,,FIRE STATION,-81.76913584,28.84166868,,,,
,LEESBURG,LAKE,,,FIRE STATION,-81.83576619,28.80783407,,,,
,LEESBURG,LAKE,,,FIRE STATION,-81.75087682,28.87442124,,,,
,LEESBURG,LAKE,,,FIRE STATION,-81.86065628,28.71063946,,,,
,LEESBURG,LAKE,,,FIRE STATION,-81.87402177,28.81007242,,,,
,ALTOONA,LAKE,,,FIRE STATION,-81.64680715,28.97041864,,,,
,ALTOONA,LAKE,,,FIRE STATION,-81.63953126,29.04165174,,,,
,GROVELAND,LAKE,,,FIRE STATION,-81.90580193,28.47464260,,,,
,GROVELAND,LAKE,,,FIRE STATION,-81.85957818,28.56146571,,,,
,ASTOR,LAKE,,,FIRE STATION,-81.55841585,29.15811264,,,,
,UMATILLA,LAKE,,,FIRE STATION,-81.66752957,28.92664279,,,,
,UMATILLA,LAKE,,,FIRE STATION,-81.67320986,28.91398628,,,,
,UMATILLA,LAKE,,,FIRE STATION,-81.68763367,28.89776173,,,,
,MASCOTTE,LAKE,,,FIRE STATION,-81.88084678,28.57222154,,,,
,PAISLEY,LAKE,,,FIRE STATION,-81.53759276,28.99623811,,,,
,OKAHUMPKA,LAKE,,,FIRE STATION,-81.89242810,28.74105706,,,,
,YALAHA,LAKE,,,FIRE STATION,-81.80790195,28.74305212,,,,
,SORRENTO,LAKE,,,FIRE STATION,-81.53621076,28.80752718,,,,
,SANIBEL,LEE,,,FIRE STATION,-82.07793780,26.43777804,,,,
,SANIBEL,LEE,,,FIRE STATION,-82.15226720,26.46543152,,,,
,FORT MYERS,LEE,,,FIRE STATION,-81.87050744,26.56413740,,,,
,FORT MYERS,LEE,,,FIRE STATION,-81.75865388,26.53761256,,,,
,FORT MYERS,LEE,,,FIRE STATION,-81.86414660,26.59090344,,,,
,FORT MYERS,LEE,,,FIRE STATION,-81.84043128,26.60982515,,,,
,FORT MYERS,LEE,,,FIRE STATION,-81.93621038,26.51392857,,,,
,FORT MYERS,LEE,,,FIRE STATION,-81.78613089,26.60276894,,,,
,FORT MYERS,LEE,,,FIRE STATION,-81.86513260,26.64057832,,,,
,FORT MYERS,LEE,,,FIRE STATION,-81.82120307,26.64236496,,,,
,FORT MYERS,LEE,,,FIRE STATION,-81.89849490,26.51026468,,,,
,FORT MYERS,LEE,,,FIRE STATION,-81.96309409,26.50241242,,,,
,FORT MYERS,LEE,,,FIRE STATION,-81.75237155,26.70302374,,,,
,FORT MYERS,LEE,,,FIRE STATION,-81.84424454,26.65759064,,,,
,FORT MYERS,LEE,,,FIRE STATION,-81.86192624,26.53128510,,,,
,FORT MYERS,LEE,,,FIRE STATION,-81.78047096,26.45754898,,,,
,FORT MYERS,LEE,,,FIRE STATION,-81.87341354,26.60735123,,,,
,FORT MYERS,LEE,,,FIRE STATION,-81.89893005,26.57470009,,,,
,FORT MYERS,LEE,,,FIRE STATION,-81.80253735,26.67205614,,,,
,FORT MYERS,LEE,,,FIRE STATION,-81.82330945,26.46820999,,,,
,FORT MYERS,LEE,,,FIRE STATION,-81.90480693,26.55483703,,,,
,FORT MYERS,LEE,,,FIRE STATION,-81.81717839,26.54635107,,,,
,FORT MYERS,LEE,,,FIRE STATION,-81.75777596,26.55499242,,,,
,FORT MYERS,LEE,,,FIRE STATION,-81.85799356,26.49780585,,,,
,FORT MYERS,LEE,,,FIRE STATION,-81.73194337,26.65868392,,,,
,CAPE CORAL,LEE,,,FIRE STATION,-81.97372153,26.61473533,,,,
,CAPE CORAL,LEE,,,FIRE STATION,-81.98924676,26.65064644,,,,
,CAPE CORAL,LEE,,,FIRE STATION,-81.98198555,26.57612274,,,,
,CAPE CORAL,LEE,,,FIRE STATION,-81.95938391,26.63016585,,,,
,CAPE CORAL,LEE,,,FIRE STATION,-82.03970495,26.73309090,,,,
,CAPE CORAL,LEE,,,FIRE STATION,-82.00724801,26.56649337,,,,
,CAPE CORAL,LEE,,,FIRE STATION,-81.94898033,26.72476334,,,,
,CAPE CORAL,LEE,,,FIRE STATION,-81.93911926,26.60689005,,,,
,CAPE CORAL,LEE,,,FIRE STATION,-81.95138156,26.68316746,,,,
,CAPE CORAL,LEE,,,FIRE STATION,-81.95838281,26.56660588,,,,
,NORTH FORT MYERS,LEE,,,FIRE STATION,-81.85238033,26.70100819,,,,
,NORTH FORT MYERS,LEE,,,FIRE STATION,-81.90951181,26.73496761,,,,
,NORTH FORT MYERS,LEE,,,FIRE STATION,-81.87920623,26.66889871,,,,
,NORTH FORT MYERS,LEE,,,FIRE STATION,-81.90984444,26.67128890,,,,
,NORTH FORT MYERS,LEE,,,FIRE STATION,-81.80112988,26.71653989,,,,
,LEHIGH ACRES,LEE,,,FIRE STATION,-81.60426912,26.56278244,,,,
,LEHIGH ACRES,LEE,,,FIRE STATION,-81.59778174,26.63684493,,,,
,LEHIGH ACRES,LEE,,,FIRE STATION,-81.63993782,26.59835674,,,,
,LEHIGH ACRES,LEE,,,FIRE STATION,-81.67960311,26.59874280,,,,
,LEHIGH ACRES,LEE,,,FIRE STATION,-81.71443518,26.60902093,,,,
,FORT MYERS BEACH,LEE,,,FIRE STATION,-81.94797338,26.48160224,,,,
,FORT MYERS BEACH,LEE,,,FIRE STATION,-81.93528556,26.44523628,,,,
,FORT MYERS BEACH,LEE,,,FIRE STATION,-81.89984961,26.41555882,,,,
,ESTERO,LEE,,,FIRE STATION,-81.75800027,26.44027243,,,,
,ESTERO,LEE,,,FIRE STATION,-81.81039659,26.43728701,,,,
,ESTERO,LEE,,,FIRE STATION,-81.78886493,26.42592055,,,,
,ESTERO,LEE,,,FIRE STATION,-81.81014989,26.41145955,,,,
,BONITA SPRINGS,LEE,,,FIRE STATION,-81.80379660,26.34668785,,,,
,BONITA SPRINGS,LEE,,,FIRE STATION,-81.80703500,26.37582486,,,,
,BONITA SPRINGS,LEE,,,FIRE STATION,-81.77935264,26.33799429,,,,
,BONITA SPRINGS,LEE,,,FIRE STATION,-81.73742297,26.33580170,,,,
,BONITA SPRINGS,LEE,,,FIRE STATION,-81.81645288,26.32973602,,,,
,BOKEELIA,LEE,,,FIRE STATION,-82.21243003,26.66163072,,,,
,BOKEELIA,LEE,,,FIRE STATION,-82.14970291,26.67730666,,,,
,BOKEELIA,LEE,,,FIRE STATION,-82.11985740,26.61390219,,,,
,ALVA,LEE,,,FIRE STATION,-81.60755189,26.70618246,,,,
,CAPTIVA,LEE,,,FIRE STATION,-82.22043553,26.60125039,,,,
,CAPTIVA,LEE,,,FIRE STATION,-82.18942052,26.52275266,,,,
,SAINT JAMES CITY,LEE,,,FIRE STATION,-82.08858566,26.53298528,,,,
,BOCA GRANDE,LEE,,,FIRE STATION,-82.26092070,26.74991252,,,,
,BOCA GRANDE,LEE,,,FIRE STATION,-82.24627492,26.68605975,,,,
,TALLAHASSEE,LEON,,,FIRE STATION,-84.22285822,30.51236692,,,,
,TALLAHASSEE,LEON,,,FIRE STATION,-84.25427563,30.49243952,,,,
,TALLAHASSEE,LEON,,,FIRE STATION,-84.53948700,30.42345600,,,,
,TALLAHASSEE,LEON,,,FIRE STATION,-84.25331219,30.58685314,,,,
,TALLAHASSEE,LEON,,,FIRE STATION,-84.35547724,30.39649233,,,,
,TALLAHASSEE,LEON,,,FIRE STATION,-84.12531834,30.43870998,,,,
,TALLAHASSEE,LEON,,,FIRE STATION,-84.23050371,30.42627883,,,,
,TALLAHASSEE,LEON,,,FIRE STATION,-84.37613913,30.54839516,,,,
,TALLAHASSEE,LEON,,,FIRE STATION,-84.28156075,30.44558711,,,,
,TALLAHASSEE,LEON,,,FIRE STATION,-84.20894154,30.65627534,,,,
,TALLAHASSEE,LEON,,,FIRE STATION,-84.42350503,30.30569303,,,,
,TALLAHASSEE,LEON,,,FIRE STATION,-84.12979902,30.37690156,,,,
,TALLAHASSEE,LEON,,,FIRE STATION,-84.33742799,30.44062925,,,,
,TALLAHASSEE,LEON,,,FIRE STATION,-84.32855169,30.47333771,,,,
,TALLAHASSEE,LEON,,,FIRE STATION,-84.14879612,30.56183801,,,,
,TALLAHASSEE,LEON,,,FIRE STATION,-84.36494728,30.52843726,,,,
,TALLAHASSEE,LEON,,,FIRE STATION,-84.27983532,30.40708002,,,,
,TALLAHASSEE,LEON,,,FIRE STATION,-84.22295920,30.45155998,,,,
,TALLAHASSEE,LEON,,,FIRE STATION,-84.25309477,30.32108197,,,,
,TALLAHASSEE,LEON,,,FIRE STATION,-84.29620518,30.47852023,,,,
,TALLAHASSEE,LEON,,,FIRE STATION,-84.33711554,30.44027602,,,,
,TALLAHASSE,LEON,,,FIRE STATION,-84.22164457,30.45070660,,,,
,TALLAHASSE,LEON,,,FIRE STATION,-84.64086382,30.36977356,,,,
,INGLIS,LEVY,,,FIRE STATION,-82.72653537,29.25084691,,,,
,INGLIS,LEVY,,,FIRE STATION,-82.67340723,29.03258882,,,,
,YANKEETOWN,LEVY,,,FIRE STATION,-82.71698863,29.02948178,,,,
,CEDAR KEY,LEVY,,,FIRE STATION,-82.93766002,29.23565275,,,,
,CEDAR KEY,LEVY,,,FIRE STATION,-83.03189709,29.13612043,,,,
,CHIEFLAND,LEVY,,,FIRE STATION,-82.85893076,29.47915881,,,,
,CHIEFLAND,LEVY,,,FIRE STATION,-83.02215112,29.39513208,,,,
,WILLISTON,LEVY,,,FIRE STATION,-82.44718109,29.38557682,,,,
,MORRISTON,LEVY,,,FIRE STATION,-82.53480023,29.29222968,,,,
,MORRISTON,LEVY,,,FIRE STATION,-82.44131232,29.28234437,,,,
,BRONSON,LEVY,,,FIRE STATION,-82.63346685,29.44304961,,,,
,OTTER CREEK,LEVY,,,FIRE STATION,-82.77343689,29.32184561,,,,
,FANNING SPRINGS,LEVY,,,FIRE STATION,-82.92374646,29.58527029,,,,
,BRISTOL,LIBERTY,,,FIRE STATION,-84.90761844,30.54006840,,,,
,BRISTOL,LIBERTY,,,FIRE STATION,-84.98004573,30.43309993,,,,
,BRISTOL,LIBERTY,,,FIRE STATION,-85.03563462,30.30904196,,,,
,HOSFORD,LIBERTY,,,FIRE STATION,-84.97868919,30.02057425,,,,
,HOSFORD,LIBERTY,,,FIRE STATION,-84.79884230,30.38573498,,,,
,MADISON,MADISON,,,FIRE STATION,-83.41362350,30.46721147,,,,
,MADISON,MADISON,,,FIRE STATION,-83.52757254,30.35103510,,,,
,MADISON,MADISON,,,FIRE STATION,-83.40469645,30.61556580,,,,
,GREENVILLE,MADISON,,,FIRE STATION,-83.56514121,30.56708061,,,,
,GREENVILLE,MADISON,,,FIRE STATION,-83.65287271,30.35381887,,,,
,GREENVILLE,MADISON,,,FIRE STATION,-83.63439616,30.46580921,,,,
,PINETTA,MADISON,,,FIRE STATION,-83.35402339,30.59518910,,,,
,LEE,MADISON,,,FIRE STATION,-83.29981626,30.42301653,,,,
,LEE,MADISON,,,FIRE STATION,-83.32464356,30.34806071,,,,
,BRADENTON,MANATEE,,,FIRE STATION,-82.61998400,27.47514602,,,,
,BRADENTON,MANATEE,,,FIRE STATION,-82.39148229,27.43596454,,,,
,BRADENTON,MANATEE,,,FIRE STATION,-82.62923958,27.44839703,,,,
,BRADENTON,MANATEE,,,FIRE STATION,-82.46285998,27.41040128,,,,
,BRADENTON,MANATEE,,,FIRE STATION,-82.17416707,27.58499345,,,,
,BRADENTON,MANATEE,,,FIRE STATION,-82.57218442,27.49239582,,,,
,BRADENTON,MANATEE,,,FIRE STATION,-82.57100347,27.46818800,,,,
,BRADENTON,MANATEE,,,FIRE STATION,-82.48485361,27.49137131,,,,
,BRADENTON,MANATEE,,,FIRE STATION,-82.58799448,27.44876782,,,,
,BRADENTON,MANATEE,,,FIRE STATION,-82.43284223,27.47067543,,,,
,BRADENTON,MANATEE,,,FIRE STATION,-82.44766567,27.43699534,,,,
,BRADENTON,MANATEE,,,FIRE STATION,-82.66485680,27.46231417,,,,
,BRADENTON,MANATEE,,,FIRE STATION,-82.43895990,27.39062604,,,,
,BRADENTON,MANATEE,,,FIRE STATION,-82.54088306,27.47352956,,,,
,BRADENTON,MANATEE,,,FIRE STATION,-82.38395668,27.49849142,,,,
,BRADENTON,MANATEE,,,FIRE STATION,-82.54714709,27.43250301,,,,
,BRADENTON,MANATEE,,,FIRE STATION,-82.58341615,27.41940969,,,,
,BRADENTON,MANATEE,,,FIRE STATION,-82.50598086,27.44768715,,,,
,BRADENTON,MANATEE,,,FIRE STATION,-82.54841354,27.49434306,,,,
,BRADENTON,MANATEE,,,FIRE STATION,-82.62818117,27.49681319,,,,
,ELLENTON,MANATEE,,,FIRE STATION,-82.48749839,27.53792326,,,,
,ELLENTON,MANATEE,,,FIRE STATION,-82.52725103,27.52083592,,,,
,BRADENTON BEACH,MANATEE,,,FIRE STATION,-82.69765847,27.46651850,,,,
,BRADENTON BEACH,MANATEE,,,FIRE STATION,-82.71538937,27.51153638,,,,
,PALMETTO,MANATEE,,,FIRE STATION,-82.51336690,27.60248817,,,,
,PALMETTO,MANATEE,,,FIRE STATION,-82.55550885,27.55766110,,,,
,PALMETTO,MANATEE,,,FIRE STATION,-82.58167575,27.52429422,,,,
,PARRISH,MANATEE,,,FIRE STATION,-82.19309084,27.58050497,,,,
,PARRISH,MANATEE,,,FIRE STATION,-82.42619119,27.57153445,,,,
,SARASOTA,MANATEE,,,FIRE STATION,-82.51734522,27.40439554,,,,
,SARASOTA,MANATEE,,,FIRE STATION,-82.55722204,27.39359675,,,,
,SARASOTA,MANATEE,,,FIRE STATION,-82.56972521,27.40870463,,,,
,LONGBOAT KEY,MANATEE,,,FIRE STATION,-82.65804877,27.41260397,,,,
,MYAKKA CITY,MANATEE,,,FIRE STATION,-82.27020302,27.38646027,,,,
,MYAKKA CITY,MANATEE,,,FIRE STATION,-82.16205568,27.35498862,,,,
,DUNNELLON,MARION,,,FIRE STATION,-82.46232115,29.04927654,,,,
,DUNNELLON,MARION,,,FIRE STATION,-82.52920507,29.15491401,,,,
,DUNNELLON,MARION,,,FIRE STATION,-82.45191166,29.09781600,,,,
,DUNNELLON,MARION,,,FIRE STATION,-82.28524157,28.99662385,,,,
,DUNNELLON,MARION,,,FIRE STATION,-82.41512673,29.15460405,,,,
,DUNNELLON,MARION,,,FIRE STATION,-82.48288425,29.14976009,,,,
,OCALA,MARION,,,FIRE STATION,-82.10392068,29.21103883,,,,
,OCALA,MARION,,,FIRE STATION,-82.17837440,29.16754966,,,,
,OCALA,MARION,,,FIRE STATION,-82.24856890,29.08857890,,,,
,OCALA,MARION,,,FIRE STATION,-82.19735452,29.00823771,,,,
,OCALA,MARION,,,FIRE STATION,-82.23601989,29.22512518,,,,
,OCALA,MARION,,,FIRE STATION,-82.01493937,29.10972916,,,,
,OCALA,MARION,,,FIRE STATION,-82.03637682,29.17193024,,,,
,OCALA,MARION,,,FIRE STATION,-82.22001804,29.17007151,,,,
,OCALA,MARION,,,FIRE STATION,-82.13311177,29.18943966,,,,
,OCALA,MARION,,,FIRE STATION,-82.08451864,29.16226178,,,,
,OCALA,MARION,,,FIRE STATION,-82.13596535,29.11541312,,,,
,OCALA,MARION,,,FIRE STATION,-82.15208869,29.17944506,,,,
,OCALA,MARION,,,FIRE STATION,-82.30219014,29.18837069,,,,
,UMATILLA,MARION,,,FIRE STATION,-81.80821297,28.99703693,,,,
,UMATILLA,MARION,,,FIRE STATION,-81.74388258,28.97998812,,,,
,LADY LAKE,MARION,,,FIRE STATION,-82.01735076,28.98144912,,,,
,LADY LAKE,MARION,,,FIRE STATION,-82.00001630,28.96694982,,,,
,CITRA,MARION,,,FIRE STATION,-82.11220759,29.34340630,,,,
,CITRA,MARION,,,FIRE STATION,-82.11068951,29.41304944,,,,
,WEIRSDALE,MARION,,,FIRE STATION,-81.92119137,28.98417222,,,,
,OCKLAWAHA,MARION,,,FIRE STATION,-81.87057235,29.13294709,,,,
,FORT MC COY,MARION,,,FIRE STATION,-81.90529571,29.49413471,,,,
,FORT MC COY,MARION,,,FIRE STATION,-81.93961933,29.36842624,,,,
,FORT MC COY,MARION,,,FIRE STATION,-81.74054035,29.36443224,,,,
,FORT MC COY,MARION,,,FIRE STATION,-81.95549022,29.49156363,,,,
,SILVER SPRINGS,MARION,,,FIRE STATION,-81.86841684,29.17454483,,,,
,SILVER SPRINGS,MARION,,,FIRE STATION,-81.88842866,29.18071983,,,,
,SUMMERFIELD,MARION,,,FIRE STATION,-82.12021332,28.98174219,,,,
,REDDICK,MARION,,,FIRE STATION,-82.19757886,29.32672441,,,,
,REDDICK,MARION,,,FIRE STATION,-82.21757183,29.42423674,,,,
,BELLEVIEW,MARION,,,FIRE STATION,-82.05394759,29.05846128,,,,
,ANTHONY,MARION,,,FIRE STATION,-82.10866990,29.28954170,,,,
,STUART,MARTIN,,,FIRE STATION,-80.17659589,27.21436408,,,,
,STUART,MARTIN,,,FIRE STATION,-80.27973632,27.10182524,,,,
,STUART,MARTIN,,,FIRE STATION,-80.24522077,27.15568603,,,,
,STUART,MARTIN,,,FIRE STATION,-80.23950612,27.19300174,,,,
,STUART,MARTIN,,,FIRE STATION,-80.19901668,27.14746161,,,,
,STUART,MARTIN,,,FIRE STATION,-80.22328747,27.18529258,,,,
,STUART,MARTIN,,,FIRE STATION,-80.23850997,27.17500840,,,,
,STUART,MARTIN,,,FIRE STATION,-80.27937558,27.23490547,,,,
,STUART,MARTIN,,,FIRE STATION,-80.24111333,27.16728421,,,,
,PALM CITY,MARTIN,,,FIRE STATION,-80.26971507,27.16532387,,,,
,HOBE SOUND,MARTIN,,,FIRE STATION,-80.11155443,27.05279174,,,,
,HOBE SOUND,MARTIN,,,FIRE STATION,-80.16055770,27.10089211,,,,
,HOBE SOUND,MARTIN,,,FIRE STATION,-80.13441968,27.05603358,,,,
,JUPITER,MARTIN,,,FIRE STATION,-80.10866853,26.98042591,,,,
,JENSEN BEACH,MARTIN,,,FIRE STATION,-80.23686205,27.23730518,,,,
,INDIANTOWN,MARTIN,,,FIRE STATION,-80.47951783,27.02842823,,,,
,MIAMI,MIAMI-DADE,,,FIRE STATION,-80.19452765,25.79412658,,,,
,MIAMI,MIAMI-DADE,,,FIRE STATION,-80.40134534,25.76182431,,,,
,MIAMI,MIAMI-DADE,,,FIRE STATION,-80.17691766,25.77738442,,,,
,MIAMI,MIAMI-DADE,,,FIRE STATION,-80.28233750,25.66336306,,,,
,MIAMI,MIAMI-DADE,,,FIRE STATION,-80.25672888,25.82465597,,,,
,MIAMI,MIAMI-DADE,,,FIRE STATION,-80.19298596,25.92893408,,,,
,MIAMI,MIAMI-DADE,,,FIRE STATION,-80.33524274,25.71247317,,,,
,MIAMI,MIAMI-DADE,,,FIRE STATION,-80.34942417,25.80949108,,,,
,MIAMI,MIAMI-DADE,,,FIRE STATION,-80.17675944,25.84783092,,,,
,MIAMI,MIAMI-DADE,,,FIRE STATION,-80.21281345,25.95724905,,,,
,MIAMI,MIAMI-DADE,,,FIRE STATION,-80.20789548,25.81034064,,,,
,MIAMI,MIAMI-DADE,,,FIRE STATION,-80.22060904,25.81753723,,,,
,MIAMI,MIAMI-DADE,,,FIRE STATION,-80.33877642,25.79114063,,,,
,MIAMI,MIAMI-DADE,,,FIRE STATION,-80.35443349,25.82573560,,,,
,MIAMI,MIAMI-DADE,,,FIRE STATION,-80.34694708,25.74770925,,,,
,MIAMI,MIAMI-DADE,,,FIRE STATION,-80.36837210,25.76521051,,,,
,MIAMI,MIAMI-DADE,,,FIRE STATION,-80.21378761,25.78053685,,,,
,MIAMI,MIAMI-DADE,,,FIRE STATION,-80.23498108,25.76886239,,,,
,MIAMI,MIAMI-DADE,,,FIRE STATION,-80.36742077,25.57087284,,,,
,MIAMI,MIAMI-DADE,,,FIRE STATION,-80.31187676,25.80899448,,,,
,MIAMI,MIAMI-DADE,,,FIRE STATION,-80.16269493,25.93292007,,,,
,MIAMI,MIAMI-DADE,,,FIRE STATION,-80.40102947,25.68882009,,,,
,MIAMI,MIAMI-DADE,,,FIRE STATION,-80.28855259,25.70588980,,,,
,MIAMI,MIAMI-DADE,,,FIRE STATION,-80.28445401,25.67050454,,,,
,MIAMI,MIAMI-DADE,,,FIRE STATION,-80.22857654,25.75499693,,,,
,MIAMI,MIAMI-DADE,,,FIRE STATION,-80.14324196,25.96050757,,,,
,MIAMI,MIAMI-DADE,,,FIRE STATION,-80.21552629,25.79474766,,,,
,MIAMI,MIAMI-DADE,,,FIRE STATION,-80.29549605,25.76197582,,,,
,MIAMI,MIAMI-DADE,,,FIRE STATION,-80.25090752,25.88214582,,,,
,MIAMI,MIAMI-DADE,,,FIRE STATION,-80.32717555,25.73400223,,,,
,MIAMI,MIAMI-DADE,,,FIRE STATION,-80.16692686,25.89571978,,,,
,MIAMI,MIAMI-DADE,,,FIRE STATION,-80.21022178,25.89443273,,,,
,MIAMI,MIAMI-DADE,,,FIRE STATION,-80.34215480,25.62925301,,,,
,MIAMI,MIAMI-DADE,,,FIRE STATION,-80.17299557,25.96504546,,,,
,MIAMI,MIAMI-DADE,,,FIRE STATION,-80.24165029,25.83332000,,,,
,MIAMI,MIAMI-DADE,,,FIRE STATION,-80.34921261,25.81019134,,,,
,MIAMI,MIAMI-DADE,,,FIRE STATION,-80.45616996,25.69821245,,,,
,MIAMI,MIAMI-DADE,,,FIRE STATION,-80.44051008,25.75763652,,,,
,MIAMI,MIAMI-DADE,,,FIRE STATION,-80.16967838,25.77483916,,,,
,MIAMI,MIAMI-DADE,,,FIRE STATION,-80.41013325,25.62597513,,,,
,MIAMI,MIAMI-DADE,,,FIRE STATION,-80.26480081,25.72432706,,,,
,MIAMI,MIAMI-DADE,,,FIRE STATION,-80.29203993,25.77044552,,,,
,MIAMI,MIAMI-DADE,,,FIRE STATION,-80.19704392,25.76303273,,,,
,MIAMI,MIAMI-DADE,,,FIRE STATION,-80.19119930,25.77880674,,,,
,MIAMI,MIAMI-DADE,,,FIRE STATION,-80.36445059,25.87021701,,,,
,MIAMI,MIAMI-DADE,,,FIRE STATION,-80.23455031,25.85997823,,,,
,MIAMI,MIAMI-DADE,,,FIRE STATION,-80.33090165,25.56637987,,,,
,MIAMI,MIAMI-DADE,,,FIRE STATION,-80.19386194,25.85089826,,,,
,MIAMI,MIAMI-DADE,,,FIRE STATION,-80.19465474,25.83300683,,,,
,MIAMI,MIAMI-DADE,,,FIRE STATION,-80.24113345,25.73018814,,,,
,MIAMI,MIAMI-DADE,,,FIRE STATION,-80.38737314,25.65876038,,,,
,MIAMI,MIAMI-DADE,,,FIRE STATION,-80.34952447,25.60333175,,,,
,MIAMI,MIAMI-DADE,,,FIRE STATION,-80.32122587,25.67419998,,,,
,MIAMI,MIAMI-DADE,,,FIRE STATION,-80.38131741,25.69538587,,,,
,MIAMI,MIAMI-DADE,,,FIRE STATION,-80.42088479,25.64942437,,,,
,MIAMI,MIAMI-DADE,,,FIRE STATION,-80.26025041,25.74584786,,,,
,MIAMI,MIAMI-DADE,,,FIRE STATION,-80.44364225,25.67309927,,,,
,MIAMI,MIAMI-DADE,,,FIRE STATION,-80.42406422,25.72801567,,,,
,MIAMI,MIAMI-DADE,,,FIRE STATION,-80.28858894,25.80654661,,,,
,MIAMI,MIAMI-DADE,,,FIRE STATION,-80.29219345,25.79733412,,,,
,MIAMI,MIAMI-DADE,,,FIRE STATION,-80.19371986,25.86276377,,,,
,MIAMI,MIAMI-DADE,,,FIRE STATION,-80.26328249,25.77896822,,,,
,MIAMI,MIAMI-DADE,,,FIRE STATION,-80.38754383,25.58627301,,,,
,HOMESTEAD,MIAMI-DADE,,,FIRE STATION,-80.43122415,25.46219677,,,,
,HOMESTEAD,MIAMI-DADE,,,FIRE STATION,-80.44887347,25.49903296,,,,
,HOMESTEAD,MIAMI-DADE,,,FIRE STATION,-80.47680590,25.53614658,,,,
,HOMESTEAD,MIAMI-DADE,,,FIRE STATION,-80.45887902,25.44739405,,,,
,HOMESTEAD,MIAMI-DADE,,,FIRE STATION,-80.37735457,25.53755461,,,,
,HOMESTEAD,MIAMI-DADE,,,FIRE STATION,-80.40428629,25.54560676,,,,
,HOMESTEAD,MIAMI-DADE,,,FIRE STATION,-80.48301303,25.47191387,,,,
,OPA LOCKA,MIAMI-DADE,,,FIRE STATION,-80.27988381,25.95529783,,,,
,OPA LOCKA,MIAMI-DADE,,,FIRE STATION,-80.24515654,25.94481400,,,,
,OPA LOCKA,MIAMI-DADE,,,FIRE STATION,-80.27676655,25.90909722,,,,
,OPA LOCKA,MIAMI-DADE,,,FIRE STATION,-80.24464302,25.91336824,,,,
,HIALEAH,MIAMI-DADE,,,FIRE STATION,-80.33859811,25.86795618,,,,
,HIALEAH,MIAMI-DADE,,,FIRE STATION,-80.29774011,25.84394403,,,,
,HIALEAH,MIAMI-DADE,,,FIRE STATION,-80.27993130,25.82670858,,,,
,HIALEAH,MIAMI-DADE,,,FIRE STATION,-80.30748050,25.89006457,,,,
,HIALEAH,MIAMI-DADE,,,FIRE STATION,-80.33246480,25.89097677,,,,
,HIALEAH,MIAMI-DADE,,,FIRE STATION,-80.31829568,25.87210235,,,,
,HIALEAH,MIAMI-DADE,,,FIRE STATION,-80.26712411,25.86116162,,,,
,HIALEAH,MIAMI-DADE,,,FIRE STATION,-80.29911068,25.86629879,,,,
,HIALEAH,MIAMI-DADE,,,FIRE STATION,-80.33276828,25.90193087,,,,
,HIALEAH,MIAMI-DADE,,,FIRE STATION,-80.32654055,25.94186358,,,,
,HIALEAH,MIAMI-DADE,,,FIRE STATION,-80.30895771,25.92403358,,,,
,KEY BISCAYNE,MIAMI-DADE,,,FIRE STATION,-80.16409798,25.69071148,,,,
,KEY BISCAYNE,MIAMI-DADE,,,FIRE STATION,-80.16080513,25.70286901,,,,
,MIAMI BEACH,MIAMI-DADE,,,FIRE STATION,-80.13966528,25.76327603,,,,
,MIAMI BEACH,MIAMI-DADE,,,FIRE STATION,-80.12521161,25.90202358,,,,
,MIAMI BEACH,MIAMI-DADE,,,FIRE STATION,-80.15732596,25.84888718,,,,
,MIAMI BEACH,MIAMI-DADE,,,FIRE STATION,-80.13710965,25.78157466,,,,
,MIAMI BEACH,MIAMI-DADE,,,FIRE STATION,-80.13044394,25.79965151,,,,
,MIAMI BEACH,MIAMI-DADE,,,FIRE STATION,-80.12133252,25.83139414,,,,
,MIAMI BEACH,MIAMI-DADE,,,FIRE STATION,-80.12410706,25.85395458,,,,
,NORTH MIAMI BEACH,MIAMI-DADE,,,FIRE STATION,-80.13577995,25.93171717,,,,
,NORTH MIAMI BEACH,MIAMI-DADE,,,FIRE STATION,-80.14827834,25.93996873,,,,
,NORTH MIAMI BEACH,MIAMI-DADE,,,FIRE STATION,-80.15540707,25.91953730,,,,
,NORTH MIAMI BEACH,MIAMI-DADE,,,FIRE STATION,-80.19333265,25.93056004,,,,
,NORTH MIAMI BEACH,MIAMI-DADE,,,FIRE STATION,-80.12319257,25.93561673,,,,
,NORTH MIAMI BEACH,MIAMI-DADE,,,FIRE STATION,-80.15543691,25.94696027,,,,
,MIAMI-DADE,MIAMI-DADE,,,FIRE STATION,-80.33518077,25.71265562,,,,
,MIAMI-DADE,MIAMI-DADE,,,FIRE STATION,-80.16951731,25.96495285,,,,
,BAY HARBOR ISLANDS,MIAMI-DADE,,,FIRE STATION,-80.13237507,25.88583569,,,,
,MIAMI LAKES,MIAMI-DADE,,,FIRE STATION,-80.32751495,25.91257558,,,,
,DORAL NORTH,MIAMI-DADE,,,FIRE STATION,-80.37794343,25.84107194,,,,
,MIAMI SPRINGS,MIAMI-DADE,,,FIRE STATION,-80.28463456,25.82135019,,,,
,NORTH BAY VILLAGE,MIAMI-DADE,,,FIRE STATION,-80.16712807,25.84961475,,,,
,ISLAMORADA,MONROE,,,FIRE STATION,-80.73112954,24.85714057,,,,
,ISLAMORADA,MONROE,,,FIRE STATION,,,,,,
,ISLAMORADA,MONROE,,,FIRE STATION,-80.55872867,24.96921380,,,,
,ISLAMORADA,MONROE,,,FIRE STATION,-80.63626191,24.91770924,,,,
,MARATHON,MONROE,,,FIRE STATION,,,,,,
,MARATHON,MONROE,,,FIRE STATION,-80.88994541,24.78947455,,,,
,MARATHON,MONROE,,,FIRE STATION,-81.05198362,24.72471175,,,,
,MARATHON,MONROE,,,FIRE STATION,-80.97498784,24.75266154,,,,
,MARATHON,MONROE,,,FIRE STATION,-81.06894504,24.71678924,,,,
,KEY LARGO,MONROE,,,FIRE STATION,-80.44450384,25.08958891,,,,
,KEY LARGO,MONROE,,,FIRE STATION,-80.37307511,25.17336519,,,,
,Layton,MONROE,,,FIRE STATION,-80.81449601,24.82500529,,,,
,KEY WEST,MONROE,,,FIRE STATION,-81.80039606,24.55467416,,,,
,KEY WEST,MONROE,,,FIRE STATION,-81.75595278,24.55377455,,,,
,KEY WEST,MONROE,,,FIRE STATION,-81.78681180,24.55812877,,,,
,KEY WEST,MONROE,,,FIRE STATION,-81.65575309,24.59790305,,,,
,KEY WEST,MONROE,,,FIRE STATION,-81.76562295,24.56159055,,,,
,KEY WEST,MONROE,,,FIRE STATION,-81.69007813,24.58083201,,,,
,Ocean Reef,MONROE,,,FIRE STATION,-80.27987273,25.31838299,,,,
,SUMMERLAND KEY,MONROE,,,FIRE STATION,-81.56409104,24.64721051,,,,
,SUMMERLAND KEY,MONROE,,,FIRE STATION,-81.50620041,24.66439970,,,,
,BIG PINE KEY,MONROE,,,FIRE STATION,-81.35974257,24.67448990,,,,
,TAVERNIER,MONROE,,,FIRE STATION,-80.51754096,25.01071922,,,,
,Stock Island,MONROE,,,FIRE STATION,-81.73600541,24.57269757,,,,
,CALLAHAN,NASSAU,,,FIRE STATION,-81.82883472,30.56333339,,,,
,CALLAHAN,NASSAU,,,FIRE STATION,-81.76098072,30.62833400,,,,
,CALLAHAN,NASSAU,,,FIRE STATION,-81.77242442,30.53155588,,,,
,CALLAHAN,NASSAU,,,FIRE STATION,-81.81250636,30.49813824,,,,
,YULEE,NASSAU,,,FIRE STATION,-81.53626368,30.62670381,,,,
,YULEE,NASSAU,,,FIRE STATION,-81.60358944,30.63617552,,,,
,YULEE,NASSAU,,,FIRE STATION,-81.53052046,30.67298503,,,,
,YULEE,NASSAU,,,FIRE STATION,-81.60425435,30.63354699,,,,
,YULEE,NASSAU,,,FIRE STATION,-81.57120695,30.60540404,,,,
,BRYCEVILLE,NASSAU,,,FIRE STATION,-81.93519680,30.39225550,,,,
,BRYCEVILLE,NASSAU,,,FIRE STATION,-82.02940158,30.41172770,,,,
,FERNANDINA BEACH,NASSAU,,,FIRE STATION,-81.43800021,30.63793416,,,,
,FERNANDINA BEACH,NASSAU,,,FIRE STATION,-81.51858390,30.57846090,,,,
,FERNANDINA BEACH,NASSAU,,,FIRE STATION,-81.51341192,30.61675377,,,,
,FERNANDINA BEACH,NASSAU,,,FIRE STATION,-81.45337843,30.57255659,,,,
,FERNANDINA BEACH,NASSAU,,,FIRE STATION,-81.45231768,30.66669414,,,,
,HILLIARD,NASSAU,,,FIRE STATION,-81.90742367,30.68927911,,,,
,HILLIARD,NASSAU,,,FIRE STATION,-81.99283274,30.56160260,,,,
,HILLIARD,NASSAU,,,FIRE STATION,-81.91915928,30.68969583,,,,
,BAKER,OKALOOSA,,,FIRE STATION,-86.63469397,30.92475665,,,,
,BAKER,OKALOOSA,,,FIRE STATION,-86.64492065,30.75463671,,,,
,BAKER,OKALOOSA,,,FIRE STATION,-86.67972972,30.80114259,,,,
,MARY ESTHER,OKALOOSA,,,FIRE STATION,-86.73755743,30.41232833,,,,
,MARY ESTHER,OKALOOSA,,,FIRE STATION,-86.66427619,30.41277442,,,,
,LAUREL HILL,OKALOOSA,,,FIRE STATION,-86.45839274,30.96723984,,,,
,LAUREL HILL,OKALOOSA,,,FIRE STATION,-86.47965297,30.93670502,,,,
,HOLT,OKALOOSA,,,FIRE STATION,-86.75096981,30.71314437,,,,
,DESTIN,OKALOOSA,,,FIRE STATION,-86.48086156,30.39616581,,,,
,DESTIN,OKALOOSA,,,FIRE STATION,-86.47186097,30.39661913,,,,
,DESTIN,OKALOOSA,,,FIRE STATION,-86.42184577,30.38651583,,,,
,NICEVILLE,OKALOOSA,,,FIRE STATION,-86.41648753,30.46965741,,,,
,NICEVILLE,OKALOOSA,,,FIRE STATION,-86.48752518,30.52003194,,,,
,NICEVILLE,OKALOOSA,,,FIRE STATION,-86.45786875,30.51271564,,,,
,EGLIN AFB,OKALOOSA,,,FIRE STATION,-86.52662406,30.65012448,,,,
,EGLIN AFB,OKALOOSA,,,FIRE STATION,-86.54173517,30.46917708,,,,
,EGLIN AFB,OKALOOSA,,,FIRE STATION,-86.51021413,30.48433347,,,,
,EGLIN AFB,OKALOOSA,,,FIRE STATION,-86.55782211,30.48097023,,,,
,FORT WALTON BEACH,OKALOOSA,,,FIRE STATION,-86.63742522,30.43905772,,,,
,FORT WALTON BEACH,OKALOOSA,,,FIRE STATION,-86.63739970,30.42910473,,,,
,FORT WALTON BEACH,OKALOOSA,,,FIRE STATION,-86.61612428,30.46680738,,,,
,FORT WALTON BEACH,OKALOOSA,,,FIRE STATION,-86.61382906,30.44922820,,,,
,FORT WALTON BEACH,OKALOOSA,,,FIRE STATION,-86.59947509,30.39738878,,,,
,FORT WALTON BEACH,OKALOOSA,,,FIRE STATION,-86.61163862,30.41296556,,,,
,CRESTVIEW,OKALOOSA,,,FIRE STATION,-86.54228742,30.72007802,,,,
,CRESTVIEW,OKALOOSA,,,FIRE STATION,-86.52406954,30.77521071,,,,
,CRESTVIEW,OKALOOSA,,,FIRE STATION,-86.53783970,30.82258936,,,,
,CRESTVIEW,OKALOOSA,,,FIRE STATION,-86.58358451,30.71121291,,,,
,CRESTVIEW,OKALOOSA,,,FIRE STATION,-86.42307077,30.80332501,,,,
,CRESTVIEW,OKALOOSA,,,FIRE STATION,-86.57185191,30.75685608,,,,
,CRESTVIEW,OKALOOSA,,,FIRE STATION,-86.44426627,30.75220862,,,,
,HURLBURT FIELD,OKALOOSA,,,FIRE STATION,-86.69341982,30.42450697,,,,
,VALPARAISO,OKALOOSA,,,FIRE STATION,-86.49885592,30.50937103,,,,
,SHALIMAR,OKALOOSA,,,FIRE STATION,-86.57932560,30.44686013,,,,
,OKEECHOBEE,OKEECHOBEE,,,FIRE STATION,-80.80729837,27.53452226,,,,
,OKEECHOBEE,OKEECHOBEE,,,FIRE STATION,-80.79009172,27.21113237,,,,
,OKEECHOBEE,OKEECHOBEE,,,FIRE STATION,-80.83520222,27.19544708,,,,
,OKEECHOBEE,OKEECHOBEE,,,FIRE STATION,-80.83534696,27.24868979,,,,
,OKEECHOBEE,OKEECHOBEE,,,FIRE STATION,-80.82721990,27.24317414,,,,
,ORLANDO,ORANGE,,,FIRE STATION,-81.38933082,28.54170469,,,,
,ORLANDO,ORANGE,,,FIRE STATION,-81.57964249,28.42336615,,,,
,ORLANDO,ORANGE,,,FIRE STATION,-81.33886117,28.56003700,,,,
,ORLANDO,ORANGE,,,FIRE STATION,-81.25211541,28.53144944,,,,
,ORLANDO,ORANGE,,,FIRE STATION,-81.33190779,28.42653786,,,,
,ORLANDO,ORANGE,,,FIRE STATION,-81.42345414,28.38085952,,,,
,ORLANDO,ORANGE,,,FIRE STATION,-81.32518658,28.52461395,,,,
,ORLANDO,ORANGE,,,FIRE STATION,-81.49178768,28.57951762,,,,
,ORLANDO,ORANGE,,,FIRE STATION,-81.40128303,28.47214732,,,,
,ORLANDO,ORANGE,,,FIRE STATION,,,,,,
,ORLANDO,ORANGE,,,FIRE STATION,-81.28482374,28.48233477,,,,
,ORLANDO,ORANGE,,,FIRE STATION,-81.18674068,28.57177813,,,,
,ORLANDO,ORANGE,,,FIRE STATION,-81.25056285,28.48415385,,,,
,ORLANDO,ORANGE,,,FIRE STATION,-81.37958461,28.53768782,,,,
,ORLANDO,ORANGE,,,FIRE STATION,-81.34429742,28.54650976,,,,
,ORLANDO,ORANGE,,,FIRE STATION,-81.57499092,28.34873865,,,,
,ORLANDO,ORANGE,,,FIRE STATION,-81.38516236,28.57316452,,,,
,ORLANDO,ORANGE,,,FIRE STATION,-81.50162905,28.46180485,,,,
,ORLANDO,ORANGE,,,FIRE STATION,-81.12910186,28.55498324,,,,
,ORLANDO,ORANGE,,,FIRE STATION,-81.24302601,28.41871473,,,,
,ORLANDO,ORANGE,,,FIRE STATION,-81.33034971,28.49925603,,,,
,ORLANDO,ORANGE,,,FIRE STATION,-81.48680290,28.37588102,,,,
,ORLANDO,ORANGE,,,FIRE STATION,-81.39788069,28.59721102,,,,
,ORLANDO,ORANGE,,,FIRE STATION,-81.45603515,28.48347539,,,,
,ORLANDO,ORANGE,,,FIRE STATION,-81.39995559,28.51295214,,,,
,ORLANDO,ORANGE,,,FIRE STATION,-81.31130686,28.55959817,,,,
,ORLANDO,ORANGE,,,FIRE STATION,-81.34018893,28.43513477,,,,
,ORLANDO,ORANGE,,,FIRE STATION,-81.27849545,28.38692653,,,,
,ORLANDO,ORANGE,,,FIRE STATION,-81.51828450,28.38843454,,,,
,ORLANDO,ORANGE,,,FIRE STATION,-81.45992981,28.54061798,,,,
,ORLANDO,ORANGE,,,FIRE STATION,-81.18151488,28.51154077,,,,
,ORLANDO,ORANGE,,,FIRE STATION,-81.36508846,28.47169966,,,,
,ORLANDO,ORANGE,,,FIRE STATION,-81.19144693,28.61156952,,,,
,ORLANDO,ORANGE,,,FIRE STATION,-81.40089737,28.44039341,,,,
,ORLANDO,ORANGE,,,FIRE STATION,-81.07521593,28.50022355,,,,
,ORLANDO,ORANGE,,,FIRE STATION,-81.31091670,28.42134139,,,,
,ORLANDO,ORANGE,,,FIRE STATION,-81.39264200,28.53051157,,,,
,ORLANDO,ORANGE,,,FIRE STATION,-81.28666285,28.58078588,,,,
,ORLANDO,ORANGE,,,FIRE STATION,-81.42142130,28.49381393,,,,
,ORLANDO,ORANGE,,,FIRE STATION,-81.31573445,28.46697654,,,,
,ORLANDO,ORANGE,,,FIRE STATION,-81.24376400,28.40210450,,,,
,ORLANDO,ORANGE,,,FIRE STATION,-81.51822311,28.37905852,,,,
,ORLANDO,ORANGE,,,FIRE STATION,-81.43145297,28.58864110,,,,
,ORLANDO,ORANGE,,,FIRE STATION,-81.34089460,28.55060157,,,,
,ORLANDO,ORANGE,,,FIRE STATION,-81.28705552,28.44105278,,,,
,ORLANDO,ORANGE,,,FIRE STATION,-81.36567386,28.37163835,,,,
,ORLANDO,ORANGE,,,FIRE STATION,-81.36820895,28.43185677,,,,
,ORLANDO,ORANGE,,,FIRE STATION,-81.45904525,28.42348420,,,,
,ORLANDO,ORANGE,,,FIRE STATION,-81.44756079,28.62515498,,,,
,ORLANDO,ORANGE,,,FIRE STATION,-81.54710684,28.36536922,,,,
,ORLANDO,ORANGE,,,FIRE STATION,-81.45460788,28.57714761,,,,
,ORLANDO,ORANGE,,,FIRE STATION,-81.44136484,28.45085066,,,,
,ORLANDO,ORANGE,,,FIRE STATION,-81.36068939,28.55702941,,,,
,ORLANDO,ORANGE,,,FIRE STATION,-81.27810834,28.56214999,,,,
,ORLANDO,ORANGE,,,FIRE STATION,-81.37666182,28.52049216,,,,
,ORLANDO,ORANGE,,,FIRE STATION,-81.40162819,28.62776509,,,,
,ORLANDO,ORANGE,,,FIRE STATION,-81.46956491,28.52356054,,,,
,ORLANDO,ORANGE,,,FIRE STATION,-81.38045893,28.54182842,,,,
,ORLANDO,ORANGE,,,FIRE STATION,-81.46493093,28.40368662,,,,
,ORLANDO,ORANGE,,,FIRE STATION,-81.21205855,28.54600739,,,,
,ORLANDO,ORANGE,,,FIRE STATION,-81.41755236,28.53352435,,,,
,ORLANDO,ORANGE,,,FIRE STATION,-81.20547624,28.39928883,,,,
,WINDERMERE,ORANGE,,,FIRE STATION,-81.56145999,28.45882660,,,,
,WINDERMERE,ORANGE,,,FIRE STATION,-81.50909945,28.51986226,,,,
,MAITLAND,ORANGE,,,FIRE STATION,-81.36503761,28.62602955,,,,
,Zellwood,ORANGE,,,FIRE STATION,-81.60289201,28.73022307,,,,
,WINTER GARDEN,ORANGE,,,FIRE STATION,-81.56841452,28.59205438,,,,
,WINTER GARDEN,ORANGE,,,FIRE STATION,-81.58239508,28.55507741,,,,
,WINTER GARDEN,ORANGE,,,FIRE STATION,-81.58740502,28.50167402,,,,
,WINTER GARDEN,ORANGE,,,FIRE STATION,-81.58217696,28.53028229,,,,
,WINTER GARDEN,ORANGE,,,FIRE STATION,-81.62108261,28.55431404,,,,
,WINTER GARDEN,ORANGE,,,FIRE STATION,-81.61428352,28.34874667,,,,
,APOPKA,ORANGE,,,FIRE STATION,-81.51395854,28.70570426,,,,
,APOPKA,ORANGE,,,FIRE STATION,-81.46958473,28.69138707,,,,
,APOPKA,ORANGE,,,FIRE STATION,-81.50085040,28.63610698,,,,
,APOPKA,ORANGE,,,FIRE STATION,-81.50506034,28.75878399,,,,
,APOPKA,ORANGE,,,FIRE STATION,,,,,,
,APOPKA,ORANGE,,,FIRE STATION,-81.46760634,28.66796328,,,,
,APOPKA,ORANGE,,,FIRE STATION,-81.50843937,28.67229669,,,,
,APOPKA,ORANGE,,,FIRE STATION,-81.55461489,28.68875644,,,,
,WINTER PARK,ORANGE,,,FIRE STATION,-81.35421587,28.60078933,,,,
,WINTER PARK,ORANGE,,,FIRE STATION,-81.33446754,28.62521937,,,,
,WINTER PARK,ORANGE,,,FIRE STATION,-81.32750714,28.59444790,,,,
,OCOEE,ORANGE,,,FIRE STATION,-81.51383707,28.59061089,,,,
,OCOEE,ORANGE,,,FIRE STATION,-81.54476897,28.56206642,,,,
,OCOEE,ORANGE,,,FIRE STATION,-81.54074966,28.53376659,,,,
,CHRISTMAS,ORANGE,,,FIRE STATION,-81.01991633,28.56087472,,,,
,KISSIMMEE,OSCEOLA,,,FIRE STATION,-81.35557345,28.28066514,,,,
,KISSIMMEE,OSCEOLA,,,FIRE STATION,-81.41287637,28.29506358,,,,
,KISSIMMEE,OSCEOLA,,,FIRE STATION,-81.41892000,28.33812000,,,,
,KISSIMMEE,OSCEOLA,,,FIRE STATION,-81.44458148,28.30852556,,,,
,KISSIMMEE,OSCEOLA,,,FIRE STATION,-81.48184119,28.31037843,,,,
,KISSIMMEE,OSCEOLA,,,FIRE STATION,-81.43828279,28.19869597,,,,
,KISSIMMEE,OSCEOLA,,,FIRE STATION,-81.41503239,28.33251655,,,,
,KISSIMMEE,OSCEOLA,,,FIRE STATION,-81.54744561,28.32780881,,,,
,KISSIMMEE,OSCEOLA,,,FIRE STATION,-81.35100078,28.32906074,,,,
,KISSIMMEE,OSCEOLA,,,FIRE STATION,-81.37870928,28.30460133,,,,
,KISSIMMEE,OSCEOLA,,,FIRE STATION,-81.63656027,28.34577358,,,,
,KISSIMMEE,OSCEOLA,,,FIRE STATION,-81.46225659,28.25740930,,,,
,SAINT CLOUD,OSCEOLA,,,FIRE STATION,-81.27547790,28.19639033,,,,
,SAINT CLOUD,OSCEOLA,,,FIRE STATION,-81.23838837,28.29888352,,,,
,SAINT CLOUD,OSCEOLA,,,FIRE STATION,-81.19508647,28.26672594,,,,
,SAINT CLOUD,OSCEOLA,,,FIRE STATION,-81.28742913,28.24925245,,,,
,SAINT CLOUD,OSCEOLA,,,FIRE STATION,-81.08452208,28.13443435,,,,
,SAINT CLOUD,OSCEOLA,,,FIRE STATION,-81.31734252,28.22483783,,,,
,SAINT CLOUD,OSCEOLA,,,FIRE STATION,-81.24376880,28.18026909,,,,
,SAINT CLOUD,OSCEOLA,,,FIRE STATION,-81.15630829,28.18839301,,,,
,DAVENPORT,OSCEOLA,,,FIRE STATION,-81.60148402,28.26042719,,,,
,KENANSVILLE,OSCEOLA,,,FIRE STATION,-80.99964178,27.87605327,,,,
,DELRAY BEACH,PALM BEACH,,,FIRE STATION,-80.11389397,26.43823123,,,,
,DELRAY BEACH,PALM BEACH,,,FIRE STATION,-80.07865788,26.46222807,,,,
,DELRAY BEACH,PALM BEACH,,,FIRE STATION,-80.07998580,26.44013914,,,,
,DELRAY BEACH,PALM BEACH,,,FIRE STATION,-80.16193098,26.46478056,,,,
,DELRAY BEACH,PALM BEACH,,,FIRE STATION,-80.05933156,26.46310740,,,,
,DELRAY BEACH,PALM BEACH,,,FIRE STATION,-80.14629129,26.44696433,,,,
,DELRAY BEACH,PALM BEACH,,,FIRE STATION,-80.11397082,26.47335656,,,,
,WEST PALM BEACH,PALM BEACH,,,FIRE STATION,-80.06476448,26.78463664,,,,
,WEST PALM BEACH,PALM BEACH,,,FIRE STATION,-80.16757946,26.68407334,,,,
,WEST PALM BEACH,PALM BEACH,,,FIRE STATION,-80.05553976,26.75612526,,,,
,WEST PALM BEACH,PALM BEACH,,,FIRE STATION,-80.12682824,26.64541780,,,,
,WEST PALM BEACH,PALM BEACH,,,FIRE STATION,-80.13684458,26.79817118,,,,
,WEST PALM BEACH,PALM BEACH,,,FIRE STATION,-80.05308257,26.71727176,,,,
,WEST PALM BEACH,PALM BEACH,,,FIRE STATION,-80.23568487,26.66581577,,,,
,WEST PALM BEACH,PALM BEACH,,,FIRE STATION,-80.06183157,26.69845743,,,,
,WEST PALM BEACH,PALM BEACH,,,FIRE STATION,-80.06424751,26.79910253,,,,
,WEST PALM BEACH,PALM BEACH,,,FIRE STATION,-80.21249656,26.81311131,,,,
,WEST PALM BEACH,PALM BEACH,,,FIRE STATION,-80.09220193,26.68478604,,,,
,WEST PALM BEACH,PALM BEACH,,,FIRE STATION,-80.22893028,26.70399616,,,,
,WEST PALM BEACH,PALM BEACH,,,FIRE STATION,-80.11416127,26.63720064,,,,
,WEST PALM BEACH,PALM BEACH,,,FIRE STATION,-80.19755266,26.63242814,,,,
,WEST PALM BEACH,PALM BEACH,,,FIRE STATION,-80.14657326,26.63287036,,,,
,WEST PALM BEACH,PALM BEACH,,,FIRE STATION,-80.08204017,26.78086658,,,,
,WEST PALM BEACH,PALM BEACH,,,FIRE STATION,-80.09501560,26.70021811,,,,
,WEST PALM BEACH,PALM BEACH,,,FIRE STATION,-80.26154771,26.63042321,,,,
,WEST PALM BEACH,PALM BEACH,,,FIRE STATION,-80.07294753,26.79855871,,,,
,WEST PALM BEACH,PALM BEACH,,,FIRE STATION,-80.16956946,26.70917635,,,,
,WEST PALM BEACH,PALM BEACH,,,FIRE STATION,-80.05532531,26.67346913,,,,
,WEST PALM BEACH,PALM BEACH,,,FIRE STATION,-80.28290767,26.66808462,,,,
,WEST PALM BEACH,PALM BEACH,,,FIRE STATION,-80.17473611,26.67564765,,,,
,WEST PALM BEACH,PALM BEACH,,,FIRE STATION,-80.10406403,26.66518522,,,,
,WEST PALM BEACH,PALM BEACH,,,FIRE STATION,-80.12694254,26.70843609,,,,
,WEST PALM BEACH,PALM BEACH,,,FIRE STATION,-80.08095865,26.71914521,,,,
,WEST PALM BEACH,PALM BEACH,,,FIRE STATION,-80.08138392,26.81391246,,,,
,WEST PALM BEACH,PALM BEACH,,,FIRE STATION,-80.20330747,26.69207576,,,,
,WEST PALM BEACH,PALM BEACH,,,FIRE STATION,-80.03692961,26.77852152,,,,
,WEST PALM BEACH,PALM BEACH,,,FIRE STATION,-80.10042472,26.74915021,,,,
,WEST PALM BEACH,PALM BEACH,,,FIRE STATION,-80.03387997,26.79881618,,,,
,BOYNTON BEACH,PALM BEACH,,,FIRE STATION,-80.09178604,26.55674752,,,,
,BOYNTON BEACH,PALM BEACH,,,FIRE STATION,-80.16924293,26.52675059,,,,
,BOYNTON BEACH,PALM BEACH,,,FIRE STATION,-80.15261294,26.48787900,,,,
,BOYNTON BEACH,PALM BEACH,,,FIRE STATION,-80.07246040,26.54831073,,,,
,BOYNTON BEACH,PALM BEACH,,,FIRE STATION,-80.06237506,26.52867742,,,,
,BOYNTON BEACH,PALM BEACH,,,FIRE STATION,-80.04914832,26.52935918,,,,
,BOYNTON BEACH,PALM BEACH,,,FIRE STATION,-80.09264882,26.51357597,,,,
,BOYNTON BEACH,PALM BEACH,,,FIRE STATION,-80.05986812,26.51162438,,,,
,BOYNTON BEACH,PALM BEACH,,,FIRE STATION,-80.12490398,26.51263316,,,,
,LAKE WORTH,PALM BEACH,,,FIRE STATION,-80.18359503,26.56736741,,,,
,LAKE WORTH,PALM BEACH,,,FIRE STATION,-80.09505378,26.64147013,,,,
,LAKE WORTH,PALM BEACH,,,FIRE STATION,-80.08274578,26.58820223,,,,
,LAKE WORTH,PALM BEACH,,,FIRE STATION,-80.15647994,26.61715959,,,,
,LAKE WORTH,PALM BEACH,,,FIRE STATION,-80.07275948,26.63142058,,,,
,LAKE WORTH,PALM BEACH,,,FIRE STATION,-80.11415719,26.59187389,,,,
,LAKE WORTH,PALM BEACH,,,FIRE STATION,-80.05601563,26.57713545,,,,
,LAKE WORTH,PALM BEACH,,,FIRE STATION,-80.03897976,26.58011004,,,,
,LAKE WORTH,PALM BEACH,,,FIRE STATION,-80.12265573,26.60322048,,,,
,LAKE WORTH,PALM BEACH,,,FIRE STATION,-80.14603480,26.56419050,,,,
,LAKE WORTH,PALM BEACH,,,FIRE STATION,-80.09648179,26.61868708,,,,
,LAKE WORTH,PALM BEACH,,,FIRE STATION,-80.05861696,26.61696369,,,,
,BOCA RATON,PALM BEACH,,,FIRE STATION,-80.14765560,26.39484978,,,,
,BOCA RATON,PALM BEACH,,,FIRE STATION,-80.20388104,26.33879040,,,,
,BOCA RATON,PALM BEACH,,,FIRE STATION,-80.18611553,26.38122772,,,,
,BOCA RATON,PALM BEACH,,,FIRE STATION,-80.12278609,26.40862413,,,,
,BOCA RATON,PALM BEACH,,,FIRE STATION,-80.23900730,26.36382120,,,,
,BOCA RATON,PALM BEACH,,,FIRE STATION,-80.08330631,26.36128595,,,,
,BOCA RATON,PALM BEACH,,,FIRE STATION,-80.11633231,26.41560123,,,,
,BOCA RATON,PALM BEACH,,,FIRE STATION,-80.06510115,26.41065990,,,,
,BOCA RATON,PALM BEACH,,,FIRE STATION,-80.10523608,26.35094617,,,,
,BOCA RATON,PALM BEACH,,,FIRE STATION,-80.18731083,26.35268903,,,,
,BOCA RATON,PALM BEACH,,,FIRE STATION,-80.14148086,26.33130228,,,,
,BOCA RATON,PALM BEACH,,,FIRE STATION,-80.13010211,26.36873335,,,,
,BOCA RATON,PALM BEACH,,,FIRE STATION,-80.20480076,26.40050280,,,,
,BOCA RATON,PALM BEACH,,,FIRE STATION,-80.07007402,26.35024684,,,,
,BOCA RATON,PALM BEACH,,,FIRE STATION,-80.11129716,26.34996718,,,,
,BOCA RATON,PALM BEACH,,,FIRE STATION,-80.09379159,26.32963270,,,,
,BOCA RATON,PALM BEACH,,,FIRE STATION,-80.08620496,26.39497516,,,,
,BOCA RATON,PALM BEACH,,,FIRE STATION,-80.16225626,26.37990237,,,,
,BOCA RATON,PALM BEACH,,,FIRE STATION,-80.14997652,26.35596480,,,,
,JUPITER,PALM BEACH,,,FIRE STATION,-80.13451893,26.93662513,,,,
,JUPITER,PALM BEACH,,,FIRE STATION,-80.10361457,26.90016348,,,,
,JUPITER,PALM BEACH,,,FIRE STATION,-80.08318832,26.93990879,,,,
,JUPITER,PALM BEACH,,,FIRE STATION,-80.09350725,26.95925476,,,,
,JUPITER,PALM BEACH,,,FIRE STATION,-80.22403081,26.94354965,,,,
,PALM BEACH,PALM BEACH,,,FIRE STATION,-80.03868666,26.63954102,,,,
,PALM BEACH,PALM BEACH,,,FIRE STATION,-80.03824417,26.72533229,,,,
,PALM BEACH,PALM BEACH,,,FIRE STATION,-80.03601255,26.70310861,,,,
,PALM BEACH,PALM BEACH,,,FIRE STATION,-80.03950721,26.58940356,,,,
,PALM BEACH GARDENS,PALM BEACH,,,FIRE STATION,-80.11599192,26.80986933,,,,
,PALM BEACH GARDENS,PALM BEACH,,,FIRE STATION,-80.09461030,26.86472804,,,,
,PALM BEACH GARDENS,PALM BEACH,,,FIRE STATION,-80.10442839,26.83138000,,,,
,PALM BEACH GARDENS,PALM BEACH,,,FIRE STATION,-80.13497561,26.84260890,,,,
,PALM BEACH GARDENS,PALM BEACH,,,FIRE STATION,-80.10759154,26.78669655,,,,
,PALM BEACH GARDENS,PALM BEACH,,,FIRE STATION,-80.08322252,26.83827438,,,,
,NORTH PALM BEACH,PALM BEACH,,,FIRE STATION,-80.05450227,26.86589970,,,,
,NORTH PALM BEACH,PALM BEACH,,,FIRE STATION,-80.05613087,26.81227694,,,,
,LOXAHATCHEE,PALM BEACH,,,FIRE STATION,-80.30638027,26.75439590,,,,
,LOXAHATCHEE,PALM BEACH,,,FIRE STATION,-80.26934870,26.70572440,,,,
,LOXAHATCHEE,PALM BEACH,,,FIRE STATION,-80.25602260,26.76699833,,,,
,PAHOKEE,PALM BEACH,,,FIRE STATION,-80.66624698,26.82415071,,,,
,SOUTH BAY,PALM BEACH,,,FIRE STATION,-80.71335785,26.66133578,,,,
,BELLE GLADE,PALM BEACH,,,FIRE STATION,-80.67007819,26.68134087,,,,
,ZEPHYRHILLS,PASCO,,,FIRE STATION,-82.22489709,28.23028652,,,,
,ZEPHYRHILLS,PASCO,,,FIRE STATION,-82.15927314,28.18193665,,,,
,ZEPHYRHILLS,PASCO,,,FIRE STATION,-82.18458655,28.25803877,,,,
,ZEPHYRHILLS,PASCO,,,FIRE STATION,-82.18103351,28.23472284,,,,
,NEW PORT RICHEY,PASCO,,,FIRE STATION,-82.63630256,28.27074969,,,,
,NEW PORT RICHEY,PASCO,,,FIRE STATION,-82.73123336,28.24202271,,,,
,NEW PORT RICHEY,PASCO,,,FIRE STATION,-82.71316329,28.23643060,,,,
,NEW PORT RICHEY,PASCO,,,FIRE STATION,-82.68475503,28.25946987,,,,
,NEW PORT RICHEY,PASCO,,,FIRE STATION,-82.71579258,28.25074293,,,,
,NEW PORT RICHEY,PASCO,,,FIRE STATION,-82.69511548,28.20246701,,,,
,SPRING HILL,PASCO,,,FIRE STATION,-82.55254025,28.39865262,,,,
,SPRING HILL,PASCO,,,FIRE STATION,-82.55308831,28.39875714,,,,
,DADE CITY,PASCO,,,FIRE STATION,-82.33298679,28.40974490,,,,
,DADE CITY,PASCO,,,FIRE STATION,-82.24459648,28.41424912,,,,
,DADE CITY,PASCO,,,FIRE STATION,-82.18179287,28.46361666,,,,
,DADE CITY,PASCO,,,FIRE STATION,-82.18715213,28.36643800,,,,
,DADE CITY,PASCO,,,FIRE STATION,-82.18265847,28.30325852,,,,
,HUDSON,PASCO,,,FIRE STATION,-82.64267769,28.33306276,,,,
,HUDSON,PASCO,,,FIRE STATION,-82.68321760,28.37083902,,,,
,HUDSON,PASCO,,,FIRE STATION,-82.62340569,28.43316896,,,,
,ODESSA,PASCO,,,FIRE STATION,-82.57733206,28.18889337,,,,
,ODESSA,PASCO,,,FIRE STATION,-82.62399458,28.18689483,,,,
,SAN ANTONIO,PASCO,,,FIRE STATION,-82.27470904,28.33555441,,,,
,LAND O LAKES,PASCO,,,FIRE STATION,-82.49617766,28.30246149,,,,
,LAND O LAKES,PASCO,,,FIRE STATION,-82.45961111,28.21788840,,,,
,LAND O LAKES,PASCO,,,FIRE STATION,-82.45679032,28.22676883,,,,
,LAND O LAKES,PASCO,,,FIRE STATION,-82.51797084,28.19549739,,,,
,PORT RICHEY,PASCO,,,FIRE STATION,-82.70949884,28.28120190,,,,
,PORT RICHEY,PASCO,,,FIRE STATION,-82.72153393,28.27105421,,,,
,PORT RICHEY,PASCO,,,FIRE STATION,-82.70387233,28.29262990,,,,
,PORT RICHEY,PASCO,,,FIRE STATION,-82.70242731,28.29516698,,,,
,WESLEY CHAPEL,PASCO,,,FIRE STATION,-82.34982547,28.17672891,,,,
,WESLEY CHAPEL,PASCO,,,FIRE STATION,-82.24835472,28.20826267,,,,
,WESLEY CHAPEL,PASCO,,,FIRE STATION,-82.36379878,28.24330968,,,,
,LUTZ,PASCO,,,FIRE STATION,-82.46401867,28.19069764,,,,
,HOLIDAY,PASCO,,,FIRE STATION,-82.73817181,28.18771235,,,,
,INDIAN ROCKS BEACH,PINELLAS,,,FIRE STATION,-82.84991679,27.88107724,,,,
,SAINT PETERSBURG,PINELLAS,,,FIRE STATION,-82.73080268,27.81335041,,,,
,SAINT PETERSBURG,PINELLAS,,,FIRE STATION,-82.75063894,27.74121287,,,,
,SAINT PETERSBURG,PINELLAS,,,FIRE STATION,-82.71260122,27.81387307,,,,
,SAINT PETERSBURG,PINELLAS,,,FIRE STATION,-82.65483078,27.87490427,,,,
,SAINT PETERSBURG,PINELLAS,,,FIRE STATION,-82.73297167,27.75998595,,,,
,SAINT PETERSBURG,PINELLAS,,,FIRE STATION,-82.67465376,27.72153173,,,,
,SAINT PETERSBURG,PINELLAS,,,FIRE STATION,-82.67570474,27.76685894,,,,
,SAINT PETERSBURG,PINELLAS,,,FIRE STATION,-82.67175238,27.79887904,,,,
,SAINT PETERSBURG,PINELLAS,,,FIRE STATION,-82.73607406,27.69630660,,,,
,SAINT PETERSBURG,PINELLAS,,,FIRE STATION,-82.60521200,27.82157810,,,,
,SAINT PETERSBURG,PINELLAS,,,FIRE STATION,-82.76833195,27.77082728,,,,
,SAINT PETERSBURG,PINELLAS,,,FIRE STATION,-82.64638920,27.83535084,,,,
,SAINT PETERSBURG,PINELLAS,,,FIRE STATION,-82.68792330,27.82319964,,,,
,SAINT PETERSBURG,PINELLAS,,,FIRE STATION,-82.69932001,27.78115441,,,,
,SAINT PETERSBURG,PINELLAS,,,FIRE STATION,-82.72655642,27.67396293,,,,
,SAINT PETERSBURG,PINELLAS,,,FIRE STATION,-82.72781963,27.77683351,,,,
,SAINT PETERSBURG,PINELLAS,,,FIRE STATION,-82.63827179,27.79512959,,,,
,SAINT PETERSBURG,PINELLAS,,,FIRE STATION,-82.80165406,27.80450381,,,,
,SAINT PETERSBURG,PINELLAS,,,FIRE STATION,-82.70580712,27.74705489,,,,
,SAINT PETERSBURG,PINELLAS,,,FIRE STATION,-82.64523025,27.76666801,,,,
,SAINT PETERSBURG,PINELLAS,,,FIRE STATION,-82.64551947,27.72665882,,,,
,CLEARWATER BEACH,PINELLAS,,,FIRE STATION,-82.82637286,27.95644564,,,,
,CLEARWATER BEACH,PINELLAS,,,FIRE STATION,-82.82689076,27.98459829,,,,
,PALM HARBOR,PINELLAS,,,FIRE STATION,-82.70246973,28.07749703,,,,
,PALM HARBOR,PINELLAS,,,FIRE STATION,-82.70154009,28.10034251,,,,
,PALM HARBOR,PINELLAS,,,FIRE STATION,-82.77440235,28.09691716,,,,
,PALM HARBOR,PINELLAS,,,FIRE STATION,-82.73515832,28.06573054,,,,
,PALM HARBOR,PINELLAS,,,FIRE STATION,-82.74357472,28.10765567,,,,
,PALM HARBOR,PINELLAS,,,FIRE STATION,-82.76518226,28.07477896,,,,
,SEMINOLE,PINELLAS,,,FIRE STATION,-82.79582828,27.84021053,,,,
,SEMINOLE,PINELLAS,,,FIRE STATION,-82.76196892,27.85392592,,,,
,SEMINOLE,PINELLAS,,,FIRE STATION,-82.82541569,27.85863936,,,,
,SEMINOLE,PINELLAS,,,FIRE STATION,-82.81960416,27.85354534,,,,
,SEMINOLE,PINELLAS,,,FIRE STATION,-82.79480417,27.83707828,,,,
,CLEARWATER,PINELLAS,,,FIRE STATION,-82.67953451,27.89774032,,,,
,CLEARWATER,PINELLAS,,,FIRE STATION,-82.69775432,27.91109586,,,,
,CLEARWATER,PINELLAS,,,FIRE STATION,-82.72283079,27.95855509,,,,
,CLEARWATER,PINELLAS,,,FIRE STATION,-82.71400407,27.92416084,,,,
,CLEARWATER,PINELLAS,,,FIRE STATION,-82.74674019,27.98297718,,,,
,CLEARWATER,PINELLAS,,,FIRE STATION,-82.78995422,27.96106439,,,,
,CLEARWATER,PINELLAS,,,FIRE STATION,-82.72446274,28.01873426,,,,
,CLEARWATER,PINELLAS,,,FIRE STATION,-82.74634433,28.02407901,,,,
,CLEARWATER,PINELLAS,,,FIRE STATION,-82.69292275,27.87537145,,,,
,CLEARWATER,PINELLAS,,,FIRE STATION,-82.78480413,27.98306818,,,,
,CLEARWATER,PINELLAS,,,FIRE STATION,-82.77619852,27.95007416,,,,
,CLEARWATER,PINELLAS,,,FIRE STATION,-82.79806358,27.96335693,,,,
,TARPON SPRINGS,PINELLAS,,,FIRE STATION,-82.77253147,28.14469172,,,,
,TARPON SPRINGS,PINELLAS,,,FIRE STATION,-82.76456073,28.16859727,,,,
,TARPON SPRINGS,PINELLAS,,,FIRE STATION,-82.68662002,28.14473791,,,,
,TARPON SPRINGS,PINELLAS,,,FIRE STATION,-82.74490733,28.14276276,,,,
,OLDSMAR,PINELLAS,,,FIRE STATION,-82.67058809,28.04408269,,,,
,LARGO,PINELLAS,,,FIRE STATION,-82.74330132,27.89373066,,,,
,LARGO,PINELLAS,,,FIRE STATION,-82.78786043,27.87252102,,,,
,LARGO,PINELLAS,,,FIRE STATION,-82.79174976,27.91499150,,,,
,LARGO,PINELLAS,,,FIRE STATION,-82.74641327,27.91777160,,,,
,LARGO,PINELLAS,,,FIRE STATION,-82.81383595,27.92311174,,,,
,LARGO,PINELLAS,,,FIRE STATION,-82.80946784,27.89436657,,,,
,PINELLAS PARK,PINELLAS,,,FIRE STATION,-82.70252203,27.84615445,,,,
,PINELLAS PARK,PINELLAS,,,FIRE STATION,-82.72812465,27.85775216,,,,
,DUNEDIN,PINELLAS,,,FIRE STATION,-82.77073989,28.01250628,,,,
,DUNEDIN,PINELLAS,,,FIRE STATION,-82.77718402,28.03757025,,,,
,LEALMAN,PINELLAS,,,FIRE STATION,-82.69255822,27.82150935,,,,
,SAFETY HARBOR,PINELLAS,,,FIRE STATION,-82.69439817,27.99054058,,,,
,SAFETY HARBOR,PINELLAS,,,FIRE STATION,-82.70845560,28.03406321,,,,
,HAINES CITY,POLK,,,FIRE STATION,-81.54566202,28.07819035,,,,
,HAINES CITY,POLK,,,FIRE STATION,-81.53004814,28.01250002,,,,
,HAINES CITY,POLK,,,FIRE STATION,-81.61701987,28.12167501,,,,
,HAINES CITY,POLK,,,FIRE STATION,-81.62248265,28.04346686,,,,
,HAINES CITY,POLK,,,FIRE STATION,-81.62284419,28.11004573,,,,
,HAINES CITY,POLK,,,FIRE STATION,-81.52979880,28.03199815,,,,
,LAKELAND,POLK,,,FIRE STATION,-82.03567342,27.95280784,,,,
,LAKELAND,POLK,,,FIRE STATION,-81.97450170,28.16237335,,,,
,LAKELAND,POLK,,,FIRE STATION,-81.91100675,28.04450449,,,,
,LAKELAND,POLK,,,FIRE STATION,-82.00844073,28.09126621,,,,
,LAKELAND,POLK,,,FIRE STATION,-81.88232105,27.96835727,,,,
,LAKELAND,POLK,,,FIRE STATION,-81.99704442,27.95353532,,,,
,LAKELAND,POLK,,,FIRE STATION,-81.95797575,28.06951016,,,,
,LAKELAND,POLK,,,FIRE STATION,-81.94931862,28.04505337,,,,
,LAKELAND,POLK,,,FIRE STATION,-81.95649857,28.01841805,,,,
,LAKELAND,POLK,,,FIRE STATION,-81.97963354,28.04459022,,,,
,LAKELAND,POLK,,,FIRE STATION,-81.92467810,28.00726778,,,,
,LAKELAND,POLK,,,FIRE STATION,-81.93706893,28.10771577,,,,
,WINTER HAVEN,POLK,,,FIRE STATION,-81.69600262,28.00408763,,,,
,WINTER HAVEN,POLK,,,FIRE STATION,-81.72660401,28.04510971,,,,
,WINTER HAVEN,POLK,,,FIRE STATION,-81.73080239,28.02730389,,,,
,WINTER HAVEN,POLK,,,FIRE STATION,-81.69353093,28.02748920,,,,
,WINTER HAVEN,POLK,,,FIRE STATION,-81.76347820,28.01528188,,,,
,WINTER HAVEN,POLK,,,FIRE STATION,-81.72700951,27.96194335,,,,
,MULBERRY,POLK,,,FIRE STATION,-82.02357277,27.91983192,,,,
,MULBERRY,POLK,,,FIRE STATION,-81.98111995,27.89623294,,,,
,MULBERRY,POLK,,,FIRE STATION,-81.97375150,27.79620599,,,,
,BARTOW,POLK,,,FIRE STATION,-81.71536661,27.87126554,,,,
,BARTOW,POLK,,,FIRE STATION,-81.78337945,27.95212650,,,,
,BARTOW,POLK,,,FIRE STATION,-81.84301063,27.89823462,,,,
,POLK CITY,POLK,,,FIRE STATION,-81.82484816,28.18129085,,,,
,FROSTPROOF,POLK,,,FIRE STATION,-81.52816237,27.74633175,,,,
,FROSTPROOF,POLK,,,FIRE STATION,-81.56030892,27.70913797,,,,
,KISSIMMEE,POLK,,,FIRE STATION,-81.47521668,28.11357152,,,,
,KISSIMMEE,POLK,,,FIRE STATION,-81.48422545,28.14192750,,,,
,LAKE ALFRED,POLK,,,FIRE STATION,-81.72853426,28.09298514,,,,
,EAGLE LAKE,POLK,,,FIRE STATION,-81.75914539,27.97875977,,,,
,DAVENPORT,POLK,,,FIRE STATION,-81.60294165,28.15752603,,,,
,DAVENPORT,POLK,,,FIRE STATION,-81.65473392,28.25457071,,,,
,DAVENPORT,POLK,,,FIRE STATION,-81.56503438,28.24123359,,,,
,LAKE WALES,POLK,,,FIRE STATION,-81.21140690,27.81560443,,,,
,LAKE WALES,POLK,,,FIRE STATION,-81.54270456,27.97211940,,,,
,LAKE WALES,POLK,,,FIRE STATION,-81.41052065,27.86028111,,,,
,LAKE WALES,POLK,,,FIRE STATION,-81.42443614,27.94429822,,,,
,LAKE WALES,POLK,,,FIRE STATION,-81.58969612,27.83475366,,,,
,LAKE WALES,POLK,,,FIRE STATION,-81.33180044,27.81682051,,,,
,LAKE WALES,POLK,,,FIRE STATION,-81.54109759,27.89402721,,,,
,LAKE WALES,POLK,,,FIRE STATION,-81.61400923,27.97883568,,,,
,LAKE WALES,POLK,,,FIRE STATION,-81.38177280,27.97614756,,,,
,LAKE WALES,POLK,,,FIRE STATION,-81.59510203,27.90072651,,,,
,DUNDEE,POLK,,,FIRE STATION,-81.62014545,28.02306921,,,,
,AUBURNDALE,POLK,,,FIRE STATION,-81.78892966,28.06387375,,,,
,AUBURNDALE,POLK,,,FIRE STATION,-81.79319477,28.06717018,,,,
,FORT MEADE,POLK,,,FIRE STATION,-81.80187603,27.75246179,,,,
,BABSON PARK,POLK,,,FIRE STATION,-81.52584116,27.83270721,,,,
,INTERLACHEN,PUTNAM,,,FIRE STATION,-81.89193082,29.62464557,,,,
,INTERLACHEN,PUTNAM,,,FIRE STATION,-81.79655358,29.62589822,,,,
,INTERLACHEN,PUTNAM,,,FIRE STATION,-81.86091480,29.67171846,,,,
,PALATKA,PUTNAM,,,FIRE STATION,-81.64024421,29.64824985,,,,
,PALATKA,PUTNAM,,,FIRE STATION,-81.66045721,29.66884751,,,,
,PALATKA,PUTNAM,,,FIRE STATION,-81.70917314,29.63485042,,,,
,PALATKA,PUTNAM,,,FIRE STATION,-81.67936036,29.65417504,,,,
,PALATKA,PUTNAM,,,FIRE STATION,-81.63528591,29.77127137,,,,
,PALATKA,PUTNAM,,,FIRE STATION,-81.66342320,29.62294063,,,,
,PALATKA,PUTNAM,,,FIRE STATION,-81.72437853,29.71946803,,,,
,SATSUMA,PUTNAM,,,FIRE STATION,-81.61514517,29.58205920,,,,
,SATSUMA,PUTNAM,,,FIRE STATION,-81.65955855,29.54968485,,,,
,FLORAHOME,PUTNAM,,,FIRE STATION,-81.88803391,29.73122882,,,,
,FLORAHOME,PUTNAM,,,FIRE STATION,-81.86088359,29.79213578,,,,
,POMONA PARK,PUTNAM,,,FIRE STATION,-81.59202502,29.49556806,,,,
,CRESCENT CITY,PUTNAM,,,FIRE STATION,-81.67020473,29.47951698,,,,
,CRESCENT CITY,PUTNAM,,,FIRE STATION,-81.51099353,29.43289350,,,,
,EAST PALATKA,PUTNAM,,,FIRE STATION,-81.60031787,29.65506179,,,,
,HAWTHORNE,PUTNAM,,,FIRE STATION,-82.01195916,29.59987719,,,,
,GEORGETOWN,PUTNAM,,,FIRE STATION,-81.64120498,29.39204713,,,,
,MELROSE,PUTNAM,,,FIRE STATION,-82.04957838,29.71009065,,,,
,SAINT AUGUSTINE,ST. JOHNS,,,FIRE STATION,-81.26012695,29.78685666,,,,
,SAINT AUGUSTINE,ST. JOHNS,,,FIRE STATION,-81.32160213,29.89287863,,,,
,SAINT AUGUSTINE,ST. JOHNS,,,FIRE STATION,-81.55202002,29.82282208,,,,
,SAINT AUGUSTINE,ST. JOHNS,,,FIRE STATION,-81.58456298,29.99241037,,,,
,SAINT AUGUSTINE,ST. JOHNS,,,FIRE STATION,-81.30361959,29.81749000,,,,
,SAINT AUGUSTINE,ST. JOHNS,,,FIRE STATION,-81.32084902,29.85085896,,,,
,SAINT AUGUSTINE,ST. JOHNS,,,FIRE STATION,-81.44227118,29.91809508,,,,
,SAINT AUGUSTINE,ST. JOHNS,,,FIRE STATION,-81.33771964,29.94238164,,,,
,SAINT AUGUSTINE,ST. JOHNS,,,FIRE STATION,-81.48992911,29.95948580,,,,
,SAINT AUGUSTINE,ST. JOHNS,,,FIRE STATION,-81.56266734,29.94161143,,,,
,SAINT AUGUSTINE,ST. JOHNS,,,FIRE STATION,-81.35361614,29.88716130,,,,
,SAINT AUGUSTINE,ST. JOHNS,,,FIRE STATION,-81.41609117,30.04371742,,,,
,SAINT AUGUSTINE,ST. JOHNS,,,FIRE STATION,-81.28722020,29.88165978,,,,
, ,ST. JOHNS,,,FIRE STATION,-81.32151222,29.81417564,,,,
, ,ST. JOHNS,,,FIRE STATION,-81.55861951,30.10633589,,,,
,JACKSONVILLE,ST. JOHNS,,,FIRE STATION,-81.63884135,30.08137304,,,,
,JACKSONVILLE,ST. JOHNS,,,FIRE STATION,-81.53413097,30.05967758,,,,
,ST AUGUSTINE BEACH,ST. JOHNS,,,FIRE STATION,-81.26665942,29.85646926,,,,
,PONTE VEDRA BEACH,ST. JOHNS,,,FIRE STATION,-81.31567667,29.99009606,,,,
,PONTE VEDRA BEACH,ST. JOHNS,,,FIRE STATION,-81.39896059,30.17737910,,,,
,PONTE VEDRA BEACH,ST. JOHNS,,,FIRE STATION,-81.38640953,30.22539884,,,,
,PONTE VEDRA,ST. JOHNS,,,FIRE STATION,-81.41230852,30.10236982,,,,
,SAINT AUGUSTINE BEACH,ST. JOHNS,,,FIRE STATION,-81.26695402,29.85643566,,,,
,HASTINGS,ST. JOHNS,,,FIRE STATION,-81.49275268,29.71957431,,,,
,FORT PIERCE,ST. LUCIE,,,FIRE STATION,-80.35840000,27.49490000,,,,
,FORT PIERCE,ST. LUCIE,,,FIRE STATION,-80.36266465,27.48495675,,,,
,FORT PIERCE,ST. LUCIE,,,FIRE STATION,-80.30233611,27.49773136,,,,
,FORT PIERCE,ST. LUCIE,,,FIRE STATION,-80.30335843,27.46237406,,,,
,FORT PIERCE,ST. LUCIE,,,FIRE STATION,-80.32975867,27.45211980,,,,
,FORT PIERCE,ST. LUCIE,,,FIRE STATION,-80.40219540,27.52311029,,,,
,FORT PIERCE,ST. LUCIE,,,FIRE STATION,-80.34871912,27.42990308,,,,
,FORT PIERCE,ST. LUCIE,,,FIRE STATION,-80.47284880,27.40258265,,,,
,FORT PIERCE,ST. LUCIE,,,FIRE STATION,-80.32025668,27.37478954,,,,
,PORT SAINT LUCIE,ST. LUCIE,,,FIRE STATION,-80.39931485,27.31643428,,,,
,PORT SAINT LUCIE,ST. LUCIE,,,FIRE STATION,-80.29745323,27.29953036,,,,
,PORT SAINT LUCIE,ST. LUCIE,,,FIRE STATION,-80.43100561,27.27785448,,,,
,PORT SAINT LUCIE,ST. LUCIE,,,FIRE STATION,-80.37058138,27.26328637,,,,
,PORT SAINT LUCIE,ST. LUCIE,,,FIRE STATION,-80.35058250,27.31738984,,,,
,PORT SAINT LUCIE,ST. LUCIE,,,FIRE STATION,-80.33012097,27.21058315,,,,
,PORT SAINT LUCIE,ST. LUCIE,,,FIRE STATION,-80.30321923,27.27091885,,,,
,PORT SAINT LUCIE,ST. LUCIE,,,FIRE STATION,-80.37479460,27.22930334,,,,
,PORT ST LUCIE,ST. LUCIE,,,FIRE STATION,-80.35213437,27.31471238,,,,
,PORT ST LUCIE,ST. LUCIE,,,FIRE STATION,-80.37950272,27.37189224,,,,
,JENSEN BEACH,ST. LUCIE,,,FIRE STATION,-80.23154913,27.32766690,,,,
, ,ST. LUCIE,,,FIRE STATION,-80.44072652,27.28520888,,,,
,MILTON,SANTA ROSA,,,FIRE STATION,-87.18280294,30.63767097,,,,
,MILTON,SANTA ROSA,,,FIRE STATION,-87.04346669,30.62792787,,,,
,MILTON,SANTA ROSA,,,FIRE STATION,-87.09827857,30.60254750,,,,
,MILTON,SANTA ROSA,,,FIRE STATION,-87.18041556,30.70391390,,,,
,MILTON,SANTA ROSA,,,FIRE STATION,-87.04884918,30.65657719,,,,
,MILTON,SANTA ROSA,,,FIRE STATION,-87.05318410,30.68701006,,,,
,MILTON,SANTA ROSA,,,FIRE STATION,-86.87346239,30.85627124,,,,
,MILTON,SANTA ROSA,,,FIRE STATION,-87.15643444,30.60998632,,,,
,MILTON,SANTA ROSA,,,FIRE STATION,-87.09835577,30.57361661,,,,
,MILTON,SANTA ROSA,,,FIRE STATION,-86.87694074,30.64953012,,,,
,MILTON,SANTA ROSA,,,FIRE STATION,-86.94753342,30.60277562,,,,
,MILTON,SANTA ROSA,,,FIRE STATION,-87.09145416,30.46880143,,,,
,MILTON,SANTA ROSA,,,FIRE STATION,-86.88291374,30.92671001,,,,
,MILTON,SANTA ROSA,,,FIRE STATION,-87.03018069,30.57875863,,,,
,MILTON,SANTA ROSA,,,FIRE STATION,-87.09214014,30.78289626,,,,
,MILTON,SANTA ROSA,,,FIRE STATION,-87.02177191,30.61908890,,,,
,MILTON,SANTA ROSA,,,FIRE STATION,-87.20492960,30.77281283,,,,
,MILTON,SANTA ROSA,,,FIRE STATION,-86.94049002,30.79851871,,,,
,MILTON,SANTA ROSA,,,FIRE STATION,-86.99506624,30.67609069,,,,
,MILTON,SANTA ROSA,,,FIRE STATION,-87.09668052,30.64641493,,,,
,NAVARRE,SANTA ROSA,,,FIRE STATION,-86.86170809,30.40351863,,,,
,NAVARRE,SANTA ROSA,,,FIRE STATION,-86.87334584,30.43206295,,,,
,NAVARRE,SANTA ROSA,,,FIRE STATION,-86.87986065,30.37932744,,,,
,NAVARRE,SANTA ROSA,,,FIRE STATION,-86.89897590,30.44865917,,,,
,NAVARRE,SANTA ROSA,,,FIRE STATION,-86.93488148,30.41151172,,,,
,BAGDAD,SANTA ROSA,,,FIRE STATION,-87.02979774,30.59700307,,,,
,JAY,SANTA ROSA,,,FIRE STATION,-87.03369697,30.90574346,,,,
,JAY,SANTA ROSA,,,FIRE STATION,-87.15965474,30.95278297,,,,
,JAY,SANTA ROSA,,,FIRE STATION,-87.15855762,30.92616126,,,,
,GULF BREEZE,SANTA ROSA,,,FIRE STATION,-87.00349165,30.40131195,,,,
,GULF BREEZE,SANTA ROSA,,,FIRE STATION,-87.08672234,30.38566071,,,,
,GULF BREEZE,SANTA ROSA,,,FIRE STATION,-87.18239256,30.36032874,,,,
,VENICE,SARASOTA,,,FIRE STATION,-82.45045516,27.09899485,,,,
,VENICE,SARASOTA,,,FIRE STATION,-82.31634879,27.04551987,,,,
,VENICE,SARASOTA,,,FIRE STATION,-82.39848387,27.07970675,,,,
,VENICE,SARASOTA,,,FIRE STATION,-82.40127508,27.04384207,,,,
,VENICE,SARASOTA,,,FIRE STATION,-82.37689938,27.13688087,,,,
,VENICE,SARASOTA,,,FIRE STATION,-82.43579083,27.10072684,,,,
,SARASOTA,SARASOTA,,,FIRE STATION,-82.54660684,27.36656610,,,,
,SARASOTA,SARASOTA,,,FIRE STATION,-82.52809794,27.31894650,,,,
,SARASOTA,SARASOTA,,,FIRE STATION,-82.34165283,27.24818804,,,,
,SARASOTA,SARASOTA,,,FIRE STATION,-82.43647606,27.29825698,,,,
,SARASOTA,SARASOTA,,,FIRE STATION,-82.45936038,27.21770176,,,,
,SARASOTA,SARASOTA,,,FIRE STATION,-82.49100137,27.22176126,,,,
,SARASOTA,SARASOTA,,,FIRE STATION,-82.47203070,27.35171287,,,,
,SARASOTA,SARASOTA,,,FIRE STATION,-82.52037238,27.26214880,,,,
,SARASOTA,SARASOTA,,,FIRE STATION,-82.54155105,27.33999183,,,,
,SARASOTA,SARASOTA,,,FIRE STATION,-82.49697578,27.34019106,,,,
,SARASOTA,SARASOTA,,,FIRE STATION,-82.57654932,27.31994499,,,,
,SARASOTA,SARASOTA,,,FIRE STATION,-82.48166244,27.27163699,,,,
,SARASOTA,SARASOTA,,,FIRE STATION,-82.36667266,27.33918888,,,,
,SARASOTA,SARASOTA,,,FIRE STATION,-82.44394911,27.32683017,,,,
,SARASOTA,SARASOTA,,,FIRE STATION,-82.44080161,27.26701653,,,,
,SARASOTA,SARASOTA,,,FIRE STATION,-82.26861774,27.31349778,,,,
,SARASOTA,SARASOTA,,,FIRE STATION,-82.50774200,27.29845464,,,,
,SARASOTA,SARASOTA,,,FIRE STATION,-82.50528185,27.36987008,,,,
,SARASOTA,SARASOTA,,,FIRE STATION,-82.54701641,27.26644243,,,,
,SARASOTA,SARASOTA,,,FIRE STATION,-82.46126215,27.38161015,,,,
,ENGLEWOOD,SARASOTA,,,FIRE STATION,-82.35283601,26.95213823,,,,
,ENGLEWOOD,SARASOTA,,,FIRE STATION,-82.32142661,26.96942776,,,,
,ENGLEWOOD,SARASOTA,,,FIRE STATION,-82.33133865,26.96408033,,,,
,ENGLEWOOD,SARASOTA,,,FIRE STATION,-82.37808528,27.00358234,,,,
,NOKOMIS,SARASOTA,,,FIRE STATION,-82.45451449,27.12194372,,,,
,NOKOMIS,SARASOTA,,,FIRE STATION,-82.46599933,27.15249625,,,,
,NORTH PORT,SARASOTA,,,FIRE STATION,-82.23428857,27.04683982,,,,
,NORTH PORT,SARASOTA,,,FIRE STATION,-82.20804211,27.07387089,,,,
,NORTH PORT,SARASOTA,,,FIRE STATION,-82.11829525,27.06826707,,,,
,NORTH PORT,SARASOTA,,,FIRE STATION,-82.25422496,27.07805278,,,,
,NORTH PORT,SARASOTA,,,FIRE STATION,-82.16213307,27.06651272,,,,
,LONGBOAT KEY,SARASOTA,,,FIRE STATION,-82.61809582,27.36057322,,,,
,OVIEDO,SEMINOLE,,,FIRE STATION,-81.20817613,28.66940407,,,,
,OVIEDO,SEMINOLE,,,FIRE STATION,-81.20335195,28.65335085,,,,
,OVIEDO,SEMINOLE,,,FIRE STATION,-81.12877115,28.63938015,,,,
,OVIEDO,SEMINOLE,,,FIRE STATION,-81.16135052,28.65407398,,,,
,WINTER SPRINGS,SEMINOLE,,,FIRE STATION,-81.27543482,28.64823000,,,,
,WINTER SPRINGS,SEMINOLE,,,FIRE STATION,-81.26193159,28.67721891,,,,
,WINTER SPRINGS,SEMINOLE,,,FIRE STATION,-81.30614718,28.70058000,,,,
,WINTER SPRINGS,SEMINOLE,,,FIRE STATION,-81.26619045,28.70174731,,,,
,CASSELBERRY,SEMINOLE,,,FIRE STATION,-81.32348678,28.67789216,,,,
,CASSELBERRY,SEMINOLE,,,FIRE STATION,-81.34670142,28.65498058,,,,
,CASSELBERRY,SEMINOLE,,,FIRE STATION,-81.32051974,28.64668181,,,,
,ALTAMONTE SPRINGS,SEMINOLE,,,FIRE STATION,-81.35915491,28.66417115,,,,
,ALTAMONTE SPRINGS,SEMINOLE,,,FIRE STATION,-81.38992492,28.66666403,,,,
,ALTAMONTE SPRINGS,SEMINOLE,,,FIRE STATION,-81.38201959,28.65085197,,,,
,APOPKA,SEMINOLE,,,FIRE STATION,-81.44116238,28.66895761,,,,
,SANFORD,SEMINOLE,,,FIRE STATION,-81.27729564,28.76964294,,,,
,SANFORD,SEMINOLE,,,FIRE STATION,-81.27272364,28.79976952,,,,
,SANFORD,SEMINOLE,,,FIRE STATION,-81.31686258,28.80069006,,,,
,SANFORD,SEMINOLE,,,FIRE STATION,-81.29952801,28.74229055,,,,
,SANFORD,SEMINOLE,,,FIRE STATION,-81.22998815,28.78615719,,,,
,SANFORD,SEMINOLE,,,FIRE STATION,-81.34087303,28.81078466,,,,
,SANFORD,SEMINOLE,,,FIRE STATION,-81.23069386,28.77741981,,,,
,LONGWOOD,SEMINOLE,,,FIRE STATION,-81.41764856,28.70158735,,,,
,LONGWOOD,SEMINOLE,,,FIRE STATION,-81.33429919,28.70223887,,,,
,LONGWOOD,SEMINOLE,,,FIRE STATION,-81.35073683,28.70043755,,,,
,LAKE MARY,SEMINOLE,,,FIRE STATION,-81.34976884,28.77384183,,,,
,LAKE MARY,SEMINOLE,,,FIRE STATION,-81.32047485,28.75871603,,,,
,LAKE MARY,SEMINOLE,,,FIRE STATION,-81.38123975,28.75791942,,,,
,WINTER PARK,SEMINOLE,,,FIRE STATION,-81.28766720,28.62342936,,,,
,GENEVA,SEMINOLE,,,FIRE STATION,-81.12002482,28.73843060,,,,
,BUSHNELL,SUMTER,,,FIRE STATION,-82.10907794,28.66376732,,,,
,BUSHNELL,SUMTER,,,FIRE STATION,-82.10634118,28.65824496,,,,
,BUSHNELL,SUMTER,,,FIRE STATION,-82.11193657,28.66398675,,,,
,BUSHNELL,SUMTER,,,FIRE STATION,-82.23196716,28.63969297,,,,
,WILDWOOD,SUMTER,,,FIRE STATION,-82.04023652,28.86108872,,,,
,WILDWOOD,SUMTER,,,FIRE STATION,-82.06935386,28.80096067,,,,
,WILDWOOD,SUMTER,,,FIRE STATION,-82.09459128,28.89657704,,,,
,WEBSTER,SUMTER,,,FIRE STATION,-82.05320168,28.60894472,,,,
,WEBSTER,SUMTER,,,FIRE STATION,-82.18313197,28.58088043,,,,
,Bushnell,SUMTER,,,FIRE STATION,-82.14763907,28.67395689,,,,
,Bushnell,SUMTER,,,FIRE STATION,-82.19217141,28.60153017,,,,
,Bushnell,SUMTER,,,FIRE STATION,-82.10782316,28.68017047,,,,
,The Villages,SUMTER,,,FIRE STATION,-82.01351805,28.84668924,,,,
,The Villages,SUMTER,,,FIRE STATION,-82.01482232,28.92634930,,,,
,The Villages,SUMTER,,,FIRE STATION,-81.96076579,28.85990811,,,,
,LAKE PANASOFFKEE,SUMTER,,,FIRE STATION,-82.12805944,28.77520862,,,,
,Wildwood,SUMTER,,,FIRE STATION,-82.04957960,28.80228106,,,,
,CENTER HILL,SUMTER,,,FIRE STATION,-81.99869067,28.64971263,,,,
,OXFORD,SUMTER,,,FIRE STATION,-82.03458275,28.92708262,,,,
,THE VILLAGES,SUMTER,,,FIRE STATION,-81.98138786,28.88117802,,,,
,THE VILLAGES,SUMTER,,,FIRE STATION,-81.97071085,28.91958084,,,,
,Oxford,SUMTER,,,FIRE STATION,-82.07732594,28.92542757,,,,
,Webster,SUMTER,,,FIRE STATION,-82.05749509,28.60292134,,,,
,LIVE OAK,SUWANNEE,,,FIRE STATION,-82.98230927,30.29720863,,,,
,LIVE OAK,SUWANNEE,,,FIRE STATION,-82.85530357,30.32392282,,,,
,LIVE OAK,SUWANNEE,,,FIRE STATION,-83.13040235,30.36113274,,,,
,LIVE OAK,SUWANNEE,,,FIRE STATION,-83.00897798,30.39292383,,,,
,LIVE OAK,SUWANNEE,,,FIRE STATION,-83.22745668,30.24318067,,,,
,LIVE OAK,SUWANNEE,,,FIRE STATION,-83.17132400,30.11954245,,,,
,O BRIEN,SUWANNEE,,,FIRE STATION,-82.94114229,30.03764257,,,,
,WELLBORN,SUWANNEE,,,FIRE STATION,-82.82160799,30.23316082,,,,
,WELLBORN,SUWANNEE,,,FIRE STATION,-82.82025374,30.23016665,,,,
,LAKE CITY,SUWANNEE,,,FIRE STATION,-82.83666082,30.04444292,,,,
,BRANFORD,SUWANNEE,,,FIRE STATION,-82.92803968,29.96013403,,,,
,MC ALPIN,SUWANNEE,,,FIRE STATION,-82.95115127,30.13977515,,,,
,PERRY,TAYLOR,,,FIRE STATION,-83.58183275,30.11569634,,,,
,PERRY,TAYLOR,,,FIRE STATION,-83.61479045,29.88205576,,,,
,PERRY,TAYLOR,,,FIRE STATION,-83.61647614,30.11903290,,,,
,PERRY,TAYLOR,,,FIRE STATION,-83.57374410,30.07774583,,,,
,PERRY,TAYLOR,,,FIRE STATION,-83.54405960,30.03579769,,,,
,PERRY,TAYLOR,,,FIRE STATION,-83.90390206,30.06491700,,,,
,PERRY,TAYLOR,,,FIRE STATION,-83.56607458,30.16001859,,,,
,STEINHATCHEE,TAYLOR,,,FIRE STATION,-83.37700766,29.67467468,,,,
,GREENVILLE,TAYLOR,,,FIRE STATION,-83.63268787,30.28863013,,,,
, ,UNION,,,FIRE STATION,-82.54020500,30.00608900,,,,
, ,UNION,,,FIRE STATION,-82.41585100,29.98907200,,,,
,LAKE BUTLER,UNION,,,FIRE STATION,-82.33136625,30.01809990,,,,
,LAKE BUTLER,UNION,,,FIRE STATION,-82.34533948,30.01964835,,,,
,LAKE BUTLER,UNION,,,FIRE STATION,-82.33712400,30.02332900,,,,
,LAKE BUTLER,UNION,,,FIRE STATION,-82.42338289,29.92970611,,,,
,ORMOND BEACH,VOLUSIA,,,FIRE STATION,-81.06861934,29.29068132,,,,
,ORMOND BEACH,VOLUSIA,,,FIRE STATION,-81.14482448,29.40433794,,,,
,ORMOND BEACH,VOLUSIA,,,FIRE STATION,-81.06109891,29.33538163,,,,
,ORMOND BEACH,VOLUSIA,,,FIRE STATION,-81.08234584,29.27530763,,,,
,ORMOND BEACH,VOLUSIA,,,FIRE STATION,-81.11237382,29.32879302,,,,
,ORMOND BEACH,VOLUSIA,,,FIRE STATION,-81.14619765,29.27420713,,,,
,ORMOND BEACH,VOLUSIA,,,FIRE STATION,-81.03604812,29.28254247,,,,
,DAYTONA BEACH,VOLUSIA,,,FIRE STATION,-81.06788926,29.21070676,,,,
,DAYTONA BEACH,VOLUSIA,,,FIRE STATION,-81.07141153,29.24433613,,,,
,DAYTONA BEACH,VOLUSIA,,,FIRE STATION,-81.04567926,29.21604899,,,,
,DAYTONA BEACH,VOLUSIA,,,FIRE STATION,-80.97747310,29.16581945,,,,
,DAYTONA BEACH,VOLUSIA,,,FIRE STATION,-81.05802081,29.16350456,,,,
,DAYTONA BEACH,VOLUSIA,,,FIRE STATION,-81.00829571,29.18076795,,,,
,DAYTONA BEACH,VOLUSIA,,,FIRE STATION,-81.15356449,29.14666669,,,,
,DAYTONA BEACH,VOLUSIA,,,FIRE STATION,-81.03830863,29.24350375,,,,
,DAYTONA BEACH,VOLUSIA,,,FIRE STATION,-81.01696743,29.20824606,,,,
,DAYTONA BEACH,VOLUSIA,,,FIRE STATION,-81.11249168,29.21511076,,,,
,DAYTONA BEACH,VOLUSIA,,,FIRE STATION,-81.02132905,29.23974287,,,,
,DAYTONA BEACH,VOLUSIA,,,FIRE STATION,-80.99852922,29.20280879,,,,
,DAYTONA BEACH,VOLUSIA,,,FIRE STATION,-81.05706618,29.17853471,,,,
,PORT ORANGE,VOLUSIA,,,FIRE STATION,-81.02356714,29.12541007,,,,
,PORT ORANGE,VOLUSIA,,,FIRE STATION,-80.94096359,29.09868767,,,,
,PORT ORANGE,VOLUSIA,,,FIRE STATION,-81.03818338,29.06812610,,,,
,PORT ORANGE,VOLUSIA,,,FIRE STATION,-81.06640938,29.08295390,,,,
,PORT ORANGE,VOLUSIA,,,FIRE STATION,-80.98634584,29.14069373,,,,
,PORT ORANGE,VOLUSIA,,,FIRE STATION,-81.05271768,29.11159872,,,,
,PORT ORANGE,VOLUSIA,,,FIRE STATION,-80.99237870,29.09282880,,,,
,MIMS,VOLUSIA,,,FIRE STATION,-81.03269157,28.73061053,,,,
,DEBARY,VOLUSIA,,,FIRE STATION,-81.30898674,28.88338737,,,,
,DELAND,VOLUSIA,,,FIRE STATION,-81.32801581,29.07223493,,,,
,DELAND,VOLUSIA,,,FIRE STATION,-81.26251338,29.06131611,,,,
,DELAND,VOLUSIA,,,FIRE STATION,-81.35903775,29.02290055,,,,
,DELAND,VOLUSIA,,,FIRE STATION,-81.30568556,29.02672181,,,,
,DELAND,VOLUSIA,,,FIRE STATION,-81.30105277,28.97744383,,,,
,DELAND,VOLUSIA,,,FIRE STATION,-81.26306746,29.00052228,,,,
,DELAND,VOLUSIA,,,FIRE STATION,-81.30767837,29.05504194,,,,
,NEW SMYRNA BEACH,VOLUSIA,,,FIRE STATION,-80.93983460,29.04788823,,,,
,NEW SMYRNA BEACH,VOLUSIA,,,FIRE STATION,-80.89970409,29.02916106,,,,
,NEW SMYRNA BEACH,VOLUSIA,,,FIRE STATION,-80.86093769,28.97950334,,,,
,NEW SMYRNA BEACH,VOLUSIA,,,FIRE STATION,-80.94581866,29.01857183,,,,
,NEW SMYRNA BEACH,VOLUSIA,,,FIRE STATION,-80.99515293,29.01573455,,,,
,NEW SMYRNA BEACH,VOLUSIA,,,FIRE STATION,-80.93752830,29.01596960,,,,
,PIERSON,VOLUSIA,,,FIRE STATION,-81.46681068,29.24265113,,,,
,EDGEWATER,VOLUSIA,,,FIRE STATION,-80.89580477,28.95389765,,,,
,EDGEWATER,VOLUSIA,,,FIRE STATION,-80.89737766,28.97601422,,,,
,DE LEON SPRINGS,VOLUSIA,,,FIRE STATION,-81.34950769,29.11831047,,,,
,DELTONA,VOLUSIA,,,FIRE STATION,-81.23265475,28.94723960,,,,
,DELTONA,VOLUSIA,,,FIRE STATION,-81.18941383,28.92385673,,,,
,DELTONA,VOLUSIA,,,FIRE STATION,-81.17479483,28.87983993,,,,
,DELTONA,VOLUSIA,,,FIRE STATION,-81.22585290,28.90629005,,,,
,DELTONA,VOLUSIA,,,FIRE STATION,-81.27151935,28.90017191,,,,
,DELTONA,VOLUSIA,,,FIRE STATION,-81.22477494,28.85717568,,,,
,OAK HILL,VOLUSIA,,,FIRE STATION,-80.85090995,28.87032573,,,,
,ORANGE CITY,VOLUSIA,,,FIRE STATION,-81.29817062,28.95021477,,,,
,ORANGE CITY,VOLUSIA,,,FIRE STATION,-81.29235399,28.91867584,,,,
,LAKE HELEN,VOLUSIA,,,FIRE STATION,-81.24288499,28.98502486,,,,
,OSTEEN,VOLUSIA,,,FIRE STATION,-81.16304433,28.84653202,,,,
,CRAWFORDVILLE,WAKULLA,,,FIRE STATION,-84.37892468,30.19568123,,,,
,CRAWFORDVILLE,WAKULLA,,,FIRE STATION,-84.23589709,30.22984814,,,,
,CRAWFORDVILLE,WAKULLA,,,FIRE STATION,-84.38789790,30.09069128,,,,
,CRAWFORDVILLE,WAKULLA,,,FIRE STATION,-84.29432905,30.06363149,,,,
,CRAWFORDVILLE,WAKULLA,,,FIRE STATION,-84.35347900,30.28284696,,,,
,CRAWFORDVILLE,WAKULLA,,,FIRE STATION,-84.37913708,30.18512066,,,,
,CRAWFORDVILLE,WAKULLA,,,FIRE STATION,-84.21258045,30.19291321,,,,
,SOPCHOPPY,WAKULLA,,,FIRE STATION,-84.65673486,30.18789116,,,,
,SOPCHOPPY,WAKULLA,,,FIRE STATION,-84.49167627,30.06260486,,,,
,SAINT MARKS,WAKULLA,,,FIRE STATION,-84.20774282,30.16116792,,,,
,PANACEA,WAKULLA,,,FIRE STATION,-84.39000282,30.03182925,,,,
,SANTA ROSA BEACH,WALTON,,,FIRE STATION,-86.22946126,30.38735562,,,,
,SANTA ROSA BEACH,WALTON,,,FIRE STATION,-86.12694981,30.32915934,,,,
,DEFUNIAK SPRINGS,WALTON,,,FIRE STATION,-86.11603084,30.72581214,,,,
,DEFUNIAK SPRINGS,WALTON,,,FIRE STATION,-86.20021267,30.79457909,,,,
,DEFUNIAK SPRINGS,WALTON,,,FIRE STATION,-86.13480307,30.97055828,,,,
,DEFUNIAK SPRINGS,WALTON,,,FIRE STATION,-86.03971135,30.71880171,,,,
,DEFUNIAK SPRINGS,WALTON,,,FIRE STATION,-86.09360082,30.72438009,,,,
,DEFUNIAK SPRINGS,WALTON,,,FIRE STATION,-86.17426355,30.69118523,,,,
,DEFUNIAK SPRINGS,WALTON,,,FIRE STATION,-86.05606217,30.65039833,,,,
,DEFUNIAK SPRINGS,WALTON,,,FIRE STATION,-86.09305034,30.72462329,,,,
,DEFUNIAK SPRINGS,WALTON,,,FIRE STATION,-86.24971777,30.86075949,,,,
,DEFUNIAK SPRINGS,WALTON,,,FIRE STATION,-86.11246612,30.75917013,,,,
,DEFUNIAK SPRINGS,WALTON,,,FIRE STATION,-86.30612097,30.75990901,,,,
,DEFUNIAK SPRINGS,WALTON,,,FIRE STATION,-86.21471104,30.57357688,,,,
,FREEPORT,WALTON,,,FIRE STATION,-86.13421787,30.49553248,,,,
,WESTVILLE,WALTON,,,FIRE STATION,-86.05713328,30.94374936,,,,
,VERO BEACH,WALTON,,,FIRE STATION,-80.51411883,27.63742505,,,,
,LAUREL HILL,WALTON,,,FIRE STATION,-86.30297376,30.96925222,,,,
,SEBASTIAN,WALTON,,,FIRE STATION,-80.51978533,27.76988524,,,,
,PONCE DE LEON,WALTON,,,FIRE STATION,-86.05642684,30.83597501,,,,
,PONCE DE LEON,WALTON,,,FIRE STATION,-85.94346627,30.58905636,,,,
,MIRAMAR BEACH,WALTON,,,FIRE STATION,-86.30512507,30.38323610,,,,
,CARYVILLE,WASHINGTON,,,FIRE STATION,-85.75111979,30.71347160,,,,
,CARYVILLE,WASHINGTON,,,FIRE STATION,-85.81247505,30.77200489,,,,
,CARYVILLE,WASHINGTON,,,FIRE STATION,-85.82840707,30.66635433,,,,
,CHIPLEY,WASHINGTON,,,FIRE STATION,-85.45564851,30.60655583,,,,
,CHIPLEY,WASHINGTON,,,FIRE STATION,-85.58891982,30.62987596,,,,
,CHIPLEY,WASHINGTON,,,FIRE STATION,-85.55294015,30.77803930,,,,
,CHIPLEY,WASHINGTON,,,FIRE STATION,-85.66239436,30.49479267,,,,
,CHIPLEY,WASHINGTON,,,FIRE STATION,-85.49945682,30.70399470,,,,
,CHIPLEY,WASHINGTON,,,FIRE STATION,-85.59329462,30.53995630,,,,
,VERNON,WASHINGTON,,,FIRE STATION,-85.70053195,30.63183511,,,,
,EBRO,WASHINGTON,,,FIRE STATION,-85.87318221,30.43955211,,,,
,DAYTONA BEACH,VOLUSIA,,,FOOD BANK,,,-81.02959115,29.22176798,,
,LAKE CITY,COLUMBIA,,,FOOD BANK,,,-82.64510909,30.19646460,,
,ORLANDO,ORANGE,,,FOOD BANK,,,-81.42957432,28.54827015,,
,PEMBROKE PARK,BROWARD,,,FOOD BANK,,,-80.17325752,25.98729507,,
,NAPLES,COLLIER,,,FOOD BANK,,,-81.77396223,26.22317237,,
,SARASOTA,SARASOTA,,,FOOD BANK,,,-82.40200940,27.34731112,,
,TALLAHASSEE,LEON,,,FOOD BANK,,,-84.28386705,30.40108414,,
,TALLAHASSEE,LEON,,,FOOD BANK,,,-84.28344254,30.44090805,,
,FORT MYERS,LEE,,,FOOD BANK,,,-81.86243500,26.60733000,,
,FORT MYERS,LEE,,,FOOD BANK,,,-81.88521757,26.62300636,,
,FORT PIERCE,ST. LUCIE,,,FOOD BANK,,,-80.33595508,27.44682823,,
,FORT PIERCE,ST. LUCIE,,,FOOD BANK,,,-80.36075255,27.45098942,,
,BRADENTON,MANATEE,,,FOOD BANK,,,-82.55605379,27.47971874,,
,LAND O' LAKES,PASCO,,,FOOD BANK,,,-82.45880085,28.24302449,,
,SEBRING,HIGHLANDS,,,FOOD BANK,,,-81.48060751,27.48380644,,
,WEST PALM BEACH,PALM BEACH,,,FOOD BANK,,,-80.05540669,26.69433199,,
,TAMPA,HILLSBOROUGH,,,FOOD BANK,,,-82.40709276,27.95906076,,
,WEST MELBOURNE,BREVARD,,,FOOD BANK,,,-80.66875600,28.09443800,,
,GAINESVILLE,ALACHUA,,,FOOD BANK,,,-82.32852711,29.66075828,,
,LAKELAND,POLK,,,FOOD BANK,,,-82.03476200,28.03560800,,
,HOMOSASSA,CITRUS,,,FOOD BANK,,,-82.52076679,28.76520101,,
,OCALA,MARION,,,FOOD BANK,,,-82.08646312,29.22836654,,
,MILTON,SANTA ROSA,,,FOOD BANK,,,-86.98477179,30.64103404,,
,JACKSONVILLE,DUVAL,,,FOOD BANK,,,-81.73280465,30.34106014,,
,Gainesville,ALACHUA,,,NATIONAL GUARD,,,,,-82.33084371,29.70231953
,PANAMA CITY,BAY,,,NATIONAL GUARD,,,,,-85.58495590,30.06762532
,PANAMA CITY,BAY,,,NATIONAL GUARD,,,,,-85.58725071,30.06655062
,PANAMA CITY,BAY,,,NATIONAL GUARD,,,,,-85.58458984,30.06728785
,PANAMA CITY,BAY,,,NATIONAL GUARD,,,,,-85.68389160,30.20463178
,STARKE,BRADFORD,,,NATIONAL GUARD,,,,,-82.11662496,29.93805538
,COCOA,BREVARD,,,NATIONAL GUARD,,,,,-80.74222813,28.36097557
,MELBOURNE,BREVARD,,,NATIONAL GUARD,,,,,-80.64632167,28.13800128
,PATRICK AFB,BREVARD,,,NATIONAL GUARD,,,,,-80.61007301,28.25046369
,Titusville,BREVARD,,,NATIONAL GUARD,,,,,-80.81593783,28.52832269
,HOLLYWOOD,BROWARD,,,NATIONAL GUARD,,,,,-80.14989995,26.01914041
,CRYSTAL RIVER,CITRUS,,,NATIONAL GUARD,,,,,-82.57739722,28.86527185
,STARKE,CLAY,,,NATIONAL GUARD,,,,,-81.97379963,29.96128998
,STARKE,CLAY,,,NATIONAL GUARD,,,,,-81.98723586,29.97724098
,STARKE,CLAY,,,NATIONAL GUARD,,,,,-81.96842342,29.97164357
,Immokalee,COLLIER,,,NATIONAL GUARD,,,,,-81.39681091,26.41649221
,LAKE CITY,COLUMBIA,,,NATIONAL GUARD,,,,,-82.64872762,30.19388489
,ARCADIA,DESOTO,,,NATIONAL GUARD,,,,,-81.86479880,27.23034503
,JACKSONVILLE,DUVAL,,,NATIONAL GUARD,,,,,-81.82130846,30.27791806
,JACKSONVILLE,DUVAL,,,NATIONAL GUARD,,,,,-81.52261805,30.33241871
,JACKSONVILLE,DUVAL,,,NATIONAL GUARD,,,,,-81.70253796,30.48699007
,Jacksonville,DUVAL,,,NATIONAL GUARD,,,,,-81.88481400,30.22252400
,PENSACOLA,ESCAMBIA,,,NATIONAL GUARD,,,,,-87.19376548,30.52551525
,PENSACOLA,ESCAMBIA,,,NATIONAL GUARD,,,,,-87.18902451,30.52121213
,PALM COAST,FLAGLER,,,NATIONAL GUARD,,,,,-81.21098196,29.45263408
,APALACHICOLA,FRANKLIN,,,NATIONAL GUARD,,,,,-84.98479854,29.72637743
,Quincy,GADSDEN,,,NATIONAL GUARD,,,,,-84.59155727,30.55538370
,WAUCHULA,HARDEE,,,NATIONAL GUARD,,,,,-81.83848973,27.53485221
,Brooksville,HERNANDO,,,NATIONAL GUARD,,,,,-82.45905966,28.47837524
,Brooksville,HERNANDO,,,NATIONAL GUARD,,,,,-82.45453605,28.47887476
,BROOKSVILLE,HERNANDO,,,NATIONAL GUARD,,,,,-82.45442701,28.48035189
,Avon Park,HIGHLANDS,,,NATIONAL GUARD,,,,,-81.50828802,27.55137466
,TAMPA,HILLSBOROUGH,,,NATIONAL GUARD,,,,,-82.48374407,27.94891053
,TAMPA,HILLSBOROUGH,,,NATIONAL GUARD,,,,,-82.48705234,27.83652210
,PLANT CITY,HILLSBOROUGH,,,NATIONAL GUARD,,,,,-82.16098479,28.00399338
,BONIFAY,HOLMES,,,NATIONAL GUARD,,,,,-85.68273441,30.80208036
,MARIANNA,JACKSON,,,NATIONAL GUARD,,,,,-85.29291719,30.78353544
,EUSTIS,LAKE,,,NATIONAL GUARD,,,,,-81.68513680,28.84681278
,TAVARES,LAKE,,,NATIONAL GUARD,,,,,-81.75041715,28.78918325
,LEESBURG,LAKE,,,NATIONAL GUARD,,,,,-81.87687624,28.81315437
,FORT MYERS,LEE,,,NATIONAL GUARD,,,,,-81.84416442,26.65597244
,TALLAHASSEE,LEON,,,NATIONAL GUARD,,,,,-84.22590211,30.45245536
,TALLAHASSEE,LEON,,,NATIONAL GUARD,,,,,-84.28155059,30.43892442
,PALMETTO,MANATEE,,,NATIONAL GUARD,,,,,-82.58173682,27.52259632
,BRADENTON,MANATEE,,,NATIONAL GUARD,,,,,-82.53756911,27.48835206
,OCALA,MARION,,,NATIONAL GUARD,,,,,-82.14689235,29.16750580
,MIAMI,MIAMI-DADE,,,NATIONAL GUARD,,,,,-80.20880780,25.80219293
,MIAMI,MIAMI-DADE,,,NATIONAL GUARD,,,,,-80.39720873,25.49403626
,HOMESTEAD,MIAMI-DADE,,,NATIONAL GUARD,,,,,-80.39093485,25.49786171
,SUMMERLAND KEY,MONROE,,,NATIONAL GUARD,,,,,-81.50298417,24.69580048
,CRESTVIEW,OKALOOSA,,,NATIONAL GUARD,,,,,-86.54958546,30.76060011
,ORLANDO,ORANGE,,,NATIONAL GUARD,,,,,-81.35943330,28.51075834
,ORLANDO,ORANGE,,,NATIONAL GUARD,,,,,-81.33737635,28.44590561
,WEST PALM BEACH,PALM BEACH,,,NATIONAL GUARD,,,,,-80.09063989,26.67377919
,WEST PALM BEACH,PALM BEACH,,,NATIONAL GUARD,,,,,-80.07213396,26.68798200
,DADE CITY,PASCO,,,NATIONAL GUARD,,,,,-82.18717469,28.36572461
,SAINT PETERSBURG,PINELLAS,,,NATIONAL GUARD,,,,,-82.68197726,27.73448569
,PINELLAS PARK,PINELLAS,,,NATIONAL GUARD,,,,,-82.67481975,27.85455304
,CLEARWATER,PINELLAS,,,NATIONAL GUARD,,,,,-82.78890280,27.97307062
,Haines City,POLK,,,NATIONAL GUARD,,,,,-81.64418365,28.11723314
,WINTER HAVEN,POLK,,,NATIONAL GUARD,,,,,-81.71890271,28.01903957
,HAINES CITY,POLK,,,NATIONAL GUARD,,,,,-81.64308108,28.11704155
,LAKELAND,POLK,,,NATIONAL GUARD,,,,,-82.01671714,27.99423599
,LAKELAND,POLK,,,NATIONAL GUARD,,,,,-82.02976566,27.99609861
,BARTOW,POLK,,,NATIONAL GUARD,,,,,-81.78101928,27.95358330
,LAKE WALES,POLK,,,NATIONAL GUARD,,,,,-81.61910811,27.89686490
,PALATKA,PUTNAM,,,NATIONAL GUARD,,,,,-81.64916219,29.63773994
,SAINT AUGUSTINE,ST. JOHNS,,,NATIONAL GUARD,,,,,-81.30976809,29.88778870
,SAINT AUGUSTINE,ST. JOHNS,,,NATIONAL GUARD,,,,,-81.37451490,29.83249788
,SAINT AUGUSTINE,ST. JOHNS,,,NATIONAL GUARD,,,,,-81.32122452,29.91062910
,SAINT AUGUSTINE,ST. JOHNS,,,NATIONAL GUARD,,,,,-81.31054511,29.88773729
,SAINT AUGUSTINE,ST. JOHNS,,,NATIONAL GUARD,,,,,-81.30646880,29.87961219
,SAINT AUGUSTINE,ST. JOHNS,,,NATIONAL GUARD,,,,,-81.35003859,29.96966497
,SAINT AUGUSTINE,ST. JOHNS,,,NATIONAL GUARD,,,,,-81.31026149,29.88656108
,St Augustine,ST. JOHNS,,,NATIONAL GUARD,,,,,-81.31367730,29.89049255
,St Augustine,ST. JOHNS,,,NATIONAL GUARD,,,,,-81.32682141,29.87695106
,FORT PIERCE,ST. LUCIE,,,NATIONAL GUARD,,,,,-80.35355951,27.44344083
,SARASOTA,SARASOTA,,,NATIONAL GUARD,,,,,-82.51149869,27.33586531
,SANFORD,SEMINOLE,,,NATIONAL GUARD,,,,,-81.25909276,28.81116103
,LIVE OAK,SUWANNEE,,,NATIONAL GUARD,,,,,-83.00831846,30.29049521
,DAYTONA BEACH,VOLUSIA,,,NATIONAL GUARD,,,,,-81.01296426,29.20786318
,DELAND,VOLUSIA,,,NATIONAL GUARD,,,,,-81.30038212,29.02330344
,CHIPLEY,WASHINGTON,,,NATIONAL GUARD,,,,,-85.53628034,30.77583347
